year,mileage,rough_scale,torque_scale,stop_scale,cv_wellness,wb_wellness,brk_wellness
2016,220042,0.62,0.28,0.06,32.17,40.66,12.3
2013,177445,0.77,0.7,0.58,40.3,49.36,15.25
2014,122334,0.63,0.26,0.07,48.7,67.86,55.66
2013,177177,0.74,0.62,0.74,39.7,50.51,9.22
2006,220293,0.91,0.64,0.48,16.33,30.12,5.0
2011,180085,0.21,0.6,0.61,45.11,59.96,13.36
2014,21664,0.35,0.42,0.29,97.93,87.45,87.2
2022,37738,0.66,0.83,0.4,75.95,77.11,76.09
2015,38303,0.25,0.31,0.88,94.05,87.61,66.89
2003,224234,0.19,0.24,0.85,37.65,38.2,5.0
2003,59640,0.89,0.09,0.95,77.05,73.13,62.93
2001,11922,0.4,0.34,0.15,87.82,94.03,99.38
2001,99393,0.29,0.01,0.21,69.06,77.47,54.27
2024,192506,0.38,0.16,0.66,47.7,50.05,10.37
2020,200061,0.56,0.14,0.5,36.6,40.61,7.08
2021,159391,0.46,0.17,0.38,54.87,47.72,27.08
2013,34160,0.42,0.19,0.93,90.68,80.01,68.68
2017,32594,0.48,0.32,0.91,79.03,78.1,71.3
2003,104668,0.14,0.81,0.91,58.83,72.53,39.8
2018,245351,0.32,0.1,0.55,26.42,24.88,5.0
2016,206619,0.1,0.99,0.63,19.91,55.99,7.54
2004,41701,0.91,0.49,0.72,81.84,71.48,73.02
2016,80117,0.64,0.17,0.01,69.77,70.42,66.6
2022,180188,0.55,0.84,0.74,33.77,32.95,13.92
2012,63417,0.51,0.05,0.71,78.05,79.33,62.23
2023,161354,0.56,0.16,0.96,54.35,53.84,18.01
2011,13630,0.35,0.73,0.15,86.7,89.62,94.2
2010,237854,0.3,0.13,0.87,27.75,39.72,5.0
2016,126664,0.63,0.11,0.02,58.52,60.7,42.95
2006,65070,0.58,0.26,0.66,79.77,81.07,52.56
2008,164923,0.52,0.12,0.56,56.09,57.36,21.41
2005,114562,0.96,0.67,0.87,61.17,61.11,36.04
2007,85762,0.34,0.05,0.45,75.37,71.03,61.12
2010,73233,0.37,0.83,0.53,69.64,75.55,58.69
2012,37480,0.92,0.13,0.92,85.24,78.24,69.23
2022,188754,0.1,0.08,0.26,49.9,55.39,13.26
2008,141678,0.41,0.94,0.44,43.76,54.68,36.61
2012,79001,0.14,0.19,0.96,76.71,85.16,42.09
2010,229278,0.56,0.06,0.64,28.37,35.94,5.0
2021,163976,0.44,0.7,0.26,34.96,45.78,24.46
2012,239735,0.69,0.93,0.14,17.22,26.09,12.55
2002,93803,0.19,0.4,0.05,63.33,78.1,64.99
2003,156866,0.81,0.96,0.34,39.54,44.98,34.75
2016,172220,0.43,0.29,0.44,51.65,47.45,29.18
2012,97442,0.88,0.2,0.62,67.2,75.11,43.37
2022,214809,0.93,0.3,0.12,35.83,24.53,16.78
2018,127044,0.97,0.27,0.1,59.66,55.41,43.14
2012,38555,0.11,0.81,0.04,65.73,94.47,83.29
2004,241738,0.76,0.66,0.58,25.79,28.51,5.0
2023,165719,0.53,0.64,0.29,45.18,51.34,20.23
2019,62746,0.48,0.72,0.64,68.99,70.31,62.98
2009,237939,0.75,0.94,0.1,18.85,33.31,5.33
2013,30510,0.8,0.42,0.22,82.62,80.83,82.72
2012,40301,0.41,0.92,0.65,76.63,77.46,76.54
2010,178598,0.02,0.73,0.76,36.52,54.44,9.77
2008,198003,0.99,0.24,0.57,50.46,38.97,9.37
2010,49368,0.83,0.38,0.81,73.4,69.45,66.78
2009,152588,0.13,0.15,0.23,54.91,57.7,33.06
2005,114732,0.11,0.76,0.63,50.62,67.53,42.37
2001,22187,0.46,0.81,0.59,88.54,80.56,75.96
2022,12752,0.34,0.25,0.15,92.67,96.32,92.9
2007,156298,0.79,0.37,0.72,47.9,47.54,33.39
2024,166762,0.18,0.89,0.25,41.8,58.08,38.72
2005,130983,0.6,0.19,0.99,65.26,56.98,34.24
2024,229656,0.19,0.5,0.1,31.48,46.48,5.0
2023,246316,0.07,0.43,0.17,25.35,41.94,5.0
2014,190059,0.93,0.74,0.63,36.67,28.53,14.06
2011,73554,0.07,0.95,0.21,59.37,81.34,67.51
2009,42169,0.37,0.48,0.57,90.2,88.39,77.7
2022,207474,0.64,0.76,0.17,28.93,42.06,12.45
2021,17776,0.8,0.8,0.27,82.14,84.62,86.53
2007,126197,0.66,0.89,0.37,55.4,50.09,35.72
2012,148940,0.1,0.97,0.99,31.15,59.05,22.14
2021,187704,0.01,0.44,0.32,30.93,51.23,21.51
2015,53614,0.11,0.36,0.88,85.62,88.16,54.93
2014,211027,0.21,0.23,0.15,37.84,41.9,10.76
2016,184292,0.97,0.78,0.59,31.51,33.0,16.55
2010,184360,0.92,0.78,0.53,38.74,41.67,12.69
2021,207838,0.54,0.56,0.96,31.32,41.45,5.0
2024,96831,0.77,0.93,0.86,61.8,63.15,46.12
2017,133988,0.85,0.41,0.17,45.19,53.31,45.31
2006,236339,0.48,0.75,0.11,20.95,29.52,5.16
2000,124078,0.55,0.95,0.11,51.64,53.95,49.58
2010,217726,0.07,0.42,0.48,30.03,33.89,5.0
2017,101000,0.92,0.38,0.54,61.19,59.74,46.43
2018,52270,0.98,0.93,0.76,73.86,74.43,66.79
2001,162565,0.28,0.11,0.34,50.12,51.68,26.67
2005,104159,0.83,0.02,0.61,61.73,55.47,42.65
2001,12134,0.82,0.8,0.74,90.54,83.14,83.16
2002,197905,0.76,0.4,0.14,39.36,40.55,22.06
2024,144413,0.75,0.38,0.59,50.51,49.38,32.69
2011,111767,0.89,0.44,0.52,54.87,56.66,50.02
2008,86278,0.53,0.15,0.65,69.56,60.39,55.91
2001,217425,0.13,0.38,0.92,22.52,41.61,5.0
2021,46952,0.27,0.27,0.62,89.84,85.44,70.24
2006,168627,0.16,0.73,0.04,33.76,48.89,25.37
2006,141021,0.49,0.13,0.25,59.11,60.45,32.96
2008,84557,0.64,0.63,0.87,67.18,76.58,56.61
2014,242598,0.38,0.82,0.71,11.95,29.71,5.0
2009,62404,0.32,0.1,0.18,83.4,87.65,69.96
2000,147152,0.76,0.01,0.68,60.5,61.47,28.99
2017,35903,0.39,0.13,0.4,87.88,86.25,79.5
2012,225087,0.17,0.57,0.17,37.93,36.11,5.0
2016,131772,0.55,0.55,0.52,49.44,54.93,41.55
2004,98173,0.56,0.52,0.93,63.77,72.5,40.77
2020,160649,0.71,0.12,0.91,52.09,54.21,20.06
2012,51741,0.95,0.97,0.49,72.41,80.38,72.97
2014,200484,0.09,0.27,0.96,35.18,48.76,9.38
2019,218291,0.72,0.47,0.17,34.13,37.47,5.0
2010,81537,0.55,0.39,0.95,67.39,74.93,47.36
2023,19893,0.38,0.65,0.74,87.7,86.78,74.65
2006,43724,0.14,0.7,0.92,79.54,85.41,66.75
2006,195205,0.01,0.15,0.69,38.57,53.91,8.48
2009,41979,0.11,0.12,0.42,88.32,87.06,62.68
2008,50573,0.8,0.44,0.87,81.94,79.14,56.02
2020,109637,0.4,0.75,0.32,61.68,70.92,50.86
2017,72040,0.18,0.03,0.27,86.76,82.93,72.44
2022,195160,0.12,0.64,0.77,28.95,54.31,5.0
2015,37509,0.85,0.34,1.0,82.22,75.95,70.3
2015,61821,0.17,0.7,0.66,67.91,82.04,65.08
2008,230831,0.77,0.35,0.02,26.39,34.08,5.0
2019,205418,0.79,0.46,0.29,28.24,40.14,14.03
2013,147350,0.09,0.56,0.96,52.39,70.8,26.52
2006,18868,0.9,0.34,0.62,89.41,83.77,84.48
2012,226001,0.26,0.21,0.43,34.88,37.92,5.0
2013,232674,0.71,0.8,0.85,29.8,22.32,5.0
2017,135557,0.47,0.59,0.87,54.94,62.71,27.08
2002,231385,0.68,0.84,0.37,22.79,39.32,5.0
2022,122666,0.19,0.96,0.54,53.71,74.68,44.16
2006,124605,0.21,0.42,0.96,57.89,69.56,27.44
2014,127482,0.5,0.53,0.71,54.09,65.08,40.99
2018,47428,0.65,0.52,0.56,86.45,84.38,73.64
2020,116033,0.59,0.18,0.58,65.33,68.88,34.25
2019,103627,0.41,0.55,0.31,62.18,65.68,49.84
2003,195908,0.22,0.58,0.38,37.37,51.58,15.12
2003,190741,0.62,0.26,0.28,39.9,46.27,16.03
2019,84644,0.74,0.45,0.8,68.43,72.76,51.29
2004,77947,0.6,0.02,0.2,82.04,72.72,67.23
2013,152072,0.19,0.9,0.67,36.96,62.88,22.48
2022,246824,0.26,0.2,0.44,31.09,30.7,5.0
2014,8408,0.23,0.83,0.43,88.37,96.67,89.77
2003,11242,0.46,0.78,0.37,91.77,94.06,85.69
2007,215769,0.43,0.68,0.69,28.55,40.51,5.0
2018,22470,0.59,0.25,0.63,90.88,91.56,75.95
2002,114247,0.66,0.35,0.26,67.44,60.13,51.7
2013,209180,0.51,0.01,0.24,39.44,33.99,21.34
2011,20270,0.03,0.9,0.63,82.26,93.64,76.62
2001,104118,0.58,0.08,0.1,64.6,67.56,51.5
2010,179108,0.42,0.78,0.88,37.13,54.71,18.2
2022,218098,0.75,0.39,0.51,30.54,26.98,5.0
2014,149453,0.41,0.18,0.03,56.65,55.01,47.44
2007,35804,1.0,0.97,0.15,78.81,83.55,83.7
2006,6704,0.6,0.52,0.63,85.89,89.13,82.46
2018,67267,0.78,0.46,0.98,77.41,80.17,53.49
2018,238418,0.23,0.31,0.81,34.83,31.91,5.0
2018,8615,0.65,0.98,0.82,78.29,86.44,78.87
2022,115822,0.69,0.37,0.48,57.2,55.63,42.8
2011,56532,0.92,0.59,0.5,85.71,69.88,60.64
2000,126637,0.4,0.22,0.48,57.89,56.56,44.59
2006,204124,0.07,0.83,0.49,34.23,40.9,9.1
2006,209021,0.84,0.69,0.24,22.44,28.28,5.0
2015,83445,0.35,0.97,0.59,64.32,82.34,56.28
2011,175640,0.98,0.83,0.82,26.66,47.89,9.12
2001,247639,0.44,0.93,0.73,10.04,34.93,5.0
2001,94042,0.84,0.78,0.13,55.08,57.86,68.61
2018,17772,0.21,0.43,0.6,89.7,86.03,86.89
2013,30503,0.58,0.7,0.32,81.32,77.65,77.05
2011,220570,0.18,0.22,0.0,37.71,42.95,15.63
2021,99120,0.16,0.61,0.53,73.84,67.01,43.78
2016,158799,0.14,0.73,0.53,46.99,56.81,32.91
2007,243188,0.25,0.08,0.19,31.75,35.26,5.0
2014,156179,0.36,0.68,0.58,41.55,59.08,21.33
2021,217514,0.1,0.04,0.65,43.56,42.04,7.02
2014,58206,0.18,0.93,0.9,66.8,78.33,55.15
2019,206028,0.84,0.52,0.66,35.15,26.77,7.43
2014,128130,0.11,0.31,0.11,61.62,53.8,47.08
2000,4593,0.77,0.78,0.22,85.09,90.1,98.4
2009,81500,1.0,0.18,0.91,60.63,69.9,46.87
2005,40428,0.31,0.68,0.04,75.06,79.65,73.79
2007,236800,0.58,0.2,0.4,23.5,37.91,5.0
2018,128322,0.21,0.9,0.69,61.52,63.72,47.0
2001,196472,0.91,0.94,0.13,38.92,43.41,15.41
2001,131972,0.55,0.07,0.55,56.72,63.12,37.44
2005,70043,0.38,0.7,0.22,78.28,76.88,69.7
2013,99253,0.06,0.17,0.09,67.92,81.95,61.48
2024,56369,0.89,0.1,0.35,86.96,75.97,65.38
2024,95701,0.23,0.57,0.79,59.65,70.58,48.51
2017,217730,0.25,0.1,0.48,40.02,32.8,5.0
2024,149499,0.09,0.14,0.88,55.91,66.35,18.58
2008,85447,0.75,0.53,0.07,69.6,61.71,67.44
2004,79613,0.51,0.96,0.73,66.71,69.03,61.94
2022,97007,0.59,0.0,0.99,82.12,68.31,45.09
2018,57377,0.47,0.66,0.35,78.47,81.66,71.82
2007,184812,0.84,0.43,0.98,40.83,42.97,5.0
2021,233161,0.0,0.49,0.89,23.69,44.47,5.0
2003,117808,0.71,0.6,0.35,57.81,64.95,47.67
2002,108983,0.02,0.04,0.07,71.36,71.0,53.63
2020,198994,0.14,0.5,0.62,37.36,49.89,10.68
2014,134931,0.74,0.05,0.69,68.59,41.83,29.88
2023,174509,0.52,0.91,0.06,38.22,43.53,31.19
2002,150777,0.51,0.61,0.07,49.5,51.03,35.38
2023,209772,0.85,0.22,0.16,37.26,36.4,12.75
2001,193584,0.22,0.62,0.31,31.81,51.14,10.79
2010,120319,0.44,0.8,0.7,50.81,67.14,37.97
2007,110667,0.63,0.1,0.24,57.66,64.1,50.72
2007,77849,0.3,0.23,0.74,68.55,69.33,46.21
2023,176964,0.62,0.93,0.5,30.72,45.52,17.47
2016,122458,0.07,0.15,0.44,66.79,65.42,44.98
2017,6486,0.65,0.97,0.06,84.16,84.45,98.48
2021,156480,0.03,0.05,0.63,50.6,61.05,22.34
2011,147392,0.38,0.31,0.08,57.24,57.2,37.29
2009,164895,0.55,0.4,0.79,43.09,46.95,16.12
2011,198104,0.86,0.97,0.24,31.24,32.68,13.24
2010,59074,0.82,0.17,0.42,75.88,65.94,69.63
2010,223443,0.66,0.15,0.23,38.38,27.33,10.77
2003,234408,0.48,0.96,0.85,10.64,39.94,5.0
2003,204131,0.77,0.69,0.76,28.85,42.64,5.0
2015,153004,0.86,0.21,0.45,44.51,47.86,30.88
2006,161658,0.51,0.79,0.53,37.53,49.48,26.88
2016,87410,0.98,0.21,0.46,73.33,73.94,57.16
2007,54251,0.58,0.76,0.26,71.17,74.81,72.22
2018,70487,0.65,0.74,0.17,67.71,77.93,64.38
2013,120649,0.05,0.41,0.94,55.66,69.58,30.05
2013,87422,0.81,0.84,0.32,66.11,67.04,62.79
2018,249679,0.17,0.43,0.15,26.78,37.97,5.0
2016,205822,0.84,0.74,0.74,27.87,34.08,5.0
2004,159726,0.57,0.05,0.21,55.32,56.83,22.72
2021,142901,0.78,0.87,0.35,57.08,47.5,34.48
2020,14400,0.16,0.75,0.71,81.91,94.8,80.32
2009,247578,0.59,0.72,0.43,15.33,21.58,5.0
2001,85207,0.45,0.49,0.13,64.1,67.46,62.24
2006,152137,0.33,0.74,0.63,44.87,61.59,32.96
2005,233262,0.25,0.6,0.88,24.26,37.2,5.0
2006,20284,0.2,0.21,0.99,89.06,90.06,73.09
2015,148001,0.22,0.33,0.84,47.28,57.18,32.13
2009,58776,0.19,0.09,0.31,87.81,82.66,71.41
2024,228319,0.82,0.55,0.93,22.54,27.3,5.0
2007,63984,0.97,0.06,0.56,77.42,60.03,64.28
2009,222758,0.7,0.94,0.63,21.38,24.48,5.0
2021,132590,0.96,0.72,0.71,43.73,52.66,33.01
2004,197941,0.03,0.06,0.85,44.79,52.21,7.19
2010,235273,0.87,0.53,0.47,32.03,28.2,5.0
2017,140273,0.47,0.31,0.95,64.76,55.43,24.25
2002,229654,0.79,0.86,0.55,16.9,31.54,5.0
2010,77708,0.95,0.11,0.37,84.19,74.47,70.88
2014,236823,0.77,0.23,0.79,23.03,23.4,5.0
2010,207748,0.21,0.5,0.36,30.17,49.48,13.51
2019,106870,0.91,0.22,0.0,64.62,61.87,52.88
2019,222364,0.59,0.14,0.59,30.9,33.2,5.0
2002,91187,0.46,0.85,0.82,75.72,63.71,49.59
2004,11953,0.9,0.9,0.04,75.42,82.07,97.67
2011,48706,0.26,0.2,0.27,80.46,79.41,77.81
2001,190353,0.76,0.98,0.4,23.5,37.12,26.36
2023,186748,0.54,0.24,0.17,43.13,53.11,23.51
2003,5753,0.72,0.0,0.3,99.06,86.48,97.55
2016,72107,0.83,0.38,0.95,69.6,65.52,51.87
2012,124326,0.44,0.04,0.82,60.31,61.53,36.88
2007,245779,1.0,0.13,0.72,30.67,16.04,5.0
2017,1335,0.56,0.01,0.71,86.81,88.22,91.74
2003,71724,0.7,0.04,0.88,73.21,74.99,58.87
2000,57901,0.11,0.28,0.03,81.45,82.16,77.23
2014,14073,0.63,0.57,0.97,95.55,96.6,73.63
2024,104304,0.29,0.98,0.75,64.25,75.06,40.25
2003,116678,0.74,0.72,0.99,53.79,57.75,34.17
2011,135434,0.67,0.05,0.17,54.64,54.53,51.02
2014,71438,0.13,0.08,0.07,69.92,76.7,65.8
2001,248301,0.99,0.63,0.31,20.07,22.65,5.0
2018,170004,0.85,0.12,0.53,43.64,41.71,17.71
2016,121765,0.67,0.75,0.6,50.48,58.59,32.35
2024,145612,0.48,0.67,0.14,46.18,52.52,37.72
2004,211619,0.89,0.69,0.81,32.23,34.71,5.0
2017,73912,0.74,0.53,0.45,81.13,80.02,60.87
2012,200429,0.21,0.32,0.4,37.48,46.4,15.83
2002,66553,0.58,0.16,0.13,80.23,89.34,72.47
2021,228914,0.74,0.76,0.31,12.74,24.22,5.0
2024,105546,0.19,0.08,0.94,71.83,71.96,40.62
2006,230803,0.94,0.33,0.44,29.91,28.25,5.0
2015,30927,0.44,0.19,0.97,100.0,83.45,65.33
2012,211655,0.61,0.77,0.6,31.32,30.08,5.0
2000,242856,0.34,0.95,0.95,15.3,32.39,5.0
2007,26390,0.64,0.27,0.68,88.16,86.61,72.79
2006,226065,0.8,0.9,0.97,24.12,40.94,5.0
2018,189397,0.34,0.39,0.25,44.08,50.46,22.52
2010,126435,0.29,0.19,0.98,62.69,68.98,33.11
2023,203423,0.01,0.07,0.98,36.92,46.29,5.0
2024,239605,0.62,0.99,0.97,16.2,39.96,5.0
2015,153908,0.99,0.05,0.82,63.94,40.07,27.38
2009,225436,0.88,0.23,0.36,40.6,29.11,8.31
2014,92501,0.24,0.18,0.71,68.66,76.84,52.71
2006,164376,0.46,0.78,0.34,48.13,54.51,20.29
2014,45017,0.88,0.18,0.25,89.39,76.0,72.93
2019,114947,0.38,0.05,0.74,56.78,63.24,43.68
2007,145410,0.99,0.08,0.91,55.14,53.39,29.46
2014,231502,0.59,0.38,0.87,32.65,28.59,5.0
2001,89393,0.16,0.75,0.1,73.22,75.21,60.47
2013,244178,0.11,0.26,0.58,25.17,40.9,5.0
2015,135204,0.7,0.99,0.86,41.95,59.66,32.6
2022,72935,0.49,0.27,0.23,68.45,81.73,64.41
2000,91766,0.28,0.75,0.3,61.7,70.17,50.36
2007,214493,0.05,0.54,0.2,33.11,42.91,6.28
2010,142442,0.35,0.77,0.21,50.59,45.14,36.86
2023,217619,0.38,0.44,0.93,45.69,36.47,5.0
2023,102295,0.14,0.71,0.89,65.01,77.38,45.81
2008,110065,0.52,1.0,0.9,54.62,60.76,35.07
2024,186023,0.95,0.31,0.93,40.08,36.54,9.79
2002,29979,0.61,0.25,0.68,81.59,88.51,73.69
2022,49627,0.72,0.03,0.78,93.01,81.21,64.47
2001,108892,0.63,0.24,0.3,60.46,72.12,41.19
2016,93462,0.98,0.25,0.46,69.36,61.38,55.24
2018,26653,0.47,0.59,0.56,75.72,85.2,81.1
2020,159862,0.5,0.18,0.06,46.85,54.28,36.63
2010,155956,0.56,0.96,0.74,47.49,58.71,18.73
2014,84028,0.01,0.87,0.89,65.61,84.19,53.73
2010,191767,0.87,0.46,0.26,32.03,33.4,11.37
2021,173393,0.82,0.98,0.4,30.57,44.06,23.21
2015,109041,0.8,0.65,0.83,57.32,53.6,33.85
2009,22243,0.29,0.03,0.21,91.82,90.52,94.37
2006,227223,0.64,0.48,0.92,22.2,31.5,5.0
2007,180328,0.57,0.01,0.35,48.69,45.84,20.11
2014,161881,0.58,0.64,0.87,48.68,48.37,12.04
2024,125220,0.29,0.52,0.54,61.59,62.66,33.45
2019,244214,0.33,0.05,0.65,30.98,37.3,5.0
2013,192321,0.13,0.72,0.51,33.87,48.08,5.0
2023,6262,0.71,0.21,0.07,91.98,86.48,95.74
2017,113945,0.15,0.97,0.73,53.18,66.98,32.53
2022,3415,0.01,0.27,0.08,99.14,100.0,95.73
2017,46276,0.95,0.86,0.34,84.2,76.81,74.15
2018,218394,0.76,0.3,0.45,35.91,34.07,5.0
2023,116609,0.53,0.51,0.68,58.29,61.88,42.42
2015,132351,0.43,0.64,0.08,64.45,65.09,40.4
2023,157800,0.68,0.94,0.26,37.36,48.42,26.12
2011,97787,0.77,0.28,0.53,68.32,66.58,42.31
2008,204460,0.91,0.13,0.6,40.33,30.54,5.0
2003,168456,0.37,0.48,0.48,38.26,50.13,22.81
2013,183015,0.7,0.43,0.36,34.69,41.79,18.79
2018,25631,0.45,0.12,0.93,88.57,82.37,79.65
2002,150862,0.71,0.55,0.42,55.67,38.34,27.7
2022,73418,0.36,0.53,0.89,64.98,77.91,46.74
2009,224598,0.7,0.55,0.03,35.63,36.75,13.72
2009,219342,0.59,0.22,0.8,35.45,35.45,5.0
2018,154312,0.85,0.86,0.61,47.17,54.67,22.07
2014,211349,0.35,0.09,0.7,36.91,32.21,5.0
2021,83119,0.6,0.47,0.04,73.18,70.0,73.62
2001,153659,0.12,0.83,0.85,48.55,53.56,24.58
2010,208757,0.03,0.19,0.22,48.23,50.59,10.02
2024,140634,0.03,0.32,0.13,58.87,58.03,37.4
2011,72244,0.17,0.77,0.57,68.61,69.01,62.39
2006,36990,0.96,0.29,0.77,80.93,76.29,67.92
2012,101674,0.46,0.88,0.36,58.8,62.96,62.63
2016,101198,0.96,0.29,0.81,66.74,64.74,39.53
2022,35682,0.13,0.12,0.01,85.78,95.58,85.2
2024,21837,0.31,0.87,0.46,96.16,94.48,80.83
2006,82740,0.63,0.8,0.56,62.28,67.47,54.21
2005,225152,0.09,0.81,0.5,26.46,40.38,11.36
2008,12446,0.06,0.5,0.04,97.64,97.86,94.94
2001,89259,0.87,0.12,0.45,59.31,62.82,48.53
2019,107284,0.14,0.79,0.27,54.53,68.75,55.47
2010,177228,0.47,0.88,0.85,29.78,45.82,11.1
2017,199622,0.56,0.21,0.52,37.57,39.48,5.0
2012,208592,0.42,0.39,0.1,38.99,44.29,18.83
2019,25192,0.62,0.16,0.69,92.17,91.22,79.39
2019,219592,0.12,0.89,0.71,25.16,47.49,5.0
2017,230727,0.9,0.85,0.51,10.75,25.78,5.0
2003,4430,0.94,0.72,0.74,76.46,87.01,90.15
2017,214449,0.89,0.14,0.63,41.91,39.54,7.67
2018,202332,0.02,0.79,0.63,33.42,59.03,8.54
2018,233970,0.29,0.07,0.17,24.84,34.08,5.0
2018,21417,0.39,0.92,0.14,78.12,84.03,96.65
2021,33163,0.45,0.13,0.49,88.81,84.86,77.03
2010,178416,0.9,0.86,0.59,40.28,49.19,20.25
2015,194223,1.0,0.69,0.51,38.83,44.35,13.81
2001,197051,0.42,0.36,0.74,42.42,38.97,5.53
2023,76979,0.18,0.7,0.54,64.11,76.95,58.35
2017,89416,0.05,0.54,0.58,65.72,75.57,57.22
2016,70624,0.45,0.48,0.99,79.59,80.69,55.85
2000,76674,0.84,0.02,0.01,68.96,76.85,68.97
2022,187620,0.42,0.28,0.1,39.3,57.16,35.26
2003,112255,0.91,0.31,0.33,65.12,52.46,52.35
2014,201804,0.27,0.69,0.34,34.5,48.05,18.46
2004,106046,0.79,0.25,0.08,65.57,66.16,52.08
2014,207161,0.83,0.62,0.35,40.31,41.59,13.34
2013,119909,0.33,0.9,0.1,52.69,67.61,54.02
2011,188705,0.86,0.66,0.2,40.5,43.1,24.38
2019,38107,0.66,0.61,0.62,79.48,84.56,69.5
2013,66675,0.82,0.86,0.6,65.11,68.87,70.16
2002,91150,0.34,0.22,0.34,70.26,69.97,61.25
2009,103329,0.89,0.11,0.87,70.98,61.45,36.37
2012,46828,0.77,0.4,0.46,82.82,91.24,71.35
2024,84426,0.7,0.06,0.69,72.43,72.12,50.11
2019,227719,0.25,0.8,0.34,25.19,33.11,5.0
2021,26797,0.78,0.48,0.92,82.57,87.67,70.03
2022,143218,0.12,0.15,0.73,55.88,61.35,39.04
2002,178873,0.64,0.46,0.05,33.56,44.64,20.91
2002,101022,0.5,0.31,0.65,62.06,61.87,52.07
2015,249028,0.98,0.91,0.99,25.8,27.8,5.0
2009,52491,0.69,0.64,0.66,75.25,77.48,64.93
2004,161342,0.82,0.09,0.45,52.57,43.05,23.84
2015,143111,0.28,0.84,0.18,40.9,63.4,45.22
2024,128637,0.61,0.56,0.68,62.98,54.25,25.59
2004,4188,0.65,0.96,0.01,81.99,92.08,99.4
2024,192966,0.12,0.95,0.25,27.74,49.22,13.51
2001,76478,0.39,0.62,0.82,68.92,78.47,54.13
2006,245960,0.52,0.54,0.35,26.82,22.03,5.0
2012,143248,0.66,0.81,0.42,56.67,54.07,37.73
2013,243996,0.6,0.19,0.96,26.98,29.33,5.0
2018,43347,0.47,0.42,0.45,79.19,79.83,86.8
2010,207359,0.71,0.83,0.03,28.26,43.58,16.75
2002,37902,0.24,0.28,0.72,86.48,94.82,75.23
2024,138351,0.51,0.62,0.74,52.75,56.13,32.51
2004,174271,0.35,0.47,0.61,52.83,53.8,14.93
2015,128736,0.07,0.05,0.48,65.25,65.0,40.92
2014,152318,0.72,0.18,0.87,47.58,50.53,24.76
2000,152590,0.54,0.28,0.95,57.78,58.21,16.25
2013,227429,0.52,0.66,0.99,17.26,32.41,5.0
2005,241960,0.82,0.61,0.35,20.43,30.04,5.0
2013,207186,0.86,0.61,0.27,29.82,33.33,11.3
2004,214456,0.83,0.93,0.71,29.41,29.8,5.0
2001,55187,0.4,0.93,0.98,71.39,76.97,53.81
2011,239134,0.03,0.36,0.03,27.44,42.14,5.0
2006,197467,0.59,0.49,0.64,34.77,43.13,10.95
2022,212517,0.71,0.68,0.85,33.53,35.5,5.0
2024,170583,0.29,0.45,0.47,44.55,49.51,23.26
2011,30653,0.27,0.06,0.91,94.77,89.71,77.24
2021,219834,0.7,0.18,0.49,42.81,32.97,5.0
2000,69105,0.79,0.57,0.37,69.85,62.47,55.9
2003,186199,0.45,0.24,0.2,39.84,39.84,20.29
2005,126492,0.9,0.01,0.79,51.87,59.21,32.26
2009,88550,0.04,0.9,0.62,64.9,80.63,54.85
2002,179167,0.77,0.57,0.9,46.57,39.59,5.59
2003,181346,0.87,0.49,1.0,42.35,44.58,9.2
2006,78283,0.72,0.47,0.16,66.06,66.9,61.26
2020,71857,0.08,0.89,0.73,59.86,86.67,50.02
2007,168529,0.13,0.08,0.12,43.51,53.48,32.4
2024,127223,0.4,0.16,0.04,63.87,60.47,49.19
2019,150744,0.14,0.78,0.36,46.61,66.33,32.46
2009,3028,0.87,0.96,0.21,88.47,84.51,96.95
2008,141368,0.91,0.16,0.8,69.68,38.59,26.91
2021,236561,0.3,0.51,0.96,17.92,25.46,5.0
2008,70000,0.85,0.59,0.91,70.72,68.36,48.89
2023,52402,0.44,0.02,0.79,87.55,78.88,61.15
2005,28995,0.13,0.81,0.32,87.27,93.8,81.22
2003,33743,0.63,0.91,0.22,72.55,79.52,80.52
2014,71381,0.05,0.0,0.77,73.35,89.98,67.69
2007,52914,0.89,0.45,0.21,71.34,73.88,70.59
2008,50766,0.05,0.79,0.1,68.95,89.42,76.63
2010,90642,0.98,0.27,0.5,74.29,58.55,49.15
2017,13675,0.71,0.72,0.53,79.54,78.94,84.32
2011,69289,0.04,0.65,0.63,70.67,85.13,56.63
2016,154891,0.01,0.04,0.5,52.49,64.73,22.31
2009,11938,0.3,0.41,0.43,94.46,100.0,88.3
2012,83941,0.86,0.23,0.21,64.2,72.27,64.82
2020,58229,0.31,0.52,0.87,82.12,85.05,68.62
2005,7941,0.29,0.27,0.65,92.21,93.68,79.65
2015,84403,0.61,0.44,0.94,77.94,66.33,52.1
2023,29336,0.24,0.58,1.0,89.07,84.29,79.56
2010,209836,0.75,0.29,0.3,37.75,36.8,6.05
2002,158735,0.6,0.77,0.43,38.82,58.14,18.92
2018,45031,0.69,0.28,0.62,79.23,81.02,59.88
2024,139358,0.33,0.84,0.84,41.67,60.84,32.91
2020,47906,0.26,0.71,0.16,70.62,78.73,83.78
2013,39079,0.38,0.92,0.05,70.93,84.89,77.99
2012,239832,0.1,0.99,0.28,13.46,41.48,5.0
2011,163770,0.34,0.36,0.54,46.65,53.49,15.67
2010,244710,0.91,0.19,0.27,28.81,24.79,5.0
2022,209033,0.56,0.57,0.55,30.19,44.73,9.18
2019,194782,0.9,0.71,0.67,27.29,35.08,5.0
2019,90787,0.38,0.36,0.37,57.47,68.27,61.86
2022,1293,0.11,0.18,0.94,100.0,86.79,78.96
2013,96218,0.72,0.44,0.53,65.93,61.24,45.79
2024,2062,0.74,0.95,0.43,90.46,88.1,89.88
2005,122839,0.58,0.03,0.77,65.67,51.76,34.1
2001,92770,0.26,0.09,0.57,73.17,71.7,48.25
2009,155829,0.61,0.39,0.67,47.8,57.12,23.91
2011,144408,0.45,0.51,0.57,55.64,58.78,25.65
2012,15020,0.87,0.68,0.34,86.43,87.22,86.08
2017,161606,0.83,0.2,0.97,46.44,49.34,13.21
2015,42705,0.23,0.41,0.13,80.47,96.38,84.48
2013,92638,0.11,0.98,0.59,56.65,75.15,49.19
2024,247400,0.24,0.06,0.84,31.53,35.45,5.0
2015,92711,0.77,0.23,0.65,71.8,59.85,58.92
2001,183023,0.31,0.56,0.96,32.73,56.8,16.41
2023,169340,0.24,0.22,0.32,48.76,47.52,21.7
2020,248904,0.19,0.43,0.31,29.93,23.27,5.0
2011,137497,0.52,0.35,0.0,44.01,51.72,46.84
2002,3101,0.5,0.46,0.32,91.29,98.41,93.74
2012,209068,0.78,0.3,0.02,25.41,49.83,25.62
2023,165233,0.57,0.36,0.22,51.92,49.21,33.66
2015,248528,0.18,0.53,0.91,12.81,33.36,5.0
2019,52027,0.46,0.67,0.39,79.01,80.27,79.63
2015,139723,0.79,0.74,0.21,45.98,48.26,44.39
2023,129988,0.1,0.07,0.04,65.36,56.53,43.68
2007,18953,0.41,0.09,0.9,89.51,86.46,71.37
2000,35386,0.3,0.64,0.99,72.84,86.93,68.55
2016,27269,0.24,0.88,0.8,77.82,98.79,75.95
2021,223503,0.46,0.94,0.74,20.6,32.48,5.0
2023,105462,0.34,0.69,0.41,55.67,67.13,50.21
2013,62564,0.34,0.66,0.66,71.14,84.47,67.75
2004,179734,0.14,0.82,1.0,43.41,52.86,10.11
2022,18983,0.83,0.35,0.46,91.88,82.4,87.25
2010,246034,0.75,0.68,0.9,15.42,31.79,5.0
2010,177790,0.03,0.41,0.05,43.59,51.62,26.59
2005,232396,0.64,0.03,0.18,40.97,35.35,5.0
2002,21133,0.89,0.17,0.9,96.56,80.0,78.28
2005,245043,0.48,0.3,0.12,22.44,37.35,5.0
2018,174461,0.09,0.33,0.52,49.69,53.76,18.99
2014,206093,0.41,0.7,0.02,31.54,49.15,21.32
2006,114366,0.9,0.94,0.42,47.13,51.55,38.24
2003,151135,0.86,0.09,0.43,59.62,43.31,40.21
2000,158439,0.9,0.2,0.38,50.57,49.78,39.37
2003,182459,0.48,0.95,0.26,32.91,53.24,16.54
2019,39415,0.88,0.01,0.14,89.24,67.33,82.36
2006,35577,0.51,0.31,0.67,91.76,88.82,70.95
2000,184657,0.78,0.17,0.55,39.44,43.92,19.75
2016,99877,0.68,0.89,0.97,57.22,62.08,31.7
2019,56093,0.11,0.64,0.51,66.79,82.97,69.05
2018,92486,0.33,0.4,0.38,59.62,69.13,58.12
2007,219374,0.48,0.64,0.62,25.17,46.65,5.0
2005,237227,0.96,0.95,0.02,19.98,31.2,5.0
2008,82419,0.96,0.58,0.46,66.87,62.18,61.33
2012,222143,0.36,0.6,0.04,29.66,32.73,11.78
2003,232357,0.51,0.38,0.05,31.11,30.46,5.0
2019,228417,0.33,0.12,0.01,33.63,38.41,6.76
2010,26096,0.6,0.78,0.33,79.38,87.01,88.75
2000,58280,0.84,0.2,0.99,82.09,66.0,55.87
2000,127467,0.14,1.0,0.17,52.32,62.58,40.61
2014,90751,0.96,0.71,0.51,57.38,56.56,56.36
2022,3226,0.47,0.86,0.49,98.6,85.73,89.12
2012,140430,0.78,0.6,0.13,57.2,58.92,45.89
2019,25414,0.83,0.11,0.96,88.01,72.63,76.23
2019,243170,0.74,0.44,0.23,22.72,26.59,5.0
2003,208038,0.37,0.77,0.2,31.16,41.36,8.07
2024,81706,0.53,0.32,0.19,69.12,67.83,51.92
2004,59689,0.11,0.02,0.21,93.51,92.26,67.51
2004,45867,0.2,0.23,0.41,91.44,84.46,58.66
2006,54547,0.21,0.62,0.78,76.27,81.52,58.7
2014,243968,0.48,0.07,0.45,28.72,41.9,5.0
2006,249432,0.57,0.25,0.38,27.5,36.66,5.0
2023,210444,0.52,0.44,0.22,26.32,34.81,7.12
2019,195220,0.29,0.26,0.07,43.16,45.91,22.58
2014,248287,0.64,0.97,0.01,19.18,21.1,5.0
2000,122120,0.64,0.31,0.99,64.93,58.89,29.28
2024,1445,0.31,0.21,0.04,99.92,93.84,88.83
2024,158592,0.3,0.68,0.38,37.77,54.76,18.03
2003,173545,0.17,0.47,0.56,45.32,62.61,17.78
2009,24806,0.59,0.28,0.81,85.9,83.48,74.05
2021,201912,0.37,0.9,0.93,34.16,45.76,5.0
2012,191723,0.51,0.87,0.41,33.82,41.66,8.78
2014,115782,0.82,0.63,0.48,51.15,61.26,32.9
2016,185955,0.25,0.02,0.34,48.16,47.86,22.86
2020,189033,0.92,0.43,0.56,38.22,43.51,12.97
2023,100726,0.75,0.25,0.01,67.3,63.52,62.74
2002,138942,0.21,0.99,0.46,49.96,58.59,41.26
2023,176608,0.26,0.94,0.11,38.58,50.18,28.01
2004,172765,0.3,0.12,0.65,46.93,54.87,16.2
2004,115525,0.18,0.6,0.65,63.62,71.59,38.08
2006,93179,0.64,0.73,0.24,66.07,73.82,56.84
2004,89908,0.53,0.16,0.78,71.32,75.09,44.57
2018,225751,0.2,0.99,0.3,18.65,33.05,7.85
2002,21081,0.94,0.35,0.68,80.85,82.19,81.82
2003,75145,0.56,0.57,0.62,76.05,75.82,57.45
2012,118255,0.16,0.22,0.12,56.1,64.27,54.05
2010,212448,0.07,0.41,0.97,32.48,42.32,5.0
2016,136358,0.59,0.92,0.53,47.07,53.14,32.68
2018,177250,0.31,0.77,0.84,38.53,44.43,10.88
2022,209065,0.27,0.88,0.08,30.07,50.18,27.91
2008,145755,0.65,0.86,0.82,42.98,62.22,23.71
2017,184368,0.24,0.29,0.44,41.17,45.86,18.51
2003,232406,0.71,0.75,0.43,23.19,28.74,5.0
2020,224307,0.89,0.75,0.24,29.46,36.21,5.0
2000,210568,0.18,0.5,0.02,29.99,41.75,17.38
2008,83885,0.08,0.38,0.81,73.39,81.63,50.89
2008,52979,0.58,0.01,0.73,81.29,84.09,64.4
2017,242947,0.61,0.98,0.1,17.48,26.06,5.0
2006,117622,0.07,0.63,0.24,50.25,65.09,49.74
2009,139048,0.34,0.69,0.14,56.3,57.89,44.33
2003,68122,0.4,0.83,0.66,71.52,76.26,63.9
2016,128046,0.13,0.4,0.38,53.42,71.11,40.28
2000,232244,1.0,0.68,0.7,23.26,28.38,5.0
2011,182918,0.58,0.19,0.33,42.61,41.73,11.01
2020,150181,0.74,0.5,0.39,53.13,41.5,29.62
2014,123066,0.03,0.27,0.23,67.83,68.85,51.11
2012,59062,0.65,0.45,0.18,74.2,73.96,69.54
2006,142252,0.89,0.18,0.78,68.03,45.71,18.22
2000,107964,0.82,0.37,0.49,58.15,60.89,48.84
2022,83100,0.96,0.69,0.53,68.29,60.69,53.39
2020,228632,0.43,0.57,0.06,24.97,37.72,11.17
2022,46881,0.52,0.89,0.03,61.58,71.83,75.47
2000,240200,0.36,0.23,0.58,22.45,31.26,5.0
2022,154152,0.76,0.18,0.63,61.09,43.94,25.79
2024,175554,0.78,0.05,0.53,50.13,41.32,23.33
2015,7266,0.61,0.8,0.49,91.63,95.25,92.31
2000,202609,0.54,0.01,0.77,51.75,36.96,5.0
2011,95709,0.13,0.99,0.51,48.38,77.33,59.65
2007,172864,0.1,0.17,0.11,44.89,47.35,29.93
2005,65341,0.01,0.77,0.48,77.55,87.29,61.16
2016,23303,0.56,0.65,0.78,86.09,88.46,69.45
2007,1993,0.39,0.96,0.42,89.11,88.74,89.55
2024,111600,0.11,0.68,0.95,58.7,70.12,35.57
2011,203398,0.14,0.64,0.12,34.98,45.93,12.24
2002,178360,0.42,0.66,0.86,37.15,53.14,5.0
2014,244355,0.47,0.7,0.02,19.84,27.58,5.0
2009,173959,0.84,0.24,0.27,41.41,34.33,31.09
2008,73870,0.08,0.25,0.19,77.83,77.92,64.58
2006,135776,0.75,0.7,0.96,49.62,48.2,32.46
2024,243594,0.57,0.1,0.84,17.11,33.92,5.0
2000,58352,0.65,0.85,0.68,75.92,62.76,56.29
2001,134412,0.7,0.56,0.77,55.67,55.67,31.35
2001,94849,0.29,0.95,0.87,59.34,78.75,48.29
2018,108663,0.65,0.02,0.48,69.02,67.05,49.0
2016,193263,0.25,0.68,0.73,28.61,44.54,11.2
2012,125218,0.48,0.16,0.53,64.28,70.69,46.37
2020,112492,0.69,0.78,0.34,51.94,64.82,53.2
2007,223980,0.66,0.92,0.33,16.9,30.83,5.0
2024,161442,0.55,0.88,0.15,37.39,41.53,27.13
2014,214601,0.4,0.27,0.48,35.19,42.26,5.0
2003,26747,0.45,0.18,0.52,95.03,89.42,79.19
2015,162691,0.81,0.61,0.31,51.49,48.65,24.44
2017,123172,0.74,0.34,0.92,55.01,59.7,30.3
2000,104071,0.33,0.67,0.89,56.38,59.74,40.93
2024,40457,0.61,0.3,0.4,85.57,79.33,84.18
2020,100107,0.18,1.0,0.9,54.78,65.64,42.03
2002,44098,0.59,0.77,0.43,66.51,78.8,77.38
2009,129801,0.03,0.81,0.03,43.16,68.85,49.42
2024,221719,0.74,0.07,0.17,35.29,27.4,5.0
2023,92605,0.49,0.79,0.72,64.48,63.26,51.65
2003,46852,0.44,0.38,0.79,76.73,79.2,62.75
2016,50373,0.01,0.48,0.36,79.39,91.32,74.39
2023,107980,0.37,0.2,0.17,60.54,63.31,56.23
2000,246849,0.27,0.57,0.97,24.75,36.96,5.0
2012,123778,0.13,0.79,0.01,57.61,63.27,39.77
2012,131964,0.13,0.38,0.11,64.63,59.05,48.87
2020,189940,0.76,0.88,0.41,36.83,40.17,21.08
2010,47661,0.63,0.84,0.7,76.08,79.93,66.23
2009,98772,0.35,0.9,0.77,57.27,64.56,46.6
2012,40221,0.56,0.64,0.95,75.85,80.56,67.07
2013,135390,0.88,0.05,0.11,64.18,56.1,40.75
2022,106022,0.79,0.99,0.46,52.78,59.19,50.01
2001,163499,0.97,0.53,0.35,47.38,46.27,24.65
2010,147273,0.28,0.83,0.33,38.16,56.68,24.93
2006,198778,0.67,0.08,0.55,31.75,38.75,9.64
2004,141185,0.46,0.02,0.34,66.19,57.2,38.04
2017,6580,0.63,0.15,0.86,94.59,91.11,75.63
2001,77597,0.14,0.68,0.34,58.29,80.26,61.87
2012,131105,0.37,0.38,0.38,58.3,59.51,41.96
2002,204748,0.68,0.96,0.67,34.77,38.8,5.0
2002,98950,0.15,0.8,0.07,69.92,76.88,58.58
2021,120340,0.19,0.99,0.92,50.57,66.96,25.28
2001,112423,0.23,0.03,0.54,66.42,77.23,47.95
2021,84222,0.56,0.1,0.04,75.24,80.47,68.37
2007,3041,0.24,0.02,0.63,94.59,99.95,83.41
2019,171187,0.86,0.43,0.46,43.78,41.89,24.27
2015,172551,0.75,0.52,0.96,46.35,43.95,19.03
2013,216064,0.53,0.76,0.2,22.46,34.72,8.35
2018,8483,0.6,0.85,0.65,81.08,93.4,87.15
2022,91415,0.05,0.27,0.3,77.97,76.27,59.01
2023,82571,0.07,0.27,0.23,77.62,82.7,65.42
2015,214530,0.98,0.82,0.19,23.76,17.24,17.59
2005,81321,0.22,0.15,0.0,65.48,68.73,61.84
2001,203807,0.59,0.97,0.68,28.77,43.3,9.96
2003,113860,0.65,0.14,0.3,60.18,62.53,44.8
2008,249782,0.61,0.99,0.2,19.85,28.42,5.0
2002,243955,0.54,0.18,0.82,36.46,32.8,5.0
2006,197898,0.15,0.83,0.48,39.21,51.19,15.97
2022,107985,0.38,0.8,0.27,64.54,69.76,49.35
2017,228697,0.69,0.35,0.32,29.72,34.78,5.0
2015,90778,0.08,0.85,0.34,57.34,74.98,55.9
2008,5909,0.52,0.54,0.68,90.99,87.56,86.61
2018,106028,0.09,0.97,0.61,49.73,70.68,41.04
2008,82194,0.38,0.43,0.69,61.17,72.92,56.91
2022,22624,0.97,0.3,0.75,83.95,77.91,75.59
2001,183737,0.14,0.26,0.86,48.67,63.54,5.0
2017,72004,0.43,0.81,0.07,69.29,72.46,64.53
2010,195154,0.07,0.24,0.3,38.7,47.54,20.68
2009,122877,0.43,0.54,0.61,54.63,64.01,45.46
2000,149244,0.72,0.12,0.43,60.6,51.03,29.05
2003,218367,0.91,0.87,1.0,22.33,34.64,5.0
2014,229486,0.11,0.79,0.85,25.78,43.1,5.0
2016,10227,0.66,0.86,0.56,89.53,83.85,86.27
2020,189273,0.4,0.48,0.74,47.04,57.15,13.54
2019,222650,0.22,0.16,0.67,36.48,43.58,5.0
2018,107843,0.71,0.79,0.19,52.57,63.09,46.36
2013,243419,0.91,0.99,0.76,14.49,22.36,5.0
2018,216049,0.55,0.76,0.21,31.32,25.99,12.6
2019,159658,0.33,0.03,0.66,52.01,57.79,23.07
2007,10835,0.52,0.84,0.38,80.47,97.22,93.74
2010,170306,0.83,0.9,0.84,37.11,32.77,19.9
2020,194654,0.28,0.06,0.07,45.87,45.93,19.99
2021,154739,0.3,0.32,0.7,49.49,59.86,28.5
2004,36395,0.96,0.59,0.09,78.41,71.32,84.91
2010,246451,0.22,0.21,0.97,27.43,40.73,5.0
2011,111291,0.13,0.75,0.01,51.01,76.96,55.31
2002,213364,0.33,0.67,0.1,27.24,46.73,11.86
2015,149281,0.38,0.63,0.56,56.4,62.6,30.75
2023,225937,0.85,0.7,0.01,23.95,30.67,14.59
2020,84826,0.21,0.79,0.29,63.74,81.14,64.01
2006,74829,0.79,0.31,0.2,78.43,71.88,62.05
2008,106144,0.72,0.04,0.6,72.29,69.06,41.76
2019,49758,0.34,0.62,0.93,86.78,77.47,58.54
2019,9096,0.89,0.75,0.24,89.5,88.86,87.15
2004,229189,0.01,0.84,0.99,21.37,43.89,5.0
2013,60644,0.48,0.32,0.17,81.89,73.56,72.13
2014,86246,0.86,0.13,0.73,81.33,59.3,55.63
2023,52242,0.66,0.26,0.4,80.59,82.43,74.54
2023,78726,0.26,0.7,0.55,64.48,75.48,59.64
2024,35686,0.23,0.93,0.33,76.86,85.41,74.28
2015,82369,0.87,0.02,0.03,75.94,66.92,64.41
2002,190107,0.94,0.61,0.37,39.46,36.68,11.26
2006,41235,0.17,0.64,0.46,68.75,85.81,78.59
2001,204011,0.1,0.58,0.97,37.42,46.01,5.0
2015,88798,0.61,0.98,0.11,61.49,67.77,61.97
2008,45104,0.96,0.0,0.71,82.32,76.73,69.88
2017,106539,0.93,0.86,0.4,56.53,58.23,53.24
2015,80802,0.61,0.17,0.54,78.64,74.78,61.71
2007,176482,0.83,0.54,0.06,42.89,39.57,33.6
2010,135016,0.1,0.11,0.31,69.36,62.26,38.3
2005,68568,0.64,0.56,0.68,74.97,74.51,58.03
2020,58975,0.88,0.39,0.1,80.0,73.83,73.31
2023,191786,0.2,0.39,0.73,44.81,49.33,8.1
2012,4952,0.38,0.23,0.32,100.0,91.67,84.43
2005,16004,0.58,0.5,0.34,90.49,91.18,90.41
2007,180012,0.57,0.42,0.59,39.6,41.94,15.19
2016,196189,0.52,0.26,0.29,44.96,49.79,18.23
2022,192630,0.29,0.66,0.42,24.38,52.04,8.38
2009,87517,0.39,0.43,0.65,68.79,67.21,50.38
2022,140032,0.96,0.88,0.59,47.94,42.68,25.25
2005,231154,0.36,0.57,0.0,26.18,37.82,9.4
2024,116702,0.39,0.5,0.81,64.03,62.83,32.12
2013,164955,0.22,0.15,0.88,56.74,51.61,14.26
2017,213000,0.84,0.98,0.52,25.22,36.97,5.0
2011,127660,0.72,0.67,0.83,48.78,58.4,38.71
2018,54163,0.45,0.52,0.43,74.47,85.19,74.7
2016,116061,0.85,0.58,0.8,50.95,63.85,32.36
2021,36535,0.96,0.2,0.66,78.14,76.52,70.71
2008,189190,0.41,0.7,0.52,37.79,46.91,20.75
2009,121489,0.71,0.1,0.21,61.36,58.28,44.62
2016,149812,0.94,0.96,0.06,40.3,50.58,32.86
2011,187899,0.98,0.23,0.34,44.74,47.1,5.0
2004,81181,0.06,0.63,0.57,63.17,82.63,46.76
2024,56289,0.54,0.75,0.68,82.93,76.46,65.18
2002,129028,0.41,0.99,0.61,50.84,70.37,30.87
2005,161573,0.07,0.49,0.77,45.16,58.33,17.51
2014,224855,0.08,0.33,0.23,17.48,48.51,7.41
2001,12431,0.23,0.23,0.56,94.53,99.99,83.4
2010,202367,0.23,0.48,0.43,36.54,42.19,5.0
2018,229376,0.71,0.91,0.79,29.1,32.66,5.0
2015,145080,0.27,0.15,0.83,57.75,57.24,28.57
2014,138546,0.24,0.74,0.48,54.22,61.01,38.23
2021,166466,0.4,0.49,0.26,41.12,53.76,30.32
2008,37512,0.71,0.75,0.1,81.16,75.7,90.38
2008,155447,0.04,0.27,0.2,52.08,64.51,27.23
2014,167020,0.66,0.67,0.79,36.98,43.73,18.78
2004,127932,0.29,0.25,0.88,58.3,68.02,33.88
2004,179189,0.74,0.4,0.31,35.96,33.7,30.54
2004,73217,0.1,0.51,0.92,73.83,76.98,46.95
2019,101406,0.29,0.13,0.92,70.1,73.21,42.6
2023,229181,0.12,0.99,0.05,16.45,41.39,5.0
2014,151999,0.84,1.0,0.36,39.45,46.42,31.32
2011,25760,0.76,0.39,0.28,83.81,87.44,83.6
2015,70214,0.3,0.43,0.44,74.58,73.79,67.85
2016,187993,0.65,0.99,0.84,30.24,52.01,5.0
2024,180109,0.55,0.05,0.23,51.57,39.79,21.45
2010,114596,0.66,0.86,0.38,54.71,50.56,53.33
2020,195506,0.27,0.89,0.5,29.58,51.56,9.07
2015,245781,0.04,0.8,0.67,18.53,40.43,5.0
2004,156403,0.93,0.79,0.69,37.96,44.2,24.47
2003,203257,0.24,0.13,0.66,38.16,45.87,6.15
2008,21639,0.2,0.62,0.54,84.41,98.37,88.79
2010,180515,0.54,0.74,0.81,25.6,42.09,7.35
2003,126582,0.23,0.03,0.72,65.06,59.69,36.73
2018,12783,0.58,0.95,0.33,81.4,86.88,89.55
2004,44803,0.8,0.17,0.65,77.92,84.41,67.41
2020,113007,0.23,0.05,0.42,69.31,68.26,47.37
2022,197709,0.46,0.42,0.2,23.5,36.71,22.2
2021,104052,0.53,0.3,0.33,70.03,73.81,46.25
2010,141147,0.11,0.38,0.81,49.76,59.28,33.16
2018,152005,0.97,0.28,0.66,52.13,45.86,29.67
2004,119231,0.75,0.55,0.3,54.4,56.45,46.59
2000,187597,0.27,0.36,0.84,32.43,46.81,7.49
2022,239948,0.19,1.0,0.21,11.18,41.38,5.0
2020,98845,0.09,0.49,0.93,68.01,70.04,36.25
2005,150442,0.76,0.63,0.76,48.58,42.0,12.87
2017,186763,0.15,0.03,0.12,39.63,45.63,19.85
2020,156183,0.44,0.43,0.43,53.71,54.96,25.03
2011,209210,0.84,0.12,0.91,40.57,31.28,5.0
2021,233886,0.86,0.23,0.67,34.53,29.72,5.0
2000,81405,0.35,0.21,0.36,65.27,74.0,58.93
2007,92495,0.64,0.74,0.29,75.01,62.3,62.6
2008,92891,0.33,0.1,0.79,68.35,84.1,42.59
2020,131334,0.7,0.37,0.75,59.58,55.78,26.7
2012,149071,0.99,0.07,0.92,57.07,44.79,18.26
2010,93664,0.37,0.06,0.31,71.94,72.32,63.09
2003,158686,0.75,0.21,0.14,48.93,39.33,36.67
2017,149075,0.83,0.98,0.7,34.52,51.89,29.13
2002,176935,0.8,0.38,0.51,43.08,36.94,25.47
2022,215871,0.89,0.29,0.85,36.24,30.75,5.0
2012,15321,0.98,0.86,0.98,77.53,87.27,75.22
2000,95545,0.98,0.15,0.68,75.64,62.24,42.78
2013,180262,0.08,0.58,0.57,44.72,57.19,19.29
2009,8423,0.72,0.8,0.56,82.92,87.54,81.57
2001,3427,0.74,0.05,0.4,98.47,88.66,86.55
2016,69238,0.03,0.77,1.0,71.42,90.21,60.95
2006,154937,0.28,0.46,0.03,49.93,58.32,35.19
2004,130503,0.77,0.05,0.76,57.29,52.52,28.64
2009,66904,0.03,0.82,0.82,70.94,87.67,60.29
2012,106585,0.07,0.96,0.21,55.23,77.79,44.48
2023,45652,0.87,0.06,0.38,84.84,68.43,65.35
2009,25341,0.09,0.33,0.56,89.63,84.25,76.08
2022,47638,0.53,0.5,0.67,74.28,72.57,68.52
2024,106047,0.81,0.62,0.81,61.98,59.18,49.81
2009,203487,0.51,0.86,0.58,26.97,39.81,8.09
2019,33211,1.0,0.79,0.74,76.04,74.14,75.34
2008,179727,0.03,0.45,0.08,44.44,54.68,24.05
2020,60376,0.47,0.11,0.43,84.01,83.63,70.77
2017,202053,0.22,0.48,0.85,37.98,49.86,5.0
2012,234500,0.64,0.68,0.22,12.97,33.89,6.28
2024,1560,0.9,0.2,0.16,97.51,87.06,100.0
2018,151633,0.8,0.63,0.48,42.06,54.07,21.99
2018,152398,0.25,0.36,0.2,53.99,62.19,36.3
2019,59586,0.42,0.92,0.13,63.2,76.15,76.26
2004,106667,0.47,0.57,0.63,59.01,63.81,50.24
2004,246399,0.7,0.71,0.42,17.53,23.06,5.0
2014,74749,0.1,0.24,0.46,67.05,72.41,55.49
2013,170667,0.86,0.91,0.86,38.07,41.79,18.34
2004,120964,0.67,0.99,0.9,36.38,62.43,32.71
2007,155353,0.4,0.75,0.67,50.01,48.89,23.31
2013,70275,0.39,0.5,0.5,75.35,69.02,56.36
2019,163218,0.99,0.0,0.46,53.24,53.52,30.72
2012,139487,0.91,0.77,0.14,50.87,44.19,40.97
2017,228780,0.55,0.45,0.32,31.31,24.67,5.0
2014,160993,0.86,0.47,0.9,49.28,42.98,22.9
2000,35868,0.09,0.63,0.73,82.55,90.35,70.58
2005,134573,0.11,0.55,0.87,48.45,64.99,19.24
2017,20460,0.28,0.95,0.27,91.02,93.7,74.29
2007,60684,0.7,0.65,0.24,74.76,69.41,72.72
2011,206659,0.02,0.76,0.24,29.47,43.95,6.38
2002,219762,0.07,0.1,0.1,32.41,47.78,12.43
2004,163266,0.3,0.27,0.11,49.2,48.72,32.81
2009,84771,0.42,0.41,0.62,72.38,78.56,56.03
2021,143261,0.65,0.56,0.7,57.16,59.69,30.33
2000,20418,0.57,0.16,0.47,92.49,83.74,81.89
2009,246107,0.35,0.96,0.14,11.9,32.89,5.0
2011,138981,0.95,0.74,0.3,47.8,50.75,26.18
2006,25884,0.17,0.68,0.53,79.67,93.05,80.72
2008,16269,0.09,0.03,0.77,100.0,86.46,76.51
2014,175962,0.72,0.2,0.48,49.63,44.23,23.03
2015,235456,0.01,0.1,0.17,33.98,40.51,6.55
2023,146578,0.44,0.32,0.45,51.79,64.67,24.18
2014,40359,0.32,0.22,0.32,86.61,81.05,72.45
2011,99861,0.26,0.78,0.45,61.47,76.14,47.75
2003,237076,0.94,0.74,0.33,22.35,36.4,5.32
2006,216293,0.17,0.75,0.8,21.44,46.73,5.0
2007,116512,0.19,0.61,0.41,53.1,74.11,51.69
2012,188840,0.28,0.88,0.24,27.83,53.14,27.27
2018,103853,0.75,0.78,0.73,63.99,54.2,45.06
2016,238702,0.65,0.14,0.23,31.99,37.11,5.0
2005,190377,0.07,0.09,0.32,44.08,57.14,22.45
2024,156674,0.4,0.84,0.84,48.04,59.86,23.09
2013,103279,0.61,0.47,0.64,67.47,62.48,50.59
2002,240145,0.5,0.17,0.95,30.01,26.91,5.0
2016,177261,0.68,0.57,0.88,46.74,47.73,21.65
2018,147669,0.55,0.32,0.67,49.92,48.62,24.94
2007,108142,0.3,0.26,0.08,71.16,67.83,53.89
2023,125200,0.28,0.89,0.66,43.8,69.85,37.81
2019,227771,0.6,0.96,0.57,26.0,37.77,5.0
2012,119750,0.52,0.64,0.1,59.92,60.16,49.1
2007,183962,0.61,0.14,0.82,50.18,42.98,5.0
2002,195092,0.62,0.51,0.14,34.21,42.61,24.13
2016,145134,0.95,0.47,0.47,40.68,53.39,35.18
2003,247666,0.44,0.54,0.21,20.4,26.53,5.0
2003,144823,0.05,0.23,0.01,56.33,64.57,57.27
2009,113739,0.69,0.49,0.74,60.36,62.24,44.61
2005,60508,0.1,0.81,0.08,68.57,86.31,70.68
2013,242223,0.87,0.87,0.75,21.09,32.1,5.0
2010,123130,0.64,0.82,0.81,53.66,60.5,34.61
2005,180032,0.2,0.69,0.42,34.1,59.34,19.96
2019,184671,0.07,0.8,0.06,42.18,50.9,33.23
2021,21494,0.89,0.45,0.03,92.1,79.65,93.68
2017,180058,0.02,0.75,0.82,40.69,57.47,19.22
2000,247429,0.9,0.49,0.71,17.24,15.49,5.0
2011,248008,0.95,0.84,0.42,16.21,26.32,5.0
2010,40681,0.48,0.45,0.66,87.5,75.16,71.05
2006,153073,0.63,0.83,0.15,41.27,58.08,37.07
2002,63608,0.66,0.89,0.67,76.26,78.28,55.63
2012,76047,0.75,0.15,0.25,73.28,66.69,69.23
2000,143036,0.85,0.3,0.47,58.59,64.78,37.89
2001,197897,0.93,0.88,0.56,27.21,37.13,16.23
2020,188958,0.07,0.68,0.43,33.83,61.92,12.98
2013,141806,0.16,0.36,0.09,46.58,68.17,40.21
2015,247789,0.77,0.63,0.46,27.19,34.07,5.0
2002,155135,0.18,0.12,0.61,55.17,52.91,25.08
2012,186960,0.32,0.19,0.24,45.24,45.35,10.26
2014,162090,0.23,0.85,0.86,42.89,48.27,22.75
2023,101921,0.28,0.22,0.8,67.19,68.68,41.02
2011,51523,0.98,0.25,0.18,77.95,72.92,76.92
2010,99881,0.5,0.53,0.52,61.17,65.96,55.65
2004,98733,0.38,0.09,0.45,72.04,74.97,52.83
2012,38830,0.1,0.76,0.08,84.34,89.47,83.69
2019,146807,0.15,0.06,0.13,54.18,55.45,48.49
2009,35054,0.56,0.25,0.88,80.8,85.02,63.44
2018,237735,0.62,0.01,0.04,35.32,31.1,5.0
2015,60535,0.89,0.17,0.98,82.7,70.12,47.16
2015,204772,0.28,0.27,0.37,39.49,43.53,16.75
2006,199733,0.18,0.19,0.02,26.33,48.65,20.52
2022,142538,0.28,0.56,0.52,51.46,67.1,31.35
2006,194035,0.61,0.41,0.5,42.58,29.62,17.14
2017,13923,0.34,0.14,0.48,98.63,85.47,78.83
2020,210982,0.71,0.93,0.59,22.04,43.37,10.24
2022,138272,0.1,0.13,0.46,57.96,70.11,36.23
2002,182739,0.29,0.64,0.73,28.81,46.01,11.24
2004,167765,0.27,0.83,0.82,45.27,61.42,23.05
2000,132566,0.5,0.13,0.24,58.74,56.99,39.49
2017,17957,0.43,0.32,0.82,96.05,91.62,66.23
2018,9670,0.22,0.6,0.23,84.52,99.53,94.8
2003,184987,0.47,0.31,0.76,39.74,42.16,10.89
2002,199974,0.64,0.22,0.41,42.23,48.76,12.81
2006,138999,0.52,0.09,0.67,56.23,57.09,38.18
2008,85595,0.44,0.01,0.91,74.73,79.53,50.91
2000,229049,0.77,0.41,0.49,28.89,31.96,5.0
2012,135093,0.75,0.68,0.5,53.02,46.97,37.27
2015,233723,0.19,0.5,0.07,29.27,41.73,5.0
2006,56035,0.62,0.64,0.13,75.72,77.96,75.64
2003,158866,0.87,0.41,0.25,56.17,47.07,33.59
2004,87824,0.74,0.25,0.1,69.21,70.76,59.9
2001,74013,0.6,0.78,0.93,58.45,64.77,54.37
2014,20424,0.46,0.97,0.92,80.72,78.9,74.1
2017,249792,0.48,0.65,0.97,20.26,24.72,5.0
2007,236465,0.98,0.85,0.74,28.79,27.75,5.0
2024,166941,0.88,0.99,0.97,36.1,34.52,8.27
2004,239447,0.65,0.47,0.69,34.34,31.0,5.0
2011,190705,0.24,0.28,0.25,44.75,44.81,17.96
2011,215093,0.11,0.14,0.41,34.64,41.63,5.12
2023,14043,0.35,0.89,0.56,80.05,90.58,83.91
2003,17846,0.64,0.23,0.0,93.89,88.12,93.96
2022,176292,0.89,0.52,0.22,43.79,38.7,20.25
2004,235069,0.34,0.72,0.92,24.82,32.07,5.0
2006,219563,0.88,0.21,0.21,33.34,17.6,5.0
2004,109883,0.9,0.49,0.88,61.3,63.97,28.07
2005,208947,0.75,0.92,0.84,21.79,36.3,5.0
2005,103962,0.49,0.02,0.5,67.62,66.22,48.1
2012,84320,0.38,0.06,0.31,73.76,72.17,56.22
2016,171676,0.11,0.63,0.88,37.67,56.24,13.28
2007,93388,0.13,0.65,0.58,62.42,75.47,43.93
2006,66403,0.25,0.16,0.66,73.23,83.01,64.39
2002,69805,0.77,0.11,0.14,75.7,73.15,64.9
2008,106889,0.51,0.41,0.19,59.89,68.46,49.77
2008,42516,0.92,0.29,0.49,78.44,72.59,78.53
2018,26647,0.84,0.97,0.88,81.49,77.43,70.78
2022,197814,0.39,0.56,0.34,36.49,42.68,8.19
2015,3633,0.05,0.36,0.41,83.21,92.14,100.0
2001,111471,0.51,0.71,0.96,56.62,64.2,37.41
2002,94366,0.96,0.52,0.59,71.0,58.87,42.48
2022,185616,0.12,0.04,0.59,50.3,46.36,6.1
2015,68394,0.18,1.0,0.74,52.05,83.78,56.75
2009,158907,0.46,0.05,0.19,50.2,51.87,42.43
2021,47135,0.77,0.12,0.37,75.54,79.24,72.9
2010,56116,0.98,0.62,0.28,71.53,75.27,67.41
2022,213063,0.83,0.02,0.43,34.65,35.38,10.98
2006,85404,0.92,0.63,0.21,55.94,76.89,63.83
2005,238009,0.91,0.49,0.7,20.77,21.16,5.0
2013,11273,0.88,0.14,0.25,100.0,71.38,95.12
2011,247974,0.66,0.72,0.8,25.41,19.01,5.0
2013,78905,0.15,0.7,0.92,68.48,82.6,53.41
2023,19229,0.66,0.35,0.95,88.15,88.55,77.4
2009,92549,0.17,0.25,0.63,68.94,79.29,50.31
2006,203810,0.03,0.75,0.45,35.94,52.44,14.59
2018,23903,0.2,0.42,0.12,83.51,89.61,79.5
2023,119974,0.48,0.8,0.89,51.89,60.58,38.74
2018,51384,0.68,0.44,0.87,89.71,77.85,64.38
2011,235972,0.1,0.14,0.49,38.18,43.56,6.54
2020,185098,0.95,0.66,0.88,37.47,34.17,21.83
2012,81305,0.62,0.61,0.79,76.56,75.43,55.39
2003,201106,0.33,0.77,0.48,40.03,49.34,11.37
2024,140031,0.13,0.3,0.28,52.91,63.68,35.68
2008,200131,0.02,0.58,0.65,47.02,41.95,7.75
2023,164682,0.65,0.78,0.05,47.85,52.0,29.89
2015,150805,0.47,0.72,0.88,42.27,52.24,25.61
2006,147422,0.3,0.08,0.79,55.2,53.37,25.36
2020,35598,0.45,0.47,0.01,83.97,85.85,87.03
2017,11901,0.51,0.09,0.55,94.26,89.08,84.04
2021,222363,0.48,0.43,0.62,27.23,35.32,5.0
2023,93347,0.06,0.78,0.68,60.32,74.14,49.78
2007,153300,0.43,0.07,0.3,54.33,69.53,34.63
2000,241979,0.24,0.94,0.71,19.41,28.34,5.0
2004,159629,0.8,0.87,0.31,47.62,48.35,33.55
2021,64327,0.26,0.27,0.4,80.34,76.2,64.96
2010,65226,0.77,0.96,0.83,68.87,69.14,53.34
2002,169033,0.13,0.32,0.34,53.81,48.88,25.34
2011,249044,0.22,0.85,0.9,12.53,29.7,5.0
2008,205865,0.28,0.07,0.29,42.17,47.05,13.68
2002,152900,0.94,0.73,0.71,40.54,45.59,27.7
2022,118491,0.82,0.67,0.31,54.96,51.9,35.98
2004,141391,0.76,0.28,0.2,44.84,53.04,46.31
2000,193527,0.45,0.18,0.28,42.59,48.53,20.25
2000,124655,0.64,0.88,0.96,43.49,63.9,29.76
2013,177023,0.39,0.42,0.97,36.5,59.9,5.45
2023,245338,0.49,0.9,0.09,19.97,29.68,5.0
2006,21396,0.05,0.17,0.79,91.57,89.7,76.19
2012,232721,0.82,0.92,0.86,22.24,27.92,5.0
2005,165267,0.75,0.0,0.3,57.58,53.96,22.39
2011,5067,0.31,0.29,0.08,97.48,88.39,99.89
2009,128404,0.73,0.62,0.46,55.32,52.25,28.81
2016,202614,0.86,0.26,0.79,42.78,42.06,5.0
2024,47928,0.21,0.52,0.46,74.29,86.82,61.69
2021,225460,0.02,0.82,0.76,19.56,41.36,5.0
2008,122694,0.95,0.59,0.38,54.52,49.77,41.52
2015,46883,0.25,0.59,0.84,72.54,86.82,68.52
2021,197191,0.79,0.59,0.65,38.0,39.29,9.56
2012,27114,0.12,0.42,0.34,87.22,95.45,77.59
2024,26469,0.6,0.67,0.43,73.59,78.7,79.73
2009,135000,0.69,0.62,0.76,51.84,53.94,30.24
2015,85091,0.76,0.73,0.67,59.08,65.53,53.6
2023,17844,0.77,0.05,0.64,100.0,78.9,86.36
2015,48427,0.19,0.35,0.24,75.96,76.84,77.92
2000,139448,0.96,0.15,0.73,58.63,62.52,23.36
2012,106225,0.39,0.93,0.96,56.6,69.22,34.6
2007,76597,0.16,0.12,0.79,82.17,90.0,53.38
2022,2209,0.12,0.86,0.24,85.98,93.11,96.98
2001,33655,0.24,0.6,0.7,81.95,82.75,78.21
2018,246442,0.26,0.78,0.76,24.55,33.25,5.0
2007,205538,0.25,0.9,0.79,20.67,40.02,5.0
2006,111466,0.4,0.27,0.48,52.26,58.69,44.27
2010,184364,0.37,0.57,0.65,29.61,48.34,10.17
2017,145596,0.44,0.13,0.62,58.43,59.65,16.27
2010,191909,0.75,0.52,0.87,25.23,45.13,5.0
2005,8328,0.32,0.23,0.67,89.11,91.64,73.73
2008,39717,0.34,0.27,0.82,85.84,88.19,67.38
2017,211130,0.76,0.32,0.37,31.73,34.23,10.97
2020,68786,0.31,0.88,0.53,65.14,75.81,67.18
2018,142185,0.75,0.92,0.19,43.35,59.11,39.73
2012,121811,0.57,0.8,0.38,64.16,54.59,47.27
2013,56504,0.76,0.1,0.51,77.39,77.94,69.99
2011,148398,0.11,0.28,0.23,52.2,61.54,34.22
2021,172065,0.6,0.45,0.12,42.63,44.77,32.57
2020,218292,0.18,0.45,0.06,30.66,45.61,11.35
2005,17387,0.09,0.49,0.26,90.98,100.0,83.94
2013,113490,0.83,0.55,0.07,61.37,58.45,63.37
2014,132304,0.38,0.83,0.98,55.74,60.77,25.07
2012,192790,0.78,0.95,0.87,28.56,45.32,5.0
2014,208745,0.31,0.77,0.51,27.23,35.63,5.0
2009,112876,0.23,0.22,0.31,63.09,73.49,48.29
2024,190233,0.81,0.14,0.48,39.99,40.55,9.39
2003,109365,0.4,0.39,0.38,58.65,65.87,49.13
2004,12979,0.77,0.31,0.24,94.35,89.79,90.78
2017,110930,0.14,0.57,0.99,60.59,68.52,39.02
2022,96386,0.29,0.26,0.28,70.34,73.52,55.56
2005,181823,0.94,0.09,0.19,50.8,45.23,16.4
2001,169117,0.06,0.49,0.93,41.01,64.57,23.27
2018,101792,0.13,0.53,0.95,64.36,68.86,46.78
2003,86416,0.34,0.32,0.32,63.95,77.46,61.58
2018,28664,0.4,0.48,0.86,92.22,89.83,75.02
2011,50351,0.78,0.76,0.48,76.42,75.62,62.5
2014,79900,0.04,0.7,0.63,58.71,87.35,51.18
2004,97375,0.87,0.74,0.31,69.86,54.48,53.64
2014,179445,0.68,0.94,0.97,30.19,40.26,15.9
2002,195077,0.98,0.37,0.09,35.33,27.43,15.18
2024,153809,0.22,0.58,0.1,46.04,58.54,39.73
2009,181814,0.34,0.99,0.82,29.67,54.07,14.73
2017,124674,0.47,0.97,0.93,45.32,55.1,37.79
2006,146950,0.28,0.34,0.07,49.4,56.65,31.56
2007,88645,0.23,0.73,0.46,73.0,69.93,51.23
2003,144304,0.16,0.26,0.54,58.2,60.05,30.6
2011,44979,0.63,1.0,0.45,64.64,79.85,76.61
2008,37571,0.13,0.08,0.26,100.0,84.79,78.61
2015,163522,0.13,0.91,0.25,39.65,58.14,28.39
2017,147084,0.39,0.4,0.97,52.78,48.61,19.68
2000,177107,0.54,0.63,0.61,35.19,40.0,6.56
2017,132627,0.04,0.53,0.25,50.29,62.8,45.25
2023,190550,0.32,0.36,0.13,39.28,50.89,20.56
2016,76563,0.78,0.56,0.2,63.08,66.03,65.13
2008,154496,0.89,0.89,0.24,44.21,50.58,33.52
2016,116656,0.6,0.44,0.42,63.95,58.55,52.02
2015,163500,0.75,0.42,0.47,44.14,46.38,22.65
2020,16608,0.83,0.54,0.98,82.9,79.66,72.48
2003,97715,0.86,0.13,0.23,68.35,67.85,55.95
2013,100113,0.99,0.29,0.9,72.23,60.56,48.19
2011,108751,0.66,0.4,0.64,71.78,57.23,41.88
2022,28835,0.47,0.39,0.53,80.95,84.69,79.57
2012,161619,0.91,0.61,0.43,37.69,53.19,30.77
2007,198185,0.93,0.43,0.5,42.79,39.51,18.98
2001,55732,0.19,0.43,0.56,71.51,85.43,70.94
2017,165114,0.19,0.9,0.46,41.11,61.8,17.85
2024,19146,0.89,0.54,0.1,87.65,85.01,94.64
2020,162490,0.38,0.64,0.51,38.87,56.05,26.0
2008,71028,0.69,0.62,0.92,75.25,80.01,51.05
2006,218951,0.26,0.22,0.21,29.77,44.69,7.64
2022,174109,0.28,0.07,0.03,50.26,44.9,35.12
2007,115525,0.08,0.77,0.14,52.37,66.25,45.12
2004,127743,0.66,0.9,0.6,58.59,49.85,30.55
2019,202907,0.28,0.79,0.32,22.01,50.05,16.09
2006,155777,0.12,0.67,0.94,48.61,56.61,24.2
2024,228341,0.69,0.77,0.97,26.28,34.13,5.0
2008,130932,0.75,0.37,0.5,59.46,60.46,37.36
2024,107394,0.67,0.15,0.46,76.28,70.64,47.76
2011,12382,0.47,0.13,0.26,95.2,81.68,92.47
2007,247852,0.23,0.86,0.12,22.95,37.32,5.0
2001,722,0.55,0.41,0.69,98.98,92.76,99.44
2001,173219,0.21,0.69,0.61,40.85,50.81,23.78
2009,225387,0.07,0.77,0.13,19.37,52.18,5.0
2016,208423,0.8,0.23,0.34,38.83,32.28,5.0
2024,230199,0.11,0.02,0.72,35.88,46.0,5.0
2000,163473,0.27,0.67,0.39,38.02,55.58,26.9
2008,163323,0.38,0.68,0.52,39.04,48.58,17.49
2002,4453,0.43,0.23,0.05,94.5,95.07,90.99
2005,249458,0.36,0.44,0.56,21.55,28.81,5.0
2014,208579,0.88,0.21,0.94,31.89,34.93,8.38
2016,108489,0.2,0.27,0.86,70.25,66.8,38.21
2002,170399,0.21,0.53,0.76,50.6,57.22,16.24
2004,57139,0.72,0.72,0.13,87.54,77.88,63.59
2014,118281,0.07,0.43,0.57,64.28,56.91,50.16
2018,99723,0.72,0.62,0.72,61.15,67.46,43.22
2024,139623,0.42,0.47,0.91,45.21,69.77,26.66
2006,213044,0.71,0.45,0.41,30.9,29.4,9.51
2009,222644,0.67,0.85,0.9,35.11,44.45,5.0
2015,240887,0.5,0.57,0.7,23.98,37.94,5.0
2015,230360,0.4,0.56,0.36,29.23,29.82,5.0
2016,215951,0.61,0.45,0.17,31.78,35.54,11.48
2005,49292,0.77,0.29,0.21,69.68,82.85,78.17
2002,121061,0.87,0.61,0.87,53.36,66.52,34.95
2022,89729,0.19,0.43,0.18,64.27,83.38,60.28
2008,22251,0.87,0.18,0.83,95.02,86.95,73.15
2000,5960,0.24,0.82,0.34,86.04,95.23,99.94
2010,189001,0.82,0.19,0.14,37.86,43.86,30.61
2002,236335,0.6,0.04,0.52,31.12,31.4,5.0
2021,136679,0.94,0.49,0.15,57.91,44.77,41.36
2018,52987,0.68,0.75,0.64,76.96,82.69,65.97
2005,122720,0.3,0.13,0.33,61.65,57.77,37.27
2024,83037,0.7,0.42,0.53,64.88,59.89,54.35
2010,144421,0.84,0.22,0.29,45.9,50.39,44.33
2000,43844,0.1,0.34,0.22,84.01,80.41,80.16
2019,82292,0.79,0.34,0.75,70.99,60.99,48.93
2021,5114,1.0,0.85,0.67,78.79,84.43,89.51
2000,227279,0.85,0.46,0.55,38.5,35.47,5.0
2011,247099,0.45,0.26,0.47,27.95,28.29,5.0
2019,66589,0.23,0.73,0.64,70.31,79.31,57.89
2011,239329,0.6,0.56,0.91,17.46,30.34,5.0
2004,9674,0.5,0.92,0.4,77.24,91.31,86.66
2016,48201,0.58,0.08,0.8,88.44,77.6,67.37
2002,135037,0.63,0.31,0.33,48.44,48.73,36.55
2011,188572,0.14,0.12,0.34,42.1,47.42,14.29
2014,199472,0.96,0.73,0.23,28.24,40.49,16.06
2000,196982,0.32,0.98,0.45,32.33,43.57,8.63
2011,116515,0.95,0.38,0.52,69.62,68.72,40.37
2002,115848,0.73,0.7,0.11,49.67,64.24,50.18
2000,244904,0.4,0.97,0.84,14.31,29.31,5.0
2007,203194,0.99,0.15,0.2,46.14,30.62,10.55
2006,212857,0.39,0.37,0.98,39.54,40.86,5.0
2003,118502,0.15,0.83,0.46,54.06,66.99,42.72
2017,2794,0.7,0.22,0.82,100.0,86.6,83.28
2008,90267,0.93,0.44,0.27,73.4,66.67,54.0
2015,160356,0.16,0.13,0.9,55.36,58.36,12.74
2012,56527,0.59,0.62,0.23,73.01,72.1,75.25
2013,148907,0.51,0.51,0.21,54.01,60.49,40.66
2022,66086,0.16,0.11,0.73,80.76,75.75,52.15
2010,143580,0.04,0.7,0.19,50.61,66.41,43.3
2003,113415,0.2,0.84,0.41,53.23,76.25,52.7
2018,138462,0.69,0.23,0.04,56.91,58.33,43.65
2011,105354,0.54,0.87,0.78,55.6,67.49,43.62
2018,93468,0.1,0.79,0.19,64.08,77.35,56.96
2018,237779,0.81,0.74,0.37,14.09,30.0,5.0
2020,87768,0.88,0.7,0.34,63.83,72.58,46.69
2015,241948,0.61,0.05,0.25,29.71,26.38,5.0
2015,69542,0.68,0.81,0.82,64.26,72.05,69.88
2006,5032,0.7,0.25,0.79,92.79,86.27,76.51
2000,8549,0.91,0.42,0.23,90.66,85.45,91.09
2001,111304,0.46,0.91,0.44,62.23,56.51,40.21
2008,69319,0.6,0.56,0.53,70.91,69.37,63.15
2009,134692,0.57,0.17,0.41,61.21,43.39,33.13
2008,206976,0.47,0.25,0.65,42.34,32.8,5.0
2000,134239,0.05,0.01,0.27,68.0,65.57,35.12
2015,98127,0.36,0.38,0.02,52.89,72.58,63.93
2022,162111,0.01,0.26,0.49,52.32,55.88,25.02
2017,220436,0.99,0.42,0.92,27.69,30.46,5.0
2011,176458,0.37,0.17,0.59,45.3,44.89,16.69
2000,218458,0.15,0.64,0.21,30.74,47.99,20.34
2024,108526,0.7,0.86,0.18,60.56,67.55,46.05
2005,167612,0.83,0.1,0.59,48.66,45.52,19.92
2000,238142,0.46,0.95,0.79,15.63,33.29,5.0
2012,21254,0.92,0.63,0.42,89.84,78.57,85.21
2016,162841,0.91,0.93,0.89,34.25,47.04,28.2
2003,187963,0.95,0.8,0.6,40.16,40.51,12.8
2015,7374,0.52,0.39,0.93,99.69,95.77,80.65
2012,199897,0.52,0.19,0.36,42.89,40.34,7.25
2021,89304,0.31,0.84,0.01,58.58,78.24,52.58
2006,219238,0.62,0.9,0.64,22.37,42.49,5.75
2005,5614,0.29,0.49,0.94,87.16,100.0,66.34
2014,230398,0.37,0.83,0.95,29.88,48.69,5.0
2006,72369,0.82,0.13,0.07,77.92,69.29,66.23
2013,50673,0.88,0.04,0.64,84.38,81.04,61.57
2019,42391,0.59,0.56,0.57,81.93,73.55,72.23
2024,198371,0.42,0.76,0.48,37.25,41.78,5.78
2009,88548,0.12,0.7,0.8,53.86,74.68,44.12
2007,243660,0.44,0.09,0.43,22.45,37.69,5.0
2018,18668,0.05,0.17,0.53,99.18,88.97,79.86
2013,131940,0.83,0.13,0.7,53.3,59.07,34.51
2016,88238,0.18,0.12,0.29,73.59,72.36,63.85
2010,163819,0.7,0.48,0.4,31.02,51.14,19.82
2002,31379,0.25,0.81,0.81,72.1,93.8,68.02
2020,97439,0.63,0.34,0.41,55.99,73.77,44.21
2020,98392,0.19,0.39,0.27,59.55,73.34,54.89
2022,245005,0.99,0.03,0.97,24.55,23.84,5.0
2017,247132,0.62,0.92,0.47,17.46,33.22,5.0
2008,110528,0.6,0.91,0.04,51.89,61.99,58.27
2011,191494,0.37,0.61,0.09,43.36,32.06,19.88
2018,192615,0.82,0.89,0.39,34.06,44.65,10.79
2015,133392,0.25,0.3,0.34,51.74,61.96,48.9
2010,168607,0.32,0.06,0.25,45.72,54.48,23.81
2010,236840,0.53,0.59,0.08,24.15,46.78,5.0
2003,54571,0.9,0.32,0.12,84.95,66.57,73.86
2023,156379,0.37,0.51,1.0,50.94,54.04,15.32
2011,2350,0.15,0.83,0.86,81.95,90.35,87.85
2017,88637,0.73,0.46,0.42,64.24,67.17,58.89
2012,205491,0.22,0.36,0.05,36.32,39.42,13.72
2015,117159,0.67,0.96,0.03,54.01,60.18,48.05
2003,26761,0.3,0.05,0.22,92.66,88.19,91.25
2011,187572,0.35,0.07,0.79,50.28,45.33,5.0
2020,229530,0.8,0.25,0.17,27.89,34.06,5.0
2005,186167,0.5,0.45,0.95,38.94,49.5,5.0
2008,133775,0.92,0.19,0.53,55.88,52.68,37.25
2017,122416,0.67,0.42,0.85,58.36,57.48,37.55
2021,202449,0.93,0.79,0.3,33.42,40.27,13.61
2009,116174,0.65,0.53,0.45,57.22,60.58,34.98
2006,123548,0.38,0.62,0.4,53.7,58.89,43.16
2001,222701,0.97,0.08,0.36,35.14,30.32,5.0
2011,65159,0.66,0.79,0.9,59.98,86.69,51.28
2003,184043,0.63,0.76,0.17,31.02,45.2,26.85
2014,198144,0.49,0.86,0.17,24.99,48.43,7.29
2002,169129,0.35,0.0,0.75,52.24,56.5,19.42
2009,231975,0.77,0.05,0.89,32.24,33.92,5.0
2003,247830,0.45,0.24,0.08,27.59,31.35,5.07
2003,142181,0.2,0.72,0.82,55.71,64.52,30.58
2019,102370,0.21,0.06,0.85,75.02,70.43,45.67
2017,211799,0.41,0.76,0.95,26.51,43.35,5.0
2002,186989,0.59,0.53,0.85,39.38,48.46,8.3
2006,8397,0.29,0.96,0.44,84.48,97.35,83.65
2022,73647,0.12,0.69,0.77,76.06,76.75,65.62
2017,106348,0.81,0.33,0.55,58.08,69.17,46.38
2021,67415,0.09,0.76,0.68,62.33,79.34,53.69
2007,115787,0.57,0.65,0.25,62.29,60.17,52.77
2011,51529,0.18,0.02,0.69,70.66,82.28,64.84
2001,172224,0.66,0.18,0.9,45.6,49.25,7.07
2017,6529,0.67,0.42,0.08,92.49,83.1,87.39
2010,58239,0.83,0.32,0.11,75.55,69.25,74.95
2002,197623,0.31,0.98,0.34,27.45,42.94,18.85
2017,87358,0.93,0.92,0.43,68.49,67.9,58.02
2004,196922,0.1,0.5,0.83,33.49,46.86,10.57
2016,187143,0.74,0.49,0.01,35.27,34.95,22.94
2012,230170,0.09,0.61,0.72,22.45,42.82,5.0
2022,15188,0.05,0.08,0.89,100.0,93.54,67.55
2003,159178,0.29,0.77,0.87,38.95,56.97,31.2
2022,5684,0.48,0.76,0.71,82.84,90.37,92.16
2009,64961,0.41,0.1,0.31,69.52,71.24,68.66
2007,221013,0.1,0.45,0.22,32.61,48.01,9.26
2010,209545,0.44,0.1,0.19,35.43,52.18,10.85
2017,53443,0.22,0.22,0.14,80.14,77.57,80.77
2019,151434,0.93,0.16,0.82,47.99,47.85,19.46
2007,74626,0.55,0.29,0.46,72.97,76.92,58.68
2022,207409,0.2,0.4,0.1,36.13,41.25,15.69
2018,43918,0.18,0.74,0.4,80.45,84.67,69.89
2011,228915,0.26,0.57,0.26,24.91,31.4,5.0
2007,109375,0.52,0.39,0.16,62.1,70.72,50.31
2004,224153,0.5,0.37,0.19,36.18,37.83,5.0
2008,15872,0.59,0.74,0.25,83.26,86.29,88.14
2005,74313,0.48,0.72,0.38,67.16,74.23,64.09
2011,167131,0.76,0.66,0.99,45.28,51.46,16.37
2015,177205,0.14,0.69,0.05,36.31,49.45,30.4
2016,146628,0.4,0.66,0.02,49.93,61.92,37.85
2006,216111,0.14,0.51,0.63,24.48,44.17,5.0
2015,25901,0.19,0.37,0.19,86.51,89.38,77.78
2024,247066,0.02,0.97,0.17,10.45,36.95,5.0
2011,54126,0.21,0.66,0.18,74.23,83.43,78.92
2021,38309,0.78,0.1,0.06,89.9,73.49,97.21
2022,70003,0.04,0.51,0.6,70.75,85.98,66.94
2021,178744,0.77,0.45,0.86,37.3,40.99,10.74
2003,63795,0.1,0.66,0.9,77.02,85.7,53.28
2016,182591,0.71,0.99,0.43,30.48,50.62,15.55
2002,129499,0.73,0.07,0.42,61.88,55.62,38.17
2014,230462,0.63,0.71,0.9,25.1,38.02,5.0
2024,62584,0.07,0.77,0.01,77.0,88.61,73.58
2013,72789,0.39,0.88,0.05,67.74,70.47,66.79
2022,187236,0.6,0.89,0.11,28.85,44.57,27.78
2009,77861,0.43,0.69,0.46,73.1,68.01,60.1
2007,100569,0.26,0.69,0.57,54.16,66.32,38.7
2002,155777,0.28,0.03,0.68,51.69,58.99,24.85
2021,61381,0.53,0.44,0.23,86.55,71.8,64.88
2014,59886,0.29,0.87,0.11,70.21,78.93,74.84
2016,210242,0.72,0.68,0.73,20.57,42.21,5.69
2018,237640,0.66,0.33,0.33,31.77,28.59,5.0
2005,175414,0.91,0.9,0.22,32.55,37.36,31.85
2015,181455,0.62,0.35,0.03,40.23,46.23,29.51
2009,46597,0.03,0.69,0.19,66.12,86.28,71.41
2021,131228,0.5,0.05,1.0,64.53,68.85,29.15
2000,201953,0.58,0.52,0.57,35.41,35.36,9.89
2014,213735,0.04,0.6,0.0,27.54,41.22,15.44
2017,112107,0.0,0.51,0.5,68.58,70.38,55.97
2003,239456,0.32,0.48,0.57,27.96,40.82,5.0
2016,202453,0.8,0.64,0.02,37.47,40.22,17.47
2016,99404,0.99,0.9,0.24,54.78,63.76,53.73
2005,5873,0.26,0.24,0.24,98.5,98.27,94.68
2017,243713,0.84,0.88,0.05,12.93,17.89,5.0
2013,219407,0.91,0.95,0.11,25.44,35.0,13.92
2015,188337,0.55,0.73,0.92,35.11,52.43,10.92
2003,186293,0.23,0.81,0.01,23.38,53.44,13.02
2015,195577,0.42,0.88,0.61,36.17,49.46,10.25
2007,21892,1.0,0.16,0.41,87.99,75.84,72.39
2003,118756,0.82,0.92,0.99,45.75,53.78,38.29
2002,84081,0.38,0.02,0.09,74.06,77.12,60.02
2002,33305,0.16,0.53,0.99,90.5,87.78,59.6
2006,212134,0.2,0.77,0.05,23.34,46.82,17.03
2011,151411,0.24,0.45,0.74,52.26,50.57,33.08
2000,249888,0.22,0.96,0.56,16.27,31.68,5.0
2021,214927,0.39,0.52,0.66,26.1,41.68,5.0
2021,221499,0.04,0.18,0.23,36.8,38.2,5.0
2013,66926,0.27,0.22,0.95,77.96,91.61,56.26
2004,74900,0.11,0.06,0.49,78.29,84.64,54.96
2018,105682,0.43,0.95,0.87,66.74,78.41,46.66
2021,58584,0.11,0.23,0.17,72.2,84.04,66.4
2019,249279,0.79,0.5,0.56,21.97,15.72,5.0
2013,140716,0.94,0.73,0.97,54.68,46.89,27.95
2019,230815,0.75,0.14,0.39,27.26,29.58,6.1
2015,244409,0.33,0.08,0.48,36.21,36.79,5.0
2007,158862,0.87,0.69,0.06,47.78,50.45,37.41
2007,177035,0.24,0.47,0.19,35.31,62.03,31.16
2019,54413,0.37,0.95,0.97,60.78,76.73,50.86
2008,86870,0.43,0.76,0.42,64.6,71.65,58.03
2006,232374,0.63,0.74,0.5,22.36,35.39,5.0
2016,143805,0.34,0.95,0.28,40.29,61.24,36.64
2001,119514,0.83,0.1,0.75,68.51,53.77,33.76
2018,98658,0.19,0.23,0.81,68.34,69.62,47.98
2009,24533,0.5,0.04,0.42,95.44,83.88,84.71
2007,80235,0.34,0.66,0.82,62.54,81.64,46.27
2017,240906,0.26,0.72,0.09,24.27,35.1,5.0
2008,24701,0.59,0.72,0.48,73.25,87.54,79.71
2014,111295,0.67,0.89,0.39,58.05,60.11,49.91
2014,243977,0.95,0.64,0.77,27.13,26.33,5.0
2009,102200,0.09,0.46,0.22,61.35,77.54,55.57
2016,153915,0.47,0.05,0.49,57.2,62.27,29.0
2016,204117,0.45,0.21,0.04,35.45,42.6,16.38
2024,7509,0.9,0.76,0.51,84.74,87.64,81.34
2012,157363,0.45,0.24,0.28,50.72,62.81,26.94
2020,103660,0.59,0.78,0.91,62.88,62.25,36.25
2021,46932,0.21,0.4,0.19,85.31,88.59,76.95
2001,121003,0.96,0.83,0.21,50.8,51.5,47.87
2008,125188,0.9,0.77,0.27,50.88,57.23,38.16
2004,117710,0.22,0.64,0.71,56.19,61.81,48.97
2019,167502,0.95,0.39,0.22,45.76,33.42,30.69
2000,202722,0.21,0.92,0.97,17.93,45.48,5.0
2021,219602,0.51,0.33,0.15,29.02,37.68,15.22
2019,55501,0.37,0.34,0.8,82.78,75.74,60.0
2003,238776,0.98,0.05,0.08,27.28,27.29,5.0
2018,13854,0.62,0.5,0.46,93.4,100.0,84.38
2010,163044,0.19,0.05,0.19,50.23,60.93,30.89
2015,168012,0.72,0.19,0.63,48.84,50.93,16.11
2009,175476,0.54,0.8,0.64,39.01,42.98,20.7
2017,128243,0.08,0.99,0.82,47.64,64.54,33.44
2008,190720,0.01,0.29,0.01,32.82,50.63,23.96
2024,219959,0.33,0.91,0.09,26.72,44.12,9.62
2013,67535,0.47,0.42,0.09,75.04,75.96,69.57
2012,124980,0.69,0.24,0.83,58.56,62.97,31.13
2005,238178,0.61,0.75,0.22,16.68,39.09,6.34
2005,212851,0.5,0.08,0.91,40.54,32.47,5.0
2007,197044,0.36,0.57,0.03,40.8,42.61,17.92
2004,25898,0.9,0.7,0.52,86.24,90.43,88.11
2006,176108,0.74,0.4,0.45,53.08,47.68,18.73
2019,244288,0.1,0.46,0.76,21.46,50.37,5.0
2000,182567,0.78,0.67,0.97,35.54,35.82,6.37
2001,200153,0.38,0.9,0.41,30.58,38.93,19.07
2024,236022,0.22,0.91,0.8,18.93,39.66,5.0
2015,203077,0.98,0.92,0.82,27.74,29.89,6.85
2004,106918,0.96,0.87,0.45,57.22,54.03,45.82
2020,14101,0.46,0.92,0.23,85.46,91.36,91.12
2016,200208,0.86,0.94,0.34,32.31,45.15,23.34
2007,87332,0.17,0.62,0.18,80.39,73.83,56.71
2006,96741,0.33,0.55,0.65,76.43,64.97,45.12
2021,130257,0.85,0.32,0.38,59.56,50.96,42.85
2005,146009,0.67,0.9,0.1,44.33,50.71,40.58
2014,178411,0.14,0.79,0.07,33.97,54.85,32.28
2019,61885,0.36,0.95,0.39,67.37,79.5,64.0
2016,226870,0.41,0.49,0.29,29.97,33.13,8.09
2018,133386,0.24,0.06,0.82,45.09,50.8,29.47
2021,102854,0.37,0.76,0.86,61.51,66.73,41.93
2008,201882,0.88,0.64,0.45,26.65,37.07,11.65
2000,131670,0.77,0.31,0.74,55.38,51.8,33.85
2014,86077,0.28,0.85,0.79,70.04,81.35,53.57
2016,72631,0.48,0.42,0.77,70.5,69.24,50.59
2006,129402,0.03,0.58,0.67,56.27,58.48,35.89
2001,115355,0.7,0.66,0.63,47.02,67.56,36.45
2005,38215,0.28,0.65,0.5,80.01,83.19,78.4
2024,219626,0.67,0.05,0.78,44.23,40.48,5.0
2008,128681,0.29,1.0,0.71,59.48,74.33,43.53
2005,155374,0.69,0.05,0.81,58.16,57.38,32.56
2005,66354,0.74,0.14,0.95,80.42,75.93,52.66
2012,227467,0.92,0.05,0.89,39.59,26.06,5.0
2008,217000,0.26,0.24,0.73,34.16,43.92,5.0
2003,125267,0.08,0.03,0.66,67.41,66.37,36.25
2021,29637,0.84,0.22,0.9,89.99,83.63,65.06
2017,154934,0.9,0.63,0.35,49.06,41.71,34.46
2015,177406,0.34,0.72,0.18,34.26,51.32,22.73
2012,149240,0.54,0.4,0.28,53.16,46.96,38.96
2013,152996,0.21,0.86,0.6,40.31,57.62,30.05
2019,6102,0.99,0.2,0.38,98.03,89.95,94.88
2023,49105,0.4,0.86,0.17,76.3,80.48,68.9
2023,165296,0.8,0.32,0.45,55.96,47.13,25.69
2022,152561,0.13,0.34,0.13,59.1,58.18,44.35
2005,126692,0.56,0.91,0.53,46.52,61.2,40.29
2020,109068,0.1,0.16,0.3,71.95,69.76,49.11
2001,117884,0.33,0.32,0.13,66.2,62.96,57.48
2022,151138,0.55,0.48,0.89,48.85,50.96,22.92
2021,173416,0.21,0.31,0.62,43.15,56.16,21.67
2000,69568,0.06,0.84,0.66,74.0,91.15,61.43
2005,245898,0.64,0.43,0.57,29.35,36.0,5.0
2011,132994,0.4,0.89,0.24,44.24,64.41,46.43
2001,175578,0.29,0.8,0.01,44.86,50.49,25.96
2022,73188,0.92,0.47,0.63,77.46,71.7,52.54
2021,217668,0.34,0.93,0.41,25.29,45.99,10.27
2021,160221,0.43,0.11,0.59,55.69,50.96,16.58
2004,64665,0.35,0.26,0.6,73.16,82.47,55.7
2024,200219,0.0,0.98,0.84,30.59,59.58,7.63
2000,150367,0.52,0.11,0.4,53.31,44.54,33.07
2016,5668,0.69,0.67,0.97,85.48,81.36,73.64
2008,159602,0.13,0.41,0.18,48.47,51.61,22.78
2007,5860,0.9,0.96,0.89,85.43,83.28,81.47
2013,47873,0.38,0.85,0.82,76.53,80.07,66.81
2004,213723,0.87,0.37,0.86,33.84,31.18,5.0
2010,195033,0.76,0.88,0.28,33.45,38.61,9.62
2006,135007,0.85,0.18,0.21,59.28,63.18,48.49
2004,197813,0.07,0.38,0.79,38.64,59.47,5.76
2003,80885,0.7,0.17,0.28,70.56,68.77,66.93
2018,71857,0.59,0.16,0.73,75.14,75.25,54.13
2015,135060,0.54,0.32,0.02,67.68,69.84,47.68
2020,19765,0.15,0.79,0.37,80.85,95.65,88.51
2005,36440,0.87,0.44,0.61,85.36,77.71,76.09
2017,218582,0.76,0.9,0.68,27.45,38.62,5.0
2012,27169,0.02,0.16,0.2,100.0,78.08,84.46
2008,13107,0.32,0.06,0.37,100.0,93.27,87.91
2011,81374,0.75,0.68,0.36,65.41,67.33,64.0
2001,168836,0.23,0.18,0.41,53.39,59.0,18.19
2020,185081,0.79,0.63,0.28,29.12,44.44,16.29
2020,31350,0.54,0.3,0.07,91.52,81.54,87.75
2003,70950,0.61,0.15,0.78,70.25,66.32,59.21
2023,15062,0.02,0.81,0.68,93.95,91.46,80.54
2020,141459,0.54,0.74,0.47,51.03,60.33,32.28
2007,40092,0.41,0.87,0.99,73.76,89.44,70.01
2005,201256,0.23,0.88,0.69,34.09,51.06,6.52
2004,69750,0.22,0.14,0.56,77.09,79.18,58.28
2011,123793,0.25,0.74,0.85,58.92,71.38,35.05
2018,215327,0.07,0.13,0.18,34.91,45.5,9.35
2002,99667,0.98,0.55,0.9,64.79,60.65,37.34
2021,88575,0.7,0.25,0.12,67.45,67.2,54.94
2014,136957,0.95,0.99,0.78,49.41,49.83,28.69
2001,216702,0.6,0.8,0.35,27.61,35.33,5.0
2017,193485,0.87,0.71,0.78,36.02,39.85,5.0
2017,44883,0.98,0.3,0.67,81.2,82.24,68.88
2023,93162,0.34,0.86,0.7,56.71,75.64,54.51
2011,2680,0.3,0.69,0.99,82.9,86.75,86.32
2010,35425,0.23,0.97,0.23,76.59,85.97,82.03
2021,189059,0.83,0.27,0.03,36.47,37.5,18.87
2008,85256,0.69,0.29,0.66,66.26,66.09,56.13
2003,113359,0.79,0.51,0.85,63.96,70.39,28.28
2022,60724,0.82,0.67,0.34,77.21,73.24,69.75
2005,134737,0.76,0.6,0.8,48.29,48.51,30.34
2012,67984,0.53,0.13,0.15,82.31,70.29,77.28
2011,247364,0.78,0.59,0.35,18.17,31.8,5.0
2023,238084,0.32,0.43,0.3,21.3,46.58,5.0
2011,123709,0.7,0.14,0.99,63.75,54.09,34.77
2011,142674,0.87,0.38,0.05,55.89,45.05,35.08
2018,113002,0.38,0.54,0.15,61.28,67.41,49.68
2011,86160,0.95,0.56,0.79,71.55,67.45,43.67
2020,145189,0.36,0.61,0.1,49.28,57.42,41.75
2006,67212,0.53,0.15,0.55,68.03,80.52,54.05
2021,180584,0.26,0.07,0.2,56.91,54.22,17.41
2007,25063,0.82,0.51,0.28,82.64,85.05,85.18
2000,182740,0.08,0.11,0.73,50.63,48.65,10.35
2008,10733,0.89,0.5,0.94,88.34,90.88,75.5
2000,185854,0.06,0.04,0.62,56.7,48.65,18.58
2000,70216,0.23,0.32,0.56,80.27,84.36,65.07
2021,102356,0.48,0.86,0.2,54.21,61.56,50.87
2000,94078,0.26,0.53,0.61,75.13,67.75,44.68
2019,40189,0.68,0.45,0.18,79.57,80.98,83.58
2002,42337,0.63,0.4,0.65,77.85,81.25,75.22
2002,94383,0.94,0.94,0.19,53.36,65.74,60.78
2022,181202,0.99,0.45,0.92,52.88,38.21,5.0
2009,21255,0.05,0.73,0.16,81.04,91.63,92.41
2011,19932,0.75,0.92,0.23,76.9,82.33,95.67
2023,1152,0.71,0.68,0.96,88.51,83.94,77.36
2007,183910,0.39,0.28,0.25,44.05,44.75,22.79
2022,54340,0.69,0.16,0.9,89.39,91.52,58.38
2020,29262,0.32,0.34,0.35,80.52,83.2,84.49
2010,208456,0.15,0.44,0.5,31.05,50.24,6.92
2002,10245,0.74,0.48,0.94,78.56,82.72,80.96
2021,162605,0.49,0.7,0.21,36.44,54.82,22.61
2024,40262,0.34,0.98,0.35,76.44,86.82,67.73
2020,232571,0.95,0.82,0.03,20.76,12.55,6.5
2003,76034,0.95,0.14,0.14,75.85,62.4,73.13
2012,158256,0.75,0.75,0.05,39.25,53.09,35.4
2003,152388,0.56,0.25,0.55,47.23,49.72,30.02
2019,92955,0.55,0.02,0.92,74.0,74.16,57.24
2016,239592,0.39,0.68,0.59,21.69,32.54,5.0
2014,235252,0.09,1.0,0.18,14.4,50.96,5.0
2014,188711,0.76,0.56,0.73,39.15,42.24,5.0
2022,201301,0.34,0.77,0.86,19.71,46.86,5.0
2005,32489,0.75,0.94,0.81,73.89,77.61,67.49
2014,160904,1.0,0.32,0.53,54.47,39.46,21.96
2023,171296,0.32,0.37,0.62,47.59,55.99,20.31
2013,211198,0.66,0.33,0.13,30.4,42.38,10.15
2022,182776,0.75,0.55,0.16,40.23,47.59,26.35
2021,143918,0.22,0.97,0.72,39.05,58.97,26.98
2007,56343,0.09,0.73,0.04,72.13,82.92,74.61
2016,144369,0.05,0.61,0.37,54.34,60.2,34.4
2018,168554,0.5,0.72,0.01,37.22,55.45,37.19
2018,36212,0.04,0.83,0.69,75.37,92.14,60.28
2009,55996,0.58,0.46,0.42,71.62,79.11,70.98
2019,124011,0.17,0.08,0.3,67.18,64.81,48.0
2013,71683,0.25,0.27,0.52,71.98,75.86,54.76
2001,199679,0.2,0.18,0.16,33.21,41.03,9.18
2018,26715,0.78,0.49,0.35,89.62,80.71,85.75
2008,240154,0.99,0.92,0.27,16.56,24.48,5.0
2016,100712,0.39,0.34,0.24,62.2,67.81,65.91
2002,98692,0.19,0.79,0.97,63.91,64.24,45.43
2006,120070,0.2,0.72,0.94,50.5,72.3,31.61
2004,119119,0.75,0.99,0.84,42.7,51.91,31.02
2003,67678,0.96,0.15,0.79,72.27,65.97,58.55
2015,15310,0.84,0.51,0.87,90.16,79.64,82.44
2012,55227,0.18,0.84,0.01,68.02,86.35,78.45
2016,195698,0.31,0.84,0.81,39.68,54.88,5.97
2022,28581,0.32,0.41,0.58,83.63,87.68,66.1
2004,91038,0.94,0.95,0.12,62.1,64.18,69.57
2005,145587,0.4,0.9,0.83,47.85,65.53,24.66
2016,15677,0.35,0.41,0.63,89.92,92.79,82.29
2019,30845,0.6,0.94,0.53,85.42,87.38,69.69
2005,22823,0.74,0.55,0.34,94.06,82.38,82.65
2011,123654,0.21,0.64,0.03,58.9,62.04,51.02
2008,34720,0.32,0.47,0.42,82.53,86.44,79.6
2004,86307,0.71,0.84,0.51,51.98,61.25,58.05
2011,57021,0.17,0.66,0.72,66.1,81.17,58.65
2016,145887,0.39,0.7,0.36,45.68,50.62,31.04
2004,130727,0.88,0.29,0.6,61.6,50.1,36.56
2016,157197,0.59,0.63,0.08,53.58,48.61,36.94
2003,159143,0.47,0.88,0.72,46.14,53.15,22.72
2019,35813,0.47,0.32,0.32,86.96,84.23,69.56
2011,158885,0.85,0.18,0.7,53.8,55.3,28.14
2021,209957,0.95,0.31,0.19,37.88,33.47,10.61
2023,200912,0.82,0.16,0.66,28.27,40.68,12.7
2019,121398,0.67,0.92,0.26,54.03,57.46,46.79
2014,158118,0.01,0.76,0.44,42.89,64.93,23.54
2017,190478,0.13,0.07,0.18,47.06,56.82,22.59
2019,140901,0.9,0.68,0.83,53.58,58.1,26.67
2001,110587,0.86,0.9,0.86,56.01,54.34,37.26
2022,32749,0.47,0.98,0.63,78.81,87.57,71.07
2016,3214,0.44,0.36,0.48,86.95,95.15,76.44
2018,126615,0.38,0.21,0.33,53.96,57.81,47.25
2024,196710,0.21,0.76,0.51,29.4,50.85,19.85
2018,162680,0.52,0.25,0.88,51.1,53.4,10.19
2021,104502,0.48,0.32,0.43,69.42,65.12,48.3
2000,83308,0.47,0.08,0.94,72.97,70.5,47.1
2007,4309,0.37,0.59,0.71,95.31,91.44,82.45
2019,12903,0.8,0.29,0.94,96.62,91.12,70.61
2007,72452,0.38,0.51,0.45,66.65,85.25,57.99
2015,98715,0.81,0.83,0.11,63.65,58.16,65.41
2011,61755,0.04,0.52,0.08,77.21,77.95,74.52
2019,22277,0.31,0.89,0.81,87.8,89.2,73.63
2018,143361,0.19,0.45,0.89,55.81,61.8,22.39
2022,155914,0.1,0.82,0.84,37.71,59.82,14.42
2019,131931,0.84,0.05,0.79,58.45,51.63,24.79
2016,224402,0.21,0.54,0.75,21.25,49.78,5.0
2024,63815,0.25,0.9,0.67,78.32,76.7,53.27
2002,94079,0.49,0.03,0.3,73.19,71.86,57.48
2017,29747,0.59,0.13,0.56,93.7,82.78,72.16
2004,101750,0.63,0.84,0.19,65.98,67.41,55.8
2010,233503,0.54,0.84,0.7,24.86,35.15,5.0
2024,236077,0.32,0.97,0.59,14.55,40.23,5.0
2008,225291,0.92,0.1,0.73,43.48,22.12,5.0
2000,160322,0.63,0.5,0.95,48.14,51.1,13.95
2004,135625,0.51,0.57,0.37,50.56,63.46,36.79
2009,209085,0.14,0.1,0.37,42.51,44.03,7.41
2024,67374,0.37,0.28,0.65,85.05,85.14,61.73
2002,8070,0.08,0.09,0.74,100.0,97.38,89.93
2019,224404,0.89,0.46,0.83,30.41,26.42,5.0
2024,77228,0.46,0.83,0.73,63.99,67.67,58.26
2013,62878,0.54,0.16,0.12,81.78,71.42,78.52
2008,185223,0.54,0.96,0.11,32.36,42.26,26.59
2022,34670,0.96,0.23,0.89,90.06,85.98,70.23
2015,242355,0.72,0.23,0.67,22.43,31.4,5.0
2017,204027,0.01,0.23,0.77,27.86,41.76,5.0
2012,8853,0.08,0.36,0.56,89.59,85.5,81.91
2018,173159,0.34,0.08,0.34,35.83,47.11,26.26
2000,81742,0.77,0.73,0.09,64.98,75.18,66.6
2013,79627,0.79,0.46,0.77,72.47,58.19,54.34
2015,239237,0.73,0.02,0.69,34.16,19.92,5.0
2005,120643,0.4,0.24,0.68,60.41,65.6,32.48
2005,49077,0.18,0.94,0.62,77.73,97.13,60.88
2014,223074,0.71,0.97,0.23,26.47,37.46,5.07
2001,155019,0.43,0.53,0.18,33.79,58.4,20.88
2023,148898,0.84,0.31,0.26,54.36,47.36,34.55
2004,170576,0.72,0.1,0.62,49.2,48.12,11.96
2021,88571,0.02,0.32,0.5,65.56,85.64,51.35
2009,28876,0.29,0.41,0.12,94.8,80.19,88.74
2005,160004,0.14,0.8,0.69,36.6,51.03,20.87
2020,47039,0.85,0.8,0.35,76.01,80.72,80.11
2017,44148,0.14,0.7,0.47,80.96,81.5,73.03
2002,136442,0.75,0.26,0.08,61.51,59.33,43.4
2021,81692,0.72,0.51,0.91,64.68,62.31,41.91
2005,206816,0.87,0.8,0.11,26.02,35.25,12.78
2008,125172,0.01,0.31,0.77,63.41,66.32,34.6
2002,93553,0.37,0.22,0.33,63.36,65.7,51.96
2011,142483,0.78,0.15,0.05,52.54,54.77,47.19
2007,41287,0.45,0.99,0.02,76.16,79.77,84.25
2014,101848,0.42,0.15,0.71,65.92,63.16,53.13
2011,198851,0.74,0.5,0.18,34.92,38.78,15.38
2010,115365,0.84,0.3,0.01,63.48,52.41,54.5
2020,212336,0.67,0.19,0.46,33.68,36.36,5.0
2008,97882,0.11,0.71,0.34,56.83,67.33,63.36
2015,201326,0.63,0.53,0.22,28.61,43.44,14.79
2019,214369,0.2,0.24,0.89,32.61,38.15,5.0
2004,107988,0.34,0.47,0.32,51.7,60.61,50.02
2009,237218,0.71,0.35,0.34,31.42,31.49,5.0
2008,63316,0.79,0.31,0.05,72.11,81.44,75.62
2019,39096,0.11,0.29,0.73,88.49,88.68,67.54
2014,158770,0.64,0.16,0.36,56.96,56.82,31.78
2006,106338,0.62,0.6,0.47,58.15,67.88,47.14
2013,234823,0.83,0.33,0.59,22.63,24.7,5.0
2010,236492,0.14,0.66,0.06,26.08,47.15,10.77
2008,227294,0.43,0.14,0.13,29.1,32.37,8.4
2017,193177,0.28,0.16,0.34,39.27,45.01,19.95
2005,8949,0.94,0.33,0.78,94.83,86.18,86.16
2018,203687,0.71,0.07,0.13,31.33,36.79,14.52
2006,116379,0.06,0.85,0.5,47.87,75.6,36.32
2022,187252,0.99,0.04,0.07,50.74,30.41,17.65
2005,49897,0.99,0.87,0.82,76.87,63.3,55.83
2017,36408,0.01,0.31,0.11,83.83,83.16,77.89
2021,46743,0.76,0.34,0.78,75.94,79.45,56.83
2007,123406,0.96,0.77,0.58,48.51,54.61,37.13
2024,119039,0.42,0.1,0.76,62.93,64.12,39.56
2015,60463,0.53,0.91,0.63,65.08,88.44,70.25
2024,227589,0.35,0.3,0.9,28.8,39.26,5.0
2013,163969,0.99,0.12,0.2,48.74,42.73,28.88
2003,183091,0.53,0.92,0.26,29.87,51.95,20.55
2023,24090,0.61,0.19,0.69,95.1,90.35,73.13
2000,222894,0.88,0.68,0.8,34.97,36.4,5.0
2011,89006,0.01,0.62,0.42,68.21,73.25,48.23
2005,230039,0.8,0.52,0.29,31.67,35.88,8.25
2008,196621,0.98,0.53,0.41,35.9,32.57,5.0
2024,46282,0.11,0.02,0.82,87.59,86.54,58.83
2016,175918,0.27,0.45,0.8,49.57,47.65,14.66
2006,4536,0.92,0.93,0.54,79.72,88.81,87.51
2024,191146,0.61,0.76,0.1,35.19,37.38,11.81
2017,238842,0.6,0.35,0.71,27.63,26.25,5.0
2013,146332,0.59,0.7,0.84,44.22,53.08,14.6
2003,211112,0.26,0.39,0.3,30.3,41.97,12.6
2007,205094,0.45,0.32,0.81,40.93,40.49,5.0
2017,1745,0.1,0.3,0.66,93.39,98.89,82.16
2020,42714,0.71,0.14,0.66,87.7,76.53,71.56
2022,142248,0.49,0.59,0.0,57.2,49.93,42.05
2024,239114,0.93,0.56,0.55,22.05,18.07,5.0
2022,78023,0.79,0.01,0.63,66.15,64.72,61.47
2018,185204,0.56,0.93,0.75,34.19,43.21,12.46
2006,232891,0.24,0.89,0.29,17.8,33.39,5.0
2006,242823,0.16,0.2,0.95,34.59,39.82,5.0
2021,115325,0.66,0.5,0.19,55.45,57.41,49.06
2021,149933,0.22,0.77,0.92,47.05,55.73,28.6
2000,112049,0.72,0.23,0.01,61.6,64.71,55.73
2015,81997,0.09,0.79,0.19,71.81,80.15,69.84
2004,218009,0.34,0.93,0.84,27.93,42.03,5.0
2004,197616,0.09,0.23,0.74,37.41,49.26,8.09
2019,197256,0.43,0.03,0.06,37.14,49.45,23.33
2001,32548,0.95,0.3,0.08,75.4,80.79,76.44
2017,70518,0.55,0.24,0.02,80.73,77.31,71.79
2003,9499,0.03,0.99,0.06,73.96,95.44,97.92
2019,106093,0.5,0.37,0.0,54.1,64.67,54.94
2001,88102,0.62,0.07,0.64,69.27,67.99,54.95
2022,80080,0.98,0.75,0.15,60.41,61.69,62.16
2020,191043,0.2,0.93,0.44,28.53,46.57,11.35
2009,32898,0.41,0.32,0.59,77.4,88.3,79.61
2024,22873,0.45,0.92,0.06,87.93,79.85,93.11
2002,48628,0.22,0.28,0.0,89.52,81.73,81.29
2017,115473,0.79,0.6,0.49,59.42,61.47,51.51
2018,81276,0.25,0.88,0.78,60.36,75.5,44.83
2002,145158,0.56,0.36,0.69,38.73,52.6,16.62
2001,183645,0.77,0.94,0.55,31.88,38.65,15.07
2005,32822,0.23,0.78,0.03,76.59,92.99,94.64
2011,164552,0.38,0.36,0.92,48.3,53.17,19.31
2021,209378,0.46,0.95,0.74,25.56,41.59,5.0
2008,32613,0.98,0.05,0.23,89.46,81.59,89.77
2023,152002,0.25,0.57,0.01,45.11,54.96,38.53
2008,18365,0.96,0.92,0.61,76.01,91.73,85.5
2010,25365,0.84,0.78,0.89,87.48,85.31,73.96
2007,118358,0.31,0.54,0.73,60.76,71.55,40.72
2005,154864,0.8,0.61,0.92,45.06,57.91,20.65
2021,37272,0.61,0.87,0.98,81.22,75.5,68.1
2018,171095,0.35,0.6,0.04,48.74,49.74,31.14
2005,119217,0.08,0.19,0.81,64.3,72.48,33.58
2013,241228,0.06,0.83,0.12,11.66,45.27,5.0
2011,80435,0.65,0.49,0.78,72.13,62.93,48.56
2024,242522,0.82,0.01,0.7,25.47,23.71,5.0
2022,238592,0.05,0.69,0.6,27.58,42.27,5.0
2001,86282,0.82,0.35,0.94,78.55,60.0,48.45
2019,47902,0.57,0.53,0.62,79.47,76.52,64.46
2009,176432,0.7,0.6,0.78,39.92,50.5,26.97
2007,106355,0.32,0.62,0.17,59.39,64.08,52.08
2013,54098,0.02,0.11,0.92,76.51,87.69,55.23
2005,7744,0.04,0.79,0.9,87.29,87.91,78.43
2000,34922,0.31,0.88,0.33,82.86,88.6,82.96
2004,227863,0.47,0.36,0.07,29.09,37.33,12.82
2022,157216,0.15,0.02,0.21,53.47,62.43,32.17
2015,5746,0.97,0.37,0.95,94.72,89.01,77.17
2006,212273,0.18,0.83,0.07,9.02,48.38,12.22
2020,171742,0.59,0.44,0.23,44.11,46.28,23.54
2014,115716,0.8,0.56,0.18,68.59,57.2,50.51
2006,134018,0.71,0.77,0.73,53.84,48.34,31.35
2005,50841,0.22,0.28,0.26,78.62,85.44,70.04
2013,241021,0.82,0.86,0.2,13.6,34.68,5.0
2018,70273,0.67,0.18,0.58,78.74,70.62,68.49
2008,142835,0.06,0.67,0.81,48.44,59.31,31.53
2018,129206,0.34,0.4,0.53,48.16,65.57,34.02
2024,158333,0.99,0.19,0.16,54.58,46.61,42.71
2021,164591,0.17,0.16,0.48,51.05,52.17,27.98
2006,60641,0.95,0.35,0.08,73.94,76.02,70.3
2015,20717,0.59,0.66,0.49,78.83,82.02,71.34
2005,163348,0.92,0.06,0.72,53.69,40.8,17.92
2008,7130,0.29,0.8,0.67,91.67,91.01,87.5
2010,10503,0.6,0.43,0.61,95.71,84.66,88.73
2021,53367,0.56,0.41,0.2,74.99,83.29,75.06
2000,71237,0.22,0.48,0.12,72.31,73.41,73.1
2011,17966,0.02,0.04,0.63,91.54,91.29,79.58
2012,36857,0.71,0.53,0.89,89.43,91.23,59.21
2017,229139,0.74,0.63,0.07,23.52,28.24,16.93
2015,18177,0.72,0.31,0.8,81.62,80.74,78.52
2005,120457,0.4,0.68,0.89,55.17,73.51,36.6
2001,78125,0.46,0.23,0.8,73.16,70.94,47.95
2023,162662,0.51,0.57,0.79,39.38,49.15,22.77
2010,216690,0.21,0.04,0.97,40.36,37.7,5.0
2012,115501,0.18,0.1,0.48,70.98,69.24,50.04
2014,152111,0.97,0.65,0.81,43.37,45.44,23.77
2010,70192,0.51,0.57,0.82,68.54,73.47,44.75
2008,69386,0.89,0.42,0.54,75.36,71.81,59.93
2000,93701,0.88,0.45,0.62,60.82,60.67,60.17
2022,204749,0.71,0.29,0.71,44.79,37.93,12.07
2013,25165,0.4,0.94,0.96,79.94,91.13,69.05
2003,18426,0.62,0.09,0.71,84.4,91.45,83.89
2006,98807,0.95,0.55,0.07,67.56,67.53,52.04
2020,56584,0.73,0.71,0.93,73.4,77.36,55.9
2021,10314,0.69,0.34,0.96,92.17,89.42,72.16
2011,109677,0.96,0.61,0.06,58.27,51.22,57.49
2018,132197,0.05,0.18,0.26,64.52,64.75,41.35
2000,196639,0.44,0.21,0.43,37.07,39.72,7.68
2006,107052,0.59,0.42,0.7,65.05,63.15,49.67
2005,239336,0.06,0.58,0.7,16.58,49.4,5.0
2017,146459,0.22,0.26,0.64,48.05,57.69,31.89
2006,99324,0.8,0.79,0.71,66.24,53.43,48.16
2020,136915,0.92,0.01,0.92,58.7,50.46,25.9
2020,188945,0.32,0.94,0.82,41.44,44.77,6.38
2013,131169,0.09,0.29,0.81,70.4,71.88,39.3
2017,63682,0.36,0.25,0.6,74.43,75.39,64.63
2004,68413,0.77,0.29,0.79,72.06,71.75,60.03
2003,114205,0.82,0.57,0.87,57.45,54.59,29.41
2022,200999,0.0,0.36,0.19,37.04,43.34,14.17
2014,242046,0.92,0.69,0.23,20.71,23.26,5.0
2017,77001,0.94,0.95,0.64,62.38,66.79,53.69
2024,47450,0.8,0.65,0.46,75.82,81.03,71.74
2006,104308,0.36,0.54,0.86,63.92,71.58,38.06
2013,160412,0.02,0.11,0.89,53.86,53.47,8.44
2024,15553,0.12,0.96,0.73,80.1,93.98,78.38
2022,139617,0.69,0.75,0.8,50.44,58.67,32.96
2002,104280,0.4,0.96,0.27,52.74,64.68,57.1
2003,206964,0.65,0.49,0.62,29.49,35.23,8.04
2002,119085,0.61,0.63,0.42,45.35,70.53,45.94
2004,50862,0.46,0.3,0.13,90.39,70.9,74.22
2002,45694,0.53,0.52,0.86,73.72,91.87,64.16
2001,25366,0.31,0.3,0.67,90.67,85.81,76.71
2019,102914,0.04,0.51,0.56,51.08,76.53,49.24
2023,64498,0.85,0.21,0.69,81.79,77.04,59.56
2003,166916,0.84,0.29,0.42,51.01,42.28,30.44
2015,115793,0.59,0.71,0.24,46.17,71.58,45.14
2002,227501,0.35,0.98,0.91,14.04,33.21,5.0
2024,114316,0.41,0.99,0.83,54.55,68.83,39.9
2014,177729,0.13,0.35,0.9,47.13,48.11,16.92
2019,130170,0.23,0.39,0.59,58.71,64.32,33.14
2008,84722,0.38,0.84,0.44,56.9,76.69,54.84
2000,77588,0.85,0.03,0.92,78.61,63.18,52.48
2022,61281,0.71,0.14,0.7,81.6,80.69,62.56
2005,178445,0.54,0.11,0.45,36.95,50.37,10.47
2010,26592,0.87,0.93,0.83,76.5,71.31,75.81
2015,161007,0.82,0.36,0.81,51.23,52.58,10.36
2006,185560,0.09,0.42,0.38,36.18,50.95,16.26
2019,76814,0.48,0.61,0.57,66.07,76.02,59.94
2009,120598,0.31,0.84,0.77,51.83,62.03,31.25
2015,76210,0.68,0.0,0.04,77.94,67.28,73.09
2018,80362,0.91,0.12,0.41,78.17,61.0,58.24
2012,192520,0.81,0.5,0.05,30.02,42.65,28.3
2000,177088,0.79,0.18,0.47,50.81,42.46,18.05
2016,217507,0.51,0.76,0.59,25.7,35.21,5.0
2022,67325,0.4,0.25,0.89,78.38,73.16,60.25
2003,48752,0.43,0.94,0.17,71.48,81.42,78.24
2003,17467,0.63,0.82,0.85,79.81,83.22,79.84
2022,25180,0.03,0.51,0.15,77.16,95.84,83.05
2013,143999,0.42,0.71,0.53,47.45,58.64,38.46
2021,2278,0.77,0.48,0.47,90.94,90.28,90.48
2015,113567,0.08,0.73,0.96,50.95,78.42,33.5
2006,127454,0.15,0.21,0.91,58.82,68.76,36.99
2007,201381,0.56,0.69,0.67,33.76,44.95,5.0
2000,136656,0.03,0.74,0.8,55.86,72.07,31.17
2023,154481,0.76,0.62,0.62,39.76,51.24,30.89
2024,37074,0.61,0.11,0.4,88.51,83.9,82.46
2018,145767,0.65,0.76,0.85,46.9,56.84,20.32
2007,189351,0.9,0.04,0.66,36.39,34.3,13.3
2006,119491,0.06,0.27,0.94,57.65,74.27,46.92
2022,193211,0.38,0.2,0.61,41.82,42.14,5.0
2023,160026,0.26,0.24,0.54,46.33,57.65,19.76
2014,230651,0.45,0.18,0.19,34.79,26.9,5.0
2010,53524,0.95,0.36,0.41,81.3,65.5,62.36
2003,34811,0.85,0.92,0.77,73.65,76.82,67.97
2006,238127,0.43,0.27,0.65,40.48,29.85,5.0
2016,31316,0.24,0.81,0.36,76.55,79.54,67.38
2013,51160,0.59,0.16,0.22,78.01,81.69,75.81
2010,36206,0.16,0.94,0.64,78.26,86.19,74.24
2009,140102,0.17,0.32,0.08,48.34,68.41,42.92
2014,52063,0.9,0.18,0.31,85.03,71.09,79.96
2018,177208,0.67,0.51,0.62,42.4,49.87,13.97
2017,112204,0.29,0.28,0.78,65.37,67.33,41.84
2003,41514,0.49,0.33,0.68,86.97,79.28,70.21
2013,106258,0.27,0.72,0.64,61.16,68.17,32.6
2010,231054,0.69,0.85,0.82,30.17,28.24,5.0
2020,172061,0.23,0.51,0.51,36.95,48.34,18.96
2017,234652,0.47,0.45,0.41,30.46,31.56,5.0
2006,242372,0.61,0.65,0.8,26.19,20.69,5.0
2005,47681,0.69,0.63,0.9,76.42,79.0,69.15
2020,54358,0.78,0.24,0.9,73.32,70.69,70.64
2021,4132,0.15,0.27,0.53,98.81,97.9,74.4
2005,191376,0.11,0.43,0.31,45.67,47.5,27.72
2002,86070,0.11,0.33,0.99,81.01,74.03,52.02
2005,172222,0.31,0.39,0.9,49.66,55.73,10.89
2024,164806,0.83,0.19,0.78,51.1,47.44,9.76
2002,47694,0.7,0.39,0.28,82.17,78.55,69.43
2000,111035,0.68,0.13,0.4,66.49,65.28,55.35
2006,114354,0.83,0.11,0.87,60.19,58.57,33.57
2016,63642,0.74,0.53,0.83,74.48,77.65,59.55
2018,73600,0.49,0.33,0.61,70.98,82.64,62.46
2024,53022,0.73,0.18,0.69,90.01,70.95,67.99
2022,108740,0.09,0.6,0.4,72.29,72.77,54.1
2000,218616,0.61,0.01,0.82,34.21,32.82,5.0
2009,201604,0.75,0.75,0.97,33.67,42.95,5.0
2007,98457,0.3,0.08,0.29,74.66,74.51,52.76
2003,111968,0.81,0.65,0.46,61.26,58.9,47.1
2024,22862,0.44,0.8,0.81,85.77,89.8,74.27
2010,57170,0.65,0.85,0.28,71.78,77.96,67.58
2017,61491,0.75,0.05,0.99,94.28,69.23,59.28
2020,129952,0.74,0.04,0.08,68.1,60.74,40.87
2010,105744,0.19,0.85,0.6,63.94,72.24,53.3
2012,88574,0.89,0.13,0.24,78.1,58.98,62.16
2014,181580,0.45,0.14,0.94,43.26,42.62,5.17
2001,108879,0.67,0.23,0.58,65.21,53.88,35.93
2004,185395,0.28,0.83,0.18,31.73,48.0,23.81
2008,54319,0.75,0.93,0.6,71.45,72.7,59.66
2012,96682,0.23,0.29,0.98,72.56,65.84,36.81
2017,245888,0.92,0.67,0.95,18.61,33.87,5.0
2008,177220,0.59,0.07,0.52,46.36,46.54,24.81
2018,52477,0.8,0.67,0.2,71.57,66.05,66.07
2005,138275,0.68,0.69,0.99,48.14,54.91,14.86
2017,80370,0.64,0.85,0.83,66.33,68.77,52.66
2016,92063,0.31,0.37,0.31,67.24,69.36,66.62
2020,224745,0.01,0.93,0.67,18.11,44.95,5.0
2012,128136,0.42,0.82,0.14,50.5,59.7,57.31
2000,241039,0.28,0.6,0.19,18.69,34.85,5.0
2019,231427,0.06,0.27,0.02,25.18,44.83,9.6
2019,192533,0.42,0.84,0.99,22.83,46.42,5.0
2004,13911,0.17,0.7,0.18,79.3,100.0,82.56
2007,6722,0.05,0.58,0.61,92.69,94.32,84.71
2010,118708,0.87,0.76,0.25,51.3,54.8,50.45
2017,223161,0.26,0.74,0.72,25.05,36.31,5.0
2016,106238,0.13,0.67,0.22,60.46,64.97,54.68
2013,32229,0.79,0.86,0.96,75.62,77.03,68.75
2021,112711,0.03,0.48,0.92,62.75,69.98,29.41
2008,85966,0.83,0.62,0.4,72.75,60.8,60.21
2014,20545,0.62,0.97,0.41,81.5,84.43,92.45
2003,148286,0.49,0.14,0.14,55.3,50.68,39.14
2020,236367,0.71,1.0,0.22,19.65,25.19,5.0
2010,48321,0.6,0.62,0.51,76.14,80.2,67.92
2023,231542,0.72,0.98,0.33,17.14,38.76,5.0
2006,229445,0.73,0.59,0.18,22.58,26.63,5.0
2007,178860,0.25,0.39,0.77,48.45,50.89,11.23
2010,80295,0.19,0.85,0.19,67.27,74.98,65.31
2011,117065,0.45,0.92,0.94,52.97,68.86,33.16
2019,35887,0.6,0.5,0.61,89.21,79.86,70.66
2008,91091,0.62,0.9,0.86,58.46,64.16,45.1
2004,46737,0.53,0.14,0.27,81.97,84.87,82.23
2007,204299,0.65,0.67,0.55,31.18,46.63,5.0
2008,19292,0.92,0.89,0.53,88.39,73.21,75.07
2008,242884,0.09,0.73,0.94,14.41,41.57,5.0
2017,121188,0.14,0.99,0.15,51.6,70.31,45.44
2019,215519,0.47,0.62,0.07,14.56,36.29,8.98
2003,117632,0.96,0.15,0.32,73.52,55.86,54.34
2000,155949,0.99,0.73,0.56,57.55,46.35,28.41
2013,154101,0.85,0.21,0.57,56.04,46.71,25.32
2013,33305,0.13,0.81,0.41,79.1,81.75,85.63
2000,52907,0.38,0.23,0.3,75.75,78.27,74.21
2015,184803,0.23,0.36,0.3,38.88,49.75,27.1
2005,49127,0.59,0.92,0.28,82.53,81.19,77.85
2006,92272,0.77,0.95,0.96,58.17,55.51,55.98
2013,91841,0.95,0.69,0.13,58.88,65.33,59.63
2019,82345,0.98,0.68,0.48,71.58,64.85,57.34
2018,195204,0.73,0.49,0.62,41.48,33.05,8.02
2002,242451,0.33,0.51,0.88,21.69,45.43,5.0
2004,105931,0.83,0.72,0.27,65.78,64.46,60.16
2000,196715,0.91,0.21,0.45,32.7,39.16,18.83
2006,147559,0.94,0.55,0.15,50.2,54.24,40.21
2002,144176,0.9,0.8,0.29,44.81,44.78,35.17
2019,184278,0.5,0.77,0.45,38.96,53.59,21.43
2007,206196,0.07,0.18,0.28,30.45,52.98,15.74
2010,45081,0.1,0.92,0.77,73.45,92.55,67.46
2009,38624,0.38,0.91,0.14,79.27,80.87,79.19
2016,132895,0.2,0.99,0.73,34.25,58.91,27.49
2012,16883,0.3,0.87,0.06,84.77,98.27,96.19
2014,115796,0.63,0.77,0.81,56.03,59.09,32.33
2018,79686,0.56,0.37,0.94,73.21,70.27,45.19
2021,208794,0.03,0.17,0.81,35.52,43.72,6.6
2004,85017,0.51,0.65,0.23,67.21,68.58,65.24
2014,166632,0.49,0.21,0.03,46.62,47.94,30.0
2021,124338,0.8,0.86,0.85,55.59,56.15,49.2
2017,227202,0.76,0.41,0.16,27.7,30.47,5.0
2007,181695,0.07,0.83,0.67,22.55,56.54,8.21
2016,135459,0.16,0.76,0.78,48.35,60.85,28.4
2008,188232,0.67,0.34,0.25,40.8,36.73,17.71
2009,112811,0.53,0.81,0.45,50.0,64.08,48.01
2008,139582,0.26,0.01,0.87,55.3,63.14,24.49
2000,72907,0.1,0.19,0.99,77.88,80.82,50.2
2022,127744,0.41,0.78,0.68,59.0,53.56,32.7
2008,67266,0.09,0.26,0.77,74.35,86.89,59.2
2014,173321,0.83,0.82,0.28,44.38,45.03,26.04
2006,82795,0.62,0.33,0.35,74.96,73.04,54.48
2006,109711,0.98,0.39,0.45,64.75,58.73,40.63
2007,132432,0.27,0.7,0.9,54.6,71.14,34.46
2014,188454,0.47,0.78,0.24,48.33,43.0,24.19
2014,83603,0.57,0.1,0.78,73.74,74.67,51.19
2019,140320,0.02,0.04,0.16,56.3,62.34,51.64
2012,99798,0.64,0.06,0.41,73.91,67.77,50.49
2022,65540,0.24,0.92,0.01,74.51,76.55,77.06
2016,216961,0.71,0.45,0.58,29.48,34.88,5.0
2001,196408,0.92,0.48,0.18,31.57,38.03,18.4
2004,120686,0.3,0.92,0.66,52.02,63.4,42.93
2001,179060,0.05,0.82,0.64,39.11,49.74,20.55
2015,22233,0.65,0.49,1.0,83.89,73.37,62.61
2019,30167,0.33,0.2,0.68,78.98,90.63,63.21
2022,181461,0.5,0.9,0.81,33.55,43.56,16.43
2008,10333,0.51,0.47,0.93,86.22,96.56,73.18
2022,184332,0.44,0.33,0.2,40.35,51.9,24.71
2007,42205,0.85,0.71,0.68,77.46,70.93,64.79
2009,169594,0.72,0.45,0.94,47.01,45.93,9.25
2015,113659,0.71,0.13,0.8,65.47,70.36,34.11
2024,204897,0.93,0.6,0.98,28.72,39.6,5.0
2006,226130,0.28,0.09,0.2,34.82,46.52,7.71
2008,188212,0.35,0.64,0.8,35.9,44.56,17.87
2007,65652,0.16,0.87,0.11,72.52,77.71,69.75
2001,120133,0.62,0.67,0.72,49.9,63.37,37.91
2010,92170,0.8,0.07,0.32,72.45,66.79,51.5
2021,4046,0.7,0.92,0.55,77.04,81.98,88.66
2018,74727,0.95,0.55,0.85,75.03,72.16,53.18
2005,73563,0.72,0.03,0.86,81.21,76.02,53.43
2022,171891,0.09,0.18,0.07,50.91,56.73,35.21
2000,214854,0.49,0.72,0.13,24.43,39.79,8.97
2019,112059,0.84,0.89,0.7,57.24,65.87,39.31
2008,93991,0.5,0.52,0.14,64.5,69.42,62.71
2021,204409,0.8,0.94,0.56,24.29,41.19,9.88
2001,46640,0.94,0.19,0.34,87.96,77.14,62.08
2014,74945,0.6,0.62,0.16,67.54,67.56,67.36
2001,90403,0.33,0.26,0.3,72.43,78.12,60.51
2008,211803,0.38,0.52,0.84,25.47,36.61,5.0
2003,60854,0.5,0.08,0.15,83.37,65.86,79.93
2011,41098,0.77,0.07,0.56,84.27,81.3,62.52
2004,158331,0.57,0.95,0.7,40.63,51.79,15.94
2019,76389,0.98,0.49,0.55,62.79,66.02,67.37
2017,163278,0.03,0.14,0.75,50.65,59.43,7.81
2001,221471,0.0,0.62,0.47,29.68,48.83,5.0
2024,25856,0.18,0.61,0.2,75.61,89.26,89.07
2021,30417,0.85,0.18,0.78,86.85,74.64,70.11
2003,113102,0.6,0.78,0.44,54.61,66.3,48.71
2015,7242,0.24,0.39,0.76,87.29,97.45,82.74
2019,97172,0.0,0.89,0.72,64.5,83.88,43.97
2005,144745,0.32,0.78,0.6,54.7,47.64,33.3
2009,217171,0.41,0.56,0.22,32.98,37.42,7.87
2015,116750,0.3,0.04,0.64,63.12,70.15,43.18
2007,87403,0.04,0.82,0.18,63.21,74.39,66.44
2022,92539,0.35,0.68,0.03,69.42,71.81,62.88
2007,213579,0.33,0.17,0.36,29.39,46.72,5.0
2009,188705,0.68,0.39,0.71,43.35,39.0,12.01
2020,176225,0.37,0.73,0.55,43.23,55.49,23.21
2012,15840,0.82,0.2,0.22,96.58,84.36,92.18
2013,80315,0.5,0.88,0.86,59.5,69.75,52.82
2010,205556,0.49,0.25,0.54,38.68,30.9,16.41
2019,239250,0.3,0.22,0.59,22.07,42.32,5.0
2006,99944,0.75,0.38,0.73,65.58,65.64,39.8
2008,86891,0.43,0.11,0.99,76.61,70.72,43.77
2003,215222,0.68,0.96,0.09,28.1,37.4,15.52
2011,199634,0.04,0.73,0.93,32.87,42.45,5.0
2002,67578,0.57,0.98,0.72,60.73,74.21,55.54
2018,15434,0.71,0.97,0.63,78.16,89.6,77.99
2020,238844,0.54,0.01,0.22,34.51,28.44,5.0
2022,202308,0.75,0.63,0.69,32.1,45.49,10.0
2022,108506,0.77,0.07,0.18,68.22,64.13,55.01
2022,150151,0.25,0.74,0.02,45.25,62.91,36.89
2000,39781,0.88,0.87,0.88,82.0,72.27,63.56
2016,237522,0.86,0.14,0.13,28.61,23.47,7.66
2006,13140,0.2,0.04,0.19,97.24,96.77,86.83
2006,44898,0.49,0.17,0.85,88.0,79.73,61.65
2018,92948,0.38,0.98,0.73,54.08,78.06,54.19
2014,27131,0.69,0.46,0.85,83.14,81.24,70.77
2003,45831,0.63,0.6,0.98,74.74,74.62,61.23
2000,124681,0.02,0.02,0.98,65.64,61.92,21.57
2007,118299,0.81,0.21,0.81,64.36,57.48,32.71
2019,141251,0.44,0.42,0.92,52.12,60.8,26.23
2018,207709,0.48,0.18,0.73,41.99,34.76,5.0
2007,35601,0.44,0.17,0.76,95.92,86.96,63.4
2009,14731,0.48,0.69,0.51,81.47,93.23,85.74
2010,134824,0.39,0.69,0.33,42.37,63.86,39.91
2021,97461,0.99,0.94,0.18,51.88,64.02,44.87
2001,10118,0.56,0.49,0.94,85.84,98.01,78.48
2005,117125,0.06,0.96,0.01,55.06,77.53,54.25
2014,181161,0.69,0.53,0.2,37.19,36.4,30.25
2013,103456,0.69,0.18,0.84,72.79,67.21,47.51
2017,138780,0.13,0.13,0.55,58.97,67.92,38.46
2004,182561,0.07,0.05,0.64,37.89,54.67,23.28
2023,143549,0.84,0.71,0.32,47.0,52.27,43.17
2019,200571,0.84,0.0,0.1,37.74,38.86,19.39
2007,232711,0.25,0.76,0.53,19.92,39.86,5.0
2019,82575,0.58,0.28,0.43,74.96,64.02,65.84
2022,227395,0.34,0.99,0.23,18.64,36.26,14.63
2013,1941,0.03,0.68,0.47,90.3,100.0,88.12
2000,61952,0.94,0.26,0.89,74.88,72.01,58.88
2024,160403,0.86,0.8,0.68,50.2,47.99,17.77
2008,64996,0.56,0.83,0.06,69.15,79.58,66.66
2014,113754,0.62,0.98,0.29,47.98,66.94,42.1
2012,106467,0.56,0.21,0.72,65.21,67.16,42.42
2005,51219,0.27,0.25,0.34,87.5,84.63,78.03
2011,159909,0.33,0.33,0.33,46.63,48.89,26.57
2016,17192,0.34,0.22,0.04,86.84,89.25,93.19
2012,128599,0.41,0.48,0.01,59.97,58.76,48.92
2018,202850,0.98,0.95,0.5,19.54,31.46,11.04
2023,196390,0.75,0.92,0.91,32.6,50.22,5.0
2017,242997,0.35,0.6,0.36,20.35,35.08,5.0
2006,141724,0.62,0.72,0.62,47.15,54.54,38.47
2018,199247,0.29,0.95,0.2,22.08,44.27,12.9
2018,150043,0.86,0.48,0.07,57.06,41.54,34.76
2011,17258,0.84,0.7,0.13,75.5,86.36,89.08
2006,64776,0.43,0.91,0.52,61.16,73.17,61.56
2006,167406,0.47,0.28,0.74,43.76,54.02,15.89
2003,124628,0.47,0.56,0.33,55.25,67.39,39.6
2020,112876,0.24,0.89,0.24,55.46,63.34,53.41
2021,173584,0.36,0.96,0.61,36.67,45.19,22.83
2013,204667,0.75,0.91,0.46,35.68,34.57,20.67
2024,197194,0.59,0.53,0.39,35.71,42.62,11.8
2003,70986,0.57,0.8,0.75,55.96,71.83,51.47
2019,83464,0.8,0.67,0.2,65.08,54.31,74.98
2009,216874,0.21,0.97,0.06,29.29,43.11,8.66
2009,61965,0.88,0.43,0.03,75.0,83.85,68.38
2023,29860,0.18,0.51,0.96,73.66,88.14,64.42
2010,99654,0.98,0.46,1.0,74.03,66.33,39.51
2022,193832,0.94,0.47,0.45,39.05,36.43,14.62
2014,32920,0.08,0.59,0.26,85.64,87.46,86.14
2018,249853,0.41,0.42,0.93,12.46,41.39,5.0
2019,15974,0.0,0.66,0.96,84.76,86.54,89.29
2011,65954,0.71,0.29,0.01,79.25,72.78,74.37
2015,137829,0.79,0.97,0.69,55.1,56.92,31.04
2015,39273,0.89,0.41,0.11,86.5,75.95,92.04
2013,61150,0.06,0.7,0.96,61.71,90.36,53.99
2017,160311,0.82,0.46,0.19,44.5,49.22,29.28
2017,180851,0.69,0.58,0.14,50.45,43.19,25.69
2004,182294,0.31,0.83,0.98,36.67,44.18,7.61
2020,87821,0.06,0.33,0.61,69.51,73.79,56.25
2020,117273,0.27,0.24,0.73,72.97,65.39,44.44
2007,93645,0.2,0.36,0.17,71.46,69.7,60.58
2012,237189,0.6,0.97,0.56,17.15,30.03,5.0
2012,112771,0.95,0.23,0.84,77.2,61.45,30.95
2012,142460,0.0,0.8,0.14,51.29,58.01,44.36
2002,11724,0.41,0.66,0.54,81.66,98.95,86.43
2020,133185,0.82,0.92,0.46,42.42,49.83,34.87
2002,133452,0.47,0.53,0.97,48.16,65.17,33.09
2022,43877,0.21,0.04,0.3,81.36,89.72,78.61
2014,211014,0.1,0.58,0.52,16.98,40.69,11.25
2006,111591,0.07,0.58,0.5,59.99,76.46,52.89
2014,69597,0.5,0.02,0.05,71.57,75.53,71.6
2015,244484,0.92,0.83,0.34,23.63,28.76,5.0
2023,93725,0.09,0.62,0.2,69.72,80.84,55.36
2022,53970,0.9,0.28,0.93,75.96,81.0,60.3
2006,150565,0.43,0.3,0.4,53.94,55.9,32.06
2014,173698,0.71,0.18,0.27,48.2,44.26,23.45
2007,32355,0.73,0.96,0.99,68.27,84.58,54.82
2004,93050,0.74,0.01,0.72,83.38,63.33,56.9
2010,126035,0.44,0.18,0.14,60.01,66.52,50.02
2010,237997,0.03,0.41,0.58,35.17,43.59,5.0
2003,88808,0.42,0.82,0.55,61.18,73.19,53.33
2011,37596,0.13,0.84,0.5,71.26,93.0,80.22
2011,1304,0.82,0.41,0.74,89.78,84.7,83.56
2011,242703,0.19,0.6,0.92,18.56,34.16,5.0
2001,121848,0.3,0.9,0.29,50.94,63.24,40.39
2011,55869,0.54,0.84,0.37,73.11,75.83,70.73
2020,67182,0.25,0.87,0.14,66.63,85.38,74.37
2023,3021,0.52,0.76,0.28,95.37,90.0,100.0
2015,191089,0.8,0.71,0.92,35.76,52.56,7.53
2012,229568,0.89,0.79,0.47,24.61,32.61,6.58
2018,97784,0.5,0.83,0.78,68.26,75.45,34.67
2016,207057,0.51,0.79,0.56,37.33,35.12,5.0
2003,235799,0.32,0.18,0.69,23.47,39.85,5.0
2002,201265,0.45,0.48,0.88,31.2,46.35,5.0
2021,67464,0.89,0.94,0.17,61.53,66.75,72.49
2016,146409,0.48,0.18,0.07,57.34,51.68,45.79
2024,46075,0.73,0.46,0.94,86.42,85.75,63.61
2002,27582,0.19,0.42,0.93,89.36,96.92,77.95
2004,217266,0.8,0.83,0.61,26.96,37.54,5.0
2021,208108,0.63,0.96,0.35,26.99,38.16,5.0
2001,129237,0.98,0.71,0.72,58.62,55.85,35.49
2000,69255,0.38,0.21,0.0,65.92,72.75,69.16
2007,166332,0.6,0.79,0.73,37.38,46.34,18.29
2000,179578,0.94,0.98,0.53,33.49,40.47,20.39
2013,67598,0.04,0.03,0.95,84.67,79.34,45.87
2002,16827,0.46,0.72,0.24,81.14,92.74,94.3
2012,162691,0.53,0.19,0.87,44.88,63.25,12.52
2024,59392,0.61,0.76,0.11,69.22,79.06,78.4
2020,134611,0.85,0.19,0.43,61.35,46.11,34.73
2021,219147,0.63,0.88,0.33,22.83,27.68,6.03
2002,69525,0.79,0.2,0.39,79.74,69.13,60.58
2020,55966,0.05,0.97,0.35,65.79,85.81,71.55
2016,49739,0.78,0.91,0.6,78.59,79.24,67.05
2005,71038,0.35,0.33,0.55,78.88,82.0,62.14
2004,54752,0.3,0.63,0.58,86.63,87.83,61.48
2013,61559,0.47,0.18,0.8,77.83,76.88,50.46
2016,222763,0.38,0.23,0.51,27.28,35.87,5.0
2013,222439,0.16,0.25,0.79,31.27,42.07,5.0
2007,24139,0.7,0.69,0.88,92.65,89.79,66.3
2017,225018,0.58,0.37,0.52,28.05,41.92,5.0
2008,124224,0.5,0.61,0.04,59.24,62.22,48.67
2012,111273,0.06,0.38,0.92,64.15,60.45,29.9
2008,84726,0.32,0.63,0.3,60.98,71.68,67.78
2006,10228,0.35,0.83,0.43,90.8,93.74,91.12
2017,160009,0.43,0.08,0.28,58.5,61.13,35.43
2001,234599,0.11,0.49,0.4,21.91,46.8,7.98
2017,60030,0.68,0.82,0.03,75.09,66.04,73.39
2012,107718,0.3,0.37,0.06,65.32,64.44,46.23
2024,17863,0.99,0.63,0.5,87.51,80.05,84.93
2021,96649,0.38,0.8,0.12,59.51,76.5,55.18
2000,9027,0.74,0.92,0.2,82.02,83.23,94.17
2018,124312,0.27,0.24,0.32,60.0,74.9,32.11
2010,228402,0.77,0.93,0.57,28.7,28.42,5.0
2001,199647,0.65,0.46,0.93,34.32,44.57,5.0
2008,178576,0.65,0.02,0.51,49.32,47.39,23.72
2013,117216,0.17,0.85,0.92,54.79,62.39,31.35
2019,226238,0.56,0.9,0.77,21.13,42.03,5.0
2016,53426,0.79,0.13,0.14,78.64,71.82,76.68
2003,168061,0.38,0.59,0.51,38.18,51.1,29.5
2001,245741,0.27,0.24,0.99,31.43,32.1,5.0
2014,94666,0.28,0.57,0.08,64.13,79.14,58.26
2009,3531,0.46,0.35,0.45,97.2,91.7,85.86
2023,81958,0.04,0.95,0.05,51.21,83.88,62.58
2009,88931,0.42,0.89,0.82,63.74,73.51,51.83
2017,204435,0.9,0.86,0.52,31.38,32.99,7.75
2007,205525,0.64,0.74,0.42,24.55,35.92,7.07
2017,196800,0.16,0.35,0.56,42.29,44.89,6.61
2004,214925,0.46,0.97,0.48,25.43,39.68,5.0
2014,62180,0.44,0.49,0.95,82.39,77.78,54.33
2000,171836,0.87,0.34,0.28,42.85,53.56,24.43
2013,148386,0.71,0.56,0.9,45.03,59.08,19.49
2020,242392,0.76,0.12,0.96,33.18,33.35,5.0
2004,201224,0.28,0.53,0.05,28.36,46.24,20.64
2015,63819,0.35,0.74,0.56,69.37,79.57,63.38
2019,197192,0.2,0.87,0.63,27.85,41.74,5.36
2024,135331,0.44,0.19,0.58,56.23,61.8,34.98
2010,214826,0.01,0.94,0.61,27.0,37.63,8.25
2001,175011,0.66,0.06,0.35,53.52,49.62,28.18
2007,168881,0.25,0.36,0.83,46.42,54.47,20.9
2008,226359,0.12,0.3,0.22,33.83,41.27,5.0
2010,24994,0.92,0.82,0.51,80.77,88.84,74.14
2011,164367,0.56,0.19,0.76,45.95,55.36,14.43
2019,96038,0.62,0.35,0.64,70.23,73.2,56.45
2005,33212,0.21,0.05,0.23,90.91,93.79,82.81
2010,199942,0.79,0.3,0.04,38.63,39.19,19.47
2016,132640,0.09,0.65,0.13,45.96,67.26,43.67
2006,137818,0.59,0.17,0.55,59.23,58.92,32.43
2008,119931,0.75,0.95,0.2,48.15,63.48,49.46
2006,239445,0.78,0.47,0.14,23.52,27.84,5.0
2003,130669,0.52,0.56,0.86,51.86,69.8,29.17
2024,148664,0.46,0.09,0.37,55.03,62.67,37.05
2021,234745,0.71,0.54,0.23,29.14,41.72,5.0
2000,219080,0.33,0.96,0.71,23.21,46.7,5.0
2004,103184,0.85,0.4,0.51,66.67,59.65,46.91
2012,62745,0.72,0.43,0.25,84.49,77.25,68.39
2010,76036,0.95,0.17,0.56,74.8,63.61,61.52
2005,202742,0.33,0.14,0.13,42.25,45.14,21.82
2022,170148,0.48,0.99,0.57,37.05,42.74,15.97
2021,22402,0.4,0.03,0.29,100.0,88.01,89.88
2021,149485,0.62,0.89,0.7,37.9,47.0,23.59
2008,97311,0.98,0.76,0.22,63.87,56.7,59.98
2006,249476,0.57,0.84,0.16,22.89,26.95,5.0
2015,67256,0.01,0.43,0.12,76.7,81.6,64.57
2023,233516,0.49,0.05,0.17,38.47,29.64,9.97
2003,114967,0.91,0.61,0.96,52.71,58.03,35.78
2014,223677,0.39,0.1,0.63,35.71,41.1,9.84
2000,70483,0.62,0.21,0.39,82.81,84.57,66.26
2004,102485,0.13,0.56,0.57,63.73,67.75,51.54
2020,140075,0.43,0.76,0.46,43.65,62.27,34.7
2000,72499,0.94,0.13,0.36,84.06,70.02,66.81
2016,26203,0.86,0.34,0.85,86.75,79.26,69.12
2008,210231,0.24,0.76,0.61,30.66,40.35,9.88
2016,184948,0.09,0.77,0.08,36.34,55.96,32.5
2006,109149,0.01,0.71,0.05,51.94,82.8,58.43
2019,70234,0.93,0.31,0.56,78.2,67.33,63.15
2010,169910,0.79,0.14,0.21,58.87,52.76,31.96
2001,242454,0.31,0.68,0.38,19.61,26.35,5.0
2007,103750,0.56,0.08,0.09,64.27,64.46,62.66
2020,94126,0.67,0.7,0.64,53.99,59.52,52.92
2017,85969,0.81,0.62,0.78,70.22,70.03,54.66
2010,49332,0.22,0.24,0.37,75.44,85.05,70.22
2015,133281,0.33,0.01,0.59,62.68,61.62,34.51
2002,92695,0.09,0.27,0.06,65.77,76.31,61.59
2022,133581,0.9,0.79,0.13,39.44,49.28,45.45
2000,180468,0.53,0.25,0.12,38.6,40.74,30.25
2024,141273,0.09,0.99,0.14,46.72,67.72,36.29
2022,78152,0.81,0.38,0.02,74.92,66.77,73.03
2007,190139,0.69,0.51,0.36,41.24,40.34,18.25
2015,198534,0.97,0.65,0.48,29.72,40.74,15.77
2008,59795,0.5,0.52,0.71,73.67,75.35,59.33
2001,112608,0.89,0.38,0.83,63.06,52.8,35.3
2006,206769,0.87,0.97,0.19,22.86,42.07,17.33
2010,38543,0.19,0.62,0.68,70.42,92.4,64.67
2021,109763,0.9,0.42,0.44,59.99,59.39,54.68
2013,19469,0.82,0.06,0.89,96.73,88.33,67.18
2010,77830,0.27,0.04,0.46,86.93,72.49,57.59
2005,219768,0.09,0.51,0.29,36.2,44.81,9.76
2004,182137,0.92,0.38,0.34,47.65,37.4,22.22
2001,186133,0.83,0.98,0.64,41.27,39.41,12.41
2003,147345,0.52,0.31,0.85,57.05,60.68,20.09
2024,154934,0.42,0.99,0.01,39.1,55.67,39.16
2009,167203,0.16,0.33,0.75,45.56,60.34,28.42
2014,219538,0.33,0.2,0.92,40.19,32.18,5.0
2003,65754,0.75,0.06,0.18,76.04,70.52,73.49
2023,52986,0.43,0.82,0.83,74.51,75.18,63.43
2012,216910,0.42,0.61,0.09,33.4,40.34,7.09
2007,21618,0.75,0.49,0.75,85.65,83.87,77.77
2013,60974,0.22,0.87,0.73,57.95,83.51,61.24
2014,16146,0.72,0.77,0.66,77.91,80.62,82.42
2021,14681,0.58,0.18,0.9,98.29,87.82,74.2
2014,59812,0.84,0.73,0.16,71.21,67.69,73.71
2024,84233,0.3,0.29,0.56,68.65,66.92,60.77
2008,231461,0.95,0.17,0.91,32.79,32.86,5.0
2004,136820,0.29,0.37,0.25,57.19,63.62,41.84
2015,134724,0.57,0.34,0.06,52.98,48.63,52.0
2006,239961,0.7,0.72,0.33,20.61,26.08,5.0
2002,80409,0.15,0.19,0.62,72.11,80.75,67.01
2019,241265,0.71,0.9,0.14,14.19,29.42,5.0
2006,151711,0.27,0.01,0.58,61.89,54.85,31.11
2011,249193,0.55,0.01,0.79,24.34,37.32,5.0
2018,194614,0.88,0.52,0.2,32.85,40.0,22.97
2009,105885,0.66,0.93,0.95,58.78,71.59,31.81
2015,144922,0.2,0.67,0.32,44.23,50.89,36.1
2018,129322,0.79,0.09,0.34,59.32,57.5,41.4
2013,27698,0.84,0.37,0.95,81.19,79.88,73.23
2004,196948,0.76,0.33,0.9,39.61,46.57,9.87
2022,27077,0.06,0.07,0.63,95.63,96.81,68.74
2015,156379,0.26,0.49,0.66,48.83,68.51,20.39
2011,206802,0.01,0.1,0.92,38.31,46.79,5.0
2019,19525,0.52,0.38,0.54,90.28,82.06,74.0
2005,197189,0.4,0.77,0.25,26.67,47.25,13.38
2006,110509,0.1,0.04,0.34,58.88,77.04,50.16
2012,138455,0.47,1.0,0.84,54.83,56.0,23.83
2024,149232,0.31,0.22,0.11,51.08,60.61,29.52
2021,64989,0.9,0.6,0.78,72.25,61.94,54.29
2022,181095,0.59,0.25,0.83,46.46,44.13,7.89
2018,137096,0.65,0.3,0.97,56.29,51.62,32.83
2020,130057,0.59,0.03,0.98,61.27,55.09,32.83
2020,121548,0.15,0.67,0.77,53.7,74.73,28.02
2001,86354,0.74,0.25,0.51,69.29,68.26,55.13
2020,194201,0.83,0.92,0.82,27.83,47.42,12.55
2000,22457,0.52,0.01,0.9,90.17,81.85,75.07
2018,59324,0.4,0.22,0.26,73.96,79.3,76.41
2024,140445,0.17,0.42,0.35,53.15,67.41,32.0
2018,92034,0.52,0.11,0.8,68.08,72.71,48.96
2000,75867,0.11,0.64,0.51,65.12,81.99,62.66
2009,72364,0.79,0.39,0.47,69.55,62.32,59.17
2008,137067,0.39,0.75,0.35,49.55,63.02,27.26
2018,103921,0.34,0.52,0.11,54.29,67.18,67.36
2014,143118,0.85,0.82,0.06,46.37,44.11,43.04
2020,132691,0.79,0.05,0.95,61.25,52.66,19.17
2019,199830,0.99,0.99,0.95,28.46,43.39,7.76
2002,87575,0.57,0.39,0.35,61.89,71.27,56.96
2018,174748,0.84,0.96,0.66,33.95,40.03,13.51
2007,95686,0.52,0.44,0.69,66.97,59.77,51.43
2013,247493,0.98,0.87,0.85,19.45,29.46,5.0
2010,235427,0.7,0.68,0.27,22.4,29.08,5.0
2016,146940,0.66,0.08,0.52,58.81,54.65,19.84
2010,84382,0.44,0.27,0.11,60.91,74.76,57.0
2015,167961,0.96,0.43,0.39,44.22,36.96,22.23
2017,135551,0.94,0.2,0.16,61.47,50.59,44.35
2012,48412,0.85,0.95,0.51,70.24,68.98,77.64
2000,202730,0.91,0.82,0.61,21.52,38.58,5.0
2023,39187,0.24,0.85,0.12,71.44,82.11,74.42
2023,49082,0.64,0.98,0.21,80.47,75.35,79.77
2022,9610,0.02,0.28,0.91,98.22,97.02,76.67
2023,136984,0.68,0.15,0.7,55.66,47.65,30.25
2013,51726,0.65,0.43,0.04,76.61,71.48,82.35
2004,14809,0.08,0.68,0.74,85.1,91.83,90.58
2019,199082,0.75,0.37,0.55,46.93,43.44,8.62
2023,232285,0.57,0.58,0.35,20.48,39.23,5.0
2006,116203,0.54,0.92,0.8,55.08,71.91,40.99
2001,103048,0.92,0.84,0.83,61.1,67.01,32.04
2015,199132,0.97,0.57,0.33,35.77,37.54,12.29
2017,59065,0.83,0.36,0.89,72.0,76.69,55.48
2021,146161,0.05,0.48,1.0,55.08,56.74,18.23
2022,119082,0.37,0.42,0.1,52.22,60.44,49.19
2001,191856,0.85,0.81,0.94,30.08,44.14,8.96
2003,196843,0.96,0.58,0.73,28.16,28.12,8.61
2013,66778,0.75,0.87,0.62,70.23,72.16,58.82
2009,37933,0.55,0.11,0.67,83.54,78.12,68.64
2006,197580,0.94,0.72,0.95,34.17,37.58,5.0
2000,245609,0.36,0.86,0.07,17.56,27.5,9.1
2013,31913,0.47,0.31,0.23,91.39,88.04,79.87
2022,199121,0.94,0.61,0.69,40.19,35.68,11.0
2023,68239,0.73,0.31,0.76,81.66,66.02,57.9
2006,137536,0.72,0.76,0.55,61.01,59.49,34.03
2004,22287,0.16,0.63,0.84,83.98,95.37,73.09
2000,52694,0.78,0.09,0.22,84.72,74.53,75.33
2012,105144,0.67,0.28,0.3,67.53,63.29,56.91
2006,235498,0.28,0.05,0.52,29.18,27.03,5.0
2014,182912,0.08,0.84,0.2,32.17,65.5,26.17
2008,124963,0.38,0.22,0.93,60.26,66.84,28.6
2015,107771,0.12,0.97,0.33,49.76,69.24,51.77
2004,45862,0.84,0.03,0.67,77.76,73.91,65.24
2005,5244,0.9,0.97,0.04,86.17,89.31,98.88
2018,72975,0.85,0.65,0.36,68.69,71.01,65.75
2012,112468,0.41,0.21,0.28,68.42,65.4,60.58
2017,15755,0.85,0.73,0.78,84.05,84.7,72.04
2009,57940,0.71,0.05,0.42,75.4,72.87,68.2
2014,186886,0.97,0.49,0.89,43.32,44.18,6.59
2011,246234,0.85,0.27,0.89,25.7,25.03,5.0
2000,195036,0.79,0.84,0.29,30.48,38.08,19.14
2015,245678,0.94,0.14,0.13,23.57,27.17,5.0
2018,160896,0.14,0.37,0.08,49.28,59.43,32.59
2001,138011,0.63,0.14,0.29,60.19,52.68,48.32
2003,103670,0.21,0.36,0.31,66.96,75.27,51.87
2020,25163,0.64,0.8,0.3,91.72,87.05,86.92
2006,185256,0.58,0.79,0.75,33.56,53.08,16.16
2010,16678,0.98,0.65,0.39,90.5,78.89,82.56
2000,159917,0.8,0.36,0.0,53.52,45.01,32.15
2019,221304,0.79,0.03,0.6,34.22,37.75,5.0
2007,217555,0.69,0.19,0.89,34.64,36.76,5.0
2001,68900,0.17,0.49,0.59,76.39,78.84,63.78
2017,241956,0.44,0.58,0.35,25.88,29.67,5.0
2022,230381,0.4,0.35,0.04,35.71,36.15,14.4
2007,134578,0.43,0.47,0.21,61.12,58.16,46.51
2009,117167,0.27,0.02,0.99,59.06,63.66,34.82
2018,219644,0.8,0.35,0.98,29.82,29.53,5.0
2009,188200,0.44,0.24,0.67,45.28,51.92,19.17
2010,128732,0.06,0.42,0.21,57.37,62.44,38.19
2011,64281,0.21,0.15,0.02,76.48,86.06,73.8
2013,68736,0.58,0.62,0.25,71.13,72.18,63.8
2011,26779,0.6,0.12,0.03,84.33,89.89,88.77
2021,167114,0.18,0.01,0.26,45.33,55.56,23.68
2021,145970,0.43,0.58,0.53,45.54,54.2,34.84
2005,111179,0.57,0.02,0.96,67.93,58.68,36.16
2000,48365,0.43,0.32,0.51,81.7,83.24,70.06
2024,44880,0.09,0.59,0.66,80.6,88.78,68.22
2014,69820,0.02,0.83,0.08,61.44,86.44,71.64
2002,208668,0.43,0.06,0.72,37.59,36.5,5.0
2021,116962,0.84,0.6,0.27,53.28,61.65,50.68
2020,207787,0.58,0.01,0.28,40.47,37.37,7.37
2021,90073,0.84,0.57,0.14,65.3,58.72,61.56
2004,84278,0.43,0.42,0.9,63.79,78.73,53.48
2006,140485,0.46,0.28,0.9,52.2,50.44,27.28
2010,65171,0.77,0.16,0.03,83.05,77.96,78.55
2016,8029,0.63,0.77,0.5,80.77,86.99,91.67
2022,163367,0.44,0.7,0.33,52.16,56.23,30.59
2015,1118,0.56,0.35,0.99,91.27,100.0,85.37
2004,68416,0.02,0.02,0.13,76.21,78.03,61.47
2003,132267,0.82,0.08,0.92,56.69,56.08,19.92
2003,139243,0.92,0.44,0.99,58.88,53.37,29.34
2005,48473,0.23,0.4,0.72,73.39,84.92,70.66
2018,10450,0.26,0.76,0.69,94.0,92.16,84.01
2001,124805,0.02,0.2,0.77,59.97,68.72,27.85
2023,228472,0.83,0.23,0.38,25.16,35.36,6.42
2017,203492,0.98,0.03,0.36,42.04,31.63,22.43
2002,184129,0.07,0.96,0.44,33.42,48.87,18.52
2014,136635,0.66,0.6,0.98,54.97,53.65,19.83
2012,139654,0.45,0.27,0.02,48.06,61.56,47.06
2006,99000,0.09,0.4,0.88,59.06,77.87,42.95
2012,113637,0.44,0.2,0.33,61.03,67.38,43.07
2014,75961,0.74,0.45,0.61,77.96,79.99,55.1
2024,61513,0.68,0.26,0.07,81.24,75.21,69.05
2024,52472,0.45,0.71,0.24,76.09,86.91,78.27
2015,212869,0.41,0.93,0.72,35.33,30.11,5.0
2024,58221,0.9,0.17,0.21,77.63,80.36,66.85
2006,217939,0.39,0.4,0.07,32.08,34.94,16.56
2011,171268,0.29,0.95,0.51,36.6,53.37,25.28
2002,98513,0.43,0.96,0.87,66.33,56.99,51.6
2016,210625,0.03,0.08,0.92,42.08,46.58,5.0
2015,134800,0.9,0.47,0.88,58.86,51.36,29.19
2017,134454,0.25,0.7,0.86,50.38,67.85,21.48
2017,126187,0.31,0.12,0.45,64.49,58.95,42.05
2009,17598,0.86,0.25,0.42,92.39,82.33,87.71
2020,29727,0.92,0.36,0.08,77.36,74.6,90.8
2013,26364,0.03,0.87,0.9,82.26,95.95,72.58
2003,112427,0.64,0.32,0.28,63.41,59.81,49.88
2022,26066,0.03,0.87,0.51,77.46,92.86,81.1
2011,129458,0.94,0.76,0.39,55.1,61.76,51.55
2019,242555,0.89,0.06,0.6,29.78,21.9,5.0
2003,122526,0.99,0.59,0.23,54.37,55.19,43.92
2005,13177,0.44,0.63,0.92,92.76,84.57,80.32
2009,236682,0.5,0.62,0.18,14.49,34.92,5.0
2009,3245,0.94,0.49,0.7,89.97,89.39,81.79
2006,118503,0.92,0.76,0.27,53.23,57.17,47.99
2001,186476,0.82,0.79,0.68,37.3,44.82,9.79
2009,121868,0.9,0.4,0.83,65.67,46.51,33.96
2001,102502,0.66,0.82,0.89,51.62,65.64,38.55
2007,17237,0.35,0.48,0.49,86.68,93.71,87.76
2013,58522,0.18,0.41,0.59,70.44,74.97,67.86
2001,159684,0.72,0.58,0.22,48.23,55.55,41.2
2002,89085,0.63,0.76,0.9,60.11,66.46,42.84
2001,60372,0.71,0.66,0.93,69.84,73.53,62.43
2021,105880,0.01,0.21,0.19,66.79,71.64,57.86
2005,201250,0.94,0.13,0.35,39.96,34.25,15.75
2003,70248,0.42,0.65,0.83,66.9,81.83,56.29
2019,136917,0.02,0.05,0.08,55.16,67.12,37.22
2019,24994,0.75,0.08,0.86,96.91,80.61,74.1
2011,147556,0.45,0.65,0.92,43.64,57.98,24.93
2022,38640,0.01,0.56,0.17,83.38,86.13,71.44
2024,247066,0.06,0.87,0.69,19.08,29.63,5.0
2024,241179,0.94,0.75,0.11,22.68,22.47,6.78
2006,140197,0.5,0.23,0.71,64.4,68.18,33.5
2013,6534,0.63,0.59,0.28,90.8,92.5,87.02
2014,34667,0.94,0.57,0.76,84.27,82.78,61.19
2023,172252,0.07,0.63,0.73,47.82,54.93,19.46
2002,132038,0.21,0.8,0.18,47.83,56.91,34.81
2004,160021,0.32,0.07,0.55,48.78,56.15,23.66
2007,218584,0.32,0.61,0.45,31.13,40.33,5.0
2017,205585,0.05,0.21,0.13,42.39,44.86,9.91
2010,155465,0.25,0.85,0.95,41.99,49.45,18.61
2000,244523,0.58,0.03,0.43,29.97,32.53,5.0
2006,11932,0.66,0.04,0.33,98.18,93.96,92.28
2016,144495,0.52,0.16,0.58,66.69,52.29,36.18
2004,94955,0.38,0.52,0.81,65.44,67.81,46.63
2016,21148,0.49,0.48,0.6,88.06,84.69,77.06
2022,183005,0.53,0.9,0.2,35.96,50.07,19.9
2008,174429,0.67,0.57,0.01,45.78,43.89,38.85
2013,867,0.06,0.99,0.65,85.7,85.66,89.09
2023,177280,0.98,0.65,0.16,41.57,37.92,28.56
2005,151426,0.86,0.36,0.28,53.99,43.84,23.97
2006,96312,0.33,0.22,0.9,65.87,63.81,44.81
2023,94662,0.7,0.35,0.71,61.85,55.95,54.17
2006,8661,0.45,0.94,0.48,76.29,94.3,81.37
2022,169732,0.99,0.69,0.59,39.75,37.14,19.56
2022,210741,0.55,0.29,0.17,37.56,39.25,7.27
2002,125017,0.38,0.54,0.6,58.58,56.77,37.11
2010,54427,0.85,0.89,0.94,62.87,71.86,66.58
2007,115790,0.82,0.8,0.87,58.19,59.11,30.47
2012,126970,0.52,0.65,0.41,53.49,59.14,48.47
2024,206216,0.65,0.79,0.25,23.77,39.84,13.44
2015,43018,0.18,0.45,0.03,84.67,92.5,77.49
2000,157338,0.72,0.04,0.54,51.81,51.63,22.03
2013,208355,0.05,0.63,0.06,39.33,49.44,14.23
2010,12011,0.31,0.19,0.04,89.27,92.14,92.62
2024,21644,0.67,0.15,0.06,96.4,76.08,93.06
2005,816,0.1,0.8,0.92,74.98,89.41,78.63
2004,120656,0.61,0.33,0.24,55.3,65.1,44.95
2018,83587,0.67,0.02,0.3,85.63,70.77,51.9
2008,180100,0.29,0.15,0.47,39.7,44.07,18.16
2013,68824,0.4,0.78,0.61,70.86,72.96,58.61
2015,177214,0.69,0.46,0.79,37.01,52.46,10.1
2002,125279,0.02,0.68,0.64,60.82,62.96,40.77
2015,167469,0.55,0.57,0.26,46.4,47.58,21.1
2021,142057,0.33,0.41,0.31,47.79,62.34,37.79
2019,64735,0.21,0.51,0.86,78.13,73.91,65.48
2001,230130,0.12,0.44,0.27,21.6,38.07,5.0
2003,182238,0.5,0.61,0.22,36.8,43.53,16.52
2012,210926,0.95,0.43,0.22,30.94,33.74,13.19
2018,166863,0.53,0.53,0.78,53.37,46.12,12.99
2014,46574,0.3,0.87,0.73,72.24,84.69,61.61
2009,189628,0.07,0.01,0.12,41.51,59.94,18.06
2010,8055,0.69,0.74,0.43,79.27,87.3,78.52
2004,196689,0.57,0.13,0.94,34.88,48.25,5.0
2012,76743,0.68,0.05,0.73,76.58,66.65,51.66
2004,130397,0.7,0.64,0.84,53.01,65.4,35.31
2024,240378,0.12,0.8,0.53,20.39,40.54,5.0
2001,184136,0.71,0.52,0.07,37.96,36.88,15.96
2024,94239,0.44,0.44,0.75,71.61,73.54,39.32
2022,249752,0.98,0.76,0.33,18.77,22.59,5.0
2021,15555,0.2,0.32,0.01,98.27,93.39,100.0
2008,90167,0.02,0.67,0.4,60.25,86.84,54.19
2001,31432,0.11,0.22,0.67,92.66,81.05,77.51
2006,112408,0.13,0.94,0.97,53.81,60.98,41.06
2021,64132,0.43,0.95,0.84,68.43,76.12,64.31
2004,143110,0.73,0.37,0.99,51.9,51.63,18.07
2000,142590,0.9,0.25,0.57,47.27,49.87,31.26
2020,151620,0.53,0.6,0.26,42.99,53.77,31.56
2000,29443,0.25,0.59,0.96,86.99,91.74,67.42
2019,64056,0.1,0.2,0.11,77.59,88.86,71.69
2013,41807,0.4,0.31,0.22,83.53,77.18,75.01
2015,2616,0.56,0.01,0.61,97.37,95.06,91.01
2018,197351,0.36,0.35,0.82,27.92,46.76,5.0
2021,207628,0.42,0.98,0.09,20.47,39.04,5.0
2018,210463,0.74,0.34,0.67,34.93,37.85,5.0
2022,44891,0.48,0.58,0.97,67.64,80.28,53.81
2015,156648,0.28,0.41,0.84,50.47,59.62,21.15
2022,46084,0.24,0.88,0.33,76.15,78.17,76.46
2006,35710,0.03,0.61,0.16,85.18,85.42,78.91
2021,171874,0.69,0.21,0.51,49.84,40.65,23.7
2018,33307,0.58,0.39,0.33,88.7,78.96,70.47
2004,201730,0.01,0.2,0.55,46.41,47.41,7.06
2001,135027,0.03,0.08,0.22,63.95,59.21,45.69
2015,61848,0.34,0.6,0.6,74.43,82.42,66.15
2000,122304,0.56,0.35,0.54,59.76,67.47,39.15
2015,93727,0.03,0.61,0.02,66.63,77.82,65.42
2014,23254,0.54,0.95,0.58,84.89,85.19,88.05
2023,123498,0.22,0.29,0.43,62.65,58.39,47.59
2021,193552,0.85,0.35,0.31,39.09,30.99,18.51
2014,29957,0.34,0.92,0.86,78.86,88.91,69.36
2008,144619,0.62,0.56,0.39,55.93,50.38,34.94
2012,13351,0.11,0.95,0.58,85.13,98.78,88.61
2019,22599,0.39,0.08,0.73,87.9,84.14,82.49
2011,196473,0.37,0.31,0.76,31.89,38.17,5.0
2010,126717,0.31,0.51,0.24,65.06,63.32,46.05
2010,185754,0.25,0.78,0.24,34.17,49.83,18.82
2005,1419,0.45,0.88,0.65,97.1,92.64,89.28
2001,18999,0.53,0.74,0.32,88.46,96.27,82.77
2003,146816,0.01,0.84,0.59,52.9,61.77,21.41
2007,54091,0.91,0.97,0.64,75.26,81.63,68.92
2003,204626,0.88,0.02,0.07,43.64,41.94,18.51
2009,112121,0.02,0.31,0.79,62.25,70.92,37.32
2001,88605,0.45,0.04,0.09,70.67,67.49,61.86
2007,188809,0.56,0.63,0.98,31.89,45.08,5.0
2024,163173,0.18,0.6,0.84,40.51,66.75,20.71
2013,93390,0.8,0.68,0.94,59.98,62.19,44.86
2011,36465,0.16,0.44,0.01,80.68,90.4,91.32
2023,182569,0.11,0.05,0.98,46.21,48.7,5.0
2004,142329,0.57,0.46,0.8,53.57,59.69,32.58
2001,182295,0.46,0.4,0.32,37.14,43.99,22.64
2024,145667,0.24,0.7,0.97,44.18,59.48,17.4
2000,171792,0.88,0.13,0.91,47.88,44.93,16.0
2003,130293,0.74,0.0,0.25,65.36,49.65,49.1
2005,231355,0.16,0.85,0.12,12.95,35.44,5.0
2024,212226,0.64,0.23,0.21,42.72,27.73,12.98
2011,67819,0.89,0.18,0.13,85.02,61.63,70.28
2012,949,0.93,0.87,0.97,90.78,91.25,82.16
2011,22556,0.75,0.05,0.16,94.08,84.18,86.4
2001,19046,0.66,0.49,0.29,82.73,92.93,81.05
2004,221996,0.71,0.67,0.01,34.48,39.2,17.16
2004,58242,0.19,0.18,0.77,82.66,78.54,60.2
2001,152938,0.04,0.37,0.68,50.89,68.17,28.26
2011,193253,0.05,0.22,0.27,43.62,46.92,17.27
2003,182102,0.42,0.58,0.93,43.23,49.18,5.0
2007,205290,0.91,0.87,0.47,25.2,28.22,5.0
2019,150823,0.48,0.12,0.81,62.41,54.79,14.23
2002,163414,0.78,0.51,1.0,51.16,39.18,13.91
2019,224778,0.9,0.75,0.1,28.07,35.3,5.0
2015,36114,0.25,0.28,0.51,82.58,88.6,89.28
2015,31987,0.3,0.48,0.24,79.21,81.62,81.21
2006,241919,0.52,0.09,0.04,34.64,39.96,7.76
2009,16569,0.39,0.04,0.82,91.09,89.62,76.25
2003,82009,0.63,0.68,0.78,73.9,63.26,50.56
2019,15506,0.35,0.64,0.98,85.82,87.47,73.16
2008,124859,0.39,0.95,0.9,50.53,63.95,37.84
2003,12473,0.68,0.47,0.79,81.46,83.75,73.94
2024,49364,0.14,0.43,0.44,81.49,90.26,78.47
2021,71480,0.39,0.53,0.77,64.78,78.92,55.68
2021,34440,0.52,0.25,0.55,82.25,89.79,69.61
2016,206935,0.69,0.51,0.02,38.79,37.09,12.59
2021,75221,0.67,0.79,0.91,76.4,66.67,46.26
2015,238076,0.68,0.64,0.65,29.57,36.38,5.0
2002,100671,0.35,0.84,0.56,56.95,70.92,50.01
2024,203537,0.2,0.08,0.4,34.07,44.21,7.99
2000,15143,0.34,0.32,0.57,86.28,80.81,80.09
2004,25722,0.36,0.87,0.45,77.18,84.31,83.87
2007,177115,0.11,0.05,0.49,51.7,63.13,15.49
2017,136501,0.06,0.61,0.99,59.78,62.38,31.45
2012,154746,0.47,0.72,0.61,42.48,52.19,28.04
2024,57133,0.93,0.03,0.09,77.05,65.87,65.4
2015,230818,0.57,0.52,0.76,30.84,41.76,5.0
2010,189810,0.02,0.06,0.43,49.36,47.86,26.57
2008,33850,0.8,0.17,0.59,81.62,75.36,83.29
2021,95553,0.58,0.96,0.27,58.69,64.51,59.74
2001,226072,0.3,0.09,0.14,44.04,38.04,7.12
2014,152198,0.86,0.88,0.79,40.68,56.05,30.06
2020,240909,0.32,0.21,0.31,32.33,31.21,5.0
2024,95205,0.86,0.99,0.97,60.74,63.45,32.91
2003,226829,0.99,0.39,0.12,31.08,30.75,7.72
2019,183934,0.39,0.62,0.91,41.81,48.7,10.71
2022,92625,0.26,0.69,0.13,66.49,78.05,59.69
2012,3722,0.8,0.83,0.61,88.43,93.62,88.16
2005,53639,0.91,0.78,0.65,70.06,74.9,65.5
2006,247743,0.61,0.46,0.21,23.31,32.38,5.0
2023,247804,0.49,0.23,0.15,28.76,29.22,5.0
2012,114193,0.23,0.03,0.21,62.15,69.57,48.68
2021,231330,0.05,0.92,0.26,16.89,38.07,5.0
2005,46615,0.33,0.03,0.6,84.72,80.01,66.98
2018,189386,0.97,0.43,0.19,39.63,32.21,14.4
2001,1483,0.33,0.1,0.07,100.0,92.69,91.09
2000,132598,0.52,0.65,0.91,57.69,67.75,31.16
2008,37245,0.46,0.98,0.59,64.8,92.53,70.61
2022,165601,0.2,0.03,0.54,46.6,61.58,25.44
2014,138337,0.48,0.27,0.48,55.73,54.23,36.6
2000,82295,0.95,0.74,0.16,60.43,69.52,63.07
2021,233448,0.9,0.27,0.62,33.36,31.61,5.0
2005,8890,0.67,0.15,0.0,86.94,88.82,85.15
2019,167711,0.73,0.11,0.18,55.53,48.89,27.48
2005,72871,0.21,0.45,0.64,76.61,76.28,60.92
2002,92069,0.22,0.82,0.83,73.52,73.35,47.81
2008,167802,0.01,0.08,0.46,47.72,57.45,15.38
2002,205684,0.91,0.27,0.05,38.77,33.23,15.88
2019,208156,0.81,0.08,0.91,37.08,35.0,5.0
2007,223659,0.37,0.21,0.7,27.39,36.8,6.65
2003,33418,0.94,0.27,0.07,87.11,71.97,77.91
2002,2229,0.66,0.29,0.16,88.24,75.03,100.0
2005,200323,0.84,0.17,0.99,48.14,34.38,5.0
2003,200217,0.76,0.28,0.23,39.09,42.73,19.2
2003,179013,0.53,0.62,0.27,48.64,47.98,11.56
2019,233008,0.52,0.66,0.96,25.83,30.25,5.0
2023,64745,0.13,0.76,0.79,80.12,86.02,57.09
2021,93193,0.54,0.31,0.12,66.24,71.13,57.56
2015,222524,0.54,0.59,0.74,20.3,41.33,5.0
2020,115480,0.55,0.55,0.95,54.8,55.09,28.76
2006,151669,0.8,0.64,0.42,62.6,54.76,26.56
2006,44348,0.4,0.82,0.09,83.58,89.78,77.62
2016,218523,0.35,0.15,0.43,28.2,41.21,5.62
2017,64624,0.18,0.65,0.74,74.33,82.0,51.91
2021,70734,0.2,0.73,0.74,67.32,78.69,58.91
2021,220095,0.15,0.44,0.12,32.59,46.94,12.84
2024,76322,0.18,0.02,0.49,76.89,74.83,61.04
2014,126050,0.07,0.43,0.06,48.82,64.49,46.16
2009,222008,0.83,0.57,0.17,31.28,31.81,6.61
2005,237242,0.07,0.0,0.72,29.16,40.63,5.0
2016,84590,0.39,0.99,0.36,65.22,77.51,60.74
2003,84372,0.09,0.6,0.69,70.31,78.01,47.58
2024,11499,0.85,0.68,0.98,89.01,82.42,70.3
2019,97523,0.41,0.84,0.78,55.83,66.92,46.36
2006,202448,0.17,0.52,0.17,41.66,43.45,11.39
2004,91360,0.51,0.76,0.4,59.3,70.73,55.09
2006,45364,0.36,0.18,0.72,92.75,80.68,56.49
2009,9158,0.53,0.73,0.73,87.08,81.23,82.86
2007,75683,0.17,0.25,0.48,80.43,84.41,63.18
2002,155565,0.06,0.63,0.7,46.85,58.42,29.68
2013,49149,0.05,0.16,0.59,87.13,81.26,66.0
2017,65050,0.11,0.94,0.5,72.26,91.25,62.36
2010,225338,0.21,0.11,0.66,31.86,43.58,5.0
2006,212929,0.87,0.88,0.02,28.59,34.69,13.77
2019,17196,0.58,0.5,0.63,88.46,89.01,82.71
2022,241091,0.83,0.45,0.09,22.47,25.27,5.0
2023,37504,0.71,0.92,0.06,78.25,72.81,79.43
2018,53141,0.76,0.5,0.89,77.38,77.0,65.42
2016,104147,0.37,0.55,0.0,66.9,57.98,61.08
2015,109211,0.07,0.08,0.81,76.01,78.71,45.56
2018,191148,0.57,0.51,0.58,33.52,39.12,8.04
2015,88062,0.33,0.01,0.62,81.1,71.86,53.01
2021,171772,0.86,0.51,0.03,38.96,39.63,32.42
2006,116319,0.6,0.54,0.55,67.26,59.59,46.45
2002,231533,0.72,0.91,0.47,24.56,27.16,5.0
2024,159235,0.27,0.75,0.1,42.46,51.68,32.43
2002,97464,0.44,0.64,0.67,64.5,69.58,49.79
2024,202137,0.32,0.57,0.3,30.13,39.36,17.02
2019,233918,0.02,0.24,0.91,39.05,40.94,5.0
2003,111747,0.1,0.67,0.27,53.22,77.36,51.54
2017,167378,0.29,0.45,0.23,30.8,56.71,32.63
2003,29149,0.62,0.29,0.17,95.12,84.5,79.59
2000,100920,0.56,0.62,0.02,73.15,68.24,49.12
2002,194031,0.49,0.55,0.25,30.07,46.61,13.5
2023,179259,0.2,0.25,0.72,42.27,50.83,12.67
2021,143065,0.69,0.91,0.65,46.67,51.11,33.48
2000,66027,0.62,0.43,0.99,72.48,83.75,67.38
2014,198054,0.28,0.15,0.92,47.57,45.81,5.0
2009,32576,0.48,0.65,0.95,77.06,83.45,66.3
2016,109600,0.8,0.98,0.92,57.0,55.26,45.38
2024,89162,0.44,0.65,0.49,57.91,69.19,47.84
2015,101929,0.39,0.68,0.96,58.03,68.77,41.58
2012,140861,0.93,0.53,0.75,52.41,47.24,22.44
2004,176866,0.93,0.9,0.98,35.24,41.35,8.36
2019,165179,0.75,0.3,0.88,44.92,42.2,14.35
2010,70692,0.01,0.84,0.31,64.31,80.4,74.29
2002,168876,0.89,0.29,0.51,52.14,45.9,23.88
2023,237045,0.61,0.23,0.78,23.3,31.89,5.0
2022,95620,0.99,0.35,0.41,62.97,63.11,53.5
2004,178977,0.42,0.95,0.4,40.93,52.43,23.02
2023,49095,0.07,0.14,0.28,78.01,93.24,74.14
2002,146055,0.52,0.57,0.96,53.13,48.43,21.69
2006,143021,0.91,0.09,0.24,58.78,52.41,30.64
2003,164519,0.25,0.89,0.04,40.94,56.26,35.99
2024,214047,0.34,0.59,0.55,25.32,49.37,5.0
2005,112038,0.2,0.12,0.34,72.27,69.74,53.67
2011,145255,0.59,0.17,0.58,61.82,53.81,31.71
2018,122350,0.47,0.61,0.97,56.96,52.19,37.12
2020,19707,0.4,0.83,0.74,84.24,97.57,84.99
2018,56980,0.5,0.69,0.82,79.75,77.09,59.58
2024,64851,0.75,0.55,0.99,76.1,74.11,57.85
2011,213286,0.3,0.15,0.67,34.21,38.99,5.94
2007,153088,0.78,0.7,0.22,43.02,47.63,30.65
2004,115630,0.23,0.95,0.06,54.96,69.6,47.14
2008,139894,0.56,0.58,0.37,50.09,51.03,38.14
2005,16770,0.69,0.8,0.42,85.2,90.32,87.83
2021,116674,0.86,0.45,0.19,57.05,48.69,55.76
2014,14476,0.84,0.5,0.91,79.76,81.21,81.99
2011,169397,0.97,0.82,0.29,41.8,50.32,30.29
2002,161302,0.17,0.93,0.59,41.88,50.94,24.66
2020,146563,0.56,0.63,0.4,51.64,49.17,33.87
2013,78748,0.7,0.39,0.83,75.96,74.02,44.11
2009,197795,0.1,0.74,0.18,34.18,55.31,21.07
2000,130281,0.93,0.7,0.53,59.75,53.71,49.2
2007,206973,0.25,0.99,0.06,33.24,39.33,10.66
2015,111797,0.33,0.36,0.29,62.5,70.12,51.57
2015,34463,0.24,0.01,0.69,91.05,87.74,72.06
2005,102580,0.24,0.99,0.65,65.48,79.3,47.87
2009,63003,0.15,0.4,0.14,71.3,81.08,75.26
2002,215692,0.93,0.19,1.0,41.69,37.5,5.0
2010,109056,0.1,0.52,0.68,60.95,56.42,48.13
2010,13450,0.7,0.86,0.89,91.87,84.98,80.18
2006,198257,0.37,0.32,0.93,38.68,42.99,5.0
2016,176110,0.62,0.75,0.19,39.04,44.35,17.81
2006,94754,0.18,0.17,0.09,61.73,75.7,59.85
2021,49857,0.36,0.36,0.57,79.24,72.37,72.15
2005,42689,0.29,0.17,0.93,75.17,90.38,58.12
2016,62523,0.57,0.59,0.96,77.7,69.88,68.6
2006,57830,0.92,0.5,0.74,82.24,72.03,60.98
2018,44772,0.62,0.94,0.33,66.78,81.71,78.94
2011,212216,0.75,0.61,0.27,30.07,32.0,10.28
2019,121075,0.3,0.18,0.76,65.1,68.76,29.03
2000,116710,0.27,0.4,0.57,64.89,69.29,40.25
2001,197127,0.45,0.53,0.44,27.83,36.94,11.9
2007,243595,0.81,0.04,0.63,20.73,22.88,5.0
2020,26847,0.11,0.11,0.42,91.77,84.95,81.44
2022,51695,0.38,0.66,0.8,79.62,85.42,62.3
2004,87987,0.46,0.49,0.32,76.41,68.38,64.72
2023,221346,0.42,0.62,0.4,34.58,40.54,12.04
2003,115189,0.77,0.81,0.15,48.2,65.4,42.19
2004,202511,0.99,0.32,0.16,45.37,40.58,25.88
2020,24502,0.68,0.13,0.05,88.31,85.29,82.65
2010,35751,0.88,0.44,0.54,81.83,79.02,80.2
2002,62328,0.65,0.24,0.95,74.44,74.89,57.15
2004,78245,0.7,0.23,0.04,72.08,73.16,65.87
2010,112805,0.63,0.43,0.0,59.78,55.28,47.26
2023,138107,0.14,0.49,0.93,56.4,59.93,32.06
2024,52501,0.65,0.84,0.31,64.03,78.16,59.51
2024,198570,0.36,0.5,0.51,28.51,51.14,11.9
2015,2118,0.28,0.32,0.67,81.99,100.0,88.23
2015,68041,0.23,0.63,0.42,69.43,68.6,57.61
2024,184219,0.58,0.63,0.7,47.95,36.49,5.0
2009,202239,0.78,0.27,0.63,41.26,35.44,13.73
2008,160836,0.13,0.96,0.2,39.44,48.85,36.54
2011,117786,0.31,0.64,0.25,67.45,57.55,48.93
2024,153353,0.36,0.11,0.7,57.8,47.37,27.93
2024,243292,0.01,0.14,0.52,26.06,38.63,5.0
2014,66356,0.54,0.92,0.61,63.03,75.02,70.29
2024,125850,0.0,0.2,0.2,59.68,70.55,39.43
2020,244735,0.63,0.81,0.39,15.04,21.65,5.0
2016,138065,0.34,0.19,1.0,55.31,58.09,19.33
2004,135495,0.64,0.43,0.34,58.69,57.55,44.65
2005,163796,0.25,0.11,0.52,57.15,55.33,24.88
2023,22578,0.96,0.76,0.94,75.42,84.55,65.33
2003,139640,0.62,0.61,0.79,43.59,54.46,32.86
2001,211350,0.06,0.11,0.47,41.93,49.08,5.68
2015,107636,0.72,0.84,0.52,51.93,58.31,42.81
2011,150520,0.69,0.56,0.01,45.83,49.68,33.37
2012,105131,0.15,0.55,0.41,66.59,71.07,50.21
2018,218746,0.07,0.17,0.51,33.7,43.74,5.0
2008,77637,0.28,0.58,0.05,64.96,76.49,74.1
2024,215595,0.01,0.17,0.19,38.71,49.14,5.1
2016,139657,0.38,0.88,0.07,43.84,55.12,42.62
2012,220422,0.8,0.5,0.16,29.21,32.98,8.6
2012,13408,0.77,0.03,0.85,95.03,78.53,79.01
2013,151131,0.69,0.53,0.86,45.47,52.6,20.66
2008,95922,0.02,0.11,0.65,67.15,82.92,44.13
2010,85963,0.59,0.24,0.52,73.81,75.29,62.96
2017,23901,0.61,0.16,0.62,90.39,89.44,73.27
2006,19625,0.88,0.58,0.87,90.74,88.95,81.32
2018,55647,0.16,0.28,0.22,77.27,86.63,73.3
2022,10508,0.66,0.12,0.26,95.6,94.3,89.4
2005,44036,0.27,0.79,0.58,87.53,87.53,70.92
2014,249756,0.07,0.1,0.66,28.36,35.15,5.0
2012,95290,0.28,0.48,0.03,69.18,71.77,70.91
2010,98709,0.22,0.59,0.49,62.59,72.35,59.57
2009,50214,0.48,0.17,0.62,83.22,74.08,66.36
2006,25866,0.91,0.88,0.69,84.21,73.47,69.26
2008,98984,0.51,0.79,0.69,63.9,63.96,50.65
2008,100191,0.03,0.8,0.0,63.19,73.52,59.79
2007,70658,0.19,0.53,0.11,72.42,86.51,67.43
2014,231094,0.31,0.74,0.15,18.84,51.66,5.11
2009,103513,0.89,0.31,0.96,60.56,61.56,36.61
2017,161903,0.94,0.98,0.74,49.79,49.82,24.41
2009,41717,0.2,0.81,0.18,80.53,89.34,76.93
2011,182013,0.96,0.21,0.38,45.89,48.8,14.89
2005,76522,0.95,0.03,0.89,80.39,65.85,53.3
2024,216797,0.52,0.88,0.34,19.66,46.39,5.0
2017,221362,0.5,0.57,0.05,26.75,38.3,14.06
2022,234277,0.21,0.51,0.67,29.88,36.36,5.0
2001,191439,0.33,0.17,0.95,46.97,53.85,5.0
2020,29422,0.78,0.05,0.91,88.92,81.06,71.82
2002,60069,0.29,0.05,0.02,87.14,83.13,74.55
2020,225521,0.18,0.35,0.93,31.1,39.05,5.0
2022,128197,0.04,0.81,0.72,47.76,64.18,39.51
2024,145070,0.66,0.36,0.19,51.99,56.01,43.76
2009,112263,0.88,0.08,0.78,61.18,66.97,31.44
2013,222468,0.47,0.16,0.6,29.64,28.54,5.0
2012,107321,0.95,0.08,0.31,69.92,69.16,54.77
2020,51531,0.22,0.37,0.34,77.15,86.69,75.61
2020,57757,0.81,0.67,0.25,65.41,67.3,69.89
2023,18328,0.77,0.26,0.2,93.83,85.75,85.12
2024,121082,0.12,0.4,0.85,61.86,68.03,30.63
2015,185972,0.25,0.79,0.11,32.05,42.47,27.1
2020,99813,0.25,0.42,0.65,57.21,69.42,44.97
2005,147105,0.93,0.28,0.52,52.76,48.43,32.54
2022,178412,0.01,0.64,0.93,43.57,55.82,16.28
2014,203837,0.03,0.23,0.62,37.97,57.33,5.0
2018,238116,0.11,0.64,0.94,27.92,45.54,5.0
2007,249285,0.22,0.9,0.42,15.77,37.81,5.0
2006,234196,0.72,0.73,0.49,20.62,35.61,5.0
2003,107283,0.23,0.54,0.7,59.86,63.33,52.8
2002,245696,0.38,0.82,0.3,13.94,43.4,5.0
2016,65032,0.26,0.24,0.54,74.85,76.18,60.4
2004,153006,0.25,0.68,0.53,42.29,60.35,31.93
2011,200088,0.65,0.03,0.77,39.89,38.97,5.0
2015,243166,0.82,0.74,0.95,28.27,24.4,5.0
2008,87751,0.21,0.27,0.13,72.27,77.08,64.45
2009,218386,0.63,0.28,0.91,29.42,33.35,5.0
2016,67577,0.41,0.44,0.3,83.77,78.47,72.01
2009,52247,0.41,0.45,0.8,78.2,75.26,60.66
2014,168045,0.2,0.57,0.2,42.41,55.95,26.62
2010,171489,0.77,0.24,0.11,48.34,43.46,31.72
2023,155658,0.09,0.67,0.73,49.49,61.03,25.0
2011,84977,0.18,0.93,0.63,66.78,70.76,56.57
2016,17931,0.0,0.22,0.58,94.08,85.17,80.3
2007,39632,0.43,0.2,0.5,87.49,79.44,70.92
2008,117709,0.08,0.7,0.32,59.3,68.44,51.28
2020,69638,0.03,0.19,0.07,75.53,86.19,71.77
2010,112390,0.88,0.94,0.13,63.23,60.38,49.95
2014,192471,0.09,0.09,0.66,46.06,56.15,16.39
2001,192077,0.96,0.21,0.67,33.29,41.28,9.39
2016,19131,0.12,0.77,0.28,79.49,97.22,85.2
2000,116281,0.67,0.91,0.49,49.66,67.43,44.65
2000,77674,0.66,0.16,0.75,74.09,67.99,41.25
2016,74554,0.1,0.35,0.26,68.23,76.46,71.16
2023,108630,0.59,0.24,0.98,64.02,62.11,35.72
2022,240159,0.51,0.13,0.94,26.49,33.24,5.0
2016,165055,0.18,0.93,0.78,43.44,56.92,7.92
2004,45704,0.87,0.28,0.11,80.87,78.04,72.58
2017,24661,0.29,0.42,0.84,84.89,86.23,78.26
2018,61541,0.3,0.49,0.02,75.21,89.13,73.81
2014,174385,0.83,0.67,0.78,45.44,48.53,15.14
2014,29919,0.77,0.6,0.71,82.83,73.92,73.63
2008,244531,0.58,0.73,0.14,19.47,40.55,5.0
2014,123975,0.94,0.6,0.31,53.73,53.06,40.5
2006,20039,0.03,0.11,0.36,95.07,84.0,84.88
2010,215810,0.47,0.98,0.71,29.69,44.13,5.0
2004,188116,0.42,0.09,0.95,42.77,45.9,8.45
2020,115123,0.83,0.27,0.28,65.94,54.95,42.05
2024,34196,0.58,0.66,0.1,78.26,85.83,82.71
2013,27913,0.19,0.8,0.43,83.99,83.2,71.11
2018,167188,0.94,0.62,0.89,44.43,49.54,11.55
2002,19202,0.08,0.92,0.19,76.81,98.48,87.39
2003,249803,0.92,0.19,0.82,28.23,34.82,5.0
2010,155224,0.98,0.98,0.66,34.81,48.61,28.09
2000,130719,0.37,0.82,0.58,47.74,63.37,35.12
2008,41083,0.47,0.59,0.15,83.58,80.11,83.85
2005,36843,0.11,0.79,0.79,78.77,86.96,74.23
2017,22308,0.88,0.16,0.48,97.39,78.52,80.34
2006,181867,0.74,0.27,0.77,41.46,49.84,11.03
2010,232505,0.97,0.42,0.57,32.65,22.91,5.0
2016,25271,0.39,0.97,0.97,69.45,83.97,74.41
2022,69084,0.49,0.06,0.71,89.55,77.32,60.51
2001,206639,0.8,0.77,0.47,23.43,39.3,11.17
2017,80634,0.2,0.67,0.37,67.55,77.18,71.24
2016,23317,0.25,0.44,0.89,88.05,92.83,74.66
2015,234242,0.41,0.84,0.86,18.82,28.36,5.0
2009,188360,0.16,0.72,0.5,40.47,53.68,17.45
2010,52533,0.79,0.14,0.81,78.02,81.86,60.67
2001,164741,0.31,0.06,0.5,51.87,53.1,14.77
2009,223564,0.81,0.89,0.06,22.34,25.44,10.11
2014,185318,0.88,0.68,0.59,32.94,41.96,19.2
2014,30781,0.71,0.17,0.72,89.19,90.39,84.08
2015,34712,0.72,0.99,0.35,73.17,78.42,75.24
2021,157494,0.26,0.76,0.81,42.5,47.47,17.26
2020,34412,0.85,0.39,0.63,88.62,90.02,80.15
2010,55650,0.6,0.79,0.79,70.16,72.53,63.15
2001,112296,0.57,0.25,0.13,67.33,70.64,57.81
2004,65575,0.13,0.64,0.26,83.29,78.19,69.77
2024,101092,0.67,0.61,0.85,59.74,68.29,38.06
2006,234078,0.9,0.02,0.69,26.57,24.24,5.0
2010,87176,0.79,0.52,0.0,69.13,59.27,70.75
2011,121682,0.25,0.74,0.06,48.64,70.81,47.52
2015,49639,0.12,0.73,0.2,80.6,87.75,74.59
2001,220820,0.37,0.6,0.45,32.63,38.44,5.0
2002,218244,0.58,0.43,0.82,24.83,42.66,5.0
2002,41469,0.62,0.8,0.11,73.67,82.07,84.59
2016,196093,0.72,0.81,0.08,25.19,45.69,18.67
2013,15596,0.65,0.8,0.16,89.03,90.02,90.22
2015,186502,0.17,0.39,0.78,38.72,49.83,8.63
2012,160376,0.95,0.82,0.19,42.94,48.82,34.45
2021,226031,0.98,0.95,0.37,22.43,21.73,5.0
2014,170754,0.57,0.16,0.49,57.4,48.79,20.01
2017,149693,0.75,0.91,0.31,34.7,54.74,32.9
2007,57823,0.58,0.38,0.08,77.09,79.81,79.89
2018,121474,0.02,0.48,0.19,53.8,68.01,39.92
2011,167710,0.0,0.44,0.55,50.42,44.32,28.24
2024,68358,0.36,0.69,0.81,68.18,85.72,62.31
2017,142913,0.95,0.81,0.73,56.08,52.11,24.89
2003,227481,0.47,0.4,0.36,17.4,31.79,5.0
2009,36704,0.62,0.13,0.1,89.48,87.13,82.37
2008,246120,0.66,0.03,0.79,29.59,24.79,5.0
2022,162393,0.01,0.27,0.78,52.22,68.1,27.33
2013,6196,0.64,0.54,0.87,95.8,98.61,80.99
2020,140584,0.85,0.11,0.4,57.23,55.32,36.36
2008,63645,0.52,0.25,0.44,70.79,84.13,55.34
2020,123450,0.6,0.29,0.4,57.99,63.77,51.73
2007,244491,0.28,0.62,0.7,17.42,38.19,5.0
2000,225186,0.92,0.38,0.81,28.65,31.63,5.0
2005,22125,0.7,0.04,0.37,85.07,86.61,80.23
2005,118308,0.15,0.81,0.15,51.58,68.93,50.92
2005,103030,0.58,0.03,0.69,65.25,63.84,49.96
2023,211674,0.78,0.99,0.66,22.35,39.63,5.0
2021,165015,0.37,0.22,0.11,51.77,49.01,34.79
2019,93011,0.16,0.53,0.5,66.66,69.37,53.43
2018,65135,0.85,0.26,0.43,79.86,66.4,65.75
2004,176597,0.65,0.34,0.17,43.25,50.25,28.82
2006,6989,0.01,0.28,0.18,100.0,100.0,96.74
2010,209544,0.42,0.57,0.71,31.88,42.65,5.0
2007,149071,0.85,0.86,0.51,49.49,48.94,18.49
2021,212681,0.64,0.62,0.78,25.35,36.14,5.0
2015,137476,0.27,0.04,0.74,60.66,63.07,25.23
2000,233358,0.3,0.27,0.52,31.22,41.05,5.0
2024,75689,0.4,0.43,0.05,64.78,68.91,68.16
2013,47434,0.99,0.25,0.35,84.47,79.97,80.67
2009,162246,0.58,0.06,0.65,57.91,45.59,21.7
2000,74791,0.53,0.12,0.19,77.6,68.65,64.13
2001,84236,0.98,0.75,0.61,57.7,63.35,61.55
2015,11042,0.45,0.79,0.36,84.25,94.49,80.29
2010,9923,0.49,0.87,0.19,82.14,91.71,88.86
2017,174152,0.04,0.52,0.25,41.61,58.5,25.97
2001,96485,0.69,0.43,0.89,68.17,73.18,49.93
2007,68303,0.3,0.16,0.95,80.7,75.12,56.46
2007,137322,0.99,0.45,0.91,57.43,44.86,20.05
2024,39191,0.85,0.07,0.47,94.52,76.32,72.67
2016,63802,0.69,0.65,0.27,78.43,75.23,66.97
2007,163510,0.19,0.03,0.79,60.7,58.83,11.79
2018,109659,0.27,0.71,0.9,63.95,66.2,23.15
2023,191753,0.41,0.98,0.72,29.63,40.26,12.24
2002,130289,0.94,0.97,0.58,45.43,50.96,31.52
2004,221047,0.85,0.49,0.77,27.63,24.51,5.0
2023,231182,0.75,1.0,0.73,11.34,30.16,5.0
2012,70390,1.0,0.57,0.18,72.76,69.48,73.62
2022,32517,0.44,0.69,0.67,84.03,83.98,77.74
2017,215259,0.75,0.66,0.41,38.06,36.76,5.0
2021,65291,0.11,0.11,0.41,80.43,79.42,62.0
2022,107036,0.03,0.08,0.3,65.54,74.06,50.3
2018,178772,0.18,0.22,0.4,41.16,49.29,26.06
2011,121495,0.3,0.5,0.43,52.84,65.43,44.06
2000,202231,0.55,0.32,0.34,34.33,43.43,18.24
2010,105848,0.1,0.3,0.48,68.99,74.68,44.32
2020,136710,0.95,0.18,0.73,53.86,58.19,28.47
2022,191403,0.21,0.71,0.39,40.83,46.12,22.54
2000,47449,0.16,0.53,0.1,81.29,87.61,77.9
2001,176878,0.83,0.12,0.81,40.58,43.79,18.89
2011,238603,0.74,0.99,0.28,18.59,29.52,5.0
2008,169669,0.99,0.16,0.69,50.15,42.88,19.84
2001,134631,0.58,0.48,0.63,49.43,57.2,32.18
2017,214832,0.08,0.15,0.83,36.21,52.81,6.59
2022,242665,0.55,0.38,0.74,19.74,39.28,5.0
2000,169317,0.47,0.62,0.91,40.72,48.5,12.85
2014,233026,0.53,0.92,0.59,21.91,23.04,5.0
2000,217831,0.2,0.3,0.66,31.51,40.82,6.63
2006,249607,0.61,0.81,0.39,8.92,26.28,5.0
2006,77195,0.6,0.63,0.95,63.5,76.38,45.68
2004,157986,1.0,0.27,0.43,46.46,51.52,25.11
2007,41303,0.81,0.21,0.82,86.3,71.11,60.4
2012,103707,0.91,0.74,0.13,54.46,62.39,56.3
2017,141581,0.75,0.78,0.5,52.26,57.05,25.52
2016,145717,0.25,0.41,0.7,51.03,60.65,26.35
2013,122869,0.98,0.42,0.39,60.21,58.14,45.09
2002,104059,0.43,0.08,0.99,63.45,66.8,43.73
2005,225166,0.27,0.48,0.69,28.38,37.86,5.0
2014,87098,0.76,0.68,0.45,60.4,70.5,51.75
2017,33717,0.79,0.77,0.58,80.9,79.99,86.98
2012,1064,0.54,0.82,0.13,90.26,98.7,91.77
2007,210912,0.4,0.0,0.46,44.29,39.11,6.95
2019,175777,0.22,0.92,0.86,40.59,52.09,15.72
2016,38418,0.31,0.38,0.49,83.5,95.22,74.88
2017,19009,0.65,0.19,0.23,88.35,87.24,87.55
2016,24714,0.4,0.38,0.91,98.65,85.84,76.18
2006,104705,0.32,0.88,0.8,46.57,59.57,41.18
2018,234436,0.75,0.11,0.15,20.49,21.18,6.33
2021,101937,0.89,0.04,0.5,61.93,59.64,54.89
2016,43839,0.76,0.12,0.12,89.6,75.97,78.31
2009,32355,0.27,0.92,0.69,75.65,89.88,74.79
2023,113312,0.51,0.73,0.78,55.03,60.32,49.85
2012,46758,0.13,0.76,0.79,73.78,95.14,68.45
2015,46319,0.46,0.59,0.95,78.68,77.59,63.23
2004,234164,0.39,0.99,0.12,23.03,37.93,5.0
2021,246360,0.65,0.01,0.05,24.86,24.78,5.0
2012,229814,0.93,0.13,0.14,33.53,36.32,5.0
2013,231940,0.03,0.0,0.05,29.99,39.11,5.0
2006,86844,0.13,0.37,0.14,75.32,70.99,65.79
2002,93466,0.26,0.98,0.06,67.52,76.35,59.55
2019,114740,0.53,0.43,0.81,61.15,63.94,41.11
2002,56119,0.81,0.7,0.53,76.33,73.47,63.85
2008,34780,0.26,0.2,0.32,88.44,86.24,76.64
2018,121993,0.02,0.5,0.03,59.61,70.58,54.26
2023,248296,0.79,0.09,0.92,22.36,27.36,5.0
2020,98843,0.88,0.92,0.04,69.35,63.81,61.25
2006,95710,0.02,0.16,0.49,65.84,74.52,49.13
2013,170545,0.63,0.57,0.11,50.77,48.42,35.77
2016,188389,0.55,0.16,0.89,40.73,35.44,11.92
2003,161611,0.86,0.26,0.11,51.21,50.62,41.11
2009,2647,0.64,0.35,0.41,96.21,86.8,84.37
2016,233310,0.33,0.66,0.5,20.68,32.83,5.0
2011,94386,0.3,0.83,0.07,55.91,70.11,52.87
2021,111363,0.22,0.35,0.62,59.49,71.74,40.66
2001,89517,0.68,0.23,0.21,66.58,62.15,62.98
2014,198031,0.41,0.23,0.3,45.34,42.98,11.17
2016,30711,0.11,0.06,0.37,88.38,79.58,80.8
2017,145802,0.7,0.63,0.54,50.92,57.53,23.9
2003,130159,0.13,0.57,0.1,46.4,69.48,49.94
2019,211254,0.77,0.58,0.69,30.24,37.03,5.0
2003,153296,0.31,0.14,0.57,58.48,59.05,35.02
2015,22369,0.73,0.08,0.42,89.82,83.72,76.44
2004,129695,0.62,0.77,0.74,48.88,52.33,33.14
2012,13542,0.39,0.71,0.74,82.55,76.61,74.34
2017,63237,0.7,0.4,0.7,78.99,71.54,65.93
2005,40242,0.12,0.03,0.81,90.42,76.38,66.87
2009,87829,0.85,0.06,0.28,64.61,75.62,66.13
2020,200700,0.29,0.25,0.76,38.61,53.04,15.25
2016,169506,0.55,0.08,0.74,53.04,57.79,13.1
2019,89793,0.07,0.16,0.91,68.77,82.06,49.24
2003,63329,0.12,0.45,0.71,74.76,87.95,51.13
2009,243607,0.33,0.6,0.58,33.44,40.0,5.0
2010,242324,0.0,0.8,0.59,16.86,32.75,5.0
2017,178354,0.19,0.2,0.13,47.01,50.81,31.29
2003,185477,0.78,0.94,0.86,30.67,40.11,7.35
2019,149530,0.15,0.12,0.49,53.64,58.42,34.36
2009,137682,0.74,0.5,0.6,52.11,53.32,39.11
2014,212355,0.05,0.02,0.6,44.62,39.62,5.0
2024,95904,0.04,0.57,0.27,60.41,73.65,62.95
2011,62346,0.59,0.02,0.17,73.91,77.23,65.71
2018,33561,0.01,0.2,0.84,87.45,85.1,71.08
2011,207227,0.41,0.05,0.2,39.79,43.94,7.27
2017,86597,0.4,0.36,0.85,65.52,70.13,45.93
2010,166842,0.05,0.03,0.88,49.49,57.02,16.02
2001,121504,0.41,0.24,0.28,62.7,63.69,37.24
2007,147695,0.8,0.02,0.45,57.66,48.82,36.94
2021,153872,0.04,0.9,0.78,41.93,60.64,19.69
2012,38252,0.34,0.55,0.15,87.03,87.86,87.45
2011,231443,0.14,0.52,0.6,20.9,40.98,5.0
2019,6121,0.66,0.02,0.22,96.98,91.76,79.78
2006,202791,0.78,0.32,0.82,32.16,30.27,5.0
2011,119359,0.09,0.28,0.9,67.22,70.06,34.13
2001,32376,0.13,0.96,0.23,78.13,100.0,87.39
2000,115903,0.84,0.07,0.74,65.7,63.56,39.54
2005,93709,0.18,0.24,0.17,75.36,63.69,49.7
2020,147236,0.91,0.01,0.01,51.31,54.6,38.11
2004,176310,0.29,0.97,0.06,37.24,47.5,34.27
2019,206052,0.55,0.68,0.65,33.94,39.7,5.43
2010,62018,0.25,0.07,0.63,86.83,77.84,67.57
2015,96101,0.18,0.38,0.81,68.34,74.62,43.49
2009,122074,0.49,0.69,0.1,58.61,64.29,55.17
2008,82212,0.44,0.55,0.34,67.74,69.43,63.82
2017,239532,0.51,0.61,0.89,23.57,32.59,5.0
2020,195290,0.03,0.82,0.99,27.63,57.73,5.0
2008,32790,0.51,0.1,0.78,94.63,83.02,73.77
2005,49718,0.42,0.2,0.9,86.07,80.34,67.65
2022,132705,0.56,0.91,0.82,42.35,63.79,25.74
2013,39926,0.68,0.75,0.63,71.85,79.58,75.87
2007,85818,0.99,0.68,0.8,66.68,61.5,51.37
2020,115299,0.47,0.2,0.4,61.6,74.99,48.26
2009,129459,0.81,0.35,0.71,53.27,57.8,34.47
2017,239149,0.94,0.67,0.78,19.16,16.94,5.0
2000,91584,0.82,0.11,0.58,67.47,63.01,50.19
2003,192818,0.62,0.93,0.9,33.3,41.07,5.17
2006,108864,0.54,0.54,0.19,50.78,70.25,53.69
2003,83760,0.98,0.7,0.97,77.54,68.09,53.81
2024,194477,0.9,0.8,0.31,34.01,45.64,13.77
2015,56376,0.87,0.41,0.21,81.09,71.79,71.75
2013,46022,0.34,0.78,0.83,72.24,78.85,63.99
2014,3662,0.22,0.42,0.91,97.94,94.13,86.18
2001,137990,0.28,0.76,0.08,44.95,47.98,46.1
2022,140711,0.89,0.67,0.9,38.69,53.57,32.48
2007,105941,0.86,0.45,0.42,59.68,60.45,51.59
2004,235145,0.31,0.99,0.87,17.72,37.65,5.0
2000,14556,0.43,0.55,0.67,83.63,90.55,77.16
2005,121405,0.12,0.13,0.94,61.09,68.9,40.04
2023,174021,0.59,0.43,0.81,49.34,44.47,13.41
2022,18880,0.36,0.74,0.51,86.51,87.93,70.93
2018,227015,0.32,0.95,0.49,23.45,41.11,5.0
2003,183467,0.27,0.55,0.64,40.2,49.01,13.44
2003,71205,0.75,0.24,0.9,72.72,65.92,52.7
2019,115111,0.5,0.5,0.74,59.56,61.41,37.69
2017,179152,0.35,0.39,0.36,44.02,55.87,19.05
2020,176122,0.24,0.95,0.25,39.12,51.37,27.59
2018,162654,0.57,0.49,0.42,56.1,45.71,36.05
2004,45882,0.2,0.68,0.46,72.2,86.13,83.53
2021,119861,0.81,0.48,0.22,52.53,59.4,46.21
2014,224964,0.42,0.61,0.84,17.96,31.2,5.0
2022,237127,0.38,0.06,0.39,34.4,34.36,5.0
2021,102752,0.99,0.27,0.96,64.42,60.9,42.1
2017,239787,0.93,0.24,0.55,27.46,29.76,6.16
2012,177868,0.05,0.23,0.18,42.46,54.12,25.37
2015,59947,0.54,0.91,0.75,70.47,83.05,56.68
2010,72443,0.37,0.63,0.77,69.56,69.0,50.3
2020,87922,0.87,0.28,0.56,67.01,74.65,60.69
2015,57366,0.78,0.56,0.7,81.34,74.32,67.99
2000,200891,0.01,0.07,0.43,48.63,54.8,10.06
2019,43274,0.67,0.91,0.92,81.5,80.46,66.06
2002,35918,0.32,0.46,0.5,80.65,82.9,79.95
2011,218827,0.06,0.73,0.72,18.72,52.51,5.0
2024,50577,0.8,0.3,0.88,81.08,78.44,63.45
2005,132927,0.61,0.58,0.07,53.65,57.13,52.85
2022,136266,0.6,0.94,0.77,44.15,57.66,31.34
2009,110524,0.99,0.97,0.02,55.5,60.17,50.8
2022,136903,0.98,0.13,0.85,61.45,45.3,32.71
2020,23789,0.95,0.66,0.56,82.08,85.63,79.76
2014,21555,0.76,0.79,0.3,81.53,82.25,85.91
2020,228027,0.65,0.29,0.73,30.52,33.53,5.0
2010,148783,0.74,0.21,0.48,50.28,51.35,19.06
2009,29780,0.57,0.65,0.23,86.25,86.39,86.09
2013,192253,0.98,0.23,0.04,32.81,40.23,19.67
2023,82951,0.53,0.76,0.2,54.98,63.49,67.84
2006,242286,0.38,0.79,0.08,15.2,33.14,5.0
2009,50042,0.04,0.8,0.8,68.88,79.61,62.89
2009,177935,0.79,0.4,0.23,43.5,38.37,19.68
2021,32690,0.14,0.06,0.8,86.6,100.0,71.13
2023,71862,0.78,0.57,0.53,66.78,64.51,61.94
2013,53154,0.08,0.8,0.49,78.1,84.71,67.49
2012,87457,0.82,0.97,0.39,53.0,73.86,58.17
2010,127051,0.43,0.5,0.15,55.21,62.27,51.38
2015,165474,0.53,0.02,0.21,49.94,54.92,30.95
2008,16710,0.27,0.03,0.79,94.32,79.41,78.33
2018,54905,0.01,0.46,0.99,76.19,99.68,59.39
2002,234283,0.19,0.45,0.0,14.27,46.18,14.2
2012,55948,0.44,0.53,0.39,73.6,76.54,69.94
2016,5092,0.8,0.94,0.67,92.37,90.46,79.47
2023,225911,0.23,0.03,0.29,28.59,46.68,5.0
2003,140714,0.64,0.77,0.45,49.41,51.21,33.61
2001,214483,0.59,0.47,0.95,37.46,37.83,5.0
2007,230515,0.15,0.49,0.07,29.03,38.91,5.0
2011,228700,0.22,0.44,0.47,26.83,36.58,5.0
2002,152117,0.69,0.79,0.49,34.69,54.61,34.39
2012,20852,0.88,0.92,0.08,74.14,80.4,88.77
2019,139884,0.78,0.26,0.76,51.07,52.75,25.76
2022,87033,0.71,0.02,0.83,70.59,72.65,45.67
2017,69943,0.92,0.06,0.12,70.12,65.88,64.51
2003,44483,0.82,0.72,0.09,75.41,69.16,89.67
2008,78804,0.15,0.86,0.56,75.66,80.51,56.86
2005,62990,0.54,0.88,0.7,64.69,79.72,53.98
2010,156717,0.9,0.78,0.99,46.2,52.99,9.37
2004,122812,0.98,0.16,0.95,56.77,61.75,31.99
2002,115784,0.01,0.13,0.35,60.41,71.43,44.4
2010,2358,0.2,0.14,0.8,89.88,87.62,87.73
2012,2028,0.94,0.49,0.07,89.84,90.97,100.0
2006,121186,0.94,0.72,0.06,56.93,51.82,41.38
2006,19675,0.14,0.37,0.19,87.55,91.16,86.84
2011,34317,0.5,0.57,0.51,79.35,79.68,80.62
2006,168433,0.55,0.05,0.74,49.36,43.81,11.38
2016,30770,0.28,0.37,0.04,83.42,86.53,87.82
2012,190926,0.33,0.39,0.26,37.61,57.05,15.08
2012,137085,0.67,0.3,0.66,53.68,56.13,28.76
2015,10223,0.09,0.96,0.58,87.36,99.86,85.8
2007,99846,0.25,0.31,0.31,73.33,75.97,46.33
2022,160789,0.87,0.41,0.94,49.7,49.73,19.44
2020,80503,0.33,0.45,0.07,73.58,80.92,57.71
2009,234712,0.43,0.4,0.91,28.59,32.77,5.0
2009,127240,0.24,0.79,0.15,51.59,56.25,52.03
2010,233403,0.95,0.73,0.73,10.95,24.65,5.0
2010,238511,0.8,0.52,0.6,25.32,26.92,5.0
2023,123984,0.92,0.64,0.77,58.89,53.59,36.43
2020,82910,0.01,0.49,0.47,76.63,90.38,50.55
2002,176749,0.36,0.51,0.59,38.72,56.0,14.9
2012,76563,0.91,0.95,0.18,66.57,71.05,58.45
2004,59808,0.4,0.53,0.62,68.21,78.12,60.89
2022,112164,0.28,0.48,0.76,61.33,72.37,41.15
2002,60285,0.61,0.11,0.53,79.65,79.05,64.65
2023,146625,0.78,0.63,0.17,51.16,47.35,46.28
2005,162556,0.02,0.3,0.86,48.09,65.75,10.19
2023,38862,0.58,0.49,0.29,81.6,80.18,70.33
2006,78844,0.62,0.98,0.98,54.84,67.33,43.16
2000,103425,0.18,0.03,0.41,75.23,70.27,46.5
2006,146152,0.33,0.04,0.2,54.09,49.99,49.47
2020,220845,0.12,0.38,0.03,33.48,39.18,5.0
2005,13020,0.79,0.83,0.47,74.14,83.13,85.17
2004,114520,0.41,0.64,0.6,60.13,76.46,48.95
2004,95568,0.99,0.37,0.69,59.33,62.4,52.42
2006,13035,0.89,0.2,0.37,92.7,81.97,89.41
2023,94921,0.11,0.11,0.83,69.89,72.58,49.64
2016,41432,0.73,0.6,0.08,84.7,69.21,75.75
2004,243226,0.52,0.05,0.51,30.63,33.36,5.0
2000,77656,0.71,0.79,0.33,64.28,69.57,59.4
2008,223308,0.87,0.06,0.54,40.34,28.96,5.0
2019,204548,0.9,0.02,0.03,38.08,35.28,14.19
2003,114722,0.75,0.1,0.66,70.48,61.27,28.95
2013,146139,0.09,0.49,0.84,44.52,68.77,18.86
2022,242149,0.58,0.82,0.31,24.13,34.16,5.0
2017,167738,0.42,0.53,0.44,51.27,48.77,28.04
2005,49411,0.47,0.14,0.58,88.87,74.11,72.88
2015,150301,0.3,0.3,0.66,51.05,61.23,19.43
2022,90341,0.01,0.87,0.98,60.66,71.61,38.47
2024,223496,0.39,0.29,0.15,24.22,36.69,5.0
2016,247156,0.32,0.36,0.37,24.35,27.18,5.0
2024,208036,0.72,0.57,0.37,32.89,29.86,6.87
2002,32625,0.91,0.29,0.76,91.75,79.57,74.51
2010,54177,0.56,0.21,0.14,77.72,86.09,70.37
2018,241635,0.53,0.8,0.71,13.16,30.94,5.0
2003,230784,0.16,0.89,0.42,20.26,43.49,5.0
2000,80151,0.52,0.37,0.74,70.18,69.67,61.34
2017,24086,0.21,0.74,0.88,71.27,94.66,71.9
2008,206060,0.55,0.79,0.49,34.12,44.88,5.0
2008,93620,0.74,0.18,0.12,68.19,62.09,61.21
2021,104267,0.76,0.63,0.69,66.39,66.29,45.6
2014,26457,0.97,0.35,0.71,89.06,81.2,70.14
2013,123829,0.77,0.12,0.74,60.01,60.27,48.21
2011,237164,0.74,0.36,0.65,34.78,18.77,5.0
2015,188085,0.68,0.13,0.79,39.95,33.74,12.53
2017,64775,0.4,0.39,0.3,77.31,75.79,75.14
2017,76374,0.37,0.03,0.05,81.0,75.63,67.18
2009,197950,0.33,0.89,0.29,32.57,45.7,7.65
2012,198714,0.22,0.41,0.85,29.99,38.89,8.76
2004,64196,0.36,0.23,0.08,72.52,70.28,77.54
2019,87525,0.17,0.97,0.52,62.77,80.59,50.55
2021,116363,0.34,0.1,0.22,60.94,69.69,52.43
2006,142115,0.34,0.88,0.24,42.28,57.02,34.97
2004,179039,0.8,0.64,0.42,35.3,36.24,13.7
2002,215780,0.09,0.42,0.32,29.04,43.43,5.0
2017,34974,0.82,0.21,0.1,80.83,81.38,83.8
2009,19068,0.6,0.75,0.46,73.83,91.96,81.3
2016,138134,0.34,0.77,0.94,45.19,61.3,31.36
2009,69823,0.33,0.78,0.56,77.07,79.66,56.83
2012,166875,0.37,0.06,0.31,51.75,41.59,34.86
2009,69240,0.46,0.4,0.69,75.58,86.81,58.0
2012,215092,0.15,0.93,0.43,37.26,45.32,5.0
2014,178551,0.88,0.1,0.76,52.46,42.17,11.86
2018,138157,0.98,0.51,0.89,51.51,50.64,31.71
2018,244337,0.91,0.37,0.12,18.86,30.51,6.89
2013,206817,0.65,0.54,0.0,23.96,40.38,19.64
2016,186915,0.93,0.24,0.91,41.43,44.35,8.95
2007,132341,0.36,0.92,0.18,49.44,54.28,60.47
2004,140749,0.72,0.09,0.21,54.55,51.15,45.64
2007,174121,0.0,0.72,0.72,36.56,59.26,16.92
2011,132650,0.62,0.75,0.2,45.78,62.62,44.47
2002,80696,0.98,0.61,0.82,62.27,65.39,47.07
2014,222568,0.67,0.97,0.28,14.76,32.29,7.61
2014,100275,0.41,0.42,0.56,58.58,63.95,45.64
2019,43563,0.01,0.31,0.5,77.88,82.75,73.56
2009,84967,0.47,0.48,0.38,64.68,72.26,70.76
2024,117903,0.28,0.55,0.7,74.04,68.94,39.95
2001,169721,0.07,0.56,0.53,44.65,56.2,17.67
2013,217424,0.48,0.05,0.78,33.69,38.38,5.0
2021,248428,0.05,0.01,0.52,31.7,35.13,5.0
2004,69501,0.02,0.01,0.62,75.01,88.18,57.91
2000,73768,0.46,0.8,0.33,59.21,83.82,70.7
2004,94488,0.26,0.41,0.53,58.7,67.26,51.95
2020,19236,0.56,0.48,0.34,91.76,89.69,87.58
2008,92891,0.9,0.02,0.33,73.06,65.59,55.96
2000,25257,0.9,0.77,0.36,79.89,74.12,84.52
2014,87759,0.95,0.01,0.11,79.76,69.66,62.32
2004,30138,0.37,0.31,0.62,87.94,75.34,84.87
2008,1565,0.24,0.85,0.43,78.12,94.46,88.36
2006,63477,0.1,0.64,0.63,77.05,86.82,59.44
2002,43005,0.79,0.05,0.66,88.85,81.64,85.6
2014,249687,0.36,0.95,0.52,13.1,34.78,5.0
2014,6045,0.21,0.5,0.08,92.95,91.55,95.58
2014,150164,0.65,0.61,0.68,58.17,49.43,25.53
2009,212577,0.7,0.83,0.41,23.43,43.45,7.82
2006,8073,0.08,0.44,0.47,85.21,95.83,76.23
2001,236214,0.58,0.58,0.05,23.76,30.29,5.57
2019,211275,0.56,0.75,0.99,31.81,37.34,5.0
2019,78171,0.39,0.94,0.16,71.25,75.46,60.26
2013,193080,0.02,0.48,0.41,32.02,51.34,9.13
2008,52452,0.72,0.68,0.95,77.11,79.55,71.0
2009,29534,0.15,0.05,0.34,88.99,92.93,76.04
2017,50528,0.58,0.7,0.31,70.36,80.58,72.4
2024,213730,0.51,0.4,0.54,32.41,37.25,5.0
2010,107148,0.14,0.37,0.17,57.35,68.39,49.46
2018,38869,0.08,0.72,0.62,79.2,84.63,72.73
2009,78329,0.14,1.0,0.26,60.64,83.08,55.02
2015,237297,0.84,0.88,0.83,19.87,35.96,5.0
2006,76301,0.61,0.14,0.28,80.14,75.33,59.16
2019,225912,0.4,0.65,0.98,31.5,37.7,5.0
2021,220450,0.08,0.19,0.23,38.54,45.22,10.78
2023,222613,0.59,0.37,0.88,35.76,35.1,5.75
2001,178669,0.39,0.79,0.02,30.11,52.99,32.16
2024,232891,0.82,0.59,0.1,23.36,26.6,12.58
2013,244302,0.89,0.12,0.02,23.98,21.14,5.0
2011,187614,0.82,0.42,0.26,45.06,36.86,25.96
2012,60760,0.59,0.74,0.38,69.98,74.39,69.28
2013,1572,0.65,0.07,0.0,94.26,86.56,96.43
2016,85178,0.79,0.04,0.63,73.47,66.27,51.51
2024,130352,0.94,0.68,0.39,46.17,52.0,46.13
2015,59406,0.97,0.88,0.19,68.67,69.56,67.53
2002,31104,0.94,0.45,0.1,90.17,73.26,85.4
2009,199642,0.18,0.52,0.17,34.27,47.28,6.31
2009,134932,0.56,0.28,0.82,58.39,61.52,32.12
2023,225932,0.03,0.51,0.01,28.39,39.55,7.81
2008,114525,0.46,0.97,0.91,67.58,59.95,38.06
2022,43581,0.6,0.33,0.91,80.79,77.71,69.84
2017,127474,0.89,0.92,0.02,39.28,44.24,48.16
2012,90175,0.92,0.72,0.63,62.24,59.38,51.94
2015,148163,0.84,0.37,0.98,56.25,49.6,21.67
2000,224680,0.83,0.53,0.81,27.01,36.2,5.0
2019,51230,0.69,0.57,0.42,76.83,82.32,64.19
2003,148816,0.67,0.33,0.89,56.33,50.53,19.61
2009,222831,0.59,0.87,0.07,29.0,38.89,5.0
2017,184497,0.93,0.18,0.56,38.84,39.81,13.77
2011,159047,0.12,0.5,0.24,42.26,60.33,34.56
2009,191954,0.35,0.63,0.72,29.05,47.11,6.19
2009,178467,0.51,0.27,0.1,43.53,47.08,20.15
2014,46449,0.12,0.27,0.41,79.16,84.54,80.81
2017,172692,0.63,0.68,0.29,38.2,52.29,21.87
2003,69244,0.28,0.82,0.83,70.87,82.55,49.88
2005,223816,0.98,0.89,0.98,24.0,28.75,5.0
2007,157806,0.81,0.22,0.7,51.39,52.49,19.99
2007,169513,0.63,0.29,0.82,46.95,43.06,6.03
2017,157031,0.59,0.2,0.74,49.42,51.1,22.63
2006,179788,0.98,0.5,0.24,40.62,40.87,17.66
2015,130485,0.76,0.65,0.65,52.93,58.11,39.89
2015,233308,0.69,0.42,0.73,20.03,37.33,5.0
2000,165083,0.67,0.01,0.01,55.54,46.58,31.02
2010,77618,0.01,0.18,0.17,83.16,79.42,66.52
2004,186714,0.51,0.61,0.09,33.38,43.41,15.8
2024,52567,0.16,0.65,0.49,77.01,84.96,77.62
2007,247897,0.17,0.06,0.36,28.7,36.23,5.0
2009,112568,0.23,0.5,0.05,63.35,74.35,53.39
2024,30957,0.61,0.92,0.43,76.69,79.71,80.15
2023,196680,0.09,0.97,0.4,32.03,56.66,13.71
2024,132929,0.42,0.67,0.58,54.41,52.25,25.4
2012,82535,0.79,0.24,0.41,67.66,69.32,62.58
2004,209873,0.36,0.27,0.61,31.79,49.51,9.61
2001,84617,0.4,0.39,0.57,63.57,77.06,53.74
2014,66955,0.74,0.79,0.61,66.9,74.61,65.38
2018,174043,0.42,0.11,0.64,57.5,55.27,10.68
2013,120414,0.37,0.39,0.17,66.38,61.46,54.26
2004,77420,0.49,0.04,0.21,73.24,70.47,65.54
2013,84435,0.18,0.73,0.79,58.56,76.57,58.68
2004,212617,0.57,0.03,0.25,51.84,36.44,5.0
2013,149866,0.6,0.1,0.09,52.27,47.89,37.41
2001,3106,0.01,0.52,0.38,88.47,100.0,89.13
2012,100205,0.38,0.89,0.45,55.3,66.29,49.81
2011,142089,0.38,0.48,0.64,46.22,58.58,23.87
2012,42789,0.57,0.42,0.45,74.03,81.36,75.02
2018,85640,0.03,0.73,0.33,66.69,81.16,61.31
2023,127825,0.98,0.43,0.7,64.83,51.65,35.61
2022,238354,0.1,0.43,0.7,28.32,39.13,5.0
2008,7074,0.29,0.8,0.13,87.07,95.41,88.94
2009,109000,0.34,0.21,0.72,66.51,60.42,44.11
2017,178076,0.91,0.3,0.63,43.72,49.53,9.49
2007,102099,0.7,0.26,0.55,68.07,62.9,45.72
2001,190325,0.18,0.14,0.76,41.27,48.09,13.17
2000,194959,0.55,0.59,0.43,29.57,45.43,14.21
2011,168259,0.23,0.06,0.18,41.64,48.05,28.24
2006,233701,0.62,0.26,0.34,36.21,35.91,5.0
2019,168723,0.44,0.77,0.26,48.29,44.66,30.36
2017,240729,0.74,0.52,0.89,24.53,28.46,5.0
2023,109843,0.81,0.65,0.64,53.45,63.93,38.94
2003,139604,0.32,0.71,0.54,47.75,59.98,33.99
2023,25991,0.67,0.6,0.91,79.89,85.57,64.29
2015,221596,0.82,0.83,0.78,27.41,29.27,5.0
2007,26168,0.23,0.68,0.31,86.92,83.71,74.45
2008,74063,0.15,0.86,0.84,73.2,71.36,55.28
2002,8359,0.94,0.44,0.85,87.98,85.48,83.98
2010,146530,0.38,0.72,0.93,45.94,50.35,24.56
2016,104772,0.76,0.0,0.96,69.03,53.96,33.67
2001,202126,0.6,0.24,0.99,28.22,45.62,9.35
2019,25835,0.4,0.75,0.61,69.37,87.61,86.87
2008,245807,0.2,0.46,0.05,19.99,35.19,5.0
2018,17944,0.05,0.33,0.35,92.28,99.04,82.95
2017,43087,0.96,0.1,0.48,85.86,78.46,72.2
2019,172663,0.64,0.16,0.98,49.3,48.63,10.35
2020,161717,0.69,0.74,0.34,40.93,48.23,26.04
2019,45891,0.02,0.0,0.49,80.28,82.05,67.11
2022,62095,0.41,0.03,0.03,82.95,81.93,84.08
2011,46813,0.96,0.0,0.27,92.47,77.48,82.34
2021,63334,0.67,0.36,0.0,77.22,80.78,74.05
2021,106150,0.26,0.72,0.74,69.69,69.02,44.45
2020,80216,0.04,0.39,0.7,80.36,81.15,51.14
2016,130068,0.78,0.1,1.0,61.36,55.81,25.86
2002,132355,0.78,0.16,0.64,62.75,58.8,43.74
2023,239537,0.2,0.19,0.64,22.18,38.03,5.0
2013,49167,0.88,0.25,0.0,76.07,71.08,75.12
2010,42205,0.52,0.01,0.47,84.33,76.47,79.68
2011,37889,0.53,0.6,0.92,81.71,84.02,61.16
2014,229921,0.08,0.73,0.16,20.07,38.85,5.0
2013,221057,0.51,0.16,0.48,37.18,35.57,5.0
2014,144268,0.57,0.52,0.68,48.63,50.31,33.89
2021,185894,0.66,0.05,0.59,43.69,45.0,6.19
2018,40376,0.86,0.85,0.25,75.36,74.68,80.48
2024,225384,0.55,0.19,0.6,29.56,38.62,5.0
2003,169726,0.84,0.37,0.31,53.48,46.37,25.78
2022,96161,0.78,0.82,0.02,62.71,64.56,65.14
2001,131527,0.8,0.59,0.69,58.72,59.59,33.48
2008,62837,0.02,0.36,0.15,73.05,84.91,70.69
2000,142934,0.9,0.99,0.92,50.18,47.94,31.92
2020,43941,0.38,0.94,0.83,75.99,82.22,56.45
2006,201154,0.74,0.95,0.55,24.96,50.35,9.05
2016,107431,0.32,0.49,0.55,57.4,60.97,34.7
2017,104103,0.26,0.89,0.33,53.77,69.63,46.34
2010,52951,0.06,0.61,0.58,72.49,87.64,67.34
2009,199094,0.87,0.98,0.84,29.22,35.6,5.0
2016,131529,0.85,0.3,0.78,55.67,55.75,33.21
2006,9465,0.58,0.14,0.82,97.56,88.2,70.99
2016,2410,0.6,0.1,0.69,100.0,86.24,84.1
2012,109052,0.78,0.18,0.15,65.22,54.86,49.65
2012,55792,0.12,0.96,1.0,66.96,82.69,46.87
2020,183665,0.42,0.0,0.71,41.71,49.68,16.69
2018,114623,0.49,0.42,0.89,67.47,64.36,36.19
2008,5267,0.96,0.95,0.82,84.0,85.39,75.13
2024,27504,0.46,0.88,0.19,86.07,74.78,85.36
2008,232139,0.51,0.57,0.31,20.88,30.17,5.0
2009,129374,0.29,0.27,0.49,58.64,76.03,39.34
2023,180414,0.73,0.53,0.66,43.44,51.72,21.22
2020,64132,0.43,0.12,0.77,85.06,70.51,54.28
2024,72360,0.64,0.49,0.63,71.21,73.67,56.71
2010,181442,0.42,0.28,0.5,46.13,48.73,14.36
2023,133643,0.65,0.3,0.49,55.16,58.73,36.03
2018,185507,0.19,0.3,0.18,41.3,54.19,24.22
2001,5459,0.6,0.59,0.12,87.54,92.2,88.27
2015,226779,0.47,0.0,0.53,38.57,32.02,5.0
2022,66105,0.01,0.99,0.51,63.3,84.66,63.44
2021,100757,0.36,0.79,0.77,55.01,64.13,45.21
2015,180560,0.78,0.64,0.19,43.91,41.08,12.3
2019,90500,0.61,0.9,0.91,52.68,56.45,50.79
2020,79494,0.31,0.78,0.38,65.41,79.63,65.78
2020,36807,0.81,0.34,0.34,81.0,74.52,88.41
2024,183878,0.37,0.29,0.88,50.82,42.87,5.0
2013,71721,0.7,0.21,0.26,74.49,77.98,67.51
2007,213032,0.27,0.81,0.68,31.87,40.6,5.0
2007,224138,0.29,0.15,0.39,42.11,40.28,5.0
2011,109124,0.83,0.03,0.45,68.48,53.52,49.49
2005,31096,0.52,0.33,0.55,82.86,79.54,68.32
2024,153949,0.11,0.2,0.1,43.28,47.92,34.81
2024,238836,0.27,0.28,0.55,27.3,44.92,5.0
2013,45024,0.99,0.54,0.6,73.1,69.95,72.78
2013,187364,0.24,0.57,0.95,36.15,52.26,5.64
2002,70518,0.68,0.57,0.87,71.38,74.65,64.63
2003,222228,0.93,0.56,0.09,32.48,30.19,5.0
2016,152602,0.78,0.63,0.42,48.44,57.17,31.79
2019,61436,0.7,0.02,0.51,76.17,77.33,59.91
2006,20378,0.39,0.3,0.38,91.29,91.73,77.51
2020,62709,0.84,0.62,0.69,76.92,69.72,56.19
2002,6423,0.68,0.63,0.77,86.42,82.99,88.88
2003,10997,0.58,0.97,0.14,80.7,89.46,98.42
2009,216311,0.84,0.07,0.47,42.03,32.76,6.13
2000,109575,0.95,0.02,0.91,58.73,58.09,32.35
2019,27253,0.58,0.49,0.18,83.53,83.61,84.33
2016,6047,0.81,0.38,0.06,93.62,81.96,89.67
2016,17280,0.4,0.89,0.68,75.31,86.54,78.29
2013,27523,0.56,0.83,0.99,80.77,83.26,72.6
2024,140287,0.04,0.46,0.66,49.22,59.78,32.47
2017,212027,0.78,0.67,0.52,34.67,33.56,9.78
2005,247048,0.97,0.24,0.34,22.78,24.13,5.0
2014,46900,0.37,0.21,0.81,79.42,80.52,61.7
2015,196453,0.99,0.28,0.29,39.06,34.77,12.13
2011,230958,0.72,0.58,0.81,24.36,32.11,5.0
2001,131689,0.32,0.08,0.17,58.75,61.6,46.48
2012,199924,0.92,0.6,0.4,27.4,45.18,15.18
2016,110302,0.24,0.53,0.43,64.28,67.73,49.45
2000,48753,0.03,0.68,0.12,81.06,78.46,76.93
2002,93558,0.44,0.35,0.52,69.37,62.8,46.9
2001,103093,0.51,0.27,0.28,60.62,69.4,53.43
2021,153600,0.9,0.68,0.74,48.44,43.8,26.53
2001,143797,0.84,0.65,0.83,50.62,57.73,30.19
2003,186843,0.79,0.19,0.54,52.0,50.59,15.23
2020,98433,0.31,0.98,0.54,63.05,68.83,45.05
2003,86879,0.1,0.8,0.87,67.26,81.43,50.44
2015,118879,0.87,0.76,0.08,52.17,56.45,46.4
2007,43238,0.42,0.18,0.79,82.36,86.17,67.92
2017,59412,0.59,0.71,0.1,68.89,72.72,72.42
2008,21670,0.32,0.99,0.97,86.15,99.62,78.48
2014,64682,0.74,0.62,0.64,69.72,68.38,55.42
2016,100453,0.21,0.55,0.14,67.06,74.13,60.06
2004,23651,0.47,0.4,0.93,82.54,92.22,70.59
2018,218873,0.08,0.34,0.19,35.94,49.75,8.64
2002,143876,0.94,0.28,0.94,55.02,49.72,24.57
2007,160795,0.19,0.32,0.97,45.83,68.47,7.44
2001,158297,0.86,0.99,0.8,53.78,55.72,16.91
2014,191407,0.62,0.96,0.21,31.71,60.69,16.31
2000,65340,0.16,0.51,0.48,70.24,77.16,62.95
2013,107714,0.53,0.44,0.21,64.66,69.74,54.93
2009,166232,0.93,0.66,0.2,48.17,56.7,36.04
2017,81012,0.18,0.21,0.56,66.35,73.41,59.69
2007,233255,0.46,0.95,0.64,20.2,28.6,5.0
2021,233706,0.05,0.29,0.13,32.12,50.15,5.0
2012,152022,0.94,0.96,0.54,42.28,43.73,22.93
2006,123798,0.26,0.75,0.95,56.62,69.94,30.03
2018,135437,0.34,0.45,0.19,56.28,61.13,34.64
2011,230001,0.7,0.06,0.78,29.26,30.33,5.0
2023,145320,0.3,0.08,0.13,60.07,63.62,41.49
2004,239189,0.94,0.75,0.95,26.47,32.01,5.0
2002,76085,0.34,0.46,0.11,85.8,75.09,57.1
2022,128843,0.47,0.64,0.16,56.35,62.52,45.06
2020,126965,0.46,0.1,0.32,61.07,50.59,34.62
2000,84932,0.92,0.85,0.42,57.2,71.0,53.65
2000,237705,0.97,0.46,0.22,10.99,28.19,5.0
2003,55997,0.35,0.21,0.07,84.85,94.49,82.22
2008,198695,0.36,0.06,0.07,47.25,37.18,10.45
2018,174718,0.82,0.75,0.55,42.33,41.76,15.5
2013,109754,0.35,0.56,0.37,58.13,70.58,54.86
2013,193708,0.51,0.28,0.46,41.98,41.68,19.47
2021,118040,0.7,0.35,0.57,59.31,56.97,45.21
2010,5444,0.0,0.96,0.91,87.89,95.79,74.73
2010,3218,0.69,0.28,0.91,98.9,97.12,80.86
2013,134887,0.14,0.4,0.23,57.27,54.5,49.86
2019,215311,0.42,0.58,0.81,31.38,43.75,5.0
2020,212015,0.14,0.61,0.2,29.06,34.56,12.06
2006,167505,0.26,0.76,0.98,43.5,58.34,8.43
2001,124570,0.68,0.76,0.76,49.87,63.82,34.02
2013,104360,0.07,0.85,0.79,47.24,74.44,44.2
2004,132545,0.94,0.96,0.01,55.49,58.95,41.67
2003,152297,0.75,0.54,0.12,48.01,47.07,35.3
2019,145376,0.52,0.46,0.95,54.34,50.8,22.87
2000,195192,0.62,0.88,0.03,30.11,40.01,19.6
2007,185303,0.44,0.13,0.23,48.09,55.19,34.79
2023,154501,0.93,0.44,0.9,49.04,43.8,17.07
2003,200125,0.25,0.52,0.47,39.26,47.81,14.65
2005,57179,0.27,0.44,0.3,81.9,77.83,68.82
2005,197267,0.74,0.58,0.52,43.08,36.42,5.0
2018,83589,0.43,0.12,0.27,74.41,73.78,50.16
2014,125321,0.4,0.14,0.18,67.39,69.04,45.89
2024,128046,0.94,0.3,0.85,50.65,51.79,29.72
2012,29991,0.59,0.66,0.9,83.29,87.41,73.29
2006,23775,0.39,0.53,0.99,82.89,83.67,72.06
2001,23117,0.22,0.52,0.68,79.79,97.6,69.12
2002,241258,0.05,0.33,0.3,13.95,37.9,5.0
2004,181000,0.05,0.1,0.14,42.08,52.0,16.84
2017,200616,0.36,0.58,0.08,26.74,48.53,12.79
2001,218946,0.55,0.96,0.85,18.55,30.84,5.0
2022,249126,0.59,0.8,0.64,16.93,27.82,5.0
2019,29555,0.74,0.95,0.36,77.6,84.41,89.65
2016,227285,0.38,0.93,0.82,29.37,27.19,5.0
2009,178711,0.76,0.74,0.09,37.38,44.94,22.67
2008,3355,0.84,0.58,0.93,87.16,83.87,72.71
2024,80605,0.31,0.42,0.22,63.2,80.83,71.29
2005,199601,0.23,1.0,0.51,29.71,50.5,5.0
2009,42120,0.27,0.63,0.5,83.85,87.81,81.26
2019,1225,0.77,0.95,0.44,86.57,95.08,95.62
2008,74030,0.84,0.64,0.42,60.6,71.38,63.53
2022,116712,0.07,0.66,0.92,53.77,72.45,27.47
2011,224555,0.87,0.37,0.45,30.57,31.33,6.17
2000,32476,0.47,0.88,0.19,66.37,89.02,85.27
2016,206725,0.81,0.59,0.35,39.8,43.24,12.22
2008,189081,0.48,0.72,0.58,32.64,42.55,11.22
2020,243259,0.55,0.14,0.64,37.0,35.65,5.0
2000,146186,0.79,0.5,0.5,57.41,58.72,30.79
2001,22396,0.96,0.2,0.41,90.18,72.92,84.88
2018,101054,0.06,0.6,0.18,61.39,77.25,56.61
2009,31767,0.88,0.8,0.15,72.59,80.61,79.54
2019,130592,0.79,0.18,0.5,62.92,58.29,34.94
2002,162422,0.15,0.44,0.02,42.33,62.79,39.89
2009,108631,0.07,0.87,0.18,56.42,69.99,51.06
2005,230143,0.35,0.46,0.18,28.69,45.68,5.0
2003,228222,0.49,0.58,0.13,24.61,32.51,5.0
2014,201147,0.13,0.03,0.68,40.68,48.87,10.31
2015,78192,0.85,0.63,0.3,66.67,68.4,58.37
2018,144794,0.38,0.54,0.73,51.83,64.12,36.87
2002,78535,0.82,0.5,0.67,73.85,70.38,58.23
2004,220733,0.42,0.6,0.07,22.55,37.68,13.2
2007,157190,0.01,0.98,0.56,46.45,66.9,22.03
2008,185332,0.55,0.77,0.71,33.0,46.01,6.39
2005,143151,0.77,0.09,0.76,60.77,57.54,30.66
2007,235498,0.08,0.75,0.71,17.63,40.19,5.0
2013,37344,0.52,0.88,0.73,75.85,77.0,66.12
2012,104219,0.36,0.91,0.83,59.58,58.3,40.57
2011,183597,0.44,0.57,0.66,34.73,56.95,14.49
2012,101023,0.43,0.29,0.04,57.13,69.41,57.98
2020,89812,0.46,0.99,0.77,63.48,60.74,48.6
2010,182591,0.43,0.06,0.75,53.05,41.58,5.0
2004,110895,0.91,0.67,0.83,61.93,54.51,33.16
2017,90717,0.46,0.47,0.77,64.43,66.49,47.31
2013,20471,0.68,0.92,0.37,76.5,87.48,80.03
2020,11639,0.49,0.83,0.15,87.6,93.81,95.93
2008,28534,0.17,0.7,0.23,73.07,97.14,79.41
2024,147158,0.15,0.37,0.62,54.03,59.08,25.93
2001,74435,0.91,0.8,0.56,69.11,64.22,52.29
2018,241316,0.19,0.9,0.3,16.58,37.58,5.0
2002,89112,0.25,0.79,0.82,51.5,71.03,50.37
2017,141264,0.62,0.16,0.77,61.32,55.04,31.73
2021,88700,0.84,0.01,0.94,78.41,60.94,47.58
2006,234712,0.53,0.18,0.69,27.63,35.15,5.0
2016,148772,0.05,0.56,0.27,56.01,66.69,35.16
2019,215274,0.48,0.84,0.19,19.35,38.96,14.21
2023,52102,0.35,0.79,0.74,69.68,76.47,65.8
2015,187384,0.39,0.18,0.73,36.8,53.12,7.49
2015,118176,0.96,0.9,0.86,53.16,55.9,31.58
2016,63921,0.98,0.26,0.12,75.66,73.85,64.35
2018,96054,0.04,0.85,0.45,57.51,66.77,48.67
2008,10101,0.61,0.26,0.99,91.52,92.69,72.84
2008,32468,0.77,0.9,0.41,75.29,86.99,68.03
2008,141729,0.05,0.04,0.45,63.14,60.33,36.59
2014,168681,0.27,0.05,0.08,36.35,57.31,34.12
2017,123138,0.82,0.93,0.98,46.29,52.51,20.83
2010,2491,0.92,0.65,0.24,92.14,84.12,93.52
2002,124852,0.76,0.97,0.93,54.14,60.03,39.09
2023,169379,0.78,0.76,0.18,39.93,50.72,24.71
2009,57487,0.98,0.75,0.67,68.0,65.3,63.17
2013,6109,0.29,0.72,0.85,99.24,100.0,86.19
2003,13000,0.35,0.16,0.27,92.22,100.0,85.19
2012,47727,0.91,0.05,0.26,90.0,66.11,79.12
2005,120780,0.24,0.19,0.7,69.19,67.26,31.97
2021,48394,0.22,0.93,0.89,68.88,82.26,60.19
2007,115805,0.91,0.6,0.63,52.55,63.78,42.51
2003,76127,0.85,0.19,0.59,77.03,66.31,52.03
2024,173689,0.49,0.23,0.44,47.93,52.33,20.91
2021,212125,0.61,0.98,0.34,24.33,44.28,5.0
2015,120830,0.56,0.65,0.38,54.74,64.64,44.86
2005,5570,0.39,0.48,0.33,91.14,98.98,83.65
2024,136461,0.79,0.25,0.22,57.84,52.36,41.76
2018,7152,0.26,0.85,0.56,80.39,98.72,85.78
2017,217158,0.07,0.61,0.88,29.13,47.57,5.0
2008,91980,0.75,0.35,0.07,72.06,58.18,59.33
2023,152975,0.48,0.5,0.25,56.47,59.77,33.83
2017,205341,0.41,0.35,0.12,39.15,41.09,14.74
2005,86497,0.74,0.92,0.18,57.46,65.1,60.85
2023,205587,0.07,0.49,0.74,31.04,44.62,5.0
2013,192222,0.82,0.04,0.42,45.4,53.37,19.84
2001,50126,0.01,0.73,0.61,69.81,86.16,67.47
2017,50927,0.8,0.85,0.89,76.9,77.49,65.05
2000,152384,0.48,0.45,0.78,45.64,53.85,25.06
2012,244085,0.8,0.47,0.61,22.01,29.24,5.0
2010,83357,0.01,0.11,0.58,70.35,79.07,50.17
2005,229084,0.05,0.75,0.07,24.73,40.01,6.8
2014,49724,0.63,0.64,0.54,73.35,76.11,68.19
2019,94117,0.48,0.16,0.74,65.0,73.39,47.53
2016,48477,0.91,0.74,0.54,70.91,74.77,69.86
2004,22320,0.38,0.32,0.81,92.96,81.83,73.09
2010,209065,0.6,0.5,0.05,29.81,41.75,18.34
2023,232479,0.32,0.19,0.09,36.29,38.52,5.0
2000,55021,0.6,0.24,0.5,81.58,73.69,65.66
2000,87107,0.24,0.98,0.52,56.27,74.65,56.87
2011,161260,0.42,0.4,0.68,44.72,50.31,14.09
2005,16292,0.08,0.92,0.65,84.35,83.64,71.31
2004,189904,0.12,0.84,0.65,25.3,48.83,16.11
2001,88112,0.91,0.1,0.03,82.41,67.85,68.71
2023,165183,0.17,0.18,0.57,47.31,55.42,24.11
2007,42936,0.9,0.8,0.6,89.9,84.57,66.54
2001,10151,0.54,0.41,0.35,85.97,95.2,78.39
2003,73900,0.46,0.99,0.32,60.62,71.44,63.98
2022,160649,0.11,0.03,0.33,56.44,59.38,27.14
2020,56147,0.71,0.18,0.12,86.42,73.64,80.58
2017,84872,0.21,0.83,0.54,58.83,68.94,54.14
2013,248759,0.16,0.37,0.28,29.63,35.63,5.0
2022,112310,0.55,0.33,0.81,70.96,63.17,40.2
2004,229690,0.06,0.47,0.45,23.97,39.77,5.0
2023,198284,0.2,0.01,0.83,40.45,46.4,5.0
2005,151561,0.16,0.17,0.42,48.37,54.99,27.05
2006,119442,0.89,0.11,0.54,64.27,47.74,40.71
2017,144244,0.94,0.91,0.63,51.17,46.03,24.38
2009,56187,0.53,0.12,0.29,80.19,80.04,74.93
2019,91821,0.08,0.73,0.85,66.72,76.46,50.88
2009,121148,0.43,0.89,0.59,54.28,65.28,42.91
2006,202442,0.87,0.73,0.51,22.06,30.07,13.89
2006,105775,0.64,0.01,0.41,70.17,66.42,48.3
2011,84119,0.73,0.61,0.41,68.54,66.68,59.03
2000,110275,0.17,0.11,0.3,71.67,69.96,47.76
2002,149089,0.82,0.92,0.43,47.21,50.84,36.41
2004,145526,0.4,0.15,0.92,62.38,63.12,28.01
2010,187357,0.89,0.91,0.89,17.9,40.27,5.0
2001,237802,0.81,0.52,0.45,25.78,22.14,5.0
2008,46302,0.3,0.75,0.17,76.23,82.53,73.63
2003,94166,0.41,0.33,0.84,69.58,60.41,50.36
2020,30040,0.71,0.57,0.73,79.3,80.29,75.87
2013,202186,0.48,0.38,0.27,39.37,45.87,11.42
2000,246651,0.81,0.97,0.64,15.28,33.34,5.0
2021,53561,0.68,0.46,0.63,73.96,78.03,66.17
2003,30267,0.76,0.05,0.7,95.04,76.27,75.0
2009,94239,0.98,0.55,0.93,55.75,57.15,38.42
2018,50837,0.86,0.25,0.05,86.09,69.12,78.06
2008,93879,0.33,0.23,0.92,70.49,72.44,42.17
2007,197069,0.97,0.3,0.32,39.61,45.26,5.09
2012,73279,0.83,0.65,0.26,77.51,70.8,65.96
2011,16400,0.31,0.5,0.5,90.81,83.49,85.33
2017,132210,0.42,0.83,0.6,44.4,59.4,30.23
2004,53129,0.56,0.25,0.56,80.02,75.52,73.59
2011,67744,0.48,0.45,0.97,73.79,80.08,53.51
2015,174589,0.96,0.99,0.03,43.62,41.47,33.67
2021,34342,0.0,0.67,0.14,86.62,90.23,77.47
2014,221223,0.07,0.05,0.7,30.02,43.28,5.0
2015,77874,0.31,0.09,0.96,78.15,81.26,52.69
2020,80436,0.89,0.86,0.05,61.34,73.28,61.61
2019,109881,0.06,0.89,0.27,54.07,76.49,35.43
2014,47065,0.56,0.9,0.16,72.53,85.06,78.24
2013,75019,0.61,0.9,0.0,62.11,73.73,65.69
2024,94958,0.08,0.81,0.62,60.43,83.11,45.17
2013,80777,0.14,0.57,0.38,74.22,80.82,60.72
2015,25058,0.52,0.35,0.13,97.87,79.14,87.9
2012,5676,0.97,0.78,0.92,90.41,84.98,83.33
2011,60055,0.77,0.54,0.5,81.52,71.2,78.02
2007,27888,0.53,0.3,0.97,84.82,82.26,74.99
2017,248908,0.97,0.23,0.79,24.66,18.22,5.0
2018,126926,0.49,0.81,0.23,53.54,64.67,44.95
2000,106628,0.01,0.21,0.08,64.18,74.43,58.54
2003,24561,0.3,0.82,0.59,81.22,85.87,80.41
2016,13277,0.21,0.26,0.87,89.89,95.56,72.25
2022,42652,0.89,0.51,0.28,79.66,77.49,73.55
2021,158914,0.22,0.55,0.15,50.43,57.21,36.32
2012,67221,0.42,0.31,0.49,74.23,80.85,61.91
2011,237129,0.53,0.51,0.1,26.83,33.63,10.3
2005,221949,0.7,0.95,0.12,29.63,41.05,10.99
2016,70168,0.74,0.68,0.4,69.08,71.24,61.83
2014,105965,0.42,0.72,0.89,56.5,68.91,40.31
2017,128192,0.02,0.39,0.23,52.24,63.49,43.84
2007,176700,0.88,0.5,0.77,41.68,39.53,17.4
2003,43728,0.3,0.54,0.04,82.97,93.19,84.03
2017,176206,0.7,0.56,0.64,43.29,38.55,20.18
2009,153234,0.22,0.04,0.77,59.17,59.05,19.75
2015,16124,0.24,0.72,0.49,81.94,96.87,85.66
2019,39714,0.19,0.35,0.92,81.17,89.63,62.87
2002,212956,0.51,0.45,0.37,29.02,42.42,5.0
2009,133787,0.4,0.85,0.22,49.02,57.21,34.68
2002,211953,0.95,0.28,0.51,35.7,35.79,19.44
2005,67488,0.81,0.05,0.45,82.5,73.42,64.77
2004,127752,0.63,0.1,0.83,63.02,59.67,33.96
2004,168034,0.06,0.85,0.95,35.5,55.24,5.22
2014,77965,0.12,0.06,0.04,76.2,80.92,64.27
2010,31686,0.34,0.73,0.56,79.17,83.41,74.28
2022,99392,0.89,0.38,0.75,62.27,53.35,43.51
2010,23028,0.8,0.72,0.26,85.5,79.97,84.45
2004,49019,0.65,0.5,0.53,79.86,73.33,74.38
2019,25449,0.93,0.69,0.89,75.23,75.18,65.37
2018,117235,0.6,0.57,0.94,66.12,57.55,22.97
2001,158365,0.77,0.59,0.53,53.24,49.21,27.66
2001,145727,0.23,0.32,0.23,46.21,51.95,33.27
2009,39738,0.98,0.04,0.4,94.16,69.62,76.84
2009,242953,0.92,0.66,0.0,17.62,25.27,8.94
2002,179259,0.46,0.43,0.62,44.73,47.94,14.83
2018,174396,0.04,0.85,0.66,24.8,52.67,16.41
2016,125706,0.19,0.08,0.24,68.5,58.69,45.59
2008,8651,0.88,0.67,0.93,85.55,87.58,74.24
2016,129781,0.4,0.55,0.25,42.51,65.11,39.87
2023,79340,0.09,0.71,0.97,67.79,80.05,47.9
2013,232064,0.32,0.79,0.33,15.79,44.6,9.55
2022,226978,0.97,0.78,0.04,29.1,22.82,10.5
2010,232712,0.78,0.23,0.95,35.93,30.32,5.0
2015,237370,0.38,0.5,0.08,33.22,30.55,5.0
2010,11420,0.81,0.69,0.65,92.23,79.51,85.07
2007,65711,0.83,0.18,0.35,83.24,72.42,67.68
2006,234224,0.9,0.23,0.02,27.71,32.19,5.0
2007,202878,0.56,0.45,0.47,33.9,37.29,9.31
2016,72074,0.78,0.31,0.84,71.44,70.23,54.86
2010,26556,0.08,0.61,0.58,81.74,89.97,82.24
2016,149966,0.89,0.63,0.5,52.83,57.85,23.19
2010,124441,0.3,0.06,0.53,62.72,70.78,37.55
2003,128749,0.58,0.23,0.24,65.66,50.94,45.43
2013,24065,0.14,0.37,0.66,81.72,90.84,78.95
2001,155024,0.96,0.5,0.59,51.91,38.02,15.88
2020,79163,0.7,0.18,0.38,83.92,60.37,62.33
2024,201078,0.61,0.33,0.74,37.79,49.16,5.0
2014,93346,0.64,0.31,0.96,68.18,69.28,49.21
2009,1251,0.16,0.28,0.29,87.74,91.83,89.85
2009,160707,0.71,0.82,0.62,42.23,44.99,16.49
2020,192139,0.1,0.0,0.62,43.92,50.75,12.29
2000,142637,0.62,0.94,0.81,39.38,50.36,33.51
2007,183700,0.94,0.86,0.01,29.71,48.21,19.16
2017,89258,0.43,0.74,0.69,62.21,74.55,44.52
2005,52596,0.24,0.24,0.81,77.71,79.88,71.87
2006,95772,0.56,0.62,0.66,55.76,67.83,51.68
2018,49787,0.65,0.78,0.52,76.44,81.3,66.79
2000,224149,0.94,0.87,0.08,16.89,36.15,5.0
2016,41887,0.14,0.62,0.71,71.55,89.09,71.84
2016,72581,0.8,0.76,0.46,64.19,69.98,62.83
2004,198334,0.71,0.16,0.69,42.15,40.68,6.26
2004,234351,0.53,0.18,0.67,24.82,29.69,5.0
2008,201014,0.34,0.76,0.06,34.5,39.31,16.95
2005,172193,0.78,0.38,0.99,47.71,46.5,16.82
2004,9819,0.6,0.8,0.09,94.55,89.02,91.78
2001,143238,0.58,0.9,0.32,35.05,44.75,31.33
2022,180256,0.97,0.12,0.19,39.24,36.33,27.3
2018,4972,0.42,0.73,0.53,83.84,93.35,88.27
2016,203052,0.68,0.29,0.3,42.53,38.73,11.56
2010,69224,0.02,0.89,0.13,60.54,86.56,79.76
2013,215086,0.95,0.03,0.06,36.01,31.63,6.35
2018,210279,0.18,0.51,0.14,30.73,46.05,10.59
2024,107917,0.33,0.55,0.63,67.41,72.35,45.39
2015,130350,0.13,0.65,0.03,47.9,67.01,46.02
2017,149788,0.03,0.54,0.46,44.95,70.45,30.46
2004,3462,0.71,0.85,0.42,89.85,81.99,84.46
2016,71222,0.39,0.41,0.58,75.53,82.35,63.97
2013,95719,0.7,0.45,0.7,73.18,63.04,53.13
2008,181034,0.64,0.37,0.92,49.88,49.57,8.53
2013,28059,0.28,0.42,0.47,78.13,92.82,79.65
2012,177633,0.81,0.33,0.37,46.2,41.25,18.56
2013,232929,0.09,0.62,0.08,20.4,41.49,6.37
2020,26377,0.79,0.97,0.96,73.73,81.79,70.56
2002,142905,0.47,0.98,0.85,37.12,58.18,36.18
2012,208512,0.02,0.91,0.14,32.09,49.36,22.44
2022,117816,0.07,0.93,0.73,45.37,59.33,42.39
2021,108062,0.86,0.87,0.2,59.36,62.05,42.27
2001,181691,0.05,0.35,0.33,50.49,55.34,12.65
2021,150585,0.4,0.97,0.43,41.9,67.48,30.31
2021,9701,0.56,0.33,0.98,94.36,85.6,77.38
2005,125112,0.32,0.25,0.24,58.25,60.76,43.06
2013,85896,0.86,0.08,0.35,81.95,65.72,59.3
2018,136941,0.13,0.61,0.2,39.82,58.3,46.93
2007,7938,0.89,0.04,0.48,99.42,81.3,88.66
2015,161751,0.22,0.64,0.43,46.76,54.04,26.54
2015,172254,0.76,0.18,0.09,43.78,47.02,38.59
2019,21889,0.39,0.22,0.57,91.13,91.48,79.16
2009,57848,0.84,0.4,0.41,81.56,73.94,74.34
2023,141786,0.39,0.28,0.4,58.88,55.35,41.64
2018,151436,0.61,0.94,0.75,39.4,58.37,21.58
2023,223923,0.29,0.05,0.07,40.14,50.14,5.0
2002,249032,0.48,0.98,0.29,19.21,30.92,5.0
2016,25356,0.82,0.63,0.12,80.75,76.78,79.61
2006,29727,0.5,0.8,0.03,79.88,85.63,92.86
2009,163934,0.13,0.91,0.35,35.04,53.18,34.08
2010,110055,0.1,0.59,0.42,62.4,70.91,48.7
2022,245703,0.26,0.34,0.09,28.95,33.21,5.0
2007,197242,0.68,0.52,0.83,33.51,31.82,5.0
2007,216471,0.26,0.99,0.18,19.3,40.75,6.1
2006,62965,0.42,0.65,0.11,75.58,81.78,67.37
2011,243011,0.85,0.96,0.16,9.82,32.24,7.1
2008,118585,0.36,0.88,0.87,56.75,61.53,31.56
2012,89060,0.45,0.85,0.28,58.56,67.96,60.87
2003,220663,0.82,0.95,0.27,22.49,33.03,14.92
2007,134690,0.86,0.03,0.52,57.66,61.83,42.27
2019,68807,0.43,0.7,0.43,71.67,72.67,64.32
2003,77896,0.71,0.54,0.89,70.82,73.89,52.68
2014,94794,0.96,0.72,0.9,64.78,60.78,43.59
2003,33330,0.55,0.14,0.44,87.29,81.99,78.91
2005,124305,0.89,0.73,0.4,54.29,60.29,39.85
2005,189605,0.67,0.28,0.36,39.24,41.58,18.87
2013,185535,0.25,0.21,0.03,44.54,45.3,25.48
2019,147751,0.99,0.48,0.28,49.41,45.46,35.04
2001,104565,0.07,0.87,0.23,58.74,64.05,62.63
2001,13812,0.5,0.85,0.86,86.06,89.24,80.19
2011,145187,0.38,0.8,0.2,48.18,54.42,40.22
2023,30772,0.85,0.71,0.95,89.77,81.5,69.11
2005,14804,0.05,0.77,0.26,92.22,100.0,90.45
2016,201622,0.54,0.27,0.01,42.63,34.38,25.18
2010,93796,0.58,0.08,0.39,71.2,70.14,56.94
2013,24636,0.03,0.89,0.1,82.39,94.58,88.36
2022,20414,0.07,0.76,0.64,80.04,97.72,85.9
2008,9311,0.33,0.8,0.83,85.07,81.57,76.36
2015,177386,0.61,0.29,0.67,45.83,52.27,11.67
2023,78783,0.02,0.43,0.02,77.6,78.19,62.59
2001,33928,0.46,0.56,0.69,87.94,84.78,71.75
2024,172735,0.55,0.34,0.36,52.65,48.5,26.7
2018,243641,0.54,0.4,0.75,28.25,22.77,5.0
2007,234397,0.86,0.51,0.48,23.43,29.98,5.0
2017,221011,0.96,0.22,0.84,30.8,42.05,5.0
2020,239426,0.67,0.8,0.19,15.41,27.34,5.0
2017,247529,0.88,0.95,0.96,16.07,32.99,5.0
2016,109956,0.54,0.62,0.11,61.54,61.92,50.19
2020,69644,0.04,0.93,0.54,67.23,79.21,55.19
2002,94877,0.94,0.17,0.68,67.95,73.95,47.47
2021,179494,0.92,0.07,0.15,46.23,45.99,29.94
2003,21854,0.69,0.08,0.27,90.6,85.02,88.79
2009,212756,0.01,0.49,0.43,33.01,42.12,5.0
2014,91665,0.21,1.0,0.16,49.81,71.39,60.76
2004,11264,0.74,0.47,0.05,81.52,85.76,95.14
2007,51016,0.6,0.74,0.44,74.2,81.47,68.62
2006,122408,0.2,0.13,0.87,58.9,62.22,38.95
2011,14029,0.99,0.27,0.04,91.65,81.9,99.49
2004,165779,0.91,0.27,0.84,49.32,47.78,20.34
2004,79985,0.7,0.2,0.8,66.36,60.26,52.48
2013,205651,0.15,0.1,0.92,45.16,45.8,5.0
2006,115577,0.34,0.48,0.18,59.7,67.82,48.29
2004,45046,0.7,0.59,0.81,78.43,84.67,61.09
2017,143085,0.05,0.62,0.19,41.72,67.54,38.25
2012,32847,0.24,0.85,0.98,72.72,84.42,63.08
2008,179508,0.02,0.04,0.49,46.07,51.54,18.27
2012,25364,0.29,0.27,0.59,84.09,95.81,78.38
2002,166744,0.87,0.23,0.28,47.19,43.98,24.75
2002,96129,0.35,0.05,0.95,70.43,80.23,42.12
2014,205710,0.45,0.51,0.74,20.77,44.49,5.0
2006,245755,0.39,0.19,0.97,25.3,45.59,5.0
2021,13190,0.84,0.93,0.52,85.8,89.29,84.11
2002,107801,0.45,0.29,0.48,63.85,66.24,49.82
2011,136744,0.06,0.15,0.18,52.47,60.57,42.64
2024,54647,0.63,0.2,0.48,75.8,71.61,65.79
2022,76528,0.67,0.23,0.4,70.2,75.29,53.95
2023,243706,0.83,0.45,0.43,23.26,28.15,5.0
2021,148563,0.72,0.71,0.42,51.24,46.11,35.52
2000,48281,0.5,0.71,0.77,69.51,89.07,56.45
2003,69082,0.43,0.83,0.03,75.66,78.99,64.99
2024,204161,0.53,0.39,0.32,36.37,41.36,13.33
2023,99288,0.3,0.06,0.4,75.9,59.46,57.55
2005,181656,0.59,0.85,0.55,42.91,43.8,17.67
2017,249842,0.33,0.99,0.51,6.76,33.34,5.0
2010,107114,0.66,0.8,0.21,60.79,64.94,53.38
2009,142291,0.37,0.9,0.06,38.46,54.44,37.42
2014,86819,0.45,0.8,0.85,53.61,64.6,37.94
2019,204280,0.45,0.39,0.02,36.45,42.24,20.96
2021,43588,0.19,0.18,0.03,88.16,94.34,79.36
2024,25831,0.27,0.89,0.97,80.24,86.18,61.83
2003,74085,0.49,0.9,0.15,70.75,68.08,65.27
2010,129695,0.32,0.44,0.21,56.54,52.89,38.81
2022,227313,0.17,0.38,0.72,34.88,43.06,5.0
2014,38090,0.16,0.7,0.56,75.19,85.03,76.99
2013,6701,0.91,0.6,0.04,88.19,81.66,95.17
2001,159246,0.45,0.09,0.52,56.65,50.03,33.37
2015,66059,0.82,0.63,0.18,75.43,78.1,67.9
2003,71422,0.92,0.05,0.87,77.0,73.34,47.7
2014,116467,0.48,0.43,0.81,60.11,59.3,32.72
2011,247486,0.0,0.93,0.74,21.08,42.22,5.0
2001,92721,0.8,0.13,0.2,72.54,65.89,63.31
2017,24300,0.19,0.11,0.15,98.01,92.15,90.42
2007,119664,0.68,0.42,0.65,61.44,63.85,44.59
2005,130066,0.89,0.07,0.75,64.86,59.95,40.1
2000,201770,0.48,0.04,0.72,45.61,33.65,5.0
2016,170304,0.74,0.27,0.31,57.71,53.64,26.04
2015,5720,0.51,0.51,0.17,89.18,83.67,100.0
2024,155003,0.52,0.36,0.76,49.56,60.33,20.38
2000,138069,0.32,0.84,0.42,37.41,51.26,40.27
2003,150062,0.01,0.2,0.88,57.41,53.89,19.88
2020,149799,0.53,0.98,0.68,54.19,56.62,24.0
2008,192098,0.11,0.9,0.69,41.19,58.58,12.49
2015,152824,0.8,0.63,0.55,45.62,46.32,29.54
2014,104374,0.03,0.9,0.66,59.04,75.73,40.1
2007,42953,0.15,0.61,0.19,76.27,86.07,72.56
2001,238543,0.08,0.5,0.54,23.06,30.57,5.0
2001,190089,0.93,0.43,0.58,47.07,36.37,16.84
2000,143580,0.41,0.58,0.68,46.57,52.82,37.59
2002,112068,0.5,0.2,0.26,73.22,65.13,47.12
2002,65022,0.56,0.07,0.47,68.25,76.94,63.96
2020,186395,0.27,0.99,0.47,25.76,45.91,20.18
2016,244642,0.12,0.17,0.0,25.22,40.12,5.0
2023,86829,0.88,0.84,0.22,71.65,66.5,61.53
2019,241507,0.92,0.83,0.12,15.61,20.48,5.0
2024,43970,0.46,0.59,0.8,81.5,87.15,57.2
2010,67673,0.11,0.91,0.72,60.98,82.65,56.21
2013,47272,0.14,0.71,0.94,73.33,98.75,69.72
2013,161610,0.26,0.38,0.24,50.19,57.02,30.4
2022,167189,0.71,0.61,0.78,43.58,55.08,11.09
2010,159813,0.84,0.41,0.65,45.96,40.56,22.71
2020,5315,0.77,0.81,0.27,78.52,88.47,86.48
2019,8477,0.85,0.17,0.87,85.44,82.38,80.35
2019,143761,0.71,0.98,0.16,39.79,48.63,42.28
2019,83706,0.51,0.74,0.64,61.01,73.55,51.49
2020,241155,0.28,0.6,0.84,15.2,30.15,5.0
2002,168875,0.23,0.03,0.05,48.12,54.19,32.08
2003,116804,0.36,0.02,0.34,65.32,64.71,51.83
2013,41886,0.61,0.44,0.89,86.76,84.99,70.82
2006,103120,0.1,0.47,0.11,65.97,70.97,54.91
2018,8159,0.64,0.27,0.78,96.34,86.39,81.82
2000,162312,0.27,0.08,0.47,49.12,52.63,29.62
2003,59929,0.61,0.92,0.84,72.9,72.18,66.58
2013,122832,0.63,0.46,0.75,70.1,63.75,35.92
2021,76549,0.04,0.49,0.34,68.45,78.69,54.56
2022,122463,0.9,0.0,0.47,46.58,48.72,49.51
2011,83359,0.52,0.13,0.32,73.05,82.58,64.1
2007,162972,0.02,0.55,0.06,42.62,48.97,29.71
2020,215601,1.0,0.66,0.79,27.18,37.64,5.0
2016,224609,0.19,0.8,0.94,28.38,36.12,5.0
2024,215943,0.41,0.41,0.71,33.97,33.76,5.0
2016,48033,0.79,0.31,0.18,79.64,76.34,82.77
2008,201538,0.22,0.89,0.78,32.35,46.56,5.0
2024,157866,0.74,0.01,0.11,51.74,53.25,29.18
2010,18783,0.04,0.96,0.69,82.99,100.0,87.05
2011,106742,0.53,0.92,0.8,51.21,66.01,41.56
2006,243949,0.43,0.29,0.67,23.0,30.34,5.0
2021,108199,0.61,0.56,0.38,60.41,63.1,55.69
2024,120960,0.92,0.84,0.0,55.36,51.26,55.7
2012,223538,0.33,0.85,0.68,15.99,41.57,5.0
2018,223386,0.99,0.61,0.8,23.58,34.23,5.0
2024,79945,0.62,0.33,0.07,67.24,77.3,70.07
2004,56526,0.46,0.07,0.36,88.18,80.73,67.38
2008,152601,0.3,0.56,0.85,57.13,55.66,27.34
2016,203642,0.38,0.26,0.49,39.9,44.88,10.12
2005,65453,0.74,0.58,0.09,70.1,78.76,66.7
2019,104942,0.16,0.81,0.95,53.87,68.81,33.57
2018,236406,0.67,0.39,0.31,22.7,21.46,7.64
2012,6176,0.48,0.69,0.01,89.26,90.08,91.23
2002,65244,0.56,0.61,0.28,69.27,69.18,70.41
2020,129828,0.58,0.09,0.57,51.07,57.55,35.89
2019,63200,0.37,0.34,0.01,76.12,79.07,74.59
2024,84677,0.84,0.15,0.56,78.38,65.08,48.09
2020,56809,0.42,0.55,0.27,76.27,72.59,78.54
2004,6011,0.2,0.09,0.7,97.52,100.0,88.61
2022,63908,0.46,0.08,0.1,80.44,74.78,74.62
2011,171616,0.2,0.26,0.05,46.03,52.89,33.2
2013,163978,0.11,0.88,0.97,48.24,54.9,14.56
2019,220585,0.53,0.9,0.08,27.72,40.54,10.32
2012,128318,0.9,0.84,0.24,59.71,47.48,41.36
2017,101633,0.94,0.65,0.55,59.25,58.64,46.98
2010,53704,0.46,0.58,0.51,69.7,82.39,69.03
2020,127185,0.98,0.13,0.25,61.05,62.0,41.68
2010,123335,0.14,0.02,0.76,76.21,69.86,42.1
2000,109128,0.43,0.97,0.06,54.12,68.73,54.35
2018,155882,0.45,0.31,0.55,46.78,55.57,31.26
2019,217768,0.08,0.43,0.94,32.45,41.5,5.0
2000,147270,0.67,0.28,0.32,61.73,62.71,46.72
2001,105076,0.67,0.66,0.48,65.73,65.13,55.25
2005,113793,0.2,0.5,0.39,64.25,59.88,42.02
2016,57327,0.77,0.97,0.2,68.99,74.23,70.17
2007,93900,0.56,0.12,0.18,60.26,64.93,53.87
2022,116407,0.3,0.73,0.95,50.59,63.7,37.29
2019,115548,0.64,0.4,0.57,62.3,59.56,36.33
2013,190529,0.65,0.66,0.4,38.03,39.65,19.41
2020,231058,0.8,0.26,0.41,32.99,29.08,5.0
2016,75885,0.98,0.82,0.88,62.93,60.35,50.03
2012,132538,0.93,0.86,0.79,48.4,55.38,30.68
2017,146457,0.95,0.29,0.66,59.49,51.01,23.29
2008,97355,0.15,0.98,0.87,49.57,77.34,44.51
2007,152588,0.6,0.96,0.63,39.75,42.03,33.28
2005,53058,0.34,0.41,0.39,78.03,87.13,70.68
2004,53648,0.51,0.98,0.21,69.77,74.25,76.3
2000,197874,0.5,0.43,0.95,32.16,44.33,5.0
2023,196560,0.82,0.23,0.87,48.8,45.67,5.0
2002,145403,0.9,0.49,0.95,51.93,53.69,25.69
2002,2391,0.55,0.78,0.99,85.59,87.56,81.82
2014,89953,0.76,0.31,0.17,73.37,60.83,56.09
2005,179179,0.14,0.49,0.03,38.76,54.66,31.37
2010,168476,0.52,0.69,0.84,41.96,43.86,20.31
2024,142707,0.27,0.84,0.66,42.52,57.12,29.44
2009,124406,0.16,0.58,0.79,59.28,65.02,29.55
2014,31714,0.79,0.22,0.66,89.51,87.23,85.05
2024,225313,0.87,0.5,1.0,23.21,23.66,5.0
2004,142513,0.84,0.24,0.2,50.0,54.15,41.11
2011,14384,0.4,0.61,0.13,86.09,96.36,96.02
2006,114302,0.9,0.72,0.4,61.8,52.53,42.1
2024,162264,0.19,0.61,0.74,48.42,52.6,27.11
2005,197555,0.16,0.76,0.06,32.17,42.18,21.27
2021,83262,0.26,0.59,0.67,67.22,80.9,46.93
2020,72383,0.2,0.43,0.74,71.58,77.2,61.37
2006,89322,0.42,0.79,0.35,73.47,70.23,55.93
2021,36843,0.84,0.48,0.32,80.05,73.38,74.32
2006,143436,0.41,0.26,0.68,54.14,60.09,22.25
2008,222122,0.35,0.11,0.12,38.87,40.01,9.75
2001,242416,0.94,0.8,0.63,14.66,31.73,5.0
2023,115198,0.24,0.78,0.09,58.63,80.76,53.92
2023,16912,0.61,0.68,0.0,73.48,83.16,98.57
2013,171962,0.16,0.58,0.12,40.18,59.16,31.5
2017,219967,0.71,0.33,0.62,31.87,26.72,5.0
2009,108967,0.91,0.98,0.35,50.26,61.98,47.05
2000,249567,0.02,0.15,0.64,25.48,43.71,5.0
2023,199671,0.67,0.86,0.28,23.98,44.88,13.29
2016,162867,0.99,0.85,0.11,36.5,33.41,31.34
2017,169983,0.52,0.66,0.61,49.56,49.87,21.81
2004,87496,0.63,0.95,0.02,56.22,67.0,64.69
2010,33255,0.37,0.84,0.72,69.79,95.82,67.56
2009,179717,0.09,0.92,0.18,28.71,62.1,23.68
2008,5115,0.14,0.82,0.75,88.78,94.82,92.22
2003,139969,0.46,0.72,0.2,51.16,54.15,38.03
2004,136212,0.35,0.42,0.31,56.43,52.94,40.03
2012,60618,0.72,0.2,0.13,85.46,67.66,73.93
2014,42242,0.03,0.08,0.83,89.39,94.82,65.29
2021,115840,0.1,0.62,0.27,64.1,72.96,51.39
2010,29314,0.57,0.01,0.04,92.92,75.7,79.59
2001,88997,0.78,0.51,0.43,62.01,65.97,58.34
2023,249891,0.11,0.75,0.47,14.41,33.27,5.0
2013,65067,0.78,0.97,0.62,73.55,75.16,58.87
2021,15429,0.8,0.1,0.77,90.37,76.96,77.19
2001,46781,0.84,0.16,0.28,83.02,81.18,76.53
2020,135644,0.94,0.71,0.81,52.66,67.24,33.33
2012,198407,0.96,0.96,0.42,28.71,32.14,14.75
2015,20946,0.73,0.37,0.94,95.49,88.55,76.93
2014,3109,0.14,0.8,0.35,89.41,93.06,85.47
2000,55428,0.82,0.34,0.72,78.82,84.52,60.28
2010,30369,0.02,0.28,0.41,77.82,88.23,78.6
2005,87382,0.03,0.06,0.97,74.24,76.45,49.03
2002,126153,0.42,0.1,0.63,65.34,56.71,37.89
2004,243775,0.49,0.75,0.49,18.51,35.01,5.0
2006,174025,0.15,0.34,0.93,36.31,44.78,7.14
2024,100372,0.62,0.65,0.4,58.7,65.53,55.49
2011,77156,0.55,0.56,0.12,68.3,75.94,67.32
2001,107796,0.89,0.13,0.32,56.45,56.23,46.85
2013,36791,0.43,0.96,0.7,87.15,93.71,60.83
2013,184981,0.09,0.46,0.05,38.97,45.11,18.85
2005,182102,0.51,0.75,1.0,45.27,39.89,5.0
2024,74370,0.36,0.08,0.85,79.02,68.28,51.54
2005,11386,0.57,0.18,0.49,97.72,94.98,88.21
2022,87903,0.1,0.37,0.78,61.71,77.5,59.16
2008,7641,0.88,0.9,0.22,88.77,80.39,96.92
2004,32235,0.74,0.81,0.93,83.48,70.69,71.02
2013,97614,0.42,0.23,0.36,70.24,70.33,54.27
2020,116476,0.88,0.89,0.62,55.44,71.81,42.57
2007,95693,0.71,0.22,0.12,59.76,54.6,60.57
2023,27051,0.67,0.11,0.95,96.15,80.46,71.29
2015,246088,0.51,0.78,0.39,12.76,33.14,5.0
2012,244111,0.8,0.08,0.99,32.65,24.3,5.0
2021,63681,0.25,0.98,0.63,65.13,79.94,66.37
2002,186169,0.06,0.73,0.3,30.68,56.71,18.03
2005,78979,0.44,0.07,0.43,71.1,69.84,48.22
2014,24762,0.09,0.9,0.91,82.42,87.63,86.16
2007,159109,0.76,0.83,0.04,45.82,50.37,34.66
2006,239478,0.49,0.76,0.68,20.63,33.08,5.0
2021,79339,0.98,0.45,0.22,75.47,66.39,67.15
2001,33441,0.11,0.27,0.14,84.81,89.52,90.5
2024,73421,0.92,0.35,0.92,81.72,63.23,56.8
2006,75962,0.67,0.37,0.71,64.01,65.9,53.79
2018,238158,0.81,0.06,0.73,29.57,26.9,5.0
2014,93379,0.6,0.72,0.58,56.73,69.29,48.21
2015,69782,0.29,0.97,0.29,62.3,75.28,67.5
2024,109621,0.46,0.65,0.66,54.69,69.19,50.98
2006,197566,0.98,0.51,0.25,28.3,34.53,18.0
2007,35752,0.72,0.69,0.32,75.64,82.15,79.66
2017,29811,0.27,0.36,0.23,89.1,98.23,91.34
2007,42772,0.42,0.3,0.16,90.82,81.61,80.89
2021,34495,0.79,0.18,0.11,87.34,71.14,85.87
2005,202933,0.93,0.49,0.69,30.03,30.2,9.92
2022,130026,0.63,0.86,0.75,54.77,54.42,28.93
2008,107509,0.35,0.27,0.49,63.44,66.26,45.83
2012,13395,0.27,0.04,0.44,88.71,93.12,93.28
2004,159632,0.97,0.44,0.03,33.44,50.37,43.01
2020,9798,0.35,0.8,0.31,84.57,89.66,80.29
2004,12523,0.56,0.88,0.58,83.85,87.08,86.44
2018,87975,0.83,0.9,0.09,58.23,62.87,72.37
2003,41922,0.47,0.0,0.3,100.0,83.79,71.31
2007,20950,0.35,0.08,0.0,86.86,91.73,89.24
2004,47553,0.71,0.53,0.72,81.76,82.04,63.64
2020,121509,0.16,0.04,0.36,61.66,60.89,50.91
2022,126386,0.29,0.28,0.24,53.24,60.97,42.26
2017,212658,0.26,0.93,0.35,14.97,52.04,9.3
2012,149540,0.11,0.66,0.91,59.24,63.78,24.18
2000,178441,0.31,0.89,0.47,36.29,50.79,23.49
2003,193582,0.66,0.97,0.16,39.16,36.29,10.29
2004,186755,0.62,0.88,0.1,30.41,44.68,20.89
2022,108619,0.48,0.81,0.23,58.82,60.47,42.75
2018,191746,0.91,0.65,0.52,24.35,41.43,15.16
2016,45679,0.58,0.5,0.79,78.51,82.71,74.26
2000,231875,0.11,0.48,0.18,31.96,48.5,5.0
2007,94657,0.36,0.57,0.73,62.8,74.85,43.98
2007,226605,0.86,0.12,0.47,28.19,32.38,6.5
2001,53265,0.34,0.42,0.35,78.14,91.61,78.31
2013,217561,0.87,0.29,0.74,37.75,29.98,5.0
2013,181824,0.07,0.58,0.75,44.98,50.28,21.76
2003,156404,0.41,0.05,0.14,53.95,57.05,37.46
2024,174226,0.5,0.78,0.15,41.03,45.89,31.81
2022,130590,0.68,0.06,0.57,66.11,49.36,39.0
2020,143561,0.46,0.03,0.65,50.8,59.99,32.54
2006,10818,0.63,0.5,0.42,88.08,85.67,85.31
2014,124501,0.4,0.15,0.76,68.08,64.93,40.58
2012,151405,0.11,0.66,0.32,43.01,57.54,33.94
2003,210229,0.04,0.2,0.73,31.72,45.8,5.64
2022,144814,0.49,0.22,0.82,60.41,53.19,26.88
2006,249836,0.03,0.91,0.28,17.02,34.08,5.0
2016,45349,0.33,0.04,0.28,97.1,79.63,71.14
2000,155103,0.05,0.34,0.01,46.12,59.27,28.73
2008,221747,0.68,0.59,0.49,23.04,29.71,5.0
2023,156801,0.91,0.98,0.58,33.05,48.01,23.36
2022,198967,0.54,0.13,0.74,43.77,56.79,6.1
2016,57603,0.23,0.61,0.51,77.15,80.63,64.57
2019,97086,0.27,0.41,0.04,70.3,73.39,55.8
2023,120467,0.15,0.37,0.14,61.49,59.41,55.5
2013,127839,0.32,0.12,0.53,71.93,65.63,38.9
2003,28889,0.21,0.18,0.83,83.93,82.5,66.64
2002,65156,0.72,0.86,0.69,65.68,79.5,61.5
2014,38039,0.6,0.17,0.26,83.53,91.74,76.33
2024,117366,0.49,0.32,0.56,60.36,64.02,41.28
2000,91392,0.64,0.44,0.61,71.39,70.3,47.99
2003,30489,0.81,0.2,0.03,86.26,76.43,84.95
2024,162654,0.7,0.09,0.61,57.47,42.02,27.08
2022,81883,0.23,0.46,0.24,73.88,63.04,67.51
2003,49318,0.29,0.03,0.66,94.85,84.6,68.54
2013,86266,0.04,0.38,0.04,67.97,78.45,62.43
2009,69649,0.78,0.9,0.45,57.42,67.98,63.32
2006,125981,0.64,0.24,0.27,66.49,66.05,47.64
2017,171246,0.59,0.85,0.87,27.42,43.27,7.76
2009,36304,0.89,0.7,0.56,78.05,84.09,73.69
2008,19402,0.67,0.18,0.88,92.63,88.41,70.65
2004,77434,0.7,0.68,0.32,65.82,69.89,60.19
2008,68156,0.04,0.95,0.41,63.88,82.9,64.95
2017,207909,0.95,0.84,0.82,17.88,42.91,5.0
2011,29224,0.27,0.97,0.94,77.44,82.11,68.77
2020,63877,0.57,0.42,0.98,78.08,85.37,48.25
2000,162034,0.36,0.65,0.11,46.91,52.49,35.37
2012,127564,0.75,0.05,0.88,68.6,59.64,35.11
2005,208720,0.75,0.86,0.25,21.79,40.14,12.51
2007,81378,0.63,0.88,0.5,64.27,71.76,57.57
2023,191524,0.94,0.49,0.07,31.79,35.33,23.22
2007,217121,0.15,0.14,0.32,28.4,43.03,5.85
2008,188725,0.16,0.66,0.96,31.3,44.64,5.0
2007,59579,0.2,0.95,0.67,69.68,82.02,56.75
2016,138493,0.15,0.29,0.89,68.7,50.08,33.34
2008,210533,0.04,0.97,0.37,28.3,41.74,12.39
2024,70929,0.12,0.82,0.12,66.78,87.11,70.59
2015,148043,0.85,0.94,0.01,44.66,46.08,44.02
2015,171402,0.07,0.73,0.89,38.95,58.9,11.53
2012,238857,0.5,0.54,0.8,23.33,31.53,5.0
2010,181949,0.2,0.46,0.07,41.85,45.78,19.62
2012,33542,0.4,0.38,0.45,79.68,89.55,76.92
2001,215539,0.11,0.12,0.27,38.21,40.98,5.0
2005,32955,0.8,0.48,0.66,90.09,72.86,75.67
2003,93255,0.3,0.47,0.27,66.81,76.0,47.74
2010,53324,0.49,0.69,0.55,79.85,78.86,69.25
2008,132600,0.29,0.86,0.73,48.81,67.45,32.78
2018,182283,0.32,0.94,0.51,27.95,45.24,16.17
2012,14862,0.95,0.93,0.13,80.9,91.11,90.08
2017,149220,0.32,0.27,0.88,54.25,66.07,26.2
2010,69886,0.03,0.29,0.49,73.64,83.2,63.46
2018,120374,0.64,0.33,0.36,57.56,56.88,43.45
2006,222134,0.81,0.64,0.06,25.56,36.41,7.84
2015,192700,0.21,0.75,0.61,32.0,45.77,17.51
2003,178922,0.09,0.82,0.56,32.39,51.43,15.69
2012,73859,0.34,0.19,0.85,77.46,77.83,54.02
2012,56790,0.63,0.07,0.3,82.03,67.46,63.35
2015,161418,0.65,0.44,0.85,56.04,47.83,15.64
2017,223005,0.9,0.64,0.97,23.54,35.13,5.0
2001,182560,0.16,0.93,0.32,33.72,50.61,27.84
2020,225497,0.62,0.15,0.26,27.65,41.91,7.88
2016,63701,0.43,0.71,0.17,75.79,73.69,61.45
2012,61098,0.45,0.17,0.45,78.23,86.62,60.07
2016,30964,0.03,0.92,0.61,70.88,92.87,79.72
2011,139702,0.88,0.55,0.79,56.93,51.29,27.43
2020,19091,0.2,0.31,0.25,94.73,95.33,84.51
2006,29695,0.56,0.69,0.61,76.14,81.74,73.93
2007,67651,0.36,0.2,0.23,81.84,74.0,64.78
2017,143362,0.89,0.3,0.61,58.44,49.7,31.56
2007,216392,0.76,0.06,0.88,45.87,36.25,5.0
2020,24455,0.96,0.88,0.73,76.65,84.96,70.31
2001,160851,0.55,0.43,0.38,51.22,57.29,31.37
2023,75037,0.45,0.6,0.13,65.81,77.96,68.99
2013,53173,0.11,0.85,0.61,70.73,76.3,69.39
2023,170018,0.01,0.64,0.76,45.09,68.78,17.13
2020,160362,0.19,0.84,0.19,29.56,65.83,36.3
2015,207984,0.13,0.24,0.46,41.07,48.51,5.0
2013,39955,0.61,0.57,0.32,83.73,95.36,67.66
2023,101011,0.52,0.16,0.94,70.02,61.62,49.86
2016,30252,0.39,0.33,0.55,87.58,80.95,79.49
2014,202905,0.45,0.55,0.01,32.74,38.24,15.76
2001,23217,0.22,0.61,0.57,83.33,88.93,79.23
2024,200965,0.49,0.25,0.58,34.14,43.55,22.37
2020,46500,0.66,0.14,0.03,83.13,81.54,88.62
2020,234628,0.05,0.61,0.12,19.44,46.32,9.59
2009,82549,0.67,0.14,0.24,80.55,71.67,69.56
2001,19164,0.03,0.8,0.54,77.99,95.89,81.23
2012,38882,0.86,0.76,0.82,69.89,84.31,65.54
2021,34506,0.06,0.72,0.22,69.96,90.95,77.69
2004,126822,0.79,0.18,0.09,53.66,54.03,55.41
2019,82031,0.15,0.94,0.31,65.33,77.26,61.04
2006,139383,0.58,0.69,0.36,53.12,61.9,38.68
2020,74221,0.01,0.02,0.17,82.48,80.43,63.57
2018,195563,0.83,0.48,0.48,39.52,35.45,5.0
2021,19373,0.13,0.47,0.41,82.42,96.33,93.58
2003,19008,0.62,0.67,0.05,81.66,86.83,93.23
2013,177625,0.3,0.01,0.64,45.23,54.35,9.33
2009,154643,0.98,0.53,0.41,48.28,46.07,37.18
2009,160540,1.0,0.44,0.77,39.5,49.83,24.23
2004,172799,0.03,0.44,0.09,45.21,64.09,30.97
2004,189551,0.75,0.47,0.95,35.5,37.82,8.8
2006,106136,0.87,0.21,0.96,66.05,54.71,36.81
2000,6998,0.39,0.47,0.73,95.36,96.2,78.29
2000,249042,0.85,0.9,0.07,25.8,28.07,5.0
2016,201862,0.4,0.95,0.38,31.83,42.41,11.04
2014,92906,0.98,0.23,0.18,63.92,67.62,55.59
2008,193837,0.51,0.53,0.1,35.86,48.96,24.22
2012,116730,0.15,0.53,0.91,53.71,55.23,42.31
2007,16882,0.86,0.6,0.03,85.52,82.36,95.05
2005,213577,0.53,0.57,0.02,26.54,33.7,12.49
2001,111637,0.89,0.12,0.7,64.37,59.74,38.73
2020,107327,0.01,0.44,0.99,60.04,70.93,32.13
2020,106520,0.27,0.7,0.82,51.0,73.36,38.3
2016,224576,0.47,0.91,0.6,16.57,35.66,5.0
2022,160313,0.78,0.17,0.68,63.6,50.93,16.52
2007,207392,0.2,0.46,0.25,33.36,47.61,6.47
2011,40346,0.79,0.19,0.23,88.33,86.09,73.95
2015,179204,0.8,0.33,0.87,49.18,45.04,6.21
2006,221382,0.08,0.4,0.99,27.1,45.34,5.0
2008,102905,0.49,0.18,0.95,63.71,60.95,46.62
2001,219480,0.98,0.58,0.37,26.26,41.53,6.92
2017,150925,0.33,0.91,0.36,36.2,57.53,27.59
2024,70097,0.44,0.13,0.14,69.36,76.82,66.91
2023,176134,0.71,0.53,0.08,45.39,43.2,34.7
2022,91521,0.11,0.08,0.75,68.04,78.85,43.35
2011,211765,0.19,0.23,0.98,35.78,48.89,5.0
2004,22325,0.74,0.76,0.28,84.82,80.26,92.52
2006,128060,0.28,0.71,0.2,47.78,59.43,38.04
2019,177942,0.7,0.66,0.99,43.64,44.86,7.43
2017,55323,0.59,0.06,0.1,86.82,76.9,80.97
2018,50285,0.65,0.47,0.42,78.8,80.66,63.2
2011,174387,0.78,0.18,0.17,42.56,46.0,26.08
2003,119007,0.41,0.94,0.05,43.6,66.08,51.38
2021,89048,0.96,0.51,0.27,76.07,53.45,70.1
2018,232615,0.19,0.58,0.08,23.02,36.5,6.8
2002,204679,0.56,0.5,0.24,32.36,38.43,12.94
2014,63464,0.53,0.19,0.41,73.66,83.96,58.58
2022,249131,0.8,0.14,0.92,17.32,22.11,5.0
2014,107393,0.51,0.39,0.09,70.69,64.27,57.18
2012,104589,0.67,0.81,0.69,54.63,72.56,47.95
2021,182988,0.07,0.59,0.95,37.07,55.63,9.32
2006,79597,0.46,0.07,0.94,76.52,73.52,54.4
2023,102362,0.56,0.1,0.68,61.29,64.53,51.34
2009,164027,0.36,0.78,0.03,40.62,46.06,31.0
2008,94140,0.92,0.07,0.17,70.16,65.22,54.02
2005,55030,0.8,0.91,0.63,73.71,86.28,69.54
2019,161663,0.02,0.45,0.09,48.67,61.68,44.72
2000,109488,0.57,0.0,0.8,73.34,64.22,41.24
2019,25378,0.45,0.68,0.34,79.03,85.45,89.54
2010,214420,0.49,0.74,0.98,20.98,39.47,5.0
2023,64973,0.1,0.92,0.14,71.83,79.84,69.17
2009,220739,0.72,0.62,0.55,19.99,30.02,5.0
2012,37305,0.12,0.35,0.31,90.59,86.89,86.84
2014,77424,0.83,0.03,0.4,71.26,69.38,63.49
2017,181631,0.68,0.75,0.78,38.9,38.62,11.64
2000,96559,0.57,0.22,0.53,65.46,67.84,57.58
2020,153275,0.25,0.37,0.12,50.55,49.02,38.69
2001,178753,0.73,0.34,0.2,40.19,49.13,24.11
2023,224759,0.75,0.61,0.35,22.16,26.9,9.61
2008,205623,0.1,0.53,0.37,35.3,48.38,5.0
2019,83534,0.64,0.54,0.46,73.33,74.03,49.38
2003,69108,0.39,0.49,0.38,82.01,64.69,60.32
2017,131784,0.13,0.49,0.28,61.25,57.61,40.06
2006,242974,0.19,0.87,0.51,16.27,33.15,5.0
2017,80747,0.29,0.17,0.27,78.39,71.74,55.79
2022,153293,0.66,0.62,0.08,50.2,46.94,36.91
2013,168036,0.51,0.85,0.69,40.41,54.37,26.68
2000,223079,0.44,0.43,0.25,29.32,31.94,17.77
2019,77192,0.97,0.54,0.24,65.44,62.0,61.93
2018,232815,0.55,0.71,0.97,21.04,24.72,5.0
2004,78074,0.36,0.77,0.1,64.16,72.61,64.59
2009,241495,0.64,0.39,0.79,20.75,37.08,5.0
2016,165029,0.71,0.15,0.26,52.53,48.35,30.06
2006,66373,0.09,0.65,0.36,84.39,88.38,67.09
2024,172732,0.53,0.1,0.02,49.81,48.0,30.47
2012,52352,0.29,0.45,0.77,79.21,86.93,59.27
2008,239782,0.69,0.8,0.62,15.05,32.6,5.0
2023,217585,0.23,0.71,0.61,24.51,42.43,5.87
2024,188849,0.57,0.76,0.58,33.4,46.11,5.0
2018,160043,0.9,0.6,0.71,42.26,49.73,28.98
2008,82345,0.8,0.74,0.73,65.04,64.03,54.09
2017,34989,0.44,0.03,0.56,91.2,77.05,75.16
2013,33610,0.57,0.42,0.88,89.65,81.02,66.44
2009,88030,0.33,0.88,0.4,66.59,81.18,57.92
2021,178203,0.87,0.88,0.92,27.67,44.46,7.83
2019,219525,0.76,0.93,0.74,23.77,33.78,5.0
2015,222728,0.05,0.6,0.1,21.68,41.35,8.98
2022,130879,0.62,0.82,0.81,44.09,55.65,29.05
2006,230367,0.06,0.34,0.59,31.4,49.47,5.0
2018,179172,0.77,0.97,0.29,32.74,52.73,27.31
2022,33027,0.43,0.69,0.79,79.13,84.97,69.2
2017,198170,0.39,0.59,0.33,36.3,42.85,20.72
2017,7909,0.65,0.64,0.69,85.59,85.88,73.28
2002,108401,0.07,0.18,0.77,64.35,73.5,40.6
2018,185807,0.11,0.29,0.76,44.81,57.8,13.78
2002,3045,0.66,0.07,0.79,97.44,86.87,78.38
2010,93083,0.31,0.57,0.97,68.17,74.22,45.55
2008,58191,0.13,0.04,0.2,87.18,93.79,72.05
2000,11619,0.18,0.73,0.92,76.05,100.0,75.46
2023,8445,0.45,0.36,0.59,94.01,97.47,76.25
2006,80185,0.96,0.74,0.2,61.46,74.02,60.09
2004,207395,0.8,0.44,0.85,36.54,32.64,5.0
2002,104490,0.5,0.3,0.88,62.93,65.13,36.55
2011,103112,0.77,0.86,0.24,60.46,62.46,52.03
2024,232157,0.61,0.75,0.17,17.94,34.07,15.64
2011,23912,0.27,0.09,0.54,88.02,80.39,82.85
2013,224070,0.41,0.76,0.63,26.97,31.88,5.0
2010,142093,0.68,0.56,0.95,47.11,46.12,24.57
2009,138026,0.64,0.53,0.18,56.05,54.99,41.5
2023,175373,0.55,0.37,0.89,45.19,47.31,12.27
2021,75325,0.27,0.09,0.67,73.19,84.35,54.15
2019,228196,0.78,0.21,0.56,30.12,27.98,5.0
2019,194292,0.27,0.19,0.73,44.77,50.77,7.88
2022,139753,0.17,0.86,0.96,48.76,69.8,26.35
2009,225562,0.8,0.7,0.91,21.56,30.04,5.0
2005,56698,0.44,0.09,0.32,94.13,72.83,74.67
2001,209177,0.67,0.6,0.51,38.21,38.16,5.0
2024,141822,0.19,0.13,0.61,53.86,56.6,28.26
2019,153896,0.91,0.06,0.57,55.8,52.6,24.24
2018,17268,0.01,0.55,0.68,85.21,97.86,75.38
2019,36163,0.35,0.47,0.45,81.11,77.28,72.69
2018,108201,0.92,0.37,0.27,65.22,58.76,47.46
2021,111607,0.58,0.1,0.61,70.46,62.8,46.89
2019,246297,0.25,0.38,0.16,23.1,34.85,5.0
2016,51523,0.54,0.17,0.81,94.68,80.14,71.99
2007,12011,0.43,0.35,0.4,100.0,89.98,91.62
2018,108252,1.0,0.93,0.63,54.94,54.25,42.5
2000,189129,0.68,0.28,0.92,36.26,34.91,10.55
2016,37156,0.82,0.78,0.35,83.99,82.6,80.97
2022,155221,0.34,0.92,0.43,33.99,47.86,38.16
2017,192546,0.27,0.76,0.72,36.28,42.87,17.85
2011,91143,0.16,0.34,0.74,69.94,73.09,47.57
2005,202183,0.94,0.46,0.87,33.23,42.94,5.0
2004,199131,0.16,0.75,0.04,24.78,40.32,26.51
2002,91150,0.53,0.09,0.18,75.09,66.57,52.14
2006,236871,0.2,0.57,0.68,26.65,35.12,5.0
2023,212704,0.68,0.96,0.72,31.15,36.5,5.0
2010,119266,0.18,0.2,0.94,57.46,72.97,33.58
2017,78209,0.46,0.23,0.58,76.84,76.04,53.43
2021,120263,0.34,0.34,0.87,63.04,65.19,34.51
2007,173318,0.29,0.12,0.84,53.79,63.54,11.78
2021,223649,0.86,0.6,0.68,28.85,33.26,5.0
2011,214648,0.1,0.41,1.0,37.29,38.41,5.0
2015,83994,0.81,0.62,0.93,67.07,72.94,54.1
2004,159723,0.61,0.28,0.3,50.47,44.32,24.08
2009,197479,0.97,0.08,0.96,37.12,38.19,13.31
2012,155714,0.75,0.34,0.38,45.47,49.31,25.2
2002,67173,0.83,0.01,0.19,70.18,66.1,72.4
2019,197768,0.93,0.68,0.51,35.56,37.02,6.33
2007,34798,0.11,0.15,0.89,85.49,89.7,72.19
2020,59472,0.78,0.79,0.42,67.12,77.71,69.66
2024,145471,0.33,0.25,0.28,60.03,57.27,32.97
2004,147933,0.48,0.47,0.5,49.67,52.93,31.3
2008,140150,0.59,0.67,0.54,50.62,46.63,31.48
2003,1996,0.7,0.12,0.25,98.55,83.23,100.0
2023,210490,0.73,0.68,0.17,26.47,36.44,16.36
2015,56633,0.21,0.9,0.01,86.15,83.27,78.72
2011,82972,0.04,0.64,0.53,71.02,79.29,49.9
2001,25647,0.09,0.62,0.38,79.17,93.17,82.99
2024,217825,0.34,0.29,0.47,35.99,38.23,5.0
2013,226720,0.27,0.5,0.61,35.66,41.95,5.0
2003,175805,0.85,0.54,0.18,39.34,32.71,16.5
2005,115377,0.1,0.92,0.71,50.39,77.47,34.95
2012,196776,0.48,0.79,0.62,35.82,42.3,14.12
2000,153299,0.9,0.79,0.84,45.79,49.87,24.94
2017,131578,0.4,0.1,0.62,64.01,61.72,21.83
2016,225849,0.91,0.66,0.3,29.46,31.86,5.0
2019,242095,0.78,0.66,0.84,19.49,25.45,5.0
2005,24014,0.86,0.41,0.09,86.43,84.85,83.9
2016,43722,0.19,0.98,0.38,73.67,84.46,83.11
2011,201668,0.18,0.28,0.1,34.88,58.51,20.41
2017,91144,0.02,0.03,0.0,76.52,75.07,68.67
2011,243907,0.23,0.98,0.2,16.48,36.76,5.0
2004,7611,0.25,0.27,0.65,100.0,90.84,75.32
2017,79433,0.39,0.98,0.47,55.33,79.7,50.22
2002,200747,0.38,0.22,0.18,29.53,41.5,22.22
2021,55492,0.4,0.09,0.9,85.97,68.6,50.65
2005,212809,0.64,0.46,0.91,37.74,26.41,5.0
2009,245000,0.83,0.43,0.07,15.11,21.84,5.0
2019,187386,0.46,0.22,0.27,30.38,51.83,24.08
2009,120572,0.84,0.74,0.1,51.64,68.72,48.14
2008,222044,0.53,0.29,0.26,34.06,39.63,5.0
2009,135342,0.7,0.77,0.1,62.75,56.82,45.06
2009,7619,0.99,0.25,0.78,94.09,81.87,86.3
2002,31127,0.4,0.36,0.01,79.06,85.42,90.77
2022,199882,0.16,0.52,0.3,32.9,48.65,16.89
2004,99248,0.99,0.89,0.57,63.1,60.84,46.85
2008,190732,0.68,0.81,0.69,39.38,42.75,9.65
2021,123409,0.07,0.17,0.09,57.87,60.54,49.09
2003,42219,0.26,0.25,0.69,81.42,85.58,69.24
2008,86855,0.16,0.3,0.88,57.67,77.91,60.62
2021,193165,0.17,0.54,0.53,38.0,51.77,10.19
2004,29840,0.97,0.72,0.29,69.55,69.67,85.75
2020,62883,0.97,0.97,0.39,69.49,80.13,70.84
2022,121147,0.4,0.24,0.01,59.14,64.21,55.58
2008,164667,0.93,0.92,0.4,45.19,55.95,13.22
2006,198289,0.99,0.75,0.26,30.47,38.21,13.09
2009,195660,0.53,0.02,0.79,45.62,42.65,5.25
2013,154560,0.55,0.0,0.97,57.95,57.38,22.95
2010,209300,0.54,0.01,0.93,33.44,40.1,5.0
2006,59833,0.5,0.63,0.92,79.61,67.68,63.54
2005,162411,0.11,0.8,0.74,43.62,51.64,23.06
2017,51543,0.18,0.08,0.37,85.03,76.74,70.02
2012,172110,0.79,0.61,0.76,42.1,49.58,12.01
2006,89626,0.65,0.87,0.07,61.4,61.99,71.21
2013,153472,0.4,0.55,0.38,44.46,52.02,31.84
2016,136032,0.96,0.4,0.05,52.18,46.52,49.86
2003,123264,0.01,0.61,0.21,47.42,69.33,40.77
2004,163426,0.72,0.84,0.59,40.5,51.27,14.89
2021,185262,0.57,0.13,0.38,44.32,47.36,10.94
2008,109158,0.64,0.93,0.54,52.47,55.57,46.01
2016,175888,0.14,0.98,0.79,31.62,51.99,8.51
2015,134950,0.32,0.59,0.16,50.88,62.68,47.75
2023,63466,0.12,0.5,0.81,76.93,93.5,56.02
2019,168906,0.78,0.06,0.71,47.55,44.36,19.26
2001,220385,0.57,0.16,0.54,30.06,39.02,5.0
2014,226937,0.45,0.24,0.65,31.9,37.55,5.0
2019,123842,0.95,0.65,0.45,53.33,69.24,40.72
2000,60424,0.7,0.22,0.03,77.88,74.32,79.15
2008,130259,0.73,0.1,0.92,63.83,54.29,23.58
2018,34862,0.82,0.9,0.86,76.06,76.57,64.14
2003,64058,0.2,0.82,0.89,68.72,85.85,65.76
2021,232971,0.41,0.73,0.7,27.02,36.06,5.0
2018,171740,0.65,0.57,0.61,45.75,45.94,13.69
2022,154447,0.5,0.09,0.8,51.84,52.55,27.44
2012,6425,0.72,0.53,0.12,91.25,94.16,90.0
2011,35142,0.02,0.62,0.22,92.66,90.25,81.42
2001,117164,0.75,0.32,0.58,64.81,54.82,34.74
2005,246040,0.62,0.8,0.25,15.88,36.13,5.0
2002,17222,0.5,0.89,0.52,80.69,85.43,80.66
2018,53952,0.53,0.11,0.62,83.14,83.66,61.02
2016,81112,0.26,0.36,0.15,71.34,85.1,60.45
2011,83855,0.63,0.15,0.32,84.58,66.85,59.86
2016,194514,0.02,0.48,0.68,38.58,44.88,9.24
2007,123056,0.68,0.95,0.8,53.98,56.9,32.02
2012,60606,0.19,0.34,0.98,86.19,81.55,51.44
2008,48690,0.13,0.16,0.44,82.79,86.51,72.71
2015,114678,0.42,0.68,0.56,63.27,61.76,41.96
2020,227774,0.89,0.18,0.58,32.26,34.67,9.06
2019,195201,0.02,0.14,0.77,57.39,44.27,6.46
2000,145215,0.96,0.42,0.27,56.0,44.06,42.62
2007,84143,0.24,0.76,0.63,61.83,82.81,51.0
2000,158531,0.78,0.42,0.69,40.16,46.65,28.36
2021,95180,0.97,0.1,0.82,72.86,63.14,55.32
2013,4995,0.53,0.97,0.06,80.59,90.66,96.85
2005,16537,0.44,0.38,0.78,92.29,92.57,80.47
2024,139124,0.04,0.49,0.17,62.47,64.64,49.31
2016,209340,0.72,0.54,0.65,30.73,41.31,9.92
2015,61341,0.15,0.07,0.28,81.56,81.39,86.63
2023,152653,0.01,0.7,0.76,43.46,52.09,19.5
2020,160800,0.83,0.58,0.56,46.08,50.62,24.69
2023,115774,0.44,0.79,0.17,47.38,62.5,49.31
2000,76052,0.75,0.59,0.26,70.03,68.32,61.38
2015,135894,0.55,0.0,0.26,68.6,56.73,40.96
2010,7916,0.48,0.26,0.69,95.88,90.51,75.52
2023,19736,0.27,0.85,0.17,85.57,80.65,93.91
2012,247079,0.3,0.72,0.01,14.07,37.27,5.0
2018,153950,0.47,0.49,0.9,43.63,60.82,27.86
2018,143057,0.82,0.03,0.23,53.92,49.97,31.22
2019,163566,0.62,0.6,0.48,37.72,46.8,26.42
2016,168315,0.23,0.59,0.56,40.48,53.37,17.16
2006,196501,0.94,0.58,0.02,32.16,36.15,28.58
2003,124348,0.53,0.97,0.07,50.25,60.8,52.44
2010,219420,0.26,0.9,0.81,30.23,37.74,5.0
2000,209895,0.63,0.87,0.1,31.52,33.75,23.41
2007,227222,0.32,0.99,0.69,24.12,38.78,5.0
2019,197030,0.67,0.55,0.93,37.72,34.54,5.0
2001,236273,1.0,0.38,0.57,30.79,24.35,5.0
2000,78536,0.95,0.51,0.15,60.73,67.83,74.83
2004,248121,0.67,0.42,0.56,17.56,28.52,5.0
2024,174267,0.41,0.93,0.04,30.42,51.38,28.82
2004,152547,0.35,0.57,0.37,46.0,60.07,29.89
2017,6417,0.86,0.49,0.49,83.24,80.52,89.38
2001,224164,0.29,0.23,0.57,30.02,36.43,5.0
2017,114641,0.82,0.69,0.18,59.98,49.21,48.04
2008,144766,0.03,0.31,0.84,51.33,66.66,22.55
2007,19261,0.92,0.17,0.23,90.94,77.64,93.94
2009,166765,0.24,0.8,0.62,35.6,56.82,28.7
2009,113891,0.14,0.57,0.05,66.29,70.33,55.76
2005,57945,0.9,0.62,0.84,71.47,76.31,65.97
2000,39248,0.32,0.84,0.79,73.2,89.22,70.79
2000,49191,1.0,0.08,0.83,78.84,69.28,68.13
2002,48687,0.63,0.92,0.95,69.71,78.05,59.85
2020,177204,0.13,0.98,0.01,33.83,46.63,23.17
2016,144690,0.56,0.78,0.05,50.21,54.49,46.98
2003,75942,0.44,0.07,0.13,84.18,73.64,69.35
2022,116253,0.55,0.6,0.98,61.49,57.69,21.44
2016,26130,0.5,0.42,0.36,86.72,82.42,82.44
2005,5950,0.85,0.73,0.88,94.4,89.81,75.14
2011,163435,0.54,0.92,0.55,38.45,46.42,26.29
2004,116565,0.11,0.81,0.18,47.9,72.66,49.4
2009,81210,0.71,0.52,0.33,71.94,69.32,58.6
2010,214633,0.75,0.38,0.69,34.87,37.49,7.98
2024,157442,0.74,0.1,0.48,52.45,48.61,24.71
2018,31965,0.24,0.41,0.88,86.15,88.64,74.12
2008,75339,0.46,0.4,0.93,74.92,71.06,54.23
2011,205254,0.99,0.32,0.52,36.64,37.03,5.0
2022,239154,0.34,0.27,0.03,26.93,41.46,5.0
2003,129147,0.14,0.33,0.5,54.21,68.88,39.27
2002,181171,0.39,0.79,0.23,30.51,44.38,26.86
2007,181488,0.31,0.69,0.35,39.6,37.83,33.02
2003,116107,0.84,0.79,0.14,59.17,58.09,52.89
2019,23479,0.65,0.57,0.23,86.04,79.3,79.9
2015,155912,0.23,0.16,0.33,56.78,59.32,27.99
2007,186423,0.79,0.15,0.99,44.88,40.31,11.53
2015,225567,0.52,0.2,0.07,29.19,36.83,8.02
2012,200058,0.02,0.23,0.29,39.96,48.42,5.0
2012,228825,0.53,0.67,0.89,25.25,35.45,5.0
2015,43353,0.73,0.8,0.42,79.58,81.76,80.84
2022,37047,0.79,0.65,0.14,78.03,76.76,80.99
2011,150992,0.9,0.28,0.93,45.25,56.36,12.23
2016,77007,0.66,0.8,0.67,70.55,69.62,63.2
2018,135762,0.9,0.59,0.73,51.72,52.87,41.02
2011,1804,0.03,0.5,0.88,86.64,95.51,72.92
2004,61772,0.68,0.74,0.49,70.42,79.21,70.88
2017,249095,0.12,0.72,0.02,17.74,31.06,5.0
2022,20793,0.08,0.41,0.13,82.07,96.59,89.05
2007,63326,0.74,0.04,0.3,79.17,72.4,75.09
2008,52187,0.88,0.9,0.38,67.5,70.7,73.42
2022,175413,0.83,0.24,0.55,57.07,45.52,35.88
2006,224685,0.35,0.61,0.55,28.89,46.01,13.39
2003,237187,0.04,0.2,0.31,32.67,46.93,5.0
2005,119152,0.83,0.92,0.39,43.71,64.56,46.03
2023,177038,0.62,0.75,0.83,31.62,45.26,11.4
2015,147372,0.1,0.45,0.41,45.97,65.24,30.65
2009,146836,0.94,0.79,0.39,46.78,51.95,29.8
2009,106373,0.15,0.77,0.78,52.31,67.36,41.46
2011,135095,0.52,0.02,0.35,58.86,52.32,37.41
2005,151232,0.13,0.64,0.45,46.62,69.65,33.35
2003,128427,0.56,1.0,0.67,49.45,58.06,34.93
2021,83328,0.19,0.66,0.96,63.61,84.73,38.54
2014,88798,0.14,0.49,0.53,61.11,69.14,53.67
2001,74011,0.44,0.23,0.34,79.43,76.56,61.58
2020,164827,0.74,0.39,0.72,48.09,42.95,16.47
2003,89845,0.1,0.54,0.96,63.78,71.99,37.63
2016,181097,0.47,0.26,1.0,46.32,49.11,5.0
2024,1681,0.78,0.58,0.21,87.81,86.3,99.59
2009,140856,0.82,0.32,0.07,59.16,58.89,41.09
2014,44833,0.51,0.77,0.56,76.16,80.87,65.02
2017,24235,0.01,0.31,0.91,90.1,99.45,75.93
2017,204631,0.37,0.24,0.53,29.69,42.04,9.12
2023,206229,0.39,0.93,0.72,38.4,39.51,5.0
2024,244491,0.13,0.62,0.79,18.54,38.35,5.0
2005,239530,0.63,0.81,0.49,13.68,32.27,5.0
2010,24530,0.35,0.53,0.14,89.08,90.79,85.29
2022,89798,0.22,0.15,0.6,72.68,75.21,55.35
2009,13315,0.88,0.43,0.9,85.03,85.38,75.15
2015,21311,0.85,0.27,0.14,94.01,84.58,81.98
2014,18266,0.45,0.89,0.06,74.08,94.49,86.36
2011,212408,0.57,0.2,0.5,40.33,34.25,5.0
2019,79164,0.81,0.35,0.22,73.83,72.86,60.5
2020,237535,0.34,0.08,0.66,34.2,31.27,5.0
2024,179575,0.28,0.55,0.64,39.56,46.8,12.83
2017,106820,0.56,0.23,0.46,70.77,62.52,44.69
2023,156386,0.06,0.76,0.15,46.18,61.76,39.18
2007,80558,0.04,0.39,0.88,68.17,81.79,47.68
2023,217206,0.72,0.29,0.4,32.8,25.54,5.0
2022,39982,0.89,0.25,0.29,74.56,75.3,74.58
2009,24297,0.61,0.53,0.45,85.63,84.93,81.03
2001,221379,0.38,0.8,0.2,26.08,42.83,10.04
2024,45092,0.97,0.83,0.8,80.41,76.77,66.11
2014,231679,0.43,0.6,0.17,22.92,40.08,5.0
2024,168131,0.24,0.41,0.09,44.99,51.72,29.33
2014,132632,0.25,0.29,0.94,62.37,57.18,32.47
2015,63845,0.45,0.01,0.95,82.83,83.09,50.39
2024,130172,0.59,0.21,0.13,66.1,57.86,46.99
2004,228246,0.2,0.11,0.42,41.21,39.39,5.0
2014,162387,0.52,0.52,0.56,55.98,48.26,15.03
2004,142856,0.49,0.57,0.56,46.19,64.56,27.55
2015,63023,0.34,0.91,0.16,69.24,84.11,70.54
2022,39620,0.99,0.65,0.06,84.03,75.01,88.45
2007,119894,0.23,0.38,0.09,55.92,72.2,48.05
2007,128913,0.68,0.43,0.05,66.88,55.04,45.31
2017,55095,0.88,0.45,0.54,78.56,75.38,66.62
2014,227034,0.79,0.11,0.43,38.05,22.99,5.0
2021,242368,0.86,0.03,1.0,32.99,17.93,5.0
2021,188663,0.13,0.82,0.55,27.55,54.16,21.26
2002,15184,0.35,0.75,0.05,82.87,85.99,99.58
2006,94130,0.01,0.43,0.27,61.31,81.74,58.84
2011,170503,0.27,0.12,0.07,43.25,57.37,31.76
2001,92129,0.14,0.4,0.38,66.87,73.48,61.62
2021,916,0.84,0.1,0.26,100.0,82.83,91.55
2004,28014,0.9,0.66,0.62,83.67,83.02,78.02
2007,21437,0.98,0.16,0.62,88.06,81.95,78.36
2024,242843,0.84,0.11,0.15,26.43,28.66,5.0
2005,16170,0.21,0.93,0.2,79.67,91.05,88.43
2008,177360,0.83,0.7,0.84,46.04,38.1,16.65
2013,109932,0.07,0.26,0.37,66.15,75.62,53.27
2012,113781,0.06,0.89,0.98,57.59,64.22,27.75
2013,214976,0.48,0.68,0.76,23.55,42.11,5.0
2018,247633,0.24,0.75,0.94,24.23,43.19,5.0
2019,105578,0.14,0.63,0.64,53.38,69.9,44.71
2007,13789,0.87,0.46,0.29,96.14,76.59,100.0
2020,17233,0.97,0.05,0.54,96.88,75.76,79.69
2024,75026,0.09,0.7,0.33,63.55,77.57,65.93
2008,203427,0.8,0.43,0.51,37.43,44.94,19.21
2013,131345,0.97,0.33,0.77,71.32,55.19,34.43
2020,189993,0.15,0.19,0.28,35.91,53.67,18.65
2017,182065,0.14,0.72,0.47,37.5,48.81,14.64
2004,209668,0.77,0.26,0.85,38.89,41.53,5.0
2000,218852,0.89,0.26,0.38,32.37,18.55,11.65
2023,239763,0.99,0.72,0.09,26.5,26.32,5.0
2002,205914,0.31,0.55,0.38,41.52,47.84,13.24
2018,19211,0.89,0.4,0.68,90.36,79.11,78.74
2011,148614,0.36,0.98,0.02,45.17,63.47,45.65
2023,28585,0.76,0.18,0.93,88.08,81.29,72.17
2000,43832,0.1,0.56,0.1,83.22,86.26,86.97
2003,219594,0.07,0.16,0.53,23.05,45.4,6.35
2003,87972,0.12,0.12,0.02,73.55,74.4,64.92
2016,119296,0.7,0.91,0.45,50.4,67.12,43.48
2024,187044,0.02,0.37,0.78,45.52,57.08,20.41
2012,8033,0.59,0.06,0.92,99.91,89.91,76.57
2016,70894,0.47,0.87,0.88,66.04,73.8,52.51
2018,34342,0.65,0.38,0.02,78.47,79.59,82.92
2002,186116,0.29,0.62,0.72,45.54,42.97,11.08
2004,217002,0.62,0.19,0.95,32.44,39.52,5.0
2002,99815,0.42,0.61,0.3,65.46,70.59,51.95
2021,6815,0.93,0.59,0.62,81.67,84.84,88.35
2019,167611,0.03,0.69,0.08,39.18,62.42,38.56
2021,237038,0.71,0.81,0.86,23.72,29.85,5.0
2010,129905,0.17,0.71,0.17,49.96,62.82,36.49
2005,162091,0.29,0.68,0.69,48.19,54.1,21.35
2022,200643,0.72,0.27,0.67,42.68,31.39,5.0
2007,238999,0.75,0.57,0.57,17.83,20.16,5.0
2015,114610,0.26,0.2,0.98,60.19,63.04,30.2
2020,137013,0.34,0.21,0.23,52.94,58.96,41.46
2021,207331,0.92,0.22,0.42,32.72,38.39,7.91
2001,148468,0.43,0.03,0.31,49.87,47.28,34.7
2001,171636,0.37,0.73,0.33,44.27,51.45,27.76
2016,185335,0.23,0.09,0.79,40.53,36.36,7.07
2007,100822,0.85,0.02,0.47,66.1,63.51,59.21
2003,23670,0.18,0.05,0.78,96.39,83.55,75.04
2007,122771,0.79,0.24,0.98,59.01,54.05,28.16
2019,54856,0.7,0.41,0.57,80.87,77.94,65.93
2000,122758,0.19,0.71,1.0,54.12,73.55,32.09
2019,34604,0.72,0.64,0.35,81.46,73.22,72.26
2024,200921,0.06,0.51,0.31,38.91,47.52,9.8
2015,102745,0.56,0.98,0.08,58.91,70.16,68.11
2010,77780,0.84,0.31,0.44,62.88,64.02,62.4
2001,229878,0.33,0.74,0.19,21.96,38.87,10.25
2011,88639,0.66,0.3,0.38,70.47,72.82,59.45
2016,216982,0.42,0.01,0.05,39.74,40.5,8.86
2013,17401,0.92,0.73,0.93,87.88,77.46,74.14
2020,151962,0.66,0.04,0.05,57.71,53.63,36.44
2019,111162,0.05,0.94,0.57,50.14,73.29,42.89
2019,182719,0.15,0.02,0.91,43.02,57.48,13.81
2019,45183,0.15,0.52,0.26,71.3,93.58,68.95
2024,65160,0.35,0.93,0.69,68.92,82.22,58.06
2004,209976,0.29,0.72,0.3,21.94,44.27,17.34
2023,156166,0.71,0.89,0.61,37.36,49.59,22.35
2010,130328,0.57,0.19,0.72,47.11,55.91,33.02
2016,82368,0.47,0.18,0.32,75.68,67.11,61.74
2007,44595,0.66,0.43,0.81,77.17,85.34,64.85
2005,62586,0.48,0.87,0.05,68.6,79.96,82.56
2004,147815,0.33,0.95,0.33,42.67,59.54,24.13
2018,223530,0.77,0.24,0.71,32.08,33.86,5.0
2022,64985,0.19,0.28,0.22,73.41,73.55,73.6
2018,222040,0.89,0.59,0.52,22.47,31.83,5.0
2000,123183,0.69,0.08,0.0,60.39,59.09,58.94
2005,31277,0.45,0.7,0.52,81.61,88.18,79.34
2004,64003,0.6,0.16,0.27,79.82,75.93,69.25
2005,227176,0.81,0.95,0.85,27.19,17.37,5.0
2021,230948,0.51,0.34,0.14,29.06,30.86,11.92
2001,8614,0.03,0.08,0.75,97.46,91.46,82.01
2020,56251,0.83,0.9,0.64,67.49,68.62,71.77
2020,211137,0.63,0.45,0.77,32.48,28.92,5.0
2021,80552,0.62,0.44,0.05,71.81,63.37,74.54
2022,47547,0.31,0.97,0.39,79.62,87.81,74.86
2005,103799,0.74,0.92,0.88,62.53,65.99,44.24
2007,112396,0.01,0.47,0.18,66.47,67.66,60.2
2009,48946,0.5,0.41,0.67,75.84,83.27,61.89
2015,244170,0.57,0.51,0.38,21.42,23.99,5.0
2012,143243,0.21,0.68,0.36,53.62,68.74,29.26
2001,88760,0.06,0.44,0.85,66.3,83.26,38.48
2015,233972,0.54,0.34,0.86,27.67,35.51,5.0
2009,227176,0.52,0.84,0.52,21.75,32.61,5.0
2020,145948,0.8,0.6,0.48,45.76,55.94,29.23
2013,249441,0.36,0.23,0.38,23.02,26.84,5.0
2013,229836,0.7,0.5,0.72,25.15,39.73,5.0
2004,228721,0.48,0.5,0.44,42.0,33.96,5.52
2018,177350,0.06,0.82,0.28,38.62,45.62,22.2
2012,82051,0.52,0.87,1.0,57.8,77.68,49.95
2013,236837,0.82,0.34,0.04,31.08,24.01,7.76
2019,121342,0.35,0.97,0.81,50.82,61.34,31.06
2013,121512,0.74,0.97,0.12,43.22,56.86,51.3
2002,240158,0.17,0.13,0.03,32.84,32.32,5.0
2018,156720,0.2,0.01,0.84,60.65,52.73,17.89
2000,35229,0.44,0.83,0.16,74.31,82.05,84.03
2007,37339,0.03,0.54,0.63,80.6,93.35,63.23
2001,28932,0.4,0.66,0.59,77.56,84.44,80.46
2013,82159,0.71,0.67,0.58,59.24,74.46,50.22
2024,158275,0.19,0.73,0.57,54.87,60.32,15.15
2000,203171,0.19,0.46,0.53,23.98,48.89,5.15
2016,36924,0.61,0.82,0.7,80.73,72.85,73.32
2015,144517,0.95,0.43,0.79,51.85,42.2,25.6
2009,66432,0.86,0.92,0.2,67.66,70.44,66.1
2017,197496,0.49,0.1,0.31,46.89,39.67,15.45
2009,94219,0.97,0.83,0.79,54.4,57.83,49.16
2002,205552,0.42,0.92,0.91,36.15,61.11,5.0
2012,76195,0.55,0.86,0.47,65.17,66.13,55.01
2010,122786,0.7,0.42,0.03,57.14,59.44,54.61
2020,219891,0.11,0.1,0.52,34.37,42.16,5.0
2015,210919,0.78,0.12,0.4,39.4,38.26,9.08
2007,69348,0.13,0.26,0.27,79.02,80.57,60.48
2012,120463,0.23,0.73,0.88,50.92,66.75,37.59
2000,246920,0.18,0.59,0.23,21.6,38.05,5.0
2020,216239,0.25,0.87,0.04,30.1,40.06,17.45
2009,218783,0.5,0.37,0.03,40.58,31.48,20.61
2024,206072,0.51,0.72,0.99,28.61,42.01,5.0
2011,189202,0.63,0.1,0.85,42.3,45.59,6.89
2010,60091,0.5,0.22,0.93,72.12,77.94,70.01
2006,56707,0.1,0.19,0.27,74.2,85.43,68.46
2016,176586,0.84,0.73,0.71,39.84,45.43,17.63
2014,118642,0.64,0.37,0.09,61.51,62.67,52.34
2005,109042,0.34,0.62,0.07,59.68,75.44,66.26
2008,228791,0.56,0.25,0.93,29.75,45.52,5.0
2011,124009,0.46,0.36,0.17,67.33,66.33,48.8
2019,13213,0.74,0.79,0.93,78.08,88.72,73.5
2000,244623,0.92,0.98,0.04,14.84,35.08,5.0
2021,61185,0.03,0.06,0.62,74.13,90.56,64.05
2019,177928,0.97,0.08,0.5,52.22,42.61,22.51
2011,235878,0.17,0.55,0.1,25.93,40.67,5.0
2010,65160,0.65,0.51,0.52,72.14,68.27,62.44
2012,34132,0.71,0.29,0.69,85.71,79.69,75.62
2005,203207,0.2,0.9,0.37,27.93,47.71,5.0
2010,178316,0.28,0.53,0.36,43.98,50.16,20.65
2024,165763,0.63,0.18,0.37,49.6,48.95,24.5
2000,219724,0.97,0.69,0.79,25.81,34.34,5.0
2016,236635,0.02,0.62,0.94,29.09,43.8,5.0
2008,75216,0.1,0.36,0.09,69.98,78.91,58.28
2019,247085,0.26,0.21,0.25,28.78,36.89,5.0
2020,17176,0.72,0.37,0.16,93.26,81.96,83.33
2009,235945,0.53,0.68,0.61,27.23,29.71,5.0
2004,68687,0.01,0.51,0.84,71.44,79.51,52.67
2021,79760,0.73,0.82,0.81,63.44,57.96,53.1
2000,39088,0.69,0.71,0.5,79.02,77.25,78.29
2017,102734,0.05,0.55,0.86,60.77,70.64,38.2
2024,225234,0.43,0.02,0.94,39.11,33.23,5.0
2023,146604,0.69,0.09,0.89,59.08,39.21,23.29
2003,239225,0.86,0.46,0.2,23.91,31.07,5.0
2023,159511,0.59,0.54,0.98,43.0,44.3,24.79
2001,247455,0.97,0.46,0.49,21.26,25.13,5.0
2002,35400,0.54,0.96,0.07,78.34,78.53,85.25
2004,20124,0.05,0.43,0.09,86.12,97.16,93.0
2017,165009,0.59,0.37,0.53,49.01,52.53,26.73
2011,248687,0.97,0.92,0.05,8.69,18.62,5.0
2024,107167,0.71,0.33,0.9,64.16,69.05,28.02
2005,164081,0.53,0.02,0.62,59.8,49.6,25.86
2001,176916,0.23,0.8,0.57,36.96,59.72,13.45
2022,28690,0.9,0.38,0.78,78.82,85.71,65.81
2007,103678,0.32,0.31,0.81,68.6,66.19,38.13
2014,118756,0.49,0.76,0.78,53.99,61.93,43.76
2019,2083,0.05,0.08,0.49,96.42,93.66,89.55
2018,246644,0.11,0.91,0.68,20.72,37.15,5.0
2011,97239,0.42,0.72,0.97,68.54,70.18,45.24
2007,10519,0.03,0.54,0.3,88.61,98.87,93.32
2008,209102,0.75,0.0,0.08,37.3,41.2,15.64
2011,179928,0.48,0.62,0.93,37.79,53.79,13.23
2021,35617,0.92,0.44,0.76,79.86,80.76,67.7
2017,163247,0.69,0.2,0.93,53.67,53.49,24.81
2021,209889,0.65,0.81,0.71,21.63,35.6,5.0
2012,18983,0.52,0.09,0.91,96.09,82.45,77.43
2012,165172,0.53,0.63,0.01,44.24,47.19,36.92
2011,242438,0.91,0.82,0.06,12.73,28.28,5.0
2018,7618,0.5,0.78,0.72,86.1,96.67,81.07
2008,86798,0.94,0.28,0.13,74.44,67.68,60.3
2002,164309,0.35,0.11,0.53,43.85,57.43,27.25
2018,107869,0.25,0.88,0.97,51.72,70.9,31.89
2004,196791,0.69,0.33,0.73,35.75,50.47,15.14
2007,106655,0.62,0.33,0.49,62.75,59.84,45.87
2023,248495,0.88,0.45,0.54,27.75,30.33,5.0
2011,145614,0.39,0.79,0.55,47.54,52.31,27.3
2015,234034,0.69,0.64,0.42,19.07,28.51,5.0
2016,194476,0.58,0.89,0.32,26.45,33.96,19.47
2001,215584,0.48,0.82,0.97,31.19,44.48,5.0
2003,205300,0.49,0.58,0.42,34.09,46.66,10.94
2022,93078,0.87,0.09,0.48,84.36,62.04,51.01
2024,39310,0.02,0.62,0.12,74.21,89.02,82.69
2011,126589,0.29,0.35,0.31,57.54,56.45,53.36
2019,143591,0.09,0.21,0.39,55.17,67.52,30.83
2013,176990,0.92,0.93,0.06,32.44,46.74,19.58
2009,30356,0.48,0.68,0.91,79.37,79.65,69.54
2003,173883,0.72,0.28,0.81,42.46,42.72,5.0
2010,249251,0.64,0.32,0.1,22.96,25.38,5.0
2024,107632,0.07,0.42,0.05,62.46,66.79,41.98
2023,35448,0.96,0.06,0.57,81.93,84.22,71.26
2023,124274,0.65,0.06,0.39,58.66,59.5,40.28
2017,222954,0.49,0.34,0.7,28.28,36.38,5.0
2017,198244,0.58,0.85,0.35,34.76,41.06,17.58
2021,8921,0.49,0.27,0.42,86.47,85.03,91.74
2003,153093,0.04,0.32,0.84,44.58,65.16,11.79
2023,210038,0.73,0.14,0.01,49.88,36.41,11.16
2015,188883,0.34,0.88,0.52,34.67,48.38,13.65
2008,54457,0.35,0.39,0.29,73.97,83.72,69.36
2009,191929,0.15,0.68,0.89,37.8,50.82,7.46
2019,21304,0.98,0.46,0.92,89.24,79.72,74.53
2009,175955,0.01,0.87,0.28,32.04,64.07,21.49
2017,164783,0.71,0.04,0.85,44.54,46.06,10.73
2010,117430,0.77,0.56,0.89,56.87,57.61,34.87
2024,112610,0.16,0.97,0.97,49.84,72.23,45.88
2022,200308,0.23,0.49,0.48,26.0,45.61,10.31
2012,67936,0.48,0.94,0.29,67.31,81.84,77.13
2020,22252,0.19,0.59,0.19,80.63,83.44,94.75
2023,237472,0.24,0.21,0.83,43.03,30.64,5.0
2018,125874,0.48,0.05,0.86,68.15,64.64,32.6
2016,194221,0.96,0.72,0.2,34.23,29.1,13.73
2009,105870,0.41,0.88,0.41,56.72,72.01,48.16
2012,215071,0.56,0.21,0.35,31.88,39.09,13.39
2005,181570,0.63,0.93,0.96,29.01,47.57,10.3
2022,15755,0.79,0.01,0.09,89.27,86.98,98.38
2006,130048,0.23,0.03,0.12,63.41,59.55,49.34
2012,125013,0.91,0.08,0.37,60.74,59.8,49.66
2001,146000,0.63,0.76,0.13,49.38,48.78,44.32
2007,109759,0.58,0.18,0.2,74.31,64.74,53.46
2007,141718,0.14,0.32,0.55,50.13,51.69,30.93
2007,223206,0.98,0.71,0.47,32.04,22.81,5.0
2007,32992,0.19,0.32,0.91,80.87,92.53,69.41
2002,64452,0.03,0.34,0.59,82.39,83.24,62.37
2018,66750,0.21,0.02,0.71,78.62,91.25,69.66
2009,20035,0.11,0.1,0.2,94.11,97.49,89.73
2018,153045,0.67,0.7,0.39,50.9,48.74,41.12
2008,44908,0.77,0.25,0.03,83.03,72.89,78.35
2022,45823,0.1,0.82,0.85,70.35,87.67,62.87
2016,84327,0.41,0.51,0.95,60.74,65.57,48.48
2009,27597,0.23,0.16,0.26,85.91,86.05,90.28
2017,144337,0.35,1.0,0.11,43.57,61.12,42.86
2024,82068,0.2,0.09,0.15,80.24,79.1,54.03
2022,242472,0.06,0.37,0.34,17.37,38.85,5.0
2011,154427,0.19,0.27,0.18,48.41,55.37,28.73
2019,215754,0.44,0.98,0.86,16.07,45.24,5.0
2010,3516,0.4,0.85,0.68,88.77,92.56,91.84
2001,239105,0.56,0.8,0.31,15.88,35.53,7.16
2012,140924,0.7,0.31,0.78,52.88,60.1,34.71
2023,48049,0.28,0.08,0.37,83.96,90.41,70.91
2019,134025,0.2,0.76,0.64,54.71,61.25,39.68
2022,100190,0.09,0.83,0.33,64.58,66.08,52.59
2017,3686,0.86,0.4,0.84,93.44,88.44,79.94
2014,60757,0.58,0.15,0.32,83.36,76.92,81.51
2017,159689,0.21,0.43,0.27,46.17,60.51,32.32
2024,234250,0.93,0.83,0.58,21.85,28.14,5.0
2020,127338,0.29,0.05,0.96,56.83,62.3,29.71
2011,39096,0.64,0.71,0.46,75.07,77.65,87.99
2003,85933,0.35,0.84,0.21,55.3,66.91,59.99
2023,14897,0.58,0.3,0.46,95.59,83.26,73.58
2006,193283,0.64,0.0,0.57,45.26,50.28,21.05
2003,211013,0.68,0.45,0.33,40.96,24.42,9.52
2006,141485,0.97,0.17,0.23,59.35,53.97,33.94
2016,79717,0.26,0.54,0.86,75.72,75.54,52.47
2008,104935,0.64,0.22,0.1,69.18,59.25,53.25
2015,180132,0.81,0.16,0.66,53.73,45.26,16.13
2024,92714,0.07,0.08,0.15,80.31,67.57,60.74
2020,240339,0.41,0.89,0.77,18.48,34.42,5.0
2022,169155,0.24,0.11,0.15,51.3,52.5,22.91
2020,43838,0.39,0.93,0.72,68.53,92.45,64.81
2007,158865,0.5,0.46,0.51,53.19,44.8,24.49
2013,71856,0.6,0.75,0.34,69.23,72.06,62.07
2018,97133,0.63,0.88,0.22,50.69,76.8,46.0
2019,116220,0.64,0.72,0.65,53.02,61.06,41.84
2021,151069,0.98,0.73,0.54,45.44,50.97,32.49
2013,89741,0.32,0.79,0.69,66.39,77.29,54.29
2017,122549,0.53,0.53,0.08,55.38,65.07,53.79
2009,125492,0.1,0.03,0.71,63.04,69.31,33.47
2014,124948,0.08,0.78,0.05,51.48,65.33,46.17
2021,161435,0.15,0.03,0.08,52.83,60.78,28.65
2003,153769,0.17,0.97,0.02,42.06,62.86,30.53
2009,185632,0.8,0.93,0.53,28.7,44.59,24.34
2022,82270,0.03,0.88,0.67,56.77,74.77,47.81
2009,87973,0.81,0.95,0.74,57.78,72.35,47.64
2008,207466,0.46,0.98,0.98,27.44,48.35,5.0
2008,193307,0.11,0.29,0.64,32.75,51.15,11.4
2015,32957,0.43,0.84,0.25,77.74,88.4,83.15
2013,99669,0.42,0.35,0.15,60.22,68.78,58.48
2021,193862,0.14,0.42,0.67,32.9,51.18,6.25
2016,63394,0.69,0.7,0.93,66.63,81.51,62.86
2008,115886,0.4,0.4,0.2,50.84,67.43,56.06
2014,163300,0.5,0.43,0.29,41.82,48.14,26.12
2018,174043,0.34,0.19,0.78,48.45,51.85,17.71
2005,122527,0.63,0.28,0.75,66.63,56.67,35.61
2009,196039,0.91,0.36,0.58,38.57,33.15,9.23
2013,108797,0.74,0.82,0.32,61.9,56.83,48.09
2007,74796,0.83,0.46,0.04,74.21,68.1,69.16
2017,88995,0.57,0.16,0.59,72.56,74.45,46.0
2010,49293,0.74,0.54,0.18,81.96,81.95,82.48
2003,160665,0.7,0.83,0.6,39.45,54.19,25.44
2002,238555,0.35,0.67,0.01,23.05,32.97,5.14
2024,63840,0.16,0.78,0.68,67.59,84.05,70.52
2009,42312,0.94,0.73,0.52,73.09,71.91,85.05
2007,179348,0.24,0.16,0.68,47.11,47.36,12.87
2022,176904,0.64,0.47,0.16,44.79,46.68,23.37
2021,217134,0.64,0.89,0.66,26.11,33.93,5.0
2018,110701,0.63,0.39,0.27,64.16,66.82,59.61
2011,113315,0.73,0.1,0.03,71.38,55.81,59.75
2021,166472,0.22,0.93,0.03,45.3,61.07,25.89
2000,153236,0.43,0.12,0.03,60.19,60.94,33.53
2000,176627,0.51,0.38,0.46,47.28,63.53,13.99
2005,24643,0.44,0.03,0.96,93.29,92.1,75.1
2021,103545,0.47,0.05,0.07,67.0,57.87,54.8
2002,4645,0.3,0.44,0.25,91.84,87.74,99.57
2002,157865,0.28,0.48,0.86,41.45,56.65,22.88
2003,15081,0.02,0.0,0.56,94.3,95.58,92.16
2017,92799,0.9,0.95,0.52,55.72,61.82,57.91
2006,73589,0.32,0.58,0.67,79.04,74.12,66.79
2013,209879,0.65,0.94,0.36,30.45,41.7,5.0
2001,165882,0.89,0.66,0.28,42.65,46.47,30.84
2005,104260,0.42,0.27,1.0,61.73,62.55,38.37
2000,223728,0.27,0.63,0.3,22.85,38.91,5.0
2014,12864,0.58,0.92,0.92,74.52,83.75,86.58
2003,55540,0.23,0.05,0.2,85.54,94.2,71.19
2023,134127,0.48,0.95,0.05,50.74,62.81,45.87
2018,159171,0.28,0.96,0.58,38.57,59.11,26.39
2008,142927,0.97,0.56,0.82,55.26,45.9,16.36
2011,100083,0.17,0.49,0.89,64.42,79.22,46.09
2023,50885,0.84,0.76,0.62,71.63,65.23,62.68
2010,166100,0.7,0.57,0.21,46.65,53.99,25.81
2010,148951,0.92,0.41,0.36,58.35,52.15,30.6
2017,154032,0.51,0.35,0.45,39.57,54.12,29.01
2013,65172,0.94,0.35,0.06,81.95,71.45,71.42
2003,248304,0.07,0.06,1.0,33.1,41.1,5.0
2023,147358,0.56,0.9,0.87,49.19,50.41,26.21
2003,224902,0.72,0.42,0.25,28.92,33.68,5.68
2024,174792,0.54,0.87,0.51,30.91,42.48,27.58
2009,97463,0.02,0.13,0.66,68.41,63.55,43.33
2014,216960,0.24,0.09,0.36,32.88,43.74,7.72
2009,130944,0.51,0.11,0.28,63.55,52.57,34.89
2009,233366,0.31,0.3,0.24,34.83,38.99,5.0
2008,171699,0.31,0.58,0.87,41.78,48.72,12.26
2020,45306,0.5,0.27,0.59,81.92,80.03,65.3
2018,229282,0.52,0.1,0.7,30.99,31.19,5.0
2018,227571,0.14,0.53,0.07,26.03,44.41,6.61
2021,149454,0.75,0.56,0.63,43.32,50.47,28.7
2006,62746,0.28,0.31,0.21,77.14,76.04,69.54
2008,214597,0.34,0.42,0.01,35.89,37.85,10.14
2012,93186,0.02,0.8,0.24,63.9,78.62,44.74
2018,200795,0.5,0.09,0.79,47.36,32.06,5.0
2021,193474,0.19,0.61,0.44,41.62,58.56,20.17
2011,25298,0.98,0.07,0.02,89.93,81.4,96.09
2016,218824,0.02,0.62,0.0,37.46,57.43,5.76
2017,171735,0.95,0.91,0.12,30.25,42.49,29.86
2002,195235,0.63,0.83,0.82,26.91,44.49,12.3
2018,135252,0.04,0.59,0.1,49.27,66.53,49.38
2009,58305,0.44,0.89,0.73,63.81,85.74,69.24
2002,205642,0.26,0.2,0.0,36.3,38.54,15.61
2017,34402,0.46,0.44,0.95,87.01,87.62,62.93
2000,225820,0.84,0.73,0.46,20.9,32.39,5.0
2019,109420,0.54,0.26,0.1,68.52,65.06,47.68
2010,147016,0.01,0.81,0.51,39.22,70.62,33.7
2002,241917,0.18,0.02,0.44,29.93,44.96,5.0
2000,48561,0.16,0.6,0.39,84.64,89.27,74.27
2003,183605,0.21,0.43,0.41,44.92,52.55,32.82
2009,163183,0.74,0.74,0.65,42.42,48.11,20.38
2008,141986,0.67,0.2,0.64,58.62,56.63,31.23
2002,209604,0.65,0.9,0.16,31.86,35.42,9.76
2022,149040,0.41,0.41,0.24,45.97,52.08,40.93
2016,152731,0.64,0.12,0.42,50.23,48.96,30.46
2006,218846,0.9,0.33,0.1,36.93,34.69,7.9
2022,4497,0.46,0.53,0.58,87.2,88.27,88.25
2012,211688,0.01,0.09,0.36,42.11,46.34,9.26
2015,238236,0.41,0.58,0.69,14.68,41.87,5.0
2019,121557,0.42,1.0,0.19,53.4,64.89,42.48
2015,110975,0.3,0.85,0.53,44.32,75.72,46.44
2023,39768,0.9,0.89,0.43,78.82,71.99,75.3
2006,218108,0.63,0.13,0.19,33.24,42.25,5.74
2023,23634,0.46,0.5,0.39,89.9,94.48,77.97
2007,124545,0.17,0.35,0.95,48.57,71.8,33.21
2021,64785,0.1,0.3,0.68,84.83,84.22,61.63
2006,5689,0.83,0.58,0.55,93.05,90.72,87.3
2024,65917,0.88,0.7,0.68,76.4,71.33,63.44
2015,193782,0.27,0.33,0.92,53.71,50.18,12.79
2011,53047,0.07,0.13,0.86,82.55,86.82,55.49
2021,93099,0.89,0.3,0.07,67.86,54.29,59.15
2010,77224,0.23,0.02,0.13,85.69,77.27,69.89
2002,189135,0.78,0.29,0.09,42.45,39.87,17.92
2023,28411,0.43,0.12,0.03,93.97,85.69,85.6
2012,239699,0.36,0.91,0.91,21.89,44.33,5.0
2023,29743,0.84,0.99,0.42,74.53,71.18,79.01
2008,98492,0.57,0.71,0.88,60.58,75.6,40.96
2002,46934,0.12,0.82,0.81,67.51,84.49,60.13
2016,10042,0.7,0.36,0.12,91.82,85.16,89.13
2022,21807,0.79,0.55,0.35,85.63,89.41,87.59
2018,15603,0.13,0.95,0.8,78.65,92.14,83.0
