year,mileage,temp_scale,habit_scale,idle_scale,bat_wellness,alt_wellness,sta_wellness
2000,221388,0.45,0.02,0.25,5.0,31.24,27.4
2004,158373,0.15,0.35,0.93,5.0,41.75,26.48
2019,192660,0.29,0.51,0.47,49.96,35.64,63.78
2003,88999,0.25,0.95,0.74,5.0,58.73,30.12
2006,211755,0.88,0.07,0.81,5.0,40.39,39.92
2005,111368,0.18,0.29,0.58,5.0,59.36,38.61
2015,159885,0.33,0.3,0.99,26.1,45.82,53.35
2005,240101,0.72,0.78,0.67,5.0,18.71,17.48
2006,85279,0.19,0.52,0.59,5.0,61.36,36.44
2021,87032,0.15,0.63,0.48,68.62,65.51,72.01
2011,179137,0.65,0.3,0.98,5.0,32.7,53.82
2007,108603,0.17,0.78,0.71,5.0,61.5,39.48
2024,177274,0.79,0.61,0.07,73.74,53.71,84.32
2011,7213,0.71,0.91,0.82,12.67,77.87,50.89
2006,58500,0.77,0.97,0.16,5.0,78.3,39.45
2004,109880,0.65,0.35,0.15,5.0,55.61,33.85
2003,28515,0.64,0.07,0.53,5.0,84.11,41.11
2004,124825,0.45,0.42,0.44,5.0,60.1,24.3
2008,194097,0.91,0.97,0.92,5.0,33.86,25.8
2006,156670,0.97,0.87,0.28,5.0,45.67,21.27
2022,198433,0.41,0.55,0.44,56.15,31.66,69.46
2018,211106,0.13,0.51,0.34,57.3,39.88,61.41
2013,185231,0.22,0.29,0.16,21.94,51.81,56.47
2013,206426,0.99,0.4,0.55,5.0,29.01,45.24
2020,174337,0.93,0.35,0.65,43.74,34.6,75.28
2001,169171,0.23,0.84,0.03,5.0,59.17,5.0
2017,136225,0.64,0.74,0.5,41.81,59.57,62.11
2010,75551,0.9,0.8,0.93,5.0,49.74,47.45
2018,40682,0.47,0.78,0.77,47.83,79.96,58.68
2012,148621,0.34,0.39,0.56,22.45,43.95,42.0
2018,213150,0.83,0.08,0.15,39.19,36.23,61.45
2020,87151,0.22,0.33,0.37,63.61,69.97,76.23
2015,116486,0.68,0.19,0.35,34.09,54.45,54.45
2007,72009,0.98,0.82,0.6,5.0,71.07,33.81
2001,246852,0.28,0.49,0.24,5.0,28.09,12.91
2009,45156,0.59,0.33,0.75,5.0,73.27,56.25
2004,30896,0.62,0.15,0.07,5.0,86.97,44.61
2020,218580,0.61,0.21,0.86,50.76,25.48,61.79
2008,204672,0.75,0.58,0.33,5.0,27.05,34.8
2002,229795,0.16,0.33,0.81,5.0,33.02,17.82
2013,209248,0.99,0.45,0.82,5.0,22.85,45.2
2004,101860,0.47,0.04,0.46,5.0,60.57,33.13
2013,246638,0.3,0.78,0.72,23.98,26.75,37.36
2011,199764,0.92,0.88,0.54,5.0,34.09,41.27
2016,87835,0.02,0.99,0.73,45.21,66.1,53.31
2011,43939,0.85,0.96,0.58,5.0,76.71,49.78
2007,99906,0.63,0.02,0.33,5.0,69.47,37.71
2023,227370,0.39,0.22,0.65,63.3,41.53,83.77
2005,103058,0.6,0.33,0.21,5.0,70.09,36.27
2014,48025,0.28,0.96,0.71,33.56,74.35,60.04
2018,211821,0.76,0.33,0.28,34.38,38.05,62.69
2024,83214,0.09,0.06,0.88,83.64,67.47,88.3
2022,217716,0.39,0.66,0.42,60.3,37.56,71.56
2017,163892,0.2,0.02,0.9,45.16,41.86,58.84
2013,206772,0.03,0.82,0.36,31.09,54.32,38.36
2004,176287,0.36,0.57,0.92,5.0,42.66,21.41
2023,119373,0.19,0.55,0.9,75.57,54.09,80.08
2006,13629,0.28,0.1,0.17,5.83,88.19,56.95
2005,227272,0.74,0.99,0.14,5.0,30.79,15.06
2005,207631,0.01,0.41,0.65,5.0,38.54,31.41
2015,203782,0.05,0.41,0.28,37.11,34.37,58.57
2000,16113,0.85,0.54,0.56,5.0,85.54,22.36
2022,118548,0.74,0.04,0.64,70.3,39.99,84.0
2002,112256,0.13,0.28,0.53,5.0,55.38,29.4
2008,239594,0.34,0.57,0.13,5.0,41.46,30.0
2019,108880,0.89,0.12,0.73,37.21,54.51,70.27
2021,124121,0.52,0.6,0.72,57.02,53.28,69.7
2018,36370,0.16,0.79,0.78,49.3,76.98,69.79
2014,145415,0.83,0.19,0.3,16.98,50.78,55.31
2013,76615,0.14,0.04,0.07,25.83,76.32,58.02
2019,183323,0.48,0.42,0.12,42.53,46.13,70.38
2023,201805,0.98,0.68,0.52,55.32,32.25,68.64
2007,15131,0.82,0.6,0.54,5.0,88.34,38.61
2022,58448,0.74,0.17,0.2,64.15,76.53,77.77
2007,157910,0.96,0.71,0.72,5.0,33.96,37.23
2000,59985,0.31,0.67,0.65,5.0,65.47,19.75
2017,131246,0.73,0.46,0.07,36.39,16.83,56.78
2012,66872,0.87,0.96,0.41,14.53,64.44,45.04
2009,43331,0.74,0.22,0.05,5.0,78.25,48.43
2010,84280,0.33,0.36,0.69,11.74,66.35,48.9
2005,230758,0.07,0.11,0.63,5.0,28.22,38.6
2006,245246,0.79,0.66,0.14,5.0,27.96,19.83
2013,158489,0.84,0.95,0.32,16.5,46.72,47.19
2005,1777,0.76,0.81,0.75,5.0,73.73,30.51
2009,228180,0.13,0.57,0.66,6.19,23.57,45.63
2006,193473,0.39,0.84,0.42,5.0,44.49,37.57
2007,69830,0.85,0.35,0.14,5.0,66.8,40.77
2004,36389,0.18,0.24,0.47,5.0,79.75,35.49
2020,95484,0.54,0.84,0.99,61.72,63.96,68.25
2003,220270,0.53,0.87,0.07,5.0,37.25,15.34
2019,213566,0.66,0.69,0.94,44.59,29.89,51.28
2000,218548,0.92,0.35,0.89,5.0,21.87,18.47
2021,168010,0.94,0.16,0.45,38.12,40.43,77.37
2023,38565,0.55,0.65,0.07,77.27,79.24,77.16
2014,111269,0.46,0.89,0.72,24.8,59.14,49.56
2010,68328,0.42,0.28,0.0,15.2,78.71,49.19
2021,166929,0.59,0.63,0.86,63.48,46.86,65.54
2020,9109,0.11,0.39,0.53,56.73,83.22,87.02
2004,44285,1.0,0.92,0.96,5.0,61.91,20.89
2015,221477,0.98,0.02,0.22,18.74,24.55,55.05
2002,225295,0.47,0.61,0.98,5.0,24.14,13.52
2015,68920,0.88,0.98,0.21,22.04,66.59,38.98
2006,245702,0.67,0.48,0.75,5.0,26.65,21.91
2013,240070,0.48,0.91,0.5,18.71,30.0,44.33
2024,54338,0.1,0.98,0.96,85.44,62.01,82.29
2024,14734,0.63,0.8,0.59,66.95,84.56,81.67
2003,203427,0.66,0.55,0.99,5.0,24.37,18.93
2006,118393,0.06,0.54,0.94,5.0,54.48,45.27
2004,56035,0.5,0.3,0.66,5.0,63.6,36.71
2002,156907,0.36,0.84,0.63,5.0,51.64,12.59
2001,48960,0.01,0.57,0.36,5.0,81.07,31.41
2016,144707,0.2,0.37,0.5,41.59,54.71,60.01
2004,194184,0.44,0.4,0.93,5.0,33.57,23.24
2005,77873,0.7,0.5,0.13,5.0,71.03,39.57
2005,116716,0.75,0.79,0.32,5.0,52.04,22.57
2018,195980,0.86,0.27,0.76,37.06,35.65,66.51
2019,67586,0.52,0.32,0.93,48.44,57.97,73.65
2023,175273,0.91,0.3,0.37,63.25,42.76,77.15
2021,186235,0.7,0.77,0.91,52.66,42.13,64.53
2007,200708,0.81,0.42,0.21,5.0,40.43,31.98
2012,138634,0.63,0.11,0.29,8.69,53.87,52.15
2024,52723,0.34,0.08,0.87,79.5,76.83,91.77
2002,105626,0.41,0.81,0.63,5.0,62.7,18.89
2024,167801,0.66,0.11,0.93,73.14,43.37,84.2
2001,128132,0.85,0.42,0.31,5.0,56.56,31.78
2008,210151,0.37,0.57,0.95,5.0,25.04,26.65
2016,114581,0.61,0.72,1.0,34.37,48.71,58.71
2010,212754,0.08,0.33,0.38,14.66,38.95,40.9
2017,183855,0.29,0.61,0.85,43.95,35.57,62.53
2003,71963,0.56,0.27,0.29,5.0,70.27,29.21
2003,180625,0.78,0.31,0.6,5.0,28.82,26.47
2016,15801,0.45,0.14,0.95,45.97,80.24,67.72
2017,162947,0.52,0.41,0.37,41.62,51.36,50.89
2000,218735,0.1,0.9,0.58,5.0,42.26,10.55
2021,35061,0.93,0.8,0.15,50.96,78.84,63.94
2015,15784,0.68,0.57,0.19,31.15,81.94,59.2
2024,103627,0.71,0.16,0.17,69.36,77.35,87.0
2020,9280,0.37,0.6,0.19,62.11,90.19,68.51
2005,160288,0.93,0.64,0.83,5.0,39.92,34.47
2018,220339,0.84,0.99,0.77,34.7,32.33,53.33
2004,244256,0.85,0.36,0.73,5.0,22.65,15.7
2012,134288,0.98,0.6,0.51,7.44,45.99,55.28
2008,150556,0.95,0.98,0.63,5.0,48.28,30.44
2015,189958,0.71,0.21,0.33,22.89,44.1,51.73
2011,245843,0.81,0.9,0.37,5.0,29.37,30.92
2017,49847,0.87,0.1,0.85,37.58,59.45,80.12
2014,249980,0.59,0.52,0.79,19.84,20.82,37.95
2022,10835,0.22,0.19,0.75,66.51,83.19,94.64
2020,29511,0.35,0.74,0.32,61.9,91.0,73.01
2020,149098,0.91,0.61,0.52,55.36,48.1,67.03
2001,13323,0.79,0.3,0.55,5.0,82.76,33.98
2014,153256,0.84,0.99,0.62,20.39,17.95,46.19
2017,97578,0.17,0.2,0.16,45.5,71.66,77.38
2014,86356,0.01,0.11,0.37,27.02,74.75,62.42
2007,14065,0.68,0.12,0.56,5.0,79.52,47.14
2014,1218,0.61,0.39,0.24,22.32,94.42,66.86
2014,85313,0.76,0.65,0.22,22.2,74.75,68.74
2016,155699,0.73,0.72,0.09,30.09,59.87,50.61
2003,21602,0.07,0.41,0.95,5.0,80.89,36.92
2006,13223,0.01,0.8,0.49,5.0,95.38,38.85
2024,69342,0.91,0.4,0.42,72.28,64.64,87.32
2009,135320,0.31,0.08,0.89,5.0,48.49,47.18
2011,237088,0.32,0.81,0.48,11.79,28.95,39.61
2001,139812,0.69,0.31,0.84,5.0,45.06,12.46
2005,229075,0.83,0.81,0.84,5.0,18.59,20.45
2023,204136,0.6,0.28,0.13,65.28,41.53,81.95
2014,78588,0.1,0.03,0.98,41.89,67.94,67.46
2011,31574,0.72,0.36,0.01,10.67,86.41,52.28
2004,226745,1.0,0.55,0.64,5.0,24.43,22.0
2015,208676,0.88,0.57,0.6,19.51,41.62,48.09
2015,15923,0.41,0.9,0.36,37.46,86.57,66.8
2019,35908,0.96,0.16,0.53,54.19,68.05,76.75
2023,238436,0.1,0.86,0.7,73.08,26.57,64.6
2005,149317,0.56,0.32,0.53,5.0,62.06,29.9
2020,50231,0.02,0.25,0.92,67.86,71.54,81.74
2002,186139,0.65,0.23,0.72,5.0,36.86,15.02
2000,1731,0.22,0.35,0.21,5.0,89.96,22.92
2021,243918,0.95,0.17,0.22,55.63,21.94,68.59
2021,206824,0.81,0.95,0.21,47.58,34.98,56.71
2002,144265,0.36,0.31,0.89,5.0,43.47,25.36
2001,62849,0.37,0.1,0.02,5.0,90.92,35.93
2018,136575,0.49,0.4,0.93,49.58,48.64,68.78
2017,139486,0.08,0.78,0.61,57.41,47.53,45.04
2019,79330,0.44,0.16,0.79,59.04,68.09,73.94
2018,189956,0.97,0.64,0.52,32.34,32.45,63.75
2004,219747,0.19,0.54,0.36,5.0,29.29,20.54
2007,243259,0.82,0.62,0.28,5.0,15.43,25.94
2002,129611,0.39,0.8,0.41,5.0,58.16,17.11
2023,173505,0.19,0.25,0.98,73.95,35.17,83.21
2008,144174,0.38,0.21,0.21,6.9,55.36,45.89
2004,173979,0.72,0.97,0.47,5.0,42.08,18.74
2005,4477,0.53,0.88,0.87,5.0,73.39,39.91
2016,200327,0.55,0.99,0.91,24.76,31.77,55.43
2006,36304,0.25,0.22,0.7,5.0,73.21,40.72
2023,221839,0.05,0.1,0.81,74.55,39.97,71.76
2022,14073,0.46,0.54,0.23,68.55,84.17,75.73
2016,2203,0.34,0.95,0.46,44.89,86.52,54.72
2000,226876,0.45,0.18,0.49,5.0,29.48,30.4
2000,229675,0.93,0.68,0.4,5.0,28.19,5.0
2018,24540,0.09,0.01,0.39,63.18,94.89,89.26
2009,23353,0.97,0.24,0.48,5.0,87.41,47.59
2022,127962,0.83,0.66,0.41,52.52,54.03,72.67
2017,249987,0.56,0.71,0.5,35.53,23.2,50.72
2009,94433,0.56,0.46,0.24,5.0,63.88,43.04
2010,74162,0.22,0.66,0.25,15.74,74.65,41.23
2006,42887,0.61,0.82,0.54,5.0,83.2,36.05
2007,230026,0.28,0.33,0.15,5.0,46.27,35.78
2022,241262,0.9,0.46,0.36,54.14,23.73,69.64
2006,192898,0.91,0.52,0.69,5.0,35.56,31.36
2008,244205,0.76,0.85,0.79,5.0,24.51,20.18
2000,106666,0.19,0.43,0.29,5.0,66.21,24.56
2020,120982,0.63,0.46,0.49,49.05,58.47,76.92
2008,40850,0.83,0.56,0.48,5.0,71.5,40.87
2001,14277,0.24,0.2,0.6,5.0,77.51,36.06
2021,197616,0.4,1.0,0.03,57.13,50.32,54.42
2004,193120,0.37,0.34,0.31,5.0,46.08,23.46
2019,225077,0.93,0.33,0.55,37.39,31.01,50.83
2008,93734,0.03,0.68,0.29,5.0,62.69,33.07
2014,33221,0.55,0.03,0.88,26.85,79.23,58.12
2021,106796,0.93,0.58,0.6,60.78,46.79,68.11
2024,245554,0.46,0.49,0.28,72.94,36.57,68.85
2007,116684,0.52,0.52,0.83,5.0,56.32,39.04
2021,223330,0.14,0.32,0.56,57.93,25.77,67.85
2017,211097,0.52,0.38,0.88,34.42,21.55,49.04
2009,169606,0.92,0.98,0.31,5.0,41.88,37.08
2008,68569,0.12,0.84,0.32,5.0,69.79,42.45
2023,237426,0.43,0.4,0.74,57.61,24.62,71.43
2007,223952,0.8,0.71,0.54,5.0,23.76,27.49
2019,85698,0.23,0.87,0.71,61.25,63.2,73.52
2007,71673,0.45,0.65,0.0,5.0,75.6,34.81
2015,93092,0.96,0.03,0.22,18.65,63.03,61.51
2024,72804,0.22,0.53,0.76,93.14,73.26,79.8
2012,31020,0.99,0.0,0.56,8.01,71.05,68.65
2002,110867,0.17,0.75,0.14,5.0,64.71,24.24
2022,209363,0.68,0.48,0.62,57.89,28.91,67.93
2019,13332,0.46,0.67,0.24,59.31,87.78,71.97
2000,186263,0.41,0.24,0.67,5.0,32.98,25.28
2016,152814,0.41,0.96,0.29,37.04,59.4,58.65
2013,130674,0.03,0.47,0.03,25.06,61.28,51.26
2017,96096,0.07,0.03,0.32,41.06,68.8,71.56
2000,132045,0.43,0.97,0.51,5.0,53.46,19.2
2005,6455,1.0,0.02,0.82,5.0,74.29,43.69
2020,78346,0.65,0.41,0.09,54.94,72.75,74.03
2003,146073,0.77,0.72,0.73,5.0,44.3,22.57
2019,142668,0.19,0.69,0.9,47.22,52.05,65.44
2006,85645,0.61,0.28,0.66,5.0,64.16,44.9
2010,237916,0.74,0.66,0.92,5.0,27.28,35.39
2004,28896,0.33,0.07,0.5,5.0,83.37,38.12
2011,81835,0.43,0.84,0.03,10.78,68.72,42.73
2007,74855,0.29,0.25,0.46,5.0,73.17,47.09
2000,51395,0.43,0.84,0.13,5.0,79.61,16.2
2021,64887,0.07,0.16,0.02,70.31,90.2,86.37
2016,65360,0.29,0.92,0.45,51.92,79.42,63.76
2021,168634,0.29,0.63,0.72,56.03,44.24,62.27
2002,13114,0.15,0.51,0.79,5.0,73.82,33.51
2024,87715,0.64,0.07,0.68,73.8,61.52,94.62
2009,62817,0.18,0.94,0.73,14.26,70.88,50.07
2006,42965,0.9,0.01,0.72,5.0,67.2,51.81
2003,151369,0.25,0.82,0.72,5.0,54.18,23.22
2003,234338,0.74,0.9,0.72,5.0,24.91,7.75
2009,212058,0.46,0.11,0.5,5.0,25.73,41.99
2007,236845,0.83,0.63,0.99,5.0,22.41,29.32
2005,22339,0.25,0.25,0.9,5.0,81.01,40.31
2020,155142,0.73,0.63,0.35,43.9,46.35,69.08
2011,120722,0.94,0.58,0.03,6.75,66.82,44.48
2018,93958,0.4,0.38,0.18,45.61,56.44,70.34
2008,58772,0.41,0.88,0.34,5.0,77.18,41.88
2010,92077,0.86,0.97,0.39,5.0,55.78,44.22
2013,76209,0.22,0.69,0.4,27.63,64.1,47.24
2002,165451,0.2,0.27,0.9,5.0,51.31,20.88
2013,84138,0.85,0.01,0.33,5.48,72.17,64.72
2003,141010,0.74,0.04,0.13,5.0,18.78,35.54
2005,143501,0.53,0.85,0.05,5.0,55.61,25.86
2022,111454,0.47,0.79,0.7,74.6,59.7,73.95
2017,2825,0.84,0.81,0.64,36.13,82.01,66.09
2018,206486,0.27,0.85,0.79,51.98,37.72,48.59
2009,227033,0.3,0.09,0.77,5.0,26.35,41.21
2023,111698,0.77,0.76,0.26,70.24,61.27,75.82
2002,236397,0.72,0.21,0.47,5.0,35.82,22.56
2014,55153,0.62,0.73,0.88,33.16,58.97,61.38
2012,217385,0.88,0.22,0.2,5.0,33.51,46.4
2004,41223,0.34,0.69,0.66,5.0,75.3,36.25
2008,233161,0.55,0.79,0.66,5.0,27.41,25.67
2010,14509,0.42,0.77,0.19,16.82,83.54,41.35
2011,146435,0.52,0.68,0.16,18.44,52.81,40.49
2016,165486,0.26,0.41,0.59,43.74,50.99,62.87
2009,210527,0.04,0.41,0.3,9.59,45.55,34.81
2013,87135,1.0,0.29,0.27,10.31,58.03,58.11
2002,95363,0.27,0.18,0.53,5.0,60.13,20.24
2002,55960,0.87,0.89,0.5,5.0,60.62,24.55
2013,106259,0.23,0.26,0.63,26.37,60.46,58.24
2004,15249,0.96,0.9,0.27,5.0,85.62,37.3
2014,66752,0.6,0.64,0.56,21.26,72.07,59.56
2016,248446,0.43,0.79,0.31,26.57,28.01,49.51
2021,164050,0.12,0.75,0.07,60.77,53.87,67.24
2020,132540,0.97,0.23,0.07,38.78,58.65,68.85
2013,205240,0.45,0.97,0.43,18.98,41.18,49.14
2013,97865,0.04,0.57,0.48,26.98,68.89,48.49
2015,125889,0.74,0.81,0.89,24.84,44.83,62.69
2010,210923,0.75,0.06,0.26,5.0,40.61,45.48
2004,70814,0.45,0.73,0.23,5.0,66.92,32.13
2005,159798,0.13,0.08,0.43,5.0,47.9,40.85
2022,206655,0.13,0.08,0.02,74.47,52.6,77.88
2013,224599,0.59,0.32,0.77,14.69,26.05,46.23
2001,139649,0.39,0.66,0.22,5.0,52.57,16.77
2020,56725,0.42,0.31,0.99,60.72,68.86,71.29
2005,183380,0.53,0.15,0.12,5.0,45.69,29.11
2017,150158,0.24,0.71,0.63,50.79,45.78,52.13
2014,26329,0.4,0.09,0.77,33.7,78.03,71.41
2009,128275,0.92,0.47,0.58,5.0,53.47,34.7
2024,177087,0.55,0.78,0.03,65.52,46.9,74.27
2020,103691,0.37,0.29,0.76,55.32,57.51,71.49
2013,8533,0.55,0.48,0.54,18.32,82.56,57.01
2021,38492,0.27,0.57,0.35,75.3,85.17,74.7
2021,227496,0.57,0.46,0.29,59.34,38.79,65.65
2015,66060,0.52,0.57,0.4,42.1,72.53,50.25
2011,5807,0.4,0.11,0.67,16.84,82.71,74.61
2023,145591,0.6,0.56,0.76,69.57,46.48,84.33
2000,44491,0.7,0.62,0.34,5.0,74.38,20.76
2014,151466,0.26,0.98,0.19,25.14,58.59,35.32
2003,167609,0.84,0.91,0.22,5.0,46.8,17.64
2015,242185,0.98,0.95,0.31,6.5,30.46,33.28
2001,143761,0.48,0.62,0.57,5.0,55.3,23.94
2002,99785,0.59,0.75,0.74,5.0,61.52,21.49
2007,182394,0.25,0.28,0.57,5.0,45.11,33.86
2012,216760,0.66,0.66,0.92,17.9,24.11,39.31
2024,23553,0.79,0.72,0.2,81.41,78.73,87.25
2022,138340,0.27,0.33,0.6,72.49,50.33,74.65
2008,4770,0.38,0.89,0.47,5.0,85.27,41.68
2005,64341,0.03,0.04,0.87,5.0,68.84,41.39
2023,119726,0.26,0.87,0.36,75.55,51.53,70.39
2015,80767,0.87,0.4,0.84,21.94,58.27,59.7
2017,241308,0.71,0.03,0.89,24.46,15.75,61.46
2024,79688,0.33,0.2,0.9,72.15,63.52,88.7
2012,93469,0.59,0.61,0.97,23.97,48.44,45.13
2019,196541,0.22,0.03,0.92,44.83,32.2,59.32
2007,42046,0.47,0.27,0.78,5.0,72.26,47.79
2015,110842,0.6,0.05,0.33,32.17,59.62,61.41
2018,233458,0.34,0.35,0.9,45.27,26.05,51.82
2014,219712,0.84,0.25,0.15,13.31,37.8,50.83
2002,88851,0.59,0.96,0.95,5.0,53.29,7.9
2010,105906,0.51,0.76,0.3,5.48,71.3,40.68
2019,52585,0.57,0.1,0.67,45.88,66.82,68.96
2012,94411,0.87,0.67,0.98,12.4,52.68,48.33
2000,244793,0.74,0.86,0.79,5.0,21.28,5.0
2014,153252,0.88,0.84,0.15,15.86,45.89,47.58
2006,18658,0.9,0.91,0.92,5.0,78.85,32.85
2019,74502,0.68,0.7,0.38,55.82,71.69,63.31
2023,176625,0.59,0.83,0.66,75.65,42.93,70.61
2001,222830,0.33,0.17,0.01,5.0,38.16,15.7
2000,60148,0.59,0.75,0.55,5.0,71.01,22.57
2007,95009,0.67,0.13,0.24,5.0,63.71,45.47
2022,157528,0.85,0.53,0.11,53.79,53.31,60.31
2021,249061,0.9,0.72,0.39,52.97,24.54,59.87
2011,125217,0.89,0.93,0.36,5.0,53.81,50.04
2024,162203,0.38,0.94,0.82,74.97,36.71,71.02
2007,225396,0.97,0.87,0.11,5.0,20.62,10.21
2001,229794,0.55,0.47,0.79,5.0,26.87,14.34
2021,81947,0.87,0.29,0.01,58.01,63.27,77.69
2022,215036,0.07,0.21,0.26,64.37,47.34,73.98
2004,154904,0.66,0.73,0.41,5.0,44.21,12.92
2012,22473,0.78,0.88,0.17,21.21,90.0,57.89
2020,108846,0.54,0.51,0.74,62.29,56.35,61.88
2023,84359,0.78,0.28,0.54,58.14,59.0,75.09
2015,36780,0.09,0.18,0.76,39.17,68.57,63.71
2024,143693,0.03,0.48,0.62,88.28,56.66,65.98
2023,75016,0.73,0.84,0.14,77.32,72.22,75.59
2007,184902,0.61,0.9,0.32,5.0,45.48,25.25
2017,1436,0.7,0.96,0.81,41.33,74.41,68.41
2015,2827,0.96,0.29,0.32,21.26,85.34,61.11
2005,50177,0.13,0.98,0.15,5.0,79.83,41.57
2000,115403,1.0,0.37,0.05,5.0,60.31,20.79
2022,209840,0.85,0.75,0.09,47.61,40.74,58.26
2004,122631,0.9,0.71,0.32,5.0,51.72,28.64
2015,221351,0.02,0.4,0.99,50.55,30.23,51.65
2016,72487,0.83,0.7,0.32,32.99,64.74,64.61
2013,61108,0.16,0.54,0.12,27.43,84.48,51.04
2012,58617,0.56,0.54,0.31,13.01,66.22,55.32
2020,155911,0.9,0.96,0.3,38.39,52.9,57.28
2000,133172,0.38,0.08,0.95,5.0,50.07,21.75
2021,68694,0.01,0.34,0.7,76.69,75.4,84.54
2007,27187,0.38,0.91,0.54,5.0,80.22,41.95
2020,107417,0.15,0.7,0.71,56.56,61.07,75.75
2000,182297,0.51,0.13,0.06,5.0,52.16,24.52
2007,90467,0.97,0.8,0.81,5.0,60.1,37.76
2018,222333,0.15,0.02,0.39,54.19,43.69,64.39
2015,19899,0.18,0.56,0.68,40.91,88.17,68.59
2003,218550,0.18,0.88,0.25,5.0,43.82,18.29
2010,6203,0.98,0.7,0.04,5.0,87.06,48.92
2020,108194,0.25,0.89,0.7,63.26,58.65,70.74
2001,156824,0.42,0.45,0.34,5.0,53.34,14.98
2009,107004,0.8,0.2,0.69,5.0,55.37,52.52
2022,20764,0.79,0.76,0.96,61.76,71.19,83.13
2010,225994,0.88,0.7,0.62,5.0,23.28,40.7
2004,124537,0.87,0.39,0.77,5.0,48.29,37.35
2009,26303,0.61,0.69,0.2,5.0,78.46,50.5
2014,175881,0.47,0.65,0.09,26.59,51.1,44.29
2012,13937,0.57,0.57,0.9,19.09,79.72,54.86
2013,191523,0.22,0.2,0.74,17.16,33.29,57.12
2006,113926,0.76,0.76,0.09,5.0,59.08,29.74
2009,94399,0.3,0.33,0.01,5.0,70.72,44.58
2022,19837,0.85,0.88,0.18,60.03,88.63,75.69
2019,226368,0.6,0.97,0.91,47.82,23.71,61.1
2018,135634,0.5,0.56,0.32,43.22,65.42,58.99
2018,109262,0.27,0.97,0.01,41.24,73.09,60.47
2015,137857,0.94,0.71,0.27,19.9,57.65,61.52
2022,178322,0.86,0.5,0.48,59.53,47.81,75.54
2010,213381,0.03,0.38,0.75,7.9,29.99,34.53
2016,114600,0.71,0.36,0.41,34.7,52.65,70.39
2023,10360,0.98,0.59,0.98,69.41,73.98,86.12
2004,74827,0.17,0.5,1.0,5.0,56.43,26.97
2001,86804,0.95,0.25,0.23,5.0,60.88,22.58
2012,201763,0.04,0.11,0.23,23.23,38.79,47.86
2005,154284,0.98,0.08,0.93,5.0,29.78,34.52
2005,178055,0.26,0.62,0.63,5.0,49.54,21.49
2013,20052,0.55,0.75,0.19,22.5,90.08,50.16
2003,200618,0.31,0.45,0.3,5.0,49.08,28.56
2016,112822,0.02,0.94,0.51,42.4,60.59,51.88
2017,17587,0.8,0.48,0.37,32.1,74.64,69.84
2004,176216,0.97,0.32,0.35,5.0,34.01,26.74
2000,145965,0.06,0.63,0.57,5.0,70.86,25.78
2015,62425,0.7,0.95,0.33,30.59,66.63,60.29
2014,19142,0.91,0.25,0.03,29.66,92.12,63.18
2016,177939,0.64,0.02,0.83,31.65,37.72,66.19
2015,224071,0.42,0.26,0.08,28.53,35.61,53.29
2004,12473,0.27,0.32,0.13,5.0,93.0,42.35
2017,157702,0.95,0.27,0.41,22.06,43.75,59.25
2018,192059,0.12,0.7,0.14,48.59,47.71,54.91
2001,151115,0.63,0.66,0.69,5.0,39.85,22.25
2018,138824,0.94,0.64,0.13,41.97,57.43,60.24
2002,152690,0.33,0.22,0.74,5.0,48.96,27.61
2008,119120,0.25,0.32,0.39,5.0,58.54,37.82
2011,168198,0.89,0.59,0.36,5.0,42.71,41.22
2017,183800,0.63,0.21,0.56,41.48,33.45,63.99
2010,173551,0.34,1.0,0.86,5.0,36.48,34.23
2009,215057,0.5,0.92,0.08,5.0,42.36,37.14
2005,223006,0.32,0.44,0.75,5.0,32.48,32.42
2002,175104,0.62,0.94,0.89,5.0,42.81,8.92
2019,47432,0.15,0.41,0.01,58.9,86.71,64.04
2024,130603,0.08,0.51,0.56,85.91,56.55,84.74
2011,191379,0.33,0.05,0.19,5.0,47.77,36.54
2021,162195,0.13,0.76,0.48,65.08,47.72,70.72
2007,59018,0.35,0.17,0.19,5.0,79.75,43.34
2009,50133,0.17,0.63,0.14,10.55,94.45,47.03
2020,132639,0.96,0.88,0.82,52.33,52.12,62.51
2015,137387,0.59,0.02,0.12,32.07,61.73,51.77
2009,109243,0.02,0.19,0.62,5.0,64.42,40.18
2012,192443,0.56,0.17,0.39,14.01,42.23,49.55
2003,86818,0.28,0.77,0.41,5.0,66.43,28.37
2014,182791,0.81,0.23,0.99,26.66,26.29,54.3
2021,29975,0.67,0.13,0.97,61.04,75.56,78.29
2021,129297,0.04,0.92,0.29,73.54,16.53,69.54
2019,55367,0.19,0.44,0.94,62.67,73.41,70.11
2014,63762,0.04,0.58,0.27,31.69,84.35,55.67
2008,181437,0.85,0.4,0.2,5.0,32.24,35.15
2007,198932,0.45,0.56,0.3,5.0,41.64,26.41
2016,203527,0.77,1.0,0.57,25.18,23.41,51.62
2005,171955,0.9,0.9,0.59,5.0,34.48,25.82
2019,121519,0.39,0.05,0.46,56.36,56.39,71.81
2020,68964,0.68,0.99,0.53,55.1,64.4,73.01
2024,186526,0.11,0.75,0.92,80.93,39.71,72.04
2014,167422,0.68,0.32,0.36,12.8,46.49,58.34
2002,6188,0.35,0.32,0.6,5.0,92.3,38.04
2010,154386,0.19,0.18,0.56,16.58,54.54,50.41
2019,114488,0.12,0.66,0.1,61.2,68.86,69.65
2021,46197,0.04,0.46,0.38,72.42,76.99,74.47
2011,224325,0.27,0.03,0.96,5.0,21.93,49.37
2014,210984,0.31,0.13,0.28,29.36,39.15,59.62
2017,9709,0.06,0.25,0.66,52.1,90.4,74.19
2015,176008,0.87,0.42,0.79,25.91,35.1,50.04
2013,130248,0.95,0.43,0.16,16.02,50.66,44.82
2010,248251,0.63,0.15,0.54,5.0,29.81,38.92
2012,103568,0.32,0.18,0.96,20.93,51.46,55.39
2000,103979,0.85,0.5,0.61,5.0,49.07,26.55
2018,47282,0.33,0.63,0.04,57.39,79.49,67.07
2010,190798,0.33,0.73,0.41,8.83,43.01,40.92
2019,47671,0.84,0.84,0.33,40.73,74.39,61.43
2021,72213,0.84,0.84,0.04,50.63,66.77,64.59
2023,39237,0.12,0.09,0.72,72.87,80.28,83.24
2014,45783,0.23,0.79,0.7,30.78,67.91,54.4
2024,222892,0.71,0.09,0.46,63.15,30.62,79.24
2023,222988,0.72,0.08,0.12,60.88,36.99,68.63
2018,45007,0.51,0.21,0.75,46.48,64.01,84.13
2022,249513,0.91,0.75,0.65,50.13,14.42,62.0
2000,79438,0.38,0.12,0.71,5.0,61.5,29.6
2012,37029,0.8,0.97,0.66,16.97,71.82,43.65
2022,36860,0.66,0.77,0.32,58.01,71.74,78.47
2000,73917,0.52,0.91,0.4,5.0,68.4,20.26
2018,210522,0.81,0.58,0.85,34.22,27.5,58.44
2010,137915,0.9,0.56,0.86,6.53,41.02,34.32
2001,241560,0.49,0.89,0.82,5.0,20.93,7.63
2002,88521,0.6,0.84,0.18,5.0,70.33,33.04
2000,206534,0.57,0.98,0.35,5.0,29.53,8.83
2003,167482,0.02,0.01,0.86,5.0,45.07,33.59
2006,234210,0.65,0.82,0.73,5.0,22.37,13.19
2023,187508,0.08,0.43,0.62,77.95,37.19,64.49
2008,148526,0.39,0.56,0.35,5.0,57.72,47.55
2007,237360,0.13,0.51,0.84,5.0,30.09,43.79
2012,143975,0.91,0.06,0.49,7.87,43.44,56.11
2010,221716,0.56,0.23,0.98,5.0,21.44,40.96
2015,179762,0.47,0.95,0.71,30.94,43.07,45.27
2002,161002,0.88,0.1,0.17,5.0,49.98,23.81
2001,53693,0.83,0.8,0.58,5.0,66.59,20.64
2012,194279,0.95,0.63,0.69,7.11,24.53,46.2
2024,62802,0.39,0.64,0.82,83.52,66.8,70.86
2014,104868,0.77,0.07,0.2,17.56,61.65,51.75
2003,160653,0.15,0.75,0.92,5.0,41.13,15.91
2011,79332,0.85,0.22,0.77,5.0,63.11,48.83
2015,96107,0.07,0.35,0.08,34.27,77.16,63.0
2007,246773,0.69,0.48,0.6,5.0,18.36,30.85
2002,93029,0.68,0.12,0.55,5.0,60.68,40.49
2007,228653,0.7,0.79,0.4,5.0,34.05,27.05
2006,29863,0.76,0.5,0.67,5.0,79.27,39.24
2001,58913,0.89,0.33,0.75,5.0,67.61,26.73
2006,96717,0.82,0.54,0.99,5.0,55.44,27.04
2008,165437,0.42,0.77,0.05,5.0,48.94,37.71
2003,16611,0.89,0.82,0.23,5.0,80.31,26.88
2008,7488,0.4,0.22,0.21,5.0,94.31,54.9
2008,119503,0.27,0.4,0.62,5.0,55.89,38.47
2024,222944,0.03,0.92,0.48,83.01,38.4,70.53
2024,164599,0.33,0.88,0.67,75.01,46.12,67.5
2010,32356,0.5,0.03,0.48,6.75,76.8,59.17
2018,143657,0.86,0.1,0.66,32.99,43.74,69.94
2014,168558,0.36,0.73,0.57,21.5,41.54,42.69
2016,138790,0.62,0.91,0.78,33.27,50.51,51.81
2018,204175,0.75,0.4,0.05,27.88,41.03,56.6
2019,230093,0.54,0.84,0.63,50.06,31.56,53.45
2016,59068,0.8,0.34,0.57,27.35,72.99,65.62
2015,246733,0.59,0.23,0.99,14.94,16.94,51.7
2010,136164,0.97,0.85,0.82,5.0,39.85,34.16
2005,25506,0.4,0.21,0.39,5.0,78.9,44.55
2005,193031,0.24,0.71,0.33,5.0,52.78,19.71
2000,193355,0.21,0.66,0.68,5.0,37.78,18.5
2008,225177,0.77,0.25,0.99,5.0,8.98,33.37
2019,45858,0.19,0.6,0.8,54.61,74.49,64.58
2001,138909,0.97,0.99,0.72,5.0,48.35,15.56
2003,240531,0.92,0.7,0.5,5.0,11.26,18.72
2009,74566,0.14,0.78,0.53,8.19,71.7,39.91
2019,151990,0.38,0.51,0.56,53.83,51.85,62.17
2016,218570,0.97,0.26,0.49,24.89,28.93,50.62
2006,228788,0.81,0.28,0.19,5.0,30.62,26.81
2001,29123,0.1,0.9,0.56,5.0,81.49,32.54
2012,155037,0.44,0.45,0.6,18.99,59.83,42.05
2001,68245,0.36,0.61,0.12,5.0,75.23,20.87
2011,245527,0.96,0.18,0.08,5.0,23.75,43.24
2009,59020,0.34,0.86,0.21,14.0,83.49,51.05
2009,3530,0.22,0.92,0.65,5.0,88.1,46.96
2002,66269,0.77,0.57,0.86,5.0,58.07,19.72
2002,94530,0.78,0.27,0.48,5.0,57.56,25.78
2008,46833,0.01,0.76,0.82,5.02,79.89,45.58
2019,196030,0.39,0.72,0.35,44.05,38.3,51.84
2007,206400,0.46,0.14,0.09,5.0,40.99,33.83
2012,102670,0.46,0.18,0.12,6.11,65.41,55.06
2002,223448,0.77,0.46,0.47,5.0,23.82,15.48
2023,70222,0.64,0.47,0.09,71.98,76.09,85.99
2018,72059,0.4,0.46,0.48,48.18,65.09,73.36
2020,47225,0.12,0.75,0.98,65.68,68.74,73.19
2008,24346,0.48,0.62,0.16,10.04,78.74,40.46
2014,199793,0.9,0.45,0.75,19.88,38.64,51.76
2006,241857,0.25,0.63,0.15,5.0,32.71,20.84
2004,117268,0.93,0.89,0.44,5.0,52.91,19.84
2008,153150,0.56,0.94,0.53,5.0,47.3,36.92
2002,69277,0.4,0.55,0.2,5.0,76.45,29.32
2017,142296,0.22,0.42,0.86,41.79,45.6,62.67
2020,185368,0.42,0.55,0.53,60.21,41.32,66.73
2003,123774,0.75,0.76,0.39,5.0,37.27,22.63
2017,70155,0.61,0.97,0.87,46.56,57.5,59.67
2000,227705,0.98,0.96,0.37,5.0,29.0,5.0
2004,242813,0.74,0.81,0.13,5.0,21.92,17.48
2016,180458,0.35,0.04,0.74,32.57,40.77,60.7
2023,112890,0.72,0.37,0.68,67.78,55.37,84.55
2011,246059,0.65,0.85,0.67,7.72,22.41,29.91
2008,245503,0.2,0.09,0.21,5.0,33.11,27.22
2015,195146,0.46,0.97,0.16,33.26,42.96,33.44
2022,73990,0.63,0.25,0.26,62.97,66.61,84.23
2009,127922,0.37,0.38,0.2,5.0,57.46,49.53
2022,106238,0.36,0.52,0.54,77.83,59.6,73.9
2001,128330,0.91,0.3,0.44,5.0,49.68,20.38
2007,152749,0.71,0.01,0.82,5.0,43.21,43.22
2020,9611,0.51,0.07,0.02,65.14,6.75,80.82
2009,10318,0.15,0.08,0.21,5.0,86.05,46.85
2001,113771,0.7,0.57,0.42,5.0,61.41,32.53
2018,108426,0.69,0.19,0.69,48.41,60.9,64.22
2006,13015,0.21,0.36,0.84,5.0,85.86,36.93
2024,120654,0.03,0.59,0.02,84.34,70.78,73.39
2011,101577,0.54,0.04,0.61,10.93,57.76,55.57
2017,118492,0.33,0.46,0.06,44.26,71.53,71.13
2010,162603,0.05,0.88,0.28,13.44,54.68,34.97
2001,188705,0.16,0.22,0.25,5.0,45.08,27.31
2017,79740,0.3,0.49,0.39,45.37,72.11,57.18
2002,26725,0.66,0.87,0.33,5.0,78.1,19.96
2017,34803,0.2,0.95,0.07,45.01,98.9,60.6
2009,177577,0.78,0.5,0.31,5.0,37.9,40.13
2015,196674,0.79,0.36,0.39,23.41,30.3,55.04
2024,82799,0.9,0.13,0.69,65.65,65.6,99.92
2022,123120,0.08,0.73,0.47,80.45,65.38,75.46
2001,70856,0.17,0.55,0.23,5.0,90.39,27.84
2002,15760,0.55,0.02,0.47,5.0,79.89,38.09
2011,66519,0.74,0.76,0.32,14.92,73.76,52.96
2016,55012,0.29,0.37,0.81,45.11,60.87,59.07
2021,118330,0.96,0.38,0.92,47.03,59.04,80.88
2015,95634,0.05,0.53,0.64,30.63,77.17,48.22
2010,42046,0.55,0.26,0.93,5.0,72.78,56.25
2013,88009,0.82,0.14,0.33,19.55,68.08,60.19
2016,30558,0.7,0.07,0.62,26.09,80.22,73.37
2003,173977,0.58,0.28,0.37,5.0,44.8,18.83
2003,170812,0.51,0.23,0.62,5.0,37.69,34.13
2017,39105,0.58,0.15,0.15,38.43,83.02,82.27
2024,112540,0.61,0.32,0.45,66.29,70.63,96.18
2019,6306,0.11,0.19,0.24,60.64,94.54,77.62
2018,3051,0.82,0.14,0.96,46.05,72.82,77.53
2023,94864,0.71,0.86,0.45,69.47,60.24,79.01
2010,245680,0.01,0.08,0.64,8.1,34.41,44.97
2016,94076,0.84,0.22,0.74,23.49,63.01,65.04
2019,180751,0.92,0.75,0.66,44.48,35.1,63.74
2003,154475,0.3,0.55,0.84,5.0,49.03,30.01
2023,196465,0.81,0.68,0.13,52.49,36.84,80.88
2016,4823,0.5,0.99,0.18,35.68,95.28,65.74
2009,105657,0.94,0.33,0.01,5.0,66.64,40.42
2008,11726,0.51,0.79,0.32,5.0,88.03,43.35
2007,86831,0.32,0.11,0.06,5.0,93.75,44.43
2013,99463,0.06,0.65,0.62,32.06,58.41,58.0
2006,19808,0.08,0.08,0.59,5.0,84.23,45.45
2022,241407,0.29,0.5,0.14,66.45,38.42,69.45
2015,41960,0.43,0.28,0.75,31.02,78.38,66.55
2002,68586,0.95,0.41,0.2,5.0,61.29,29.04
2000,77078,0.24,0.13,0.56,5.0,83.76,22.49
2013,194735,0.03,0.03,0.06,28.7,48.78,62.53
2004,166114,0.39,0.61,0.1,5.0,47.37,26.82
2007,122538,0.26,0.74,1.0,6.56,53.47,17.33
2017,20382,0.37,0.05,0.24,45.19,88.38,84.64
2004,79566,0.13,0.09,0.29,5.0,73.57,47.8
2022,79236,0.01,0.49,0.93,74.23,7.13,82.2
2010,111930,0.22,1.0,0.07,16.31,67.23,32.55
2004,107985,0.88,0.24,0.64,5.0,51.91,30.22
2019,26377,0.39,0.46,0.12,52.63,90.88,73.68
2006,222274,0.36,0.88,0.16,5.0,33.27,23.69
2005,26611,0.04,0.25,0.66,5.0,88.86,46.01
2017,210397,0.56,0.8,0.7,33.73,30.14,58.68
2006,24627,0.69,0.52,0.42,5.0,84.16,44.51
2019,17488,0.16,0.34,0.16,61.25,92.23,79.29
2024,238093,0.9,0.03,0.73,66.1,22.15,80.2
2021,209623,0.27,0.48,0.38,59.71,46.56,61.63
2022,68142,0.19,0.88,0.18,82.42,79.07,66.27
2013,17081,0.9,0.97,0.4,14.93,84.16,52.53
2014,164312,0.79,0.91,0.72,16.07,42.19,43.15
2015,89657,0.13,0.92,0.91,29.47,65.49,55.86
2015,124893,0.78,0.28,0.5,12.01,60.48,60.26
2011,104959,0.16,0.94,0.3,23.78,75.63,36.77
2016,58359,0.45,0.98,0.07,46.37,80.28,56.25
2001,17750,0.61,0.71,0.91,5.0,70.98,25.02
2001,192507,0.36,0.37,0.32,5.0,34.83,17.83
2001,128972,0.75,0.79,0.38,5.0,54.21,17.24
2009,151800,0.33,0.73,0.67,11.27,43.45,44.55
2013,35263,0.27,0.54,0.35,24.75,88.41,50.19
2002,77396,0.19,0.19,0.84,5.0,71.42,38.03
2017,104471,0.0,0.94,0.18,45.21,75.59,60.23
2019,70949,0.5,0.09,0.44,47.01,71.69,75.3
2020,219375,0.64,0.95,0.81,40.75,22.83,56.69
2020,97415,0.94,0.94,0.06,50.7,57.82,63.1
2002,189607,0.11,0.83,0.22,5.0,47.88,13.25
2022,182546,0.18,0.15,0.48,66.4,48.06,68.45
2020,40638,0.06,0.77,0.78,71.19,72.46,75.61
2011,174005,0.46,0.25,0.12,11.22,50.64,53.45
2011,63422,0.9,0.06,0.58,9.67,68.21,59.73
2013,17348,0.3,0.01,0.13,35.55,84.06,61.15
2004,248068,0.28,0.94,0.87,5.0,16.79,22.08
2005,153109,0.38,0.52,0.02,5.0,57.84,30.14
2018,176799,0.96,0.24,0.52,41.09,45.28,65.49
2000,141696,0.95,0.04,0.55,5.0,50.52,20.23
2002,108912,0.52,0.76,0.37,5.0,70.47,20.0
2014,202271,0.24,0.42,0.54,25.63,30.53,56.08
2021,12568,0.95,0.12,0.47,61.88,75.87,81.75
2021,23562,0.88,0.58,0.71,55.15,79.48,86.27
2011,192778,0.12,0.06,0.99,12.64,39.03,52.74
2002,182165,0.25,0.94,0.88,5.0,33.54,10.0
2014,22177,0.75,0.53,0.96,25.74,80.27,68.09
2004,108794,0.38,0.56,0.88,5.0,56.83,20.87
2013,11346,0.51,0.56,0.26,37.03,97.83,53.67
2021,183162,0.7,0.0,0.16,56.51,46.53,64.6
2022,119854,0.43,0.25,0.2,60.77,60.96,72.59
2015,60029,0.75,0.75,0.72,21.78,68.04,53.34
2012,170872,0.49,0.89,0.01,16.51,50.01,38.39
2011,13598,0.65,0.33,0.47,15.43,85.27,54.34
2013,170544,0.16,0.14,0.45,27.68,50.8,55.94
2018,38762,0.81,0.17,0.06,36.33,8.25,69.55
2009,169934,0.71,0.96,0.12,5.0,32.49,33.72
2002,93526,0.84,0.73,0.86,5.0,52.93,25.15
2009,92105,0.03,0.1,0.55,8.95,76.75,46.31
2023,203061,0.27,0.88,0.19,78.29,42.92,66.91
2014,7769,0.87,0.54,0.3,16.81,76.08,73.22
2018,228535,0.28,0.58,0.57,38.77,27.54,58.15
2021,19167,0.67,0.05,0.27,66.64,73.35,74.04
2010,230278,0.26,0.28,0.33,5.68,36.61,39.05
2016,113367,0.76,0.88,0.93,35.35,52.26,57.08
2018,233777,0.18,0.09,0.0,49.12,37.63,62.68
2021,148501,0.43,0.17,0.36,54.08,52.84,70.07
2022,79655,0.01,0.91,0.56,78.05,68.53,73.78
2022,229425,0.55,0.47,0.36,61.04,32.56,66.0
2014,237114,0.12,0.67,0.62,25.58,32.17,48.92
2023,201722,0.21,0.02,0.22,71.22,43.34,79.62
2024,106151,0.5,0.18,0.79,72.77,57.62,87.12
2002,98217,0.87,0.98,0.8,5.0,59.64,19.6
2000,55006,0.93,0.07,0.7,5.0,66.6,25.53
2022,140194,0.04,0.74,0.99,73.58,48.57,76.53
2012,174817,0.67,0.94,0.38,10.61,47.7,38.63
2024,235435,0.7,0.15,0.23,64.35,40.29,72.21
2023,181252,0.7,0.45,0.0,73.81,46.89,77.23
2008,175048,0.87,0.45,0.41,5.0,38.09,36.61
2012,180983,0.25,0.7,0.86,19.19,41.58,50.95
2001,190847,0.49,0.75,0.34,5.0,39.23,12.36
2021,49127,0.84,0.79,0.63,58.07,72.75,71.9
2020,147398,0.81,0.67,0.78,43.33,41.15,54.11
2015,226701,0.15,0.95,0.01,25.72,38.14,48.46
2016,66666,0.51,0.62,0.71,33.39,69.93,64.01
2015,119136,0.87,0.43,0.89,23.28,44.35,56.59
2002,166153,0.83,0.78,0.39,5.0,41.87,12.97
2010,125839,0.64,0.19,0.02,5.0,55.42,39.2
2010,187730,0.7,0.49,0.55,5.0,39.39,42.76
2007,158024,0.15,0.13,0.82,5.0,48.42,41.83
2004,225063,0.69,0.09,0.54,5.0,31.11,36.03
2016,175582,0.25,0.31,0.36,35.33,46.11,69.09
2010,221267,0.68,0.42,0.85,5.0,31.86,49.69
2006,182398,0.98,0.04,0.55,5.0,37.69,36.59
2024,208257,0.55,0.97,0.85,78.99,34.95,62.01
2010,17067,0.96,0.77,0.18,5.0,78.56,48.78
2024,91714,0.93,0.6,0.96,64.37,48.99,80.74
2001,169596,0.27,0.69,0.14,5.0,47.59,21.31
2016,134966,0.57,0.87,0.1,24.23,59.63,49.4
2024,57800,0.13,0.43,0.72,87.64,81.75,87.15
2001,166667,0.13,0.77,0.86,5.0,40.66,6.48
2007,215861,0.01,0.33,0.93,5.0,30.23,30.45
2018,28445,0.87,0.17,0.05,42.85,76.74,71.76
2002,237966,0.18,0.89,0.93,5.0,23.24,8.72
2002,22708,0.78,0.29,0.55,5.0,74.02,29.88
2019,158628,0.4,0.35,0.47,56.45,53.71,63.95
2005,165891,0.37,0.95,0.02,5.0,51.34,20.92
2003,82511,0.98,0.79,0.63,5.0,60.94,26.93
2008,95315,0.36,0.35,0.72,7.89,67.74,44.47
2011,85492,0.26,0.71,0.14,16.29,64.21,51.87
2014,221174,0.81,0.6,0.99,13.76,31.82,45.85
2009,86565,0.36,0.95,0.16,9.01,73.97,29.87
2012,122070,0.52,0.76,0.35,12.6,54.74,39.03
2014,66538,0.24,0.08,0.88,33.5,73.71,69.51
2004,227419,0.67,0.25,0.95,5.0,15.07,19.64
2011,43913,0.73,0.08,0.27,10.59,79.37,64.15
2024,208451,0.49,0.87,0.85,71.73,27.0,60.25
2010,177646,0.52,0.93,0.42,6.88,42.15,31.17
2020,246953,0.91,0.89,0.87,45.67,18.03,51.2
2002,206317,0.01,0.65,0.86,5.0,32.57,16.47
2002,96649,0.24,0.95,0.73,5.0,64.43,19.2
2015,11958,0.49,0.04,0.59,33.42,79.72,67.89
2022,168149,0.86,0.26,0.38,57.52,48.52,71.56
2012,110086,0.38,0.82,0.53,17.76,74.33,41.55
2012,234107,0.93,0.0,0.65,5.0,17.35,43.66
2003,203436,0.81,0.5,0.05,5.0,41.16,23.49
2002,178766,0.25,0.73,0.77,5.0,32.03,9.27
2022,81549,0.45,0.65,0.55,64.21,60.98,83.64
2016,28113,0.92,0.88,0.98,32.65,68.52,53.95
2010,40365,0.76,0.86,0.58,6.14,65.36,36.87
2020,155098,0.42,0.47,0.12,55.13,56.68,74.13
2004,159540,0.99,0.82,0.44,5.0,47.37,24.36
2021,31879,0.25,0.74,0.4,72.8,84.2,72.13
2008,133746,0.14,0.08,0.89,5.0,57.38,52.75
2015,199015,0.42,0.06,0.35,19.83,43.47,64.45
2016,190029,0.04,0.67,0.66,38.04,45.73,52.89
2008,7931,0.54,0.58,0.5,5.0,84.96,45.58
2012,194133,0.6,0.89,0.65,14.58,30.11,28.88
2017,17358,0.18,0.13,0.28,43.78,90.9,75.71
2023,78524,0.11,0.57,0.99,68.82,62.28,83.03
2023,49292,0.06,0.61,0.44,77.9,77.43,80.18
2005,71446,0.15,0.6,0.4,5.0,77.31,36.85
2008,128352,0.25,0.61,0.05,5.39,70.31,38.18
2010,209819,0.1,0.17,0.58,10.01,37.12,48.64
2019,13332,0.86,0.74,0.49,44.47,79.51,72.9
2001,205895,0.32,0.92,0.04,5.0,42.54,7.64
2009,35209,0.8,0.46,0.07,5.0,84.11,43.69
2000,140032,0.43,0.37,0.51,5.0,61.61,14.08
2008,19661,0.33,0.83,0.67,5.0,81.82,43.73
2021,49760,0.28,0.96,0.78,67.86,67.0,56.79
2006,211048,0.29,0.1,0.32,5.0,30.13,23.65
2024,232482,0.81,0.71,0.96,68.91,17.87,65.75
2022,160007,0.77,0.62,0.88,55.96,38.89,63.37
2000,109073,0.12,0.84,0.52,5.0,54.39,13.69
2010,245842,0.8,0.59,0.26,5.0,22.96,30.44
2010,197332,0.49,0.02,0.6,5.17,38.76,34.09
2013,193053,0.92,0.8,0.37,17.25,30.2,52.37
2016,67524,0.46,0.63,0.18,33.59,73.61,52.51
2019,39149,0.71,0.02,0.57,47.54,76.66,78.47
2015,59950,0.78,0.83,0.63,21.24,73.15,54.93
2023,89513,0.93,0.07,0.04,71.64,61.02,94.99
2022,117047,0.92,0.27,0.41,52.35,57.5,77.33
2004,199307,0.77,0.77,0.59,5.0,37.99,23.11
2006,247761,0.26,0.03,0.5,5.0,28.7,33.25
2016,117824,0.83,0.08,0.13,37.96,59.52,67.39
2008,119276,0.39,0.91,0.05,5.0,50.7,34.56
2005,20617,0.43,0.63,0.01,5.0,99.26,38.07
2012,10216,0.6,0.78,0.19,16.39,89.56,46.03
2002,36126,0.47,0.9,0.55,5.0,77.93,17.46
2015,183323,0.26,0.38,0.84,28.76,39.65,57.48
2002,135818,0.31,0.84,0.38,5.0,59.13,11.26
2009,23553,0.19,0.13,0.89,5.0,80.12,56.94
2006,212360,0.03,0.82,0.3,5.0,39.49,18.79
2007,223874,0.76,0.11,0.72,5.0,25.05,40.34
2023,226914,0.11,0.62,0.84,60.95,28.06,72.01
2016,9923,0.53,0.87,0.65,38.55,74.93,63.9
2015,175586,0.27,0.61,0.87,30.73,47.15,46.47
2007,174191,0.17,0.72,0.08,5.0,47.53,32.93
2019,128867,0.83,0.7,0.52,40.13,44.36,56.93
2009,67968,0.15,0.07,0.9,6.39,65.81,41.02
2017,83200,0.77,0.87,0.23,34.16,68.45,60.37
2024,10840,0.95,0.15,0.88,68.05,75.12,94.76
2000,88413,0.29,0.29,0.29,5.0,69.28,24.89
2000,46856,0.42,0.65,0.46,5.0,74.43,22.39
2005,244043,0.87,0.15,0.84,5.0,17.09,30.83
2023,178272,0.46,0.75,0.17,68.05,40.26,64.66
2011,141827,0.3,0.82,0.2,5.48,47.72,43.59
2017,82674,0.64,0.67,0.1,42.09,65.7,60.92
2005,85915,0.98,0.71,0.18,5.0,66.76,29.25
2015,108809,0.99,0.79,0.59,16.99,56.81,49.65
2000,72865,0.2,0.72,0.98,5.0,69.05,29.74
2011,20505,0.66,0.15,0.75,6.82,68.35,58.41
2017,113052,0.54,0.19,0.29,41.5,55.56,67.97
2014,221037,0.6,0.87,0.5,22.4,30.69,38.36
2022,83682,0.08,0.11,0.57,76.06,65.07,84.98
2012,249605,0.59,0.59,0.02,16.29,26.26,38.15
2016,192784,0.58,0.03,0.31,36.6,39.35,58.83
2019,206087,0.87,0.4,0.97,46.91,19.23,73.46
2015,187932,0.63,0.5,0.74,26.93,29.41,49.22
2005,157686,0.13,0.24,0.09,5.0,55.82,39.44
2022,73567,0.2,0.36,0.1,70.88,77.42,81.85
2013,101136,0.57,0.85,0.99,18.17,46.83,47.07
2019,197215,0.32,0.94,0.61,54.65,51.49,51.78
2016,146009,0.08,0.23,0.43,45.78,58.46,67.68
2019,157507,0.4,0.72,0.69,42.71,42.57,58.15
2021,82543,0.7,0.04,0.84,56.45,56.51,87.89
2015,235058,0.42,0.05,0.26,23.53,29.68,53.19
2010,185517,0.52,0.38,0.67,5.0,38.64,50.92
2011,225104,0.31,0.45,0.74,5.94,21.59,41.61
2011,135058,0.5,0.44,0.25,14.03,50.84,37.67
2005,1544,0.25,0.01,0.24,5.0,94.22,45.04
2021,221501,0.18,0.69,0.83,63.76,29.42,59.95
2008,5977,0.49,0.44,0.42,9.69,95.78,43.42
2021,16263,0.07,0.22,0.85,73.68,83.56,75.9
2022,46342,0.67,0.81,0.37,68.09,67.19,75.45
2022,106679,0.68,0.81,0.27,59.33,60.2,69.48
2005,111493,0.25,0.02,0.31,5.0,72.87,40.39
2009,184152,0.84,0.99,0.02,5.0,37.89,34.89
2019,186399,0.24,0.51,0.77,53.62,34.76,66.9
2011,44290,0.53,0.92,0.52,15.32,77.94,41.36
2021,85579,0.71,0.4,0.12,61.62,68.64,71.79
2008,9482,0.55,0.63,0.56,5.0,79.07,36.6
2024,21442,0.55,0.23,0.96,78.53,74.91,95.46
2024,229613,0.79,0.53,0.14,69.4,30.45,66.23
2023,119705,0.14,0.29,0.56,76.38,63.74,75.98
2024,104877,0.05,0.77,0.81,79.27,58.49,83.37
2010,19995,0.13,0.95,0.59,11.56,77.33,33.36
2017,107977,0.32,0.16,0.47,41.58,65.93,66.09
2007,110643,0.68,0.36,0.72,5.0,46.54,43.03
2005,135382,0.99,0.69,0.14,5.0,57.16,27.84
2003,128988,0.69,0.47,0.3,5.0,55.38,20.01
2003,227198,0.74,0.5,0.39,5.0,29.74,18.76
2007,200050,0.32,0.53,0.51,5.0,44.36,31.34
2020,5527,0.24,0.77,0.99,60.18,78.03,70.24
2024,196579,0.98,0.83,0.27,64.26,38.74,83.2
2017,63099,0.84,0.22,0.52,39.85,66.05,74.11
2017,46511,0.04,0.19,0.47,56.45,75.46,74.25
2008,102447,0.34,0.47,0.91,5.0,51.27,49.01
2012,61100,0.94,0.55,0.27,5.0,60.43,57.67
2019,3649,0.98,0.38,0.39,41.29,82.4,75.37
2000,25303,0.16,0.42,0.31,5.0,86.91,31.28
2001,221849,0.22,0.37,0.18,5.0,38.03,17.92
2005,239407,0.77,0.54,0.7,5.0,26.2,12.23
2015,95619,0.28,0.8,0.39,34.0,10.95,63.39
2007,231642,0.99,0.05,0.1,5.0,23.26,31.92
2022,110368,0.56,0.49,0.31,68.25,57.35,84.91
2022,70405,0.66,0.03,0.11,65.53,73.78,84.04
2008,222724,0.79,0.94,0.34,5.0,40.28,26.56
2014,240352,0.32,0.23,0.07,19.11,30.71,52.06
2014,234986,0.41,0.27,0.66,23.18,25.85,48.44
2018,217249,0.67,0.99,0.61,31.71,34.18,49.53
2010,162294,0.49,0.39,0.74,5.0,48.49,39.37
2009,162476,0.59,0.94,0.09,5.0,62.61,30.67
2006,53526,0.13,0.9,0.86,5.0,72.51,35.74
2022,209715,0.41,0.22,0.23,59.85,39.01,74.13
2016,174682,0.5,0.25,0.36,32.3,42.62,62.13
2019,109888,0.83,0.21,0.03,33.92,58.1,70.57
2004,180152,0.01,0.53,0.17,5.0,56.94,23.52
2011,175476,0.56,0.07,0.88,7.88,36.62,46.16
2001,86757,0.47,0.84,0.07,5.0,63.42,12.42
2004,93479,0.03,0.26,0.02,5.0,76.35,36.86
2018,46806,0.77,0.35,0.34,37.11,81.59,72.74
2022,237380,0.01,0.61,0.17,63.94,33.1,63.11
2014,121753,0.97,0.42,0.38,20.35,49.54,56.3
2000,110872,0.14,0.64,0.83,5.0,55.49,21.78
2011,38750,0.17,0.6,0.72,26.24,73.12,45.03
2008,101625,0.18,0.9,0.84,5.0,58.68,29.3
2000,3017,0.47,0.93,0.62,5.0,86.71,14.73
2017,123994,0.04,0.75,0.38,50.6,62.9,59.14
2024,145014,0.76,0.74,0.32,67.64,53.87,77.01
2019,155848,0.58,0.13,0.03,41.48,45.76,70.54
2011,183860,0.96,0.15,0.07,5.0,40.25,59.16
2008,100683,0.84,0.71,0.81,5.0,53.16,32.65
2017,155869,0.94,1.0,0.5,21.9,42.93,50.02
2021,82202,0.15,0.38,0.22,63.69,68.88,73.1
2024,233553,0.2,0.94,0.42,82.29,26.89,68.93
2010,77971,0.51,0.97,0.39,9.15,62.91,47.0
2002,55781,0.86,0.84,0.7,5.0,63.2,29.48
2022,148904,0.39,0.78,0.48,65.25,49.44,76.42
2021,184004,0.96,0.55,0.18,46.9,43.06,65.23
2000,181958,0.9,0.4,0.56,5.0,23.24,12.99
2018,244741,0.58,0.71,0.85,34.36,19.43,52.8
2009,123835,0.48,0.98,0.35,5.0,64.58,32.42
2014,127575,0.69,0.06,0.66,24.27,52.75,55.41
2015,196508,0.55,0.53,0.2,31.54,48.98,56.11
2007,169121,0.53,0.44,0.75,5.0,41.17,39.7
2009,93879,0.94,0.86,0.11,5.0,60.8,47.03
2019,228300,0.83,0.39,0.67,37.02,29.86,64.07
2004,245377,0.46,0.61,0.11,5.0,27.55,14.34
2022,110884,0.47,0.53,0.81,68.19,49.26,81.99
2012,204331,0.21,0.4,0.03,15.99,39.44,51.01
2005,22281,0.82,0.15,0.18,5.0,82.16,38.66
2007,143506,0.16,0.92,0.72,5.0,48.28,34.11
2012,156782,0.23,0.89,0.36,17.95,45.6,39.06
2013,187351,0.61,0.78,0.54,14.92,38.26,43.28
2011,116765,0.47,0.65,0.66,9.18,52.65,41.98
2014,98897,0.94,0.15,0.92,20.7,48.68,56.11
2006,238941,0.43,0.83,0.67,5.0,25.3,27.36
2019,211579,0.74,0.94,0.82,39.53,30.94,58.91
2011,216804,0.59,0.29,0.78,5.0,24.65,43.15
2003,234688,0.73,0.29,0.84,5.0,33.12,23.92
2002,10440,0.43,0.1,0.23,5.0,85.57,36.13
2010,221935,0.6,0.98,0.95,5.7,25.07,25.14
2023,48524,0.71,0.4,0.06,82.65,80.34,88.82
2019,145233,0.12,0.38,0.87,59.1,49.98,68.43
2021,183178,0.71,0.59,0.77,58.44,38.83,64.17
2022,197809,0.77,0.38,0.75,56.21,38.58,76.21
2013,106651,0.07,0.65,0.74,29.87,59.84,48.57
2024,214757,0.66,0.78,0.34,60.35,37.4,68.28
2010,118691,0.28,0.01,0.15,9.33,59.93,50.92
2004,187193,0.81,0.11,0.14,5.0,42.78,31.21
2001,103833,0.18,0.49,0.79,5.0,14.55,19.38
2009,138870,0.14,0.98,0.01,11.95,66.5,30.63
2024,66536,0.72,0.07,0.71,79.86,63.8,84.41
2020,202841,0.5,0.67,0.41,53.05,42.24,64.09
2011,128532,0.03,0.46,0.18,20.0,72.57,45.45
2017,141131,0.96,0.4,0.41,29.17,45.23,64.42
2019,138466,0.36,0.81,0.27,61.56,57.4,61.82
2006,106341,0.49,0.09,0.1,5.0,69.74,41.55
2004,75481,0.12,0.8,0.59,5.0,18.08,25.44
2024,95937,0.75,0.96,0.41,71.22,57.35,84.47
2024,163647,0.2,0.78,0.83,82.74,30.64,77.27
2006,224333,0.49,0.04,0.05,5.0,41.72,37.49
2022,213110,0.7,0.29,0.51,55.26,43.76,76.22
2018,56163,0.0,0.67,0.73,59.8,75.73,65.26
2015,160034,0.2,0.49,0.08,31.66,61.25,57.89
2003,133762,0.33,0.98,0.36,5.0,56.78,21.82
2012,109278,0.92,0.87,0.82,15.84,46.17,38.86
2000,16546,0.85,0.8,0.01,5.0,87.63,26.82
2012,191352,0.6,0.04,0.21,8.34,43.83,53.41
2015,198110,0.86,0.03,0.94,20.0,32.76,64.71
2019,191767,0.03,0.55,0.03,64.61,52.58,63.99
2024,126135,0.7,0.11,0.33,74.43,60.71,84.95
2023,25265,0.36,0.48,0.43,78.66,79.67,80.15
2000,27221,0.61,0.67,0.59,5.0,73.79,26.37
2003,216889,0.24,0.23,0.97,5.0,23.21,31.88
2015,187808,0.59,0.7,0.11,27.92,42.98,43.15
2000,133876,0.31,0.48,0.31,5.0,56.79,25.18
2014,45851,0.8,0.2,0.64,20.4,64.85,66.23
2005,129787,0.0,0.59,0.39,5.0,60.09,34.16
2000,222162,0.9,0.33,0.52,5.0,28.97,15.42
2019,182013,0.67,0.37,0.45,51.92,37.88,69.34
2023,170669,0.94,0.29,0.29,55.61,42.24,88.49
2016,62464,0.52,0.78,0.42,34.14,74.3,56.87
2008,236223,0.01,0.24,0.82,5.0,34.24,31.6
2019,211068,0.46,0.04,0.12,49.66,41.58,57.1
2023,232343,0.9,0.7,0.8,57.82,21.09,64.12
2024,193521,0.66,0.79,0.99,64.98,34.41,68.75
2023,66996,0.32,0.11,0.72,68.67,75.44,91.64
2002,36529,0.78,0.18,0.7,5.0,69.51,44.76
2015,3665,0.8,0.86,0.86,35.12,77.14,60.99
2005,187541,0.26,0.62,0.2,5.0,48.4,22.51
2013,91551,0.53,0.97,0.95,16.85,47.17,48.6
2022,247296,0.94,0.8,0.76,54.36,24.6,53.32
2019,85444,0.43,0.66,0.56,50.29,60.94,67.39
2003,113636,0.02,0.89,0.44,5.0,67.84,19.54
2021,225052,0.59,0.51,0.54,56.8,34.26,61.48
2011,214576,0.04,0.13,0.05,15.41,53.16,45.57
2008,162624,0.34,0.14,0.46,5.0,54.26,38.73
2015,144620,0.28,0.85,0.69,35.96,53.43,54.7
2021,88043,0.78,0.39,0.65,51.61,55.46,77.39
2000,111171,0.75,0.38,0.66,5.0,43.11,38.06
2007,218389,0.05,0.31,0.24,5.0,40.75,33.08
2019,180190,0.08,0.7,0.27,59.7,51.44,57.22
2000,177001,0.71,0.57,0.31,5.0,47.11,10.4
2020,57858,0.98,0.91,0.12,41.89,75.67,73.31
2017,52964,0.99,0.97,0.6,26.02,65.58,57.32
2021,73047,0.97,0.63,0.21,52.24,63.09,67.53
2016,79065,0.92,0.42,0.89,30.52,66.19,65.73
2013,211156,0.31,0.51,0.43,26.42,34.2,53.29
2021,78731,0.04,0.77,0.96,74.03,65.76,71.5
2017,58884,0.82,0.9,0.55,34.34,76.85,56.93
2012,71989,0.86,0.46,0.28,9.69,78.29,49.67
2023,73234,0.01,0.24,0.03,76.21,72.83,75.67
2002,224970,0.77,0.99,0.46,5.0,27.22,5.0
2004,126939,0.26,0.34,0.83,5.0,51.2,37.92
2004,102541,0.13,0.4,0.03,5.0,67.57,29.51
2017,81589,0.16,0.72,0.16,49.18,72.57,61.46
2013,243940,0.42,0.59,0.99,12.1,28.38,39.95
2020,164866,0.81,0.79,0.54,47.66,41.96,65.09
2023,185527,0.78,0.65,0.24,63.09,51.05,68.07
2005,85227,0.17,0.08,0.62,5.0,63.62,42.69
2011,113020,0.37,0.03,0.64,11.15,51.13,52.05
2020,177706,0.2,0.95,0.49,55.65,48.59,56.73
2008,118829,0.01,0.79,0.07,10.97,72.22,35.78
2024,37736,0.89,0.9,0.54,64.92,73.11,75.06
2014,96490,0.58,0.11,0.92,19.5,56.1,53.62
2003,146940,0.55,0.22,0.5,5.0,54.46,31.49
2016,170376,0.95,0.36,0.08,21.03,44.74,59.51
2012,175874,0.66,0.72,0.33,6.61,39.53,42.92
2015,18917,0.76,0.92,0.74,28.98,81.73,61.48
2023,123682,0.32,0.76,0.35,80.0,59.79,72.16
2013,74012,0.26,0.14,0.26,28.74,76.91,63.36
2007,214908,0.62,0.75,0.88,5.0,23.88,20.46
2004,103217,0.75,0.34,0.01,5.0,60.66,28.61
2009,43294,0.32,0.69,0.44,5.0,74.08,49.54
2007,174348,0.05,0.71,0.74,5.0,42.67,28.22
2018,108959,0.09,0.01,0.06,59.54,73.3,72.16
2002,218308,0.08,0.64,0.08,5.0,47.74,23.55
2024,156374,0.36,0.86,0.51,74.22,44.0,68.65
2018,6167,0.92,0.9,0.88,39.35,75.15,65.1
2017,170000,0.88,0.76,0.48,32.03,35.34,53.79
2014,58527,0.45,0.81,0.65,33.74,71.93,58.85
2009,18108,0.09,0.41,0.62,19.89,87.19,43.68
2016,179786,0.5,0.51,0.23,40.17,45.59,64.3
2011,217589,0.26,0.56,0.59,8.37,27.0,45.8
2019,136124,0.31,0.87,0.3,43.26,58.62,51.02
2007,217122,0.93,0.53,0.17,5.0,37.99,39.16
2005,11723,0.14,0.31,0.24,5.0,98.32,43.71
2023,77944,0.65,0.75,0.82,68.93,57.33,71.23
2019,105768,0.68,0.09,0.52,51.74,68.53,74.51
2011,17986,0.14,0.66,0.55,22.66,95.49,52.62
2023,184611,0.01,0.16,0.31,78.67,46.6,83.64
2006,196725,0.26,0.86,0.72,5.0,29.91,21.02
2015,38652,0.49,0.93,0.16,34.61,74.42,58.03
2008,35648,0.33,0.79,0.08,5.0,87.75,34.97
2010,10869,0.97,0.61,0.82,8.28,69.44,51.97
2015,204028,0.56,0.42,0.31,21.13,40.21,45.76
2005,80379,0.26,0.25,0.54,5.0,67.58,40.34
2002,57019,0.46,0.84,0.09,5.0,78.79,24.76
2008,195469,0.06,0.22,0.05,5.0,47.5,41.81
2001,223865,0.85,0.69,0.22,5.0,22.84,11.1
2019,19213,0.4,0.03,0.23,70.58,86.34,85.08
2011,68855,0.47,0.03,0.84,5.31,77.03,56.51
2011,103460,0.43,0.31,0.41,8.26,62.24,55.94
2024,144390,0.85,0.96,0.5,72.42,46.45,69.12
2012,197945,0.11,0.2,0.85,25.5,30.65,38.02
2009,104576,0.98,0.29,0.28,5.0,63.86,48.95
2000,51159,0.28,0.21,0.71,5.0,80.72,21.96
2023,35971,0.48,0.03,0.55,76.99,83.68,88.55
2006,181159,0.08,0.68,0.2,5.0,42.49,24.66
2007,111868,0.43,0.98,0.61,5.0,65.25,29.53
2001,147177,0.53,0.73,0.84,5.0,52.84,10.22
2021,31747,0.98,0.68,0.56,64.83,74.78,73.83
2009,35482,0.7,0.75,0.63,5.0,70.38,42.69
2001,199663,0.31,0.43,0.98,5.0,33.63,19.23
2003,186255,0.22,0.13,0.19,5.0,45.84,38.28
2017,93546,0.38,0.32,0.31,37.38,72.03,62.23
2015,206723,0.15,0.48,0.2,39.18,48.81,50.18
2005,151264,0.27,0.82,0.9,5.0,47.54,36.09
2006,26218,0.09,0.14,0.3,5.0,86.8,42.16
2012,119337,0.24,0.07,0.41,14.65,57.68,61.42
2005,628,0.44,0.93,0.05,5.0,94.97,32.89
2004,186456,0.37,0.78,0.11,5.0,52.63,23.1
2010,174053,0.1,0.5,0.54,13.4,51.6,41.46
2003,144475,0.03,0.28,0.87,5.0,46.21,26.07
2000,129079,0.47,0.32,0.12,5.0,62.86,26.17
2005,142056,0.45,0.38,0.65,5.0,51.89,32.68
2014,207629,0.67,0.33,0.61,17.64,30.0,53.08
2017,123549,0.91,0.56,0.56,35.91,48.91,67.18
2006,226064,0.09,0.38,0.14,5.0,44.98,24.47
2006,50011,0.51,0.37,0.45,5.0,77.93,35.8
2015,61160,0.08,0.32,0.85,39.73,71.09,60.34
2002,151130,0.23,0.81,0.76,5.0,48.0,15.03
2007,249131,0.58,0.19,0.72,5.0,12.07,36.77
2017,138857,0.2,0.65,0.21,51.34,55.38,58.38
2024,41860,0.0,0.22,0.47,88.23,73.69,93.93
2002,82192,0.41,0.83,0.4,5.0,70.58,16.99
2009,152588,0.11,0.21,0.88,7.53,40.71,43.73
2020,244812,0.81,0.63,0.98,50.98,18.42,59.0
2014,178393,0.75,0.42,0.18,13.21,46.53,51.79
2014,698,0.13,0.22,0.11,33.79,99.18,65.08
2004,37292,0.11,0.81,0.31,5.0,90.93,40.72
2001,39752,0.9,0.63,0.28,5.0,78.47,25.58
2004,148444,0.25,0.21,0.75,5.0,55.05,26.29
2012,198083,0.8,0.59,0.19,5.19,33.02,38.13
2004,184963,0.84,0.67,0.52,5.0,38.75,19.35
2024,153168,0.93,0.31,0.44,58.35,41.53,79.56
2015,78751,0.96,0.4,0.7,20.3,51.48,57.21
2005,93395,0.8,0.65,0.04,5.0,68.64,28.69
2023,8970,0.73,0.28,0.82,64.11,78.41,96.3
2003,92514,0.18,0.11,0.99,5.0,64.65,47.72
2016,45353,0.8,0.24,0.53,31.23,70.54,77.15
2006,156088,0.88,0.33,0.83,5.0,43.24,36.98
2014,228659,0.51,0.72,0.51,23.06,27.86,47.66
2014,165961,0.36,0.96,0.57,24.14,49.53,51.1
2004,186351,0.81,0.78,0.58,5.0,34.5,22.37
2001,30890,0.63,0.7,0.26,5.0,89.47,23.9
2019,130568,0.5,0.82,0.61,39.8,58.53,62.19
2014,249715,0.15,0.37,0.43,26.94,29.72,45.58
2002,72062,0.38,0.09,0.83,5.0,63.9,35.12
2001,210143,0.04,0.47,0.72,5.0,33.01,16.27
2022,151794,0.9,0.87,0.45,62.35,48.3,69.18
2024,43432,0.3,0.9,0.97,87.91,69.04,74.72
2004,249971,0.14,0.8,0.12,5.0,24.65,9.5
2012,165286,0.97,0.8,0.08,5.0,36.79,42.53
2019,25430,0.54,0.34,0.44,60.05,12.96,71.86
2021,105947,0.71,0.68,0.5,56.25,55.34,67.66
2013,5734,0.48,0.62,0.75,27.65,81.05,52.38
2010,9360,0.29,0.44,0.08,15.06,88.59,53.88
2001,207555,0.01,0.44,0.45,5.0,29.92,12.29
2012,155825,0.8,0.6,0.34,13.29,49.86,41.23
2019,144450,0.12,0.34,0.77,65.95,50.87,67.9
2024,97218,0.27,0.58,0.23,84.31,67.23,86.0
2009,144209,0.39,0.26,0.82,5.0,55.98,47.59
2013,15776,0.95,0.3,0.19,27.64,83.75,61.77
2024,94884,0.43,0.41,0.58,84.49,71.64,86.25
2021,66801,0.37,0.09,0.93,65.32,64.14,73.58
2022,143325,0.97,0.48,0.7,59.49,43.74,68.76
2015,150792,0.29,0.07,0.31,24.94,58.92,54.75
2009,163449,0.1,0.61,0.43,5.0,61.94,37.74
2024,152226,0.8,0.02,0.18,69.37,54.57,90.29
2016,119775,0.54,0.55,0.49,37.77,62.55,67.7
2004,232600,0.45,0.3,0.38,5.0,39.2,21.91
2018,145263,0.1,0.01,0.24,52.13,56.7,68.13
2017,219956,0.24,0.73,0.74,37.79,41.38,48.55
2012,233045,0.15,0.91,0.66,19.2,34.82,37.5
2009,243719,0.23,0.09,0.56,5.0,31.43,40.89
2013,232515,0.96,0.33,0.93,5.0,24.53,51.2
2010,232395,0.09,0.75,0.64,9.17,33.93,35.47
2005,108473,0.79,0.1,0.65,5.0,54.38,40.18
2000,116708,0.65,0.73,1.0,5.0,52.38,19.43
2002,17714,0.73,0.26,0.03,5.0,87.58,30.08
2023,17816,0.78,0.07,0.33,69.04,77.59,97.82
2004,64412,0.36,0.29,0.31,5.0,74.15,38.05
2019,79453,0.38,0.71,0.2,58.03,83.84,71.78
2003,191838,0.05,0.15,0.74,5.0,48.5,22.74
2023,248721,0.42,0.11,0.87,74.82,17.27,74.56
2020,233179,0.77,0.51,0.38,42.42,24.01,61.76
2019,8083,0.52,0.22,1.0,51.3,74.28,75.1
2006,136215,0.9,0.13,0.27,5.0,52.58,35.84
2016,201858,0.77,0.85,0.44,28.24,35.58,45.18
2024,141164,0.38,0.44,0.69,71.72,54.46,80.53
2013,241326,0.78,0.9,0.11,19.73,27.35,39.22
2002,236008,0.45,0.67,0.33,5.0,24.9,19.62
2017,155752,0.68,0.55,0.22,43.32,52.54,53.84
2011,67768,0.29,0.48,0.28,13.42,71.02,51.35
2017,106125,0.56,0.7,0.13,39.06,69.14,61.42
2011,53335,0.39,0.98,0.67,17.86,69.75,40.14
2023,86754,0.2,0.07,0.63,74.18,71.05,83.36
2018,53900,0.42,0.18,0.61,53.37,81.43,73.21
2020,76912,0.12,0.45,0.61,61.94,72.56,69.48
2004,141511,0.96,0.18,0.21,5.0,49.87,37.47
2007,74247,0.89,0.86,0.85,5.0,56.69,36.57
2020,157835,0.8,0.41,0.43,58.24,36.02,80.67
2016,51219,0.24,0.88,0.83,44.36,77.24,53.22
2011,67904,0.13,0.17,0.21,15.06,73.76,52.99
2021,36368,0.31,0.39,0.66,61.69,84.48,77.36
2002,45621,0.25,0.17,0.42,5.0,80.14,33.88
2006,130099,0.23,0.63,0.34,5.0,57.84,21.14
2023,163141,0.6,0.18,0.15,69.82,59.18,82.94
2000,17408,0.94,0.96,0.79,5.0,79.79,25.92
2006,172756,0.57,0.23,0.26,5.0,43.72,39.55
2003,49968,0.05,0.85,0.7,5.0,77.97,23.46
2018,190083,0.87,0.69,0.22,44.61,45.78,62.37
2019,100490,0.88,0.46,0.84,39.22,57.95,69.59
2007,201571,0.04,0.76,0.89,5.0,39.18,22.86
2020,121422,0.18,0.66,0.59,65.59,58.81,73.51
2002,27242,0.08,0.16,0.72,5.0,87.33,38.24
2017,128965,0.91,0.23,0.43,21.7,59.89,61.22
2003,91719,0.94,0.57,0.1,5.0,74.96,26.37
2009,105819,0.36,0.04,0.73,7.53,57.55,52.62
2024,99263,0.14,0.97,0.13,81.06,66.6,77.53
2006,104119,0.34,1.0,0.71,5.0,58.43,25.89
2014,106060,0.44,0.8,0.08,26.67,75.56,48.02
2014,211988,0.86,0.37,0.36,20.58,24.43,46.31
2006,34220,0.72,0.75,0.35,5.0,85.75,38.88
2013,178596,0.55,0.54,0.78,9.55,31.68,44.57
2014,236651,0.17,0.46,0.77,31.62,33.7,43.55
2003,117298,0.57,0.85,0.65,5.0,55.74,16.52
2017,187342,0.52,0.22,0.24,37.62,38.24,72.88
2005,194221,0.12,0.92,0.45,5.0,45.1,18.72
2010,47533,0.47,0.96,0.69,8.46,80.26,50.78
2017,73715,0.62,0.1,0.33,35.9,71.46,80.61
2016,123346,0.85,0.67,0.65,24.23,51.74,63.7
2002,208181,0.24,0.21,0.66,5.0,43.92,25.44
2000,101743,0.37,0.7,0.19,5.0,72.54,13.78
2006,189311,0.36,0.6,0.82,5.0,37.48,31.68
2008,13950,0.8,0.4,0.86,5.0,88.47,49.27
2015,193604,0.71,0.19,0.37,29.36,30.81,62.95
2010,160693,0.12,0.07,0.6,11.31,51.99,52.33
2019,210808,0.45,0.71,0.89,47.6,27.37,54.04
2016,59010,0.49,0.18,0.14,39.46,85.08,63.73
2005,170778,0.61,0.7,0.17,5.0,47.4,27.97
2010,230942,0.75,0.85,0.3,5.0,24.53,30.45
2005,144118,0.26,0.53,0.32,5.0,52.43,25.06
2002,6024,0.55,0.14,0.56,5.0,86.04,42.4
2008,155662,0.38,0.96,0.86,5.0,48.19,29.59
2020,197913,0.33,0.01,0.09,52.7,51.06,72.01
2001,45872,0.34,0.68,0.43,5.0,87.25,32.88
2008,206894,0.46,0.24,0.75,5.0,36.44,38.09
2017,141186,0.44,0.96,0.79,33.53,44.14,61.75
2012,164303,0.6,0.19,0.05,14.49,47.69,49.08
2022,163927,0.96,0.56,0.66,55.81,40.46,61.85
2024,137446,0.02,0.67,0.83,85.85,46.47,78.53
2018,186785,0.73,0.31,0.43,43.72,32.45,58.86
2010,27489,0.84,0.04,0.06,6.33,81.34,55.53
2000,135253,0.9,0.71,0.85,5.0,46.98,20.64
2007,22734,0.61,0.21,0.3,5.0,80.36,46.93
2008,65719,0.22,0.77,0.95,5.0,68.95,38.28
2014,17639,0.64,0.77,0.64,30.87,73.0,59.43
2019,231530,0.64,0.58,0.25,39.75,16.44,48.97
2006,186587,0.06,0.68,0.69,5.0,42.03,20.95
2005,37804,0.86,0.12,0.6,5.0,80.24,39.75
2015,148332,0.74,0.38,0.3,23.17,57.87,58.01
2004,239480,0.96,0.8,0.16,5.0,21.49,19.84
2016,2571,0.16,0.69,0.63,47.64,85.57,57.96
2005,68272,0.07,0.4,0.5,5.0,74.92,34.71
2006,222612,0.46,0.74,0.11,5.0,32.85,20.48
2016,138125,0.97,0.1,0.38,29.25,51.16,63.28
2013,114148,0.78,0.59,0.46,18.03,55.01,64.39
2017,81011,0.05,0.52,0.04,50.63,82.56,70.5
2018,16311,0.49,0.49,0.88,46.17,74.87,67.92
2019,23496,0.53,0.85,0.83,58.83,82.89,72.68
2015,2311,0.16,0.83,0.03,45.01,94.22,59.04
2000,27037,1.0,0.93,0.9,5.0,71.97,15.1
2016,112883,0.73,0.15,0.22,33.9,74.15,71.73
2019,151070,0.78,0.99,0.74,50.18,41.72,60.8
2011,147797,1.0,0.91,0.17,5.0,48.6,45.63
2018,186263,0.11,0.15,0.12,51.19,51.66,58.6
2017,99923,0.11,0.63,0.09,45.74,63.66,58.77
2001,73123,0.38,0.19,0.76,5.0,67.17,26.96
2020,178512,0.57,0.64,0.58,62.51,42.75,67.16
2006,131459,0.69,0.63,0.55,5.0,53.2,39.93
2000,168856,0.27,0.36,0.53,5.0,55.16,17.12
2004,97867,0.84,0.13,0.97,5.0,52.8,34.88
2005,139413,0.47,0.38,0.05,5.0,60.79,36.68
2016,163248,0.24,0.62,0.89,34.1,36.39,63.75
2000,195914,0.95,0.47,0.47,5.0,33.8,19.07
2023,45179,0.95,0.29,0.98,62.59,70.71,83.38
2008,151351,0.29,0.38,0.52,5.0,46.96,47.65
2003,195999,0.76,0.8,0.29,5.0,41.91,12.75
2018,64897,0.73,0.3,0.36,43.83,80.25,67.68
2016,16790,0.86,0.64,0.89,37.37,74.19,69.54
2015,215857,0.29,0.29,0.18,28.59,39.77,46.04
2018,136215,0.59,0.32,0.05,37.94,61.24,69.85
2015,209186,0.74,0.89,0.33,28.42,32.63,44.51
2024,146046,0.1,0.27,0.64,77.43,62.07,85.43
2015,33584,0.52,0.35,0.59,38.17,80.29,63.83
2003,32190,0.54,0.95,0.9,5.0,71.96,26.76
2013,107431,0.26,0.44,0.16,34.26,55.31,57.58
2011,223592,0.18,0.12,0.83,5.15,27.68,59.19
2018,171776,0.38,0.4,0.38,36.43,53.13,66.03
2020,144206,0.88,0.42,0.2,45.87,49.12,71.13
2004,111585,0.05,0.24,0.87,5.0,58.1,21.4
2014,145775,0.12,0.87,0.47,25.97,65.04,42.56
2023,99761,0.2,0.65,0.38,73.85,69.93,72.11
2017,70349,0.92,0.5,0.18,20.17,81.05,68.06
2003,200550,0.36,0.21,0.33,5.0,42.52,29.63
2017,220500,0.83,0.2,0.97,25.87,17.6,59.29
2005,77427,0.66,0.92,0.81,5.0,55.65,30.58
2018,155009,0.55,0.37,0.61,50.33,7.34,73.08
2012,15265,0.45,0.48,0.07,15.6,93.36,44.9
2018,188155,0.83,0.89,0.73,35.79,36.79,61.0
2022,36193,0.68,0.1,0.69,61.34,73.76,89.15
2001,221884,0.96,0.11,1.0,5.0,27.11,13.01
2020,170684,0.96,0.71,0.65,41.46,39.04,56.91
2021,34483,0.91,0.68,0.65,50.2,77.63,73.89
2021,136633,0.45,0.92,0.51,63.07,49.62,61.63
2013,41967,0.7,0.08,0.8,14.42,19.75,61.93
2006,132084,0.19,0.15,0.67,5.0,57.34,40.02
2019,34599,0.17,0.48,0.41,57.13,85.46,67.64
2007,171089,0.73,0.37,0.54,5.0,46.07,33.85
2013,60798,0.09,0.93,0.03,28.67,73.48,45.91
2012,247315,0.63,0.98,0.83,14.54,21.04,39.35
2013,72497,0.79,0.34,0.04,10.92,73.13,57.46
2001,170680,0.48,0.2,0.89,5.0,48.28,16.68
2008,71916,0.71,0.42,0.0,5.0,81.33,40.81
2023,49553,0.35,0.52,0.79,76.29,62.07,87.41
2005,203757,0.79,0.75,0.86,5.0,24.23,24.96
2024,205284,0.12,0.31,0.95,85.09,31.62,88.36
2021,11915,0.7,0.94,0.31,57.06,84.29,66.14
2011,193603,0.08,0.42,0.13,13.76,47.31,40.23
2004,226592,0.53,0.67,0.69,5.0,33.15,15.86
2022,17233,0.51,0.41,0.83,63.14,93.48,82.74
2022,5245,0.31,0.69,0.51,74.51,82.69,84.18
2015,165999,0.83,0.46,0.02,29.79,48.24,58.53
2022,55929,0.98,0.71,0.61,62.24,56.58,75.31
2015,19343,0.58,0.26,0.46,37.85,87.82,72.07
2022,182769,0.03,0.0,0.38,75.39,41.7,72.99
2020,203508,0.49,0.89,0.56,54.76,29.02,58.3
2014,110256,0.04,0.7,0.44,41.06,63.69,45.3
2010,3546,0.28,0.99,0.39,6.16,88.32,32.76
2003,211040,0.95,0.51,0.44,5.0,31.12,15.83
2008,242642,0.32,0.88,0.28,5.0,27.43,34.3
2015,247685,0.67,0.68,0.34,13.82,37.36,38.61
2012,125754,0.98,0.24,0.73,5.0,52.98,58.03
2013,95076,0.77,0.4,0.13,20.33,65.58,52.98
2003,173003,0.87,0.24,0.94,5.0,36.64,24.21
2013,121249,0.23,0.84,0.96,27.04,56.32,41.65
2013,174455,0.8,0.87,0.63,20.84,31.28,41.4
2013,26625,0.42,0.36,0.16,22.53,86.5,66.44
2007,121032,0.95,0.69,0.83,5.0,45.92,35.53
2010,132460,0.75,0.78,0.51,5.0,54.85,33.52
2004,217251,0.1,0.9,0.12,5.0,47.85,17.77
2016,217065,0.03,0.8,0.9,36.42,28.9,49.73
2024,137725,0.58,0.62,0.41,70.68,49.1,82.94
2020,148192,0.7,0.47,0.44,53.08,60.88,67.97
2017,115593,0.46,0.22,0.98,44.39,55.25,66.23
2021,150343,0.37,0.3,0.96,72.0,48.03,77.56
2011,67595,0.22,0.67,0.95,14.37,70.78,49.77
2017,148792,0.9,0.9,0.5,44.2,46.51,41.11
2020,94129,0.86,0.73,0.45,51.01,11.78,65.75
2019,105160,0.32,0.99,0.06,60.86,65.48,59.09
2022,48353,0.96,0.31,0.54,63.88,62.06,85.9
2001,189689,0.19,0.35,0.95,5.0,41.32,20.55
2012,125563,0.49,0.3,0.18,15.91,65.5,53.88
2014,113412,0.23,0.64,0.92,32.04,52.97,54.38
2008,73077,0.99,0.2,0.8,5.0,53.34,33.34
2020,186832,0.83,0.61,0.78,49.67,27.34,68.67
2001,27357,0.75,0.69,0.07,5.0,89.76,25.98
2001,134048,0.64,0.28,0.09,5.0,62.76,23.99
2002,86674,0.39,0.67,0.49,5.0,64.08,25.28
2016,98940,0.54,0.67,0.03,36.8,70.76,54.37
2000,225325,0.29,0.22,0.79,5.0,31.97,12.98
2014,204257,0.63,0.15,0.06,26.08,42.04,41.93
2019,194014,0.4,0.92,0.6,48.13,40.76,58.53
2010,142338,0.1,0.23,0.12,10.74,61.09,39.09
2020,199476,0.4,0.03,0.59,56.3,49.74,74.32
2014,66855,0.31,0.04,0.0,32.63,76.77,55.54
2021,50784,0.29,0.48,0.02,65.63,89.86,61.85
2022,174575,0.37,0.16,0.25,61.33,36.55,73.3
2013,216253,0.58,0.72,0.35,9.84,35.53,44.87
2017,244055,0.58,0.64,0.39,38.71,33.52,50.79
2024,126056,0.2,0.61,0.19,82.37,59.04,85.31
2009,32901,0.2,0.86,0.62,12.68,77.36,40.31
2004,208302,0.58,0.8,0.61,5.0,37.77,18.26
2023,20526,0.79,0.41,0.54,72.35,77.72,86.72
2006,145995,0.11,0.25,0.43,5.0,45.53,40.33
2021,249157,0.16,0.51,0.06,67.44,31.07,75.49
2007,13832,0.32,0.84,0.65,5.0,81.85,42.48
2024,228872,1.0,0.2,0.07,62.98,34.31,74.25
2006,29773,0.44,0.69,0.52,5.0,77.5,31.49
2022,193087,0.21,0.48,0.5,73.12,45.55,77.34
2007,201891,0.04,0.08,0.87,5.0,28.18,33.42
2007,140165,0.54,0.91,0.78,5.0,49.82,29.14
2015,113926,0.36,0.62,0.29,29.44,59.5,57.5
2019,121639,0.49,0.3,0.84,49.83,58.74,72.06
2009,77332,0.44,0.14,0.72,5.0,68.38,51.04
2020,83400,0.31,0.27,0.35,67.63,63.79,75.26
2021,88953,0.57,0.27,0.74,58.95,62.79,85.96
2013,229358,0.92,0.79,0.65,12.29,23.19,40.47
2014,84648,0.64,0.93,0.31,13.35,63.78,54.34
2014,27293,0.44,0.6,0.72,29.44,79.22,58.68
2007,220558,0.6,0.65,0.42,5.0,31.85,29.24
2009,133724,0.82,0.06,0.45,5.0,48.86,40.18
2022,145923,0.21,0.28,0.77,76.84,45.31,79.69
2018,214917,0.09,0.49,0.96,47.73,30.17,69.01
2017,210625,0.45,0.58,0.83,37.8,28.09,47.99
2018,59520,0.2,0.63,0.69,56.54,69.36,65.23
2007,35108,0.8,0.87,0.28,5.0,76.54,27.85
2012,138126,0.69,0.7,0.02,5.0,64.33,46.01
2010,13172,0.82,0.03,0.1,8.56,91.92,55.2
2021,214222,0.66,0.4,0.63,50.62,29.28,69.88
2017,160799,0.8,0.91,0.57,36.7,44.52,49.51
2018,90337,0.53,0.15,0.5,46.97,61.38,67.45
2013,170297,0.14,0.71,0.51,27.88,43.49,40.7
2002,227673,0.27,0.7,0.67,5.0,26.76,17.46
2012,231474,0.08,0.57,0.56,14.46,31.43,43.86
2003,74897,0.86,0.26,0.54,5.0,68.04,28.46
2019,25597,0.22,0.96,0.05,58.51,87.92,67.98
2009,204714,0.56,0.65,0.59,5.0,38.54,38.28
2016,77081,0.15,0.16,0.01,46.43,73.62,72.25
2005,168394,0.38,0.46,0.89,5.0,45.03,29.37
2012,121474,0.15,0.5,0.46,36.61,55.06,44.64
2012,25466,0.97,0.57,0.05,8.35,88.17,58.03
2016,65760,0.3,0.43,0.95,40.35,66.15,67.1
2016,139647,0.58,0.52,0.68,35.29,50.83,56.64
2024,210730,0.47,0.42,0.18,72.58,39.04,72.85
2017,210045,0.78,0.43,0.74,29.94,27.07,60.41
2008,225867,0.24,0.02,0.69,5.0,34.59,45.87
2018,40485,0.68,0.09,0.9,45.44,77.09,76.85
2004,52807,0.26,0.42,0.31,5.0,69.26,34.2
2005,48900,0.69,1.0,0.66,5.0,71.11,32.89
2013,167442,0.62,0.43,0.36,15.89,45.72,46.96
2020,35915,0.67,0.75,0.79,54.75,72.47,65.07
2021,219744,0.2,0.81,0.6,64.18,45.18,72.37
2007,53182,0.05,0.51,0.12,5.0,80.39,47.65
2015,6046,0.4,0.2,0.64,40.33,74.64,75.25
2016,203401,0.5,0.85,0.91,25.05,38.76,49.58
2001,107197,0.77,0.15,0.27,5.0,68.17,27.58
2007,57369,0.68,0.9,0.42,5.0,77.42,30.64
2020,227058,0.21,0.03,0.28,58.84,32.68,63.7
2014,135470,0.82,0.84,0.17,23.79,53.22,42.0
2001,239118,0.26,0.33,0.62,5.0,25.37,24.31
2005,184082,0.63,0.83,0.56,5.0,49.4,26.72
2024,203891,0.15,0.23,0.37,78.82,43.3,73.22
2005,191442,0.37,0.3,0.34,5.0,37.44,35.42
2020,18644,0.73,0.21,0.53,52.55,79.67,76.91
2020,215176,0.63,0.65,0.52,51.25,33.49,61.29
2015,203758,0.92,0.73,0.79,20.26,24.58,56.57
2020,123453,0.71,0.37,0.73,46.28,48.09,82.76
2012,176834,0.2,0.47,0.43,15.75,49.76,44.82
2019,176432,0.34,0.86,0.26,52.24,45.11,53.11
2017,66476,0.81,0.78,0.05,38.13,68.58,65.44
2020,186072,0.88,0.44,0.53,41.41,35.4,73.33
2021,132864,0.33,0.05,0.9,58.41,40.55,81.35
2003,179416,0.43,0.51,0.2,5.0,47.75,16.86
2017,213203,0.2,0.16,0.85,41.12,38.4,60.97
2009,63985,0.34,0.48,0.44,15.11,82.52,49.13
2008,11215,0.56,0.21,0.5,5.0,76.97,59.29
2024,232320,0.32,0.86,0.5,77.33,32.81,64.94
2004,108260,0.83,0.94,0.31,5.0,60.0,21.98
2018,228083,0.92,0.3,0.87,34.29,22.57,59.64
2002,41042,0.3,0.77,0.95,5.0,73.82,16.75
2006,89847,0.62,0.07,0.04,5.0,72.32,42.93
2000,20560,0.65,0.36,0.95,5.0,73.07,31.02
2002,246038,0.94,0.19,0.95,5.0,11.79,19.45
2010,12097,0.47,0.55,0.86,8.1,82.47,49.1
2019,177213,0.58,0.98,0.37,48.58,43.47,52.15
2022,23702,0.11,0.17,0.3,76.36,100.0,86.73
2004,47542,0.85,0.21,0.01,5.0,88.14,37.68
2016,78076,0.02,0.99,0.88,41.29,57.24,53.42
2023,96280,0.46,0.16,0.5,74.1,65.24,82.34
2005,175224,0.89,0.64,0.37,5.0,38.95,28.28
2019,214866,0.02,0.9,0.3,53.07,41.32,53.0
2020,237707,0.83,0.75,0.34,50.35,23.74,58.1
2005,35722,0.4,0.74,0.45,5.0,87.93,37.36
2003,178530,0.17,0.18,0.75,5.0,43.26,26.17
2003,179817,0.15,0.49,0.56,5.0,52.31,12.58
2004,103332,0.27,0.66,0.63,5.0,63.78,32.3
2007,136598,0.28,0.9,0.33,5.0,54.36,27.07
2015,62020,0.01,0.59,0.76,35.14,67.91,69.63
2014,76546,0.89,0.62,0.94,24.9,54.68,57.67
2024,15456,0.11,0.59,0.75,85.04,85.76,79.66
2003,101456,0.78,0.42,0.54,5.0,56.28,34.0
2022,83549,0.54,0.58,0.45,71.01,73.32,72.13
2010,230248,0.85,0.39,0.29,5.0,31.58,40.35
2023,93136,0.04,0.15,0.78,80.86,66.67,87.91
2013,15001,0.36,0.23,0.99,18.46,72.73,59.96
2003,52391,0.5,0.43,0.27,5.0,79.83,38.52
2000,111605,0.71,0.26,0.46,5.0,65.02,25.09
2013,34430,0.56,0.82,0.37,23.58,78.43,50.11
2023,185654,0.78,0.63,0.79,63.54,37.17,66.16
2009,100851,0.34,0.63,0.17,5.81,63.14,43.7
2007,79403,0.07,0.64,0.88,5.0,63.87,38.43
2009,150558,0.71,0.53,0.14,5.0,45.27,42.31
2018,102442,0.92,0.17,0.77,31.09,51.16,70.1
2023,54015,0.53,0.35,0.99,76.55,67.76,78.51
2022,102119,0.45,0.32,0.41,72.48,66.04,77.51
2023,112971,0.13,0.23,0.45,70.8,72.69,75.45
2017,56878,0.81,0.35,0.89,38.5,62.48,64.13
2018,30358,0.37,0.15,0.56,38.76,77.01,74.56
2003,142266,0.18,0.05,0.51,5.0,46.04,26.94
2003,13196,0.02,0.05,0.52,5.0,93.6,30.71
2008,60412,0.59,0.96,0.12,5.0,74.31,32.65
2023,177723,0.32,0.96,0.13,65.59,45.78,59.3
2014,100555,1.0,0.18,0.77,8.79,48.13,55.3
2009,61854,0.96,0.89,0.41,5.0,72.57,37.03
2006,101996,0.72,0.24,0.75,5.0,57.23,50.93
2019,188255,0.47,0.5,0.34,41.56,38.16,54.75
2005,93330,0.11,0.21,0.47,5.0,67.79,43.43
2003,36195,0.77,0.77,0.8,5.0,65.73,34.44
2016,64351,0.09,0.03,0.2,47.65,72.88,69.22
2010,179895,0.2,0.39,0.75,10.55,44.78,43.94
2016,89193,0.13,0.94,0.38,43.15,76.6,52.21
2000,11258,0.05,0.52,0.27,5.0,99.38,20.5
2023,30661,0.64,0.69,0.44,78.41,81.29,78.77
2002,242532,0.33,0.67,0.87,5.0,23.85,17.17
2015,165431,0.11,0.61,0.86,30.74,43.85,45.88
2008,178439,0.41,0.36,0.06,5.0,49.33,35.91
2003,53309,0.65,0.57,0.46,5.0,71.4,33.82
2015,16334,0.32,0.5,0.41,36.53,93.38,62.7
2008,66685,0.66,0.76,0.9,5.0,61.41,43.11
2002,33843,0.35,0.69,0.33,5.0,85.47,25.8
2004,186849,0.81,0.53,0.25,5.0,41.17,25.68
2023,229733,0.57,0.77,0.42,71.94,30.72,65.86
2007,105182,0.74,0.29,0.59,5.0,65.78,46.63
2024,194840,0.54,0.88,0.04,69.3,40.31,70.7
2013,139918,0.48,0.62,0.93,25.04,43.99,52.27
2014,129831,0.83,0.78,0.96,17.65,50.19,49.98
2021,124891,0.52,0.11,0.51,58.98,56.23,84.3
2024,98687,0.72,0.53,0.32,78.03,62.14,70.4
2021,246216,0.38,0.47,0.93,60.87,19.5,67.86
2008,145137,0.94,0.33,0.7,5.0,41.29,38.29
2006,90616,0.36,0.92,0.7,5.0,58.87,32.79
2007,38713,0.42,0.19,0.52,5.0,73.1,47.83
2002,46709,0.46,0.74,0.62,5.0,67.38,34.16
2022,184627,0.93,0.28,0.95,51.58,29.63,73.52
2019,212088,0.2,0.14,0.44,56.75,37.7,60.03
2022,53962,0.95,0.88,0.06,50.52,67.15,70.99
2023,242767,0.4,0.41,0.06,61.33,36.06,59.34
2019,227277,0.85,0.75,0.63,44.36,23.05,58.29
2000,107981,0.95,0.09,0.91,5.0,43.6,27.86
2016,2425,0.62,0.89,0.13,39.47,94.91,57.35
2014,162084,0.23,0.25,0.47,23.22,46.04,60.61
2009,178652,0.85,0.51,0.42,5.0,48.17,36.0
2012,102382,0.01,0.04,0.79,28.62,61.62,54.32
2017,38790,0.83,0.68,0.14,43.29,76.15,65.6
2018,162628,0.44,0.31,0.26,52.82,47.65,62.3
2024,49350,0.24,0.04,0.14,84.01,83.89,87.91
2005,194750,0.4,0.26,0.43,5.0,37.43,34.72
2011,67716,0.6,0.61,0.55,10.14,69.07,53.9
2019,143070,0.98,0.43,0.39,36.84,51.03,68.31
2021,213271,0.55,0.51,0.27,51.29,41.58,63.24
2010,121925,0.76,0.41,0.69,5.0,45.75,37.49
2023,153153,0.71,0.78,0.44,70.1,53.68,72.27
2007,139477,0.47,0.85,0.32,5.0,52.66,23.86
2006,54986,0.35,0.12,0.56,5.0,76.92,37.65
2011,94626,0.69,0.53,0.86,10.2,54.9,46.22
2007,226712,0.49,0.38,0.6,5.0,27.63,31.22
2006,46607,0.58,0.16,0.08,5.0,81.24,42.89
2012,218874,0.9,0.59,0.96,5.0,20.67,35.7
2007,248475,0.84,0.11,0.43,5.0,17.22,34.47
2001,75314,0.62,0.59,0.92,5.0,64.47,16.03
2011,60034,0.84,0.33,0.53,7.56,65.82,48.03
2009,186996,0.71,0.43,0.3,5.0,43.6,44.24
2023,128801,0.28,0.45,0.09,79.73,58.46,77.52
2007,166014,0.98,0.28,0.98,5.0,35.47,32.6
2024,206741,0.96,0.62,0.8,64.05,22.46,64.65
2021,150823,0.64,0.82,0.56,47.14,49.49,66.68
2018,47845,0.42,0.42,0.01,43.62,81.41,72.06
2003,174582,0.6,0.02,0.34,5.0,46.38,32.82
2010,85021,0.45,0.63,0.0,5.0,72.62,41.06
2010,167825,0.63,0.79,0.45,5.0,40.37,34.56
2023,75750,0.02,0.69,0.77,84.59,65.84,77.72
2021,246374,0.21,0.44,0.56,60.58,34.91,80.45
2008,185981,0.45,0.08,0.57,5.0,41.88,44.6
2001,116609,0.05,0.52,0.37,5.0,61.57,28.64
2005,202829,0.47,0.91,0.37,5.0,33.78,21.53
2002,244365,0.99,0.44,0.47,5.0,17.85,23.89
2024,95829,0.2,0.76,0.08,80.17,74.39,79.18
2013,167938,0.14,0.46,0.65,32.4,39.27,49.23
2020,58472,0.22,0.4,0.96,73.68,72.78,77.87
2024,49640,0.86,0.27,0.03,69.18,74.16,89.59
2012,100678,0.37,0.66,0.49,26.15,63.8,51.7
2022,101021,0.68,0.15,0.13,65.48,64.36,78.99
2020,93758,0.83,0.97,0.73,53.72,57.67,76.03
2015,156828,0.72,0.24,0.45,22.39,46.01,57.38
2004,99280,0.83,0.85,0.03,5.0,67.67,26.13
2010,58539,0.94,0.19,0.53,5.0,69.32,41.98
2010,64254,0.12,0.2,0.37,14.05,70.49,47.47
2000,85718,0.99,0.14,0.49,5.0,56.72,19.32
2024,168933,0.91,0.78,0.05,61.75,52.46,66.39
2014,41369,0.26,0.57,0.58,29.75,79.64,61.73
2013,62401,0.9,0.49,0.8,15.18,66.89,56.92
2011,74907,0.83,0.41,0.18,5.0,79.41,47.53
2014,158736,0.9,0.18,0.74,16.85,48.45,50.05
2020,53451,0.02,0.37,0.31,58.5,80.72,89.91
2006,210848,0.13,0.8,0.92,5.0,29.25,23.96
2021,5284,0.58,0.82,0.43,60.88,96.15,81.81
2018,160604,0.99,0.73,0.07,24.98,53.91,60.02
2007,174630,0.4,0.28,0.88,5.0,46.59,29.77
2008,40218,0.93,0.38,0.97,5.0,66.36,46.97
2003,211427,0.27,0.1,0.11,5.0,36.66,23.23
2006,234994,0.24,0.21,0.73,5.0,24.88,26.6
2012,45381,0.04,0.09,0.15,38.45,83.94,60.77
2013,80746,0.38,0.58,0.26,26.79,82.6,52.62
2016,180461,0.91,0.14,0.14,25.75,42.88,63.57
2020,77019,0.97,0.94,0.83,66.05,57.85,69.14
2015,108998,0.42,0.99,0.36,24.76,71.37,53.15
2016,120300,0.69,0.71,0.66,33.01,54.53,63.47
2003,101535,0.86,0.02,0.79,5.0,59.94,30.42
2006,246203,0.09,0.91,0.39,5.0,32.33,22.91
2020,220571,0.88,0.5,0.85,42.26,12.15,60.26
2007,53647,0.25,0.13,0.78,5.0,75.21,50.56
2009,237878,0.5,0.95,0.15,5.0,37.77,32.41
2019,55226,0.68,0.08,0.54,49.77,68.66,87.1
2016,88853,0.66,0.09,0.0,40.05,71.43,69.6
2000,32570,0.06,0.02,0.09,5.0,97.63,35.37
2015,156907,0.8,0.24,0.16,22.12,49.42,53.72
2008,139317,0.38,0.55,0.31,5.0,56.18,36.35
2016,112931,0.1,0.78,0.17,43.42,63.81,53.81
2023,243036,0.09,0.86,0.31,74.51,36.87,56.33
2014,220932,0.39,0.93,0.03,23.28,9.77,43.8
2003,142646,0.61,0.79,0.3,5.0,53.53,23.39
2004,49942,0.43,0.63,0.03,5.0,71.53,34.49
2004,186228,0.99,0.57,0.82,5.0,32.5,24.13
2018,199341,0.51,0.91,0.0,37.15,45.22,52.92
2016,41402,0.74,0.69,0.13,24.38,77.42,61.02
2014,206771,0.5,0.17,0.35,17.81,46.77,55.4
2022,248944,0.95,0.7,0.18,52.42,28.8,57.5
2017,226125,0.97,0.31,0.05,29.93,31.06,63.61
2000,113359,0.1,0.87,0.99,5.0,52.0,13.79
2010,151703,0.66,0.99,0.11,5.0,48.93,31.04
2001,120585,0.64,0.47,0.98,5.0,50.39,16.24
2005,117951,0.0,0.89,0.42,5.0,61.09,23.02
2004,27507,0.08,0.3,0.91,5.0,78.7,34.78
2010,245037,0.62,0.5,0.37,5.0,37.27,31.95
2019,7807,0.74,0.37,0.37,44.28,81.68,80.97
2007,85005,0.07,0.78,0.49,5.0,74.59,35.64
2024,80443,0.77,0.61,0.4,67.39,75.96,69.24
2022,155943,0.43,0.12,0.81,60.5,42.59,82.19
2008,131818,0.75,0.84,0.63,5.0,42.3,29.37
2016,62127,0.37,0.33,0.93,34.55,58.19,61.31
2021,102911,0.31,0.31,0.19,68.24,63.36,79.98
2012,188597,0.96,0.71,0.98,5.0,30.99,37.29
2007,47694,0.45,0.95,0.52,5.0,70.53,34.01
2008,211711,0.77,0.59,0.4,5.0,30.57,34.93
2007,126328,0.6,0.58,0.34,5.0,54.45,31.22
2019,166222,0.53,0.97,0.84,52.79,42.75,66.57
2024,39906,0.39,0.87,0.45,81.58,77.98,78.84
2005,51033,0.82,0.74,0.84,5.0,66.68,29.48
2017,54122,0.41,0.69,0.01,38.42,75.43,61.19
2015,99068,0.83,0.45,0.07,15.39,63.61,65.31
2014,191084,0.6,0.31,0.72,24.23,48.32,49.17
2000,39997,0.32,0.87,0.36,5.0,83.64,18.18
2017,46585,0.87,0.44,0.07,37.74,72.58,70.07
2017,91841,0.44,0.97,0.92,49.37,53.71,52.97
2012,92307,0.85,0.58,0.36,10.06,61.17,45.66
2003,191187,0.15,0.89,0.41,5.0,42.0,12.96
2004,243962,0.78,0.48,0.94,5.0,17.26,22.08
2023,138158,0.77,0.36,0.53,68.34,60.17,83.28
2006,249615,0.31,1.0,0.53,5.0,28.05,16.8
2005,246111,0.65,0.25,0.31,5.0,28.74,33.83
2006,13770,0.86,0.38,0.9,5.0,72.96,44.08
2012,29355,0.07,0.23,0.16,21.71,87.61,62.12
2012,170390,0.45,0.87,0.73,17.3,35.03,30.69
2024,69796,0.99,0.55,0.83,66.23,60.39,82.52
2023,12400,0.78,0.95,0.25,71.44,93.96,75.57
2011,12291,0.45,0.56,0.8,24.29,83.56,42.74
2013,211038,0.12,0.84,0.42,35.46,36.53,39.21
2003,124070,0.47,0.48,0.67,5.0,56.49,26.47
2014,183988,0.25,0.15,0.76,20.98,45.93,56.82
2019,209279,0.77,0.3,0.53,40.35,27.1,57.8
2016,225743,0.1,0.49,0.81,41.42,25.68,48.35
2018,213213,0.98,0.71,0.67,30.69,19.74,53.27
2013,127640,0.02,0.67,0.08,28.23,67.52,46.11
2015,26741,0.98,0.88,0.55,21.15,80.68,59.12
2007,122246,0.35,0.23,0.62,5.0,59.95,32.33
2014,88325,0.79,0.61,0.73,19.24,50.94,51.7
2022,193872,0.81,0.58,0.52,62.21,40.19,63.97
2001,153663,0.37,0.17,0.35,5.0,51.79,18.25
2001,98924,0.99,0.1,0.02,5.0,62.3,31.97
2011,74182,0.57,0.57,0.85,11.29,56.51,60.68
2012,147230,0.29,0.67,0.96,19.19,37.17,43.35
2022,77252,0.71,0.24,0.87,65.21,59.83,82.77
2015,116751,0.0,0.95,0.74,39.07,68.82,45.09
2003,3408,0.82,0.36,0.15,5.0,81.58,39.16
2006,36701,0.44,0.54,0.78,5.0,86.81,42.21
2020,224369,0.34,0.22,0.69,61.53,29.61,80.84
2009,51497,0.6,0.76,0.11,16.64,66.97,44.89
2011,202324,0.2,0.41,0.51,14.23,38.34,47.86
2001,182846,0.44,0.45,0.47,5.0,36.75,19.49
2014,142669,0.97,0.81,0.06,27.8,58.52,49.12
2018,224179,0.13,0.16,0.8,52.65,36.51,53.7
2012,109446,0.21,0.41,0.22,19.64,57.91,46.35
2011,69848,0.02,0.48,0.38,22.29,69.45,54.44
2020,27705,0.9,0.51,0.82,50.43,66.67,78.41
2024,172315,0.25,0.4,0.96,87.27,35.57,70.24
2002,16908,0.1,0.96,0.48,5.0,88.3,33.01
2010,166020,0.15,0.48,0.71,9.25,45.33,49.05
2005,100140,0.78,0.82,0.64,5.0,6.49,36.31
2020,104588,0.97,0.01,0.28,37.62,67.09,85.97
2016,76106,0.91,0.63,0.53,25.71,72.63,62.36
2012,91852,0.9,0.75,0.21,6.68,58.89,45.74
2023,157143,0.88,0.19,0.27,61.94,52.68,84.69
2000,89285,0.3,0.6,0.82,5.0,66.46,27.23
2002,38252,0.42,0.55,0.01,5.0,83.92,28.0
2002,94592,0.89,0.14,0.55,5.0,55.0,26.59
2001,63767,0.28,0.74,0.58,5.0,72.87,24.66
2009,83280,0.7,0.74,0.6,5.0,59.51,41.52
2016,155684,0.9,0.04,0.76,14.13,38.23,55.12
2010,246437,0.12,0.51,0.77,11.56,25.69,34.67
2009,23499,0.6,0.6,0.18,5.0,83.8,40.65
2016,200326,0.42,0.64,0.65,28.93,39.76,57.75
2020,19969,0.24,0.1,0.64,67.58,89.53,86.0
2014,167582,0.42,0.73,0.09,23.03,49.28,48.64
2006,231314,0.43,0.44,0.7,5.0,32.19,26.39
2022,130061,0.53,0.9,0.55,68.68,51.7,60.96
2017,213551,0.12,0.14,0.68,40.13,43.01,60.15
2013,189276,0.17,0.04,0.13,18.08,50.39,50.06
2018,100635,0.25,0.28,0.42,49.73,66.58,70.15
2006,115368,0.46,0.1,0.61,5.0,54.06,41.32
2019,198507,0.77,0.25,0.99,46.49,28.5,62.1
2015,9359,0.73,0.48,0.0,26.1,88.09,70.22
2016,60150,0.76,0.76,0.27,30.85,78.05,60.97
2011,17462,0.82,0.0,0.86,8.03,65.33,58.24
2016,230499,0.28,0.68,0.16,26.24,32.94,52.52
2016,6491,0.48,0.78,0.87,41.16,70.56,52.57
2012,53268,0.33,0.76,0.89,21.47,73.61,50.83
2004,122129,0.19,0.47,0.45,5.0,62.95,27.86
2004,155928,0.46,0.78,0.25,5.0,53.73,24.14
2021,141148,0.88,0.35,0.79,47.13,37.56,78.36
2020,159211,0.6,0.86,0.58,58.26,49.27,56.09
2008,112695,0.53,0.03,0.93,5.0,54.87,51.15
2005,150545,0.58,0.33,0.25,5.0,55.13,28.41
2003,159439,0.61,0.55,0.21,5.0,49.99,19.38
2006,227672,0.45,0.81,0.35,5.0,34.26,29.18
2020,202795,0.66,0.38,0.26,55.85,32.04,72.25
2011,246372,0.23,0.14,0.23,17.41,31.38,43.58
2015,52006,0.05,0.74,0.55,48.45,77.68,54.94
2014,15028,0.3,0.56,0.05,29.73,97.99,71.7
2015,26230,0.41,0.61,0.97,39.92,74.26,60.3
2006,15512,0.72,0.49,0.66,5.0,72.54,47.22
2024,161326,0.71,0.86,0.73,62.38,43.12,65.04
2001,8422,0.62,0.93,0.69,5.0,79.58,30.54
2010,247533,0.23,0.84,0.8,11.97,23.0,31.98
2007,123083,0.85,0.0,0.41,5.0,55.16,44.32
2019,68126,0.02,0.2,0.43,56.5,75.82,68.72
2000,82531,0.71,0.37,0.67,5.0,62.68,26.26
2022,26751,0.12,0.49,0.08,80.62,82.46,73.65
2002,179811,0.09,0.45,0.95,5.0,37.09,27.36
2000,159843,0.62,0.23,0.81,5.0,43.65,20.66
2011,10805,0.2,0.15,0.98,22.49,82.16,67.56
2019,12660,0.57,0.08,0.35,47.48,82.66,77.54
2018,42119,0.67,0.52,0.98,47.88,67.96,68.59
2006,244860,0.41,0.97,0.26,5.0,35.82,14.98
2007,216762,0.77,0.19,0.08,5.0,30.29,30.9
2014,244709,0.92,0.69,0.96,13.33,13.42,37.02
2008,220831,0.02,0.62,0.92,5.0,33.36,29.02
2014,8556,0.91,0.4,0.96,21.62,74.22,67.22
2001,128257,0.72,0.04,0.71,5.0,52.22,28.42
2018,230711,0.28,0.89,0.57,36.82,25.8,58.56
2003,129237,0.06,0.71,0.93,5.0,55.77,23.38
2016,81190,0.0,0.83,0.27,51.93,74.73,54.43
2006,217607,0.71,0.39,0.01,5.0,37.31,32.54
2009,178229,0.82,0.34,0.11,5.0,52.24,41.23
2013,6422,0.13,0.8,0.59,28.21,85.73,50.83
2014,216474,0.82,0.36,0.31,15.29,37.32,46.61
2024,160586,0.13,0.7,0.66,73.05,55.89,73.88
2020,57525,0.99,0.02,0.19,49.79,77.62,86.07
2015,82339,0.8,0.43,0.82,24.4,64.95,57.54
2009,203020,0.66,0.41,0.64,5.0,36.46,38.04
2014,70919,0.02,0.29,0.52,42.62,75.78,69.44
2005,113883,0.38,0.41,0.28,5.0,71.27,35.18
2022,83419,0.79,0.72,0.77,56.74,62.49,70.14
2008,130139,0.92,0.97,0.71,5.0,39.93,33.38
2012,27943,0.57,0.96,0.69,12.96,63.42,41.65
2003,69375,0.45,0.22,0.64,5.0,72.54,44.2
2019,115688,0.76,0.72,0.05,51.93,10.6,57.78
2014,54469,0.79,0.18,0.12,14.64,77.13,67.94
2014,138869,0.25,0.44,0.46,27.45,55.16,52.37
2023,198107,0.56,0.5,0.73,64.12,39.15,61.01
2011,122810,0.88,0.34,0.21,5.0,60.08,46.16
2006,19803,0.79,1.0,0.97,5.0,62.86,42.31
2003,138149,0.5,0.77,0.57,5.0,47.81,25.99
2018,82981,0.84,0.86,0.54,30.29,56.39,62.95
2013,186920,0.8,0.61,0.34,17.36,38.23,41.34
2004,42887,0.87,0.36,0.28,5.0,76.03,37.07
2021,83761,0.29,0.36,0.85,63.02,56.41,69.65
2015,30750,0.89,0.64,0.32,27.35,87.41,58.01
2014,24467,0.46,0.93,0.97,23.02,71.5,71.12
2019,68167,0.32,0.06,0.53,55.43,74.35,66.78
2018,107127,0.33,0.13,0.18,46.9,61.33,71.77
2020,42299,0.52,0.67,0.76,64.15,72.5,66.79
2011,90901,0.03,0.9,0.01,25.41,73.17,41.86
2021,211262,0.99,0.29,0.27,40.52,38.96,63.51
2010,21103,0.62,0.76,0.67,5.0,78.59,56.05
2023,248768,0.18,0.5,0.32,74.25,34.13,72.07
2018,186796,0.78,0.4,0.69,38.25,26.39,62.7
2002,28765,0.49,0.56,0.77,5.0,68.97,32.69
2018,95876,0.72,0.8,0.63,39.74,56.04,60.13
2004,62144,0.46,0.31,0.62,5.0,77.17,47.59
2014,135113,0.37,0.9,0.25,30.49,52.06,52.03
2018,171527,0.64,0.13,0.83,38.89,36.42,55.5
2010,186763,0.31,0.48,0.28,8.82,44.05,54.06
2004,179053,0.03,0.48,0.58,5.0,39.97,30.65
2018,108914,0.89,0.83,0.41,39.05,55.86,64.24
2016,91452,0.53,0.12,0.35,19.58,66.88,66.18
2002,243316,0.52,0.32,0.23,5.0,34.62,17.43
2012,115666,0.51,0.32,0.18,11.88,56.77,51.38
2020,218804,0.49,0.09,0.33,49.28,42.21,70.06
2009,222679,0.79,0.4,0.57,5.0,26.0,35.77
2018,17172,0.99,0.57,0.56,34.63,80.17,65.41
2014,28808,0.97,0.41,0.77,15.22,75.56,59.6
2002,162391,0.21,0.98,0.88,5.0,49.22,22.64
2014,112524,0.93,0.29,0.96,15.34,14.58,51.65
2001,243029,0.04,0.54,0.45,5.0,37.08,19.28
2010,100927,0.15,0.7,0.98,12.09,57.91,41.32
2014,1926,0.67,0.55,0.95,21.01,85.1,67.17
2011,4665,0.58,0.76,0.97,20.85,72.94,44.38
2010,157346,0.64,0.95,0.57,5.0,44.6,47.45
2002,231786,0.28,0.9,0.75,5.0,28.99,14.31
2002,113272,0.37,0.03,0.72,5.0,58.13,29.83
2003,76781,0.69,0.36,0.49,5.0,67.62,21.12
2006,234836,0.71,0.48,0.91,5.0,20.0,17.33
2010,184220,0.13,0.69,0.98,5.0,43.14,34.14
2018,144787,0.87,0.8,0.78,38.59,45.35,53.2
2015,7620,0.46,0.37,0.88,30.77,79.01,65.02
2007,238694,0.81,0.12,0.35,5.0,23.19,29.08
2007,181839,0.15,0.84,0.06,5.0,43.5,32.64
2017,71393,0.28,0.65,0.87,40.63,67.56,64.09
2005,70286,0.58,0.62,0.26,5.0,58.74,47.1
2015,20276,0.61,0.77,0.96,36.85,76.18,62.43
2019,157199,0.56,0.52,0.75,57.55,43.33,67.89
2012,177143,0.96,0.11,0.04,10.71,42.36,51.37
2008,236935,0.76,0.86,0.63,5.0,29.32,33.01
2011,118251,0.36,0.73,0.71,13.45,56.84,38.3
2002,190928,0.34,0.39,0.48,5.0,38.55,33.48
2006,132699,0.96,0.88,1.0,5.0,47.1,32.45
2010,49122,0.93,0.48,0.3,5.0,72.37,54.82
2003,238140,0.59,0.26,0.97,5.0,14.29,19.66
2009,240625,0.28,0.1,0.7,5.0,27.26,41.63
2013,110628,0.36,0.04,0.63,27.67,56.81,58.08
2008,112624,0.13,0.35,0.56,5.0,60.89,44.11
2000,218232,0.13,0.75,0.21,5.0,40.44,18.93
2018,207814,0.78,0.11,0.95,39.98,25.99,68.3
2019,153706,0.46,0.18,0.33,51.45,58.67,69.19
2017,103690,0.95,0.62,0.96,40.47,39.78,61.94
2003,171720,0.96,0.34,0.47,5.0,49.48,15.84
2014,78608,0.77,0.32,0.56,21.19,61.3,60.92
2010,88042,0.87,0.29,0.54,5.0,64.02,44.27
2018,194901,0.43,0.37,0.38,46.89,43.66,61.04
2006,2034,0.07,0.73,0.01,5.0,100.0,37.7
2021,215156,0.63,0.88,0.73,57.15,31.47,52.91
2017,234510,0.78,0.5,0.04,32.19,20.09,49.89
2010,163812,0.68,0.93,0.16,5.57,52.77,28.29
2006,177617,0.45,0.6,0.6,5.0,43.47,23.3
2011,10771,0.5,0.85,0.07,18.56,91.28,45.51
2021,181752,0.9,0.62,0.57,54.77,40.47,68.98
2004,153640,0.02,0.52,0.48,5.0,51.0,21.3
2004,209533,0.97,0.4,0.64,5.0,33.62,22.09
2001,105366,0.8,0.53,0.71,5.0,54.34,17.11
2019,70195,0.06,0.82,0.45,59.12,69.64,61.69
2024,111049,0.39,0.4,0.57,73.02,61.42,84.18
2005,135350,0.57,0.04,0.3,5.0,60.29,45.27
2005,200161,0.19,0.13,0.79,5.0,32.71,31.54
2007,6989,0.34,0.75,0.68,5.0,90.73,45.86
2004,216726,0.13,0.4,0.54,5.0,30.08,17.01
2017,61344,0.45,0.95,0.38,38.05,75.31,59.95
2018,217402,0.39,0.54,0.47,39.78,37.68,60.23
2015,211694,0.74,0.21,0.29,18.39,31.96,57.78
2003,229577,0.69,0.23,0.65,5.0,29.8,27.14
2017,245191,0.89,0.94,0.05,26.24,25.62,53.77
2007,226752,0.65,0.61,0.8,5.0,32.54,31.46
2016,178911,0.75,0.16,0.24,34.29,42.04,58.53
2006,85489,0.69,0.02,0.67,5.0,62.59,43.15
2001,109415,0.95,0.47,0.31,5.0,55.9,22.76
2012,123343,0.01,0.19,0.87,23.71,53.11,43.85
2002,34681,0.64,0.83,0.64,5.0,81.22,23.58
2005,191976,0.59,0.42,0.88,5.0,36.89,34.83
2020,125145,0.99,0.26,1.0,40.35,39.15,70.2
2023,155681,0.83,0.47,0.78,64.07,42.29,72.16
2008,237720,0.3,0.87,0.54,5.0,21.75,21.51
2023,17144,0.99,0.62,0.77,68.87,62.91,85.9
2002,182879,0.01,0.6,0.12,5.0,51.95,13.01
2011,66686,0.43,0.59,0.81,7.99,70.73,53.07
2006,15957,0.04,0.46,0.11,5.0,97.75,46.21
2003,133904,0.84,0.88,0.49,5.0,40.65,16.98
2015,149504,0.7,0.19,0.42,21.67,39.03,53.95
2018,33190,0.95,0.14,0.24,36.59,82.98,73.13
2014,188826,0.63,0.33,0.93,19.61,27.09,50.93
2012,184010,0.97,0.93,0.76,5.0,35.51,41.53
2003,47006,0.15,0.79,0.41,5.0,71.31,36.18
2014,81288,0.84,0.93,0.52,18.18,63.96,53.96
2005,197154,0.63,0.7,0.01,5.0,45.22,21.35
2004,235782,0.89,0.78,0.33,5.0,18.59,22.2
2002,114805,0.41,0.52,0.18,5.0,58.53,26.88
2018,243654,0.66,0.09,0.93,35.6,17.16,60.48
2012,239456,0.73,0.84,0.84,5.0,24.85,39.94
2012,85172,0.48,0.27,0.34,11.08,67.23,57.41
2021,7475,0.0,0.94,0.93,76.26,74.25,74.05
2015,211250,0.47,0.88,0.28,31.33,34.91,57.44
2002,69869,0.91,0.76,0.11,5.0,70.95,27.04
2004,75235,0.43,0.6,0.31,5.0,73.44,35.78
2022,219349,0.4,0.93,0.52,69.97,35.7,63.25
2016,137996,0.98,0.88,0.75,24.51,36.41,51.07
2016,165940,0.18,0.69,0.38,49.64,50.48,46.57
2017,177508,0.5,0.18,0.9,41.76,34.44,58.51
2016,21331,0.78,0.31,0.57,42.64,73.36,74.0
2019,173072,0.52,0.41,0.88,50.38,33.85,72.98
2014,228347,0.25,0.53,0.24,26.97,33.03,44.49
2013,125860,0.21,0.54,0.92,23.02,54.13,49.51
2003,87266,0.46,0.98,0.42,5.0,75.19,24.35
2008,237009,0.3,0.7,0.96,5.0,13.56,34.05
2011,179899,0.67,0.06,0.56,5.0,38.45,53.67
2012,196270,0.52,0.21,0.81,11.85,31.56,51.32
2022,191555,0.26,0.83,0.28,70.87,45.19,57.81
2021,121654,0.54,0.15,0.28,56.78,63.73,77.01
2003,34604,0.87,0.46,0.65,5.0,80.3,37.55
2016,147654,0.2,0.13,0.26,51.18,58.65,63.96
2014,204000,0.3,0.96,0.5,16.87,40.91,44.68
2013,195586,0.22,0.04,0.68,25.4,26.7,48.32
2005,109588,0.07,0.26,0.2,5.0,64.0,34.36
2021,128799,0.08,0.58,0.3,62.9,54.2,66.49
2012,225255,0.8,0.35,0.73,6.71,18.99,43.79
2014,183967,0.46,0.1,0.53,22.59,43.86,50.91
2005,101387,0.35,0.14,0.82,5.0,59.15,39.5
2021,177062,0.13,0.82,0.88,70.12,39.32,67.35
2021,232673,0.03,0.68,0.34,65.83,45.02,56.79
2011,231246,0.86,0.3,0.19,5.0,16.62,40.74
2001,167834,1.0,0.37,0.19,5.0,39.54,18.64
2015,171480,0.86,0.74,0.08,18.05,50.0,47.85
2004,173500,0.83,0.04,0.95,5.0,32.99,35.46
2010,194592,0.18,0.24,0.87,7.11,33.77,52.54
2009,193774,0.45,0.71,0.72,11.96,34.55,45.47
2018,173839,0.63,0.7,0.4,38.35,40.73,56.76
2019,43874,0.42,0.86,0.09,55.12,82.53,62.47
2020,1415,0.44,0.14,0.23,59.78,86.6,82.91
2017,192870,0.58,0.14,0.57,30.97,46.2,55.11
2011,54185,0.9,0.25,0.31,6.72,75.1,66.85
2015,180128,0.84,0.72,0.88,27.78,32.46,45.22
2012,221894,0.84,0.48,0.77,5.0,18.08,47.12
2020,216773,0.07,0.14,0.48,59.03,34.9,76.45
2024,38848,0.34,0.28,0.43,84.63,82.87,87.02
2021,60725,0.54,0.09,0.18,52.05,73.55,80.63
2017,99601,0.2,0.15,0.95,48.55,64.61,65.44
2004,9538,0.27,0.31,0.85,5.0,83.61,44.85
2006,197023,0.33,0.68,0.47,5.0,40.15,27.8
2014,63901,0.59,0.66,0.29,16.74,65.32,52.64
2011,208025,0.14,0.56,0.64,18.04,41.4,44.76
2014,63992,0.8,0.19,0.24,28.46,70.06,59.62
2000,210117,0.71,0.1,0.07,5.0,33.59,12.73
2024,247309,0.31,0.26,0.93,76.85,23.95,69.36
2007,38380,0.62,0.22,0.46,5.0,80.94,51.95
2012,12709,0.34,0.51,0.24,20.69,81.07,56.95
2006,156367,0.51,0.58,0.12,5.0,54.33,33.77
2001,41169,0.86,0.59,0.29,5.0,82.08,32.84
2004,77835,0.5,0.15,0.24,5.0,72.69,55.33
2018,242604,0.13,0.52,0.02,43.04,35.28,55.03
2018,190392,0.46,0.96,0.64,31.9,47.02,50.98
2007,58105,0.2,0.11,0.74,5.0,69.08,49.63
2009,110917,0.5,0.08,0.43,5.0,55.68,60.35
2005,230397,0.05,0.62,0.35,5.0,31.33,18.64
2000,93036,0.47,0.29,0.64,5.0,57.72,20.57
2015,145269,0.11,0.1,0.18,34.17,61.94,63.51
2024,53333,0.77,0.37,0.46,68.05,80.0,86.14
2017,151246,0.98,0.25,0.63,32.65,41.77,61.7
2023,169243,0.46,0.39,0.04,65.37,55.27,80.46
2005,23614,0.37,0.78,0.62,5.0,83.42,38.71
2020,178488,0.42,0.23,0.2,57.89,51.58,65.76
2007,227824,0.27,0.89,0.61,5.0,9.36,25.97
2007,103802,0.68,0.71,0.13,5.0,71.03,33.61
2010,225227,0.29,0.86,0.62,7.74,31.7,27.93
2001,77491,0.06,0.25,0.71,5.0,64.61,27.92
2001,6663,1.0,0.91,0.28,5.0,84.32,22.55
2018,39294,0.11,0.36,0.23,57.55,77.73,66.33
2005,61601,0.94,0.93,0.52,5.0,72.01,31.98
2010,122254,0.56,0.07,0.47,8.39,65.34,46.19
2008,194416,0.17,0.3,0.54,5.0,43.59,40.32
2007,4784,0.55,0.9,0.72,5.0,68.69,30.51
2024,57507,0.36,0.06,0.79,79.94,78.7,97.5
2006,92543,0.71,0.9,0.75,5.0,8.37,27.75
2020,146275,0.64,0.16,0.15,43.77,18.02,74.41
2018,220760,0.64,0.22,0.48,37.62,31.27,65.07
2019,129611,0.03,0.01,0.4,63.39,66.85,78.91
2018,49827,0.07,0.5,0.32,58.77,87.6,66.4
2003,7215,0.19,0.04,0.02,5.0,95.26,37.98
2003,3285,0.08,0.01,0.77,5.0,85.35,40.92
2020,17391,0.44,0.78,0.13,68.32,93.92,66.46
2008,50661,0.48,0.68,0.99,5.0,65.39,45.12
2024,64210,0.7,0.27,0.72,81.9,52.59,75.2
2009,136847,0.23,0.03,0.51,5.0,59.57,54.98
2011,35618,0.88,0.8,0.78,5.09,64.67,50.55
2003,224341,0.77,0.89,0.13,5.0,37.16,11.07
2015,237976,0.26,0.32,0.82,23.89,26.09,51.56
2011,25169,0.73,0.31,0.11,14.55,95.38,54.86
2005,102668,0.41,0.97,0.09,5.0,76.63,22.47
2008,133719,0.17,0.55,0.76,7.78,54.66,29.04
2000,155105,0.17,0.54,0.27,5.0,54.78,13.63
2005,152891,0.77,0.12,0.12,5.0,49.79,36.23
2012,108261,0.52,0.68,0.31,11.37,58.72,44.12
2014,13130,0.26,0.89,0.03,35.03,98.6,57.73
2021,27273,0.31,0.15,0.32,70.33,86.87,89.56
2013,115088,0.31,0.83,0.45,24.86,59.89,56.85
2022,194655,0.46,0.11,0.58,58.98,32.36,66.18
2007,143385,0.19,0.77,0.82,5.0,48.65,30.44
2005,82913,0.99,0.18,0.75,5.0,56.35,40.78
2007,36269,0.3,0.93,0.73,5.0,73.42,44.02
2008,238514,0.17,0.48,0.43,5.0,44.95,33.57
2004,21912,0.65,0.61,0.72,5.0,76.92,36.91
2018,210513,0.3,0.11,0.91,46.07,30.7,58.4
2021,155779,0.57,0.6,0.88,64.33,37.15,56.27
2023,96524,0.35,0.91,0.56,68.04,65.5,72.85
2013,674,0.99,0.7,0.22,11.23,86.42,46.45
2018,4847,0.5,0.79,0.03,51.31,92.16,66.42
2014,194901,0.53,0.5,0.2,18.1,45.74,53.43
2006,79187,0.06,0.0,0.22,5.0,75.56,42.41
2010,31697,0.09,0.03,0.91,16.97,80.78,47.1
2006,192908,0.32,0.58,0.04,5.0,48.16,25.82
2013,130156,0.94,0.04,0.08,13.1,61.1,57.66
2017,91937,0.49,0.12,0.19,43.75,78.29,67.59
2003,194741,0.45,0.53,0.09,5.0,46.55,20.56
2021,57629,0.68,0.38,0.81,57.87,66.22,71.82
2006,39174,0.74,0.47,0.79,5.0,65.05,34.52
2021,24001,0.66,0.52,0.89,57.16,75.45,86.58
2015,104268,0.07,0.97,0.27,36.32,74.34,53.43
2002,211381,0.67,0.01,0.15,5.0,36.0,23.57
2007,69607,0.51,0.65,0.86,5.0,63.52,36.77
2023,3053,0.08,0.29,0.68,79.1,100.0,92.95
2003,91580,0.83,0.13,0.62,5.0,59.25,26.61
2014,5028,0.28,0.73,0.5,32.14,86.0,61.33
2017,195380,0.31,0.02,0.39,39.52,26.5,64.22
2011,119886,0.86,0.68,0.93,5.36,54.33,42.96
2022,26922,0.63,0.29,0.41,80.17,82.96,81.22
2012,221262,0.84,0.42,0.79,9.68,27.61,38.75
2005,42000,0.07,0.07,0.47,5.0,83.91,49.71
2008,95266,0.03,0.42,0.78,7.96,57.94,39.74
2005,21855,0.66,0.18,0.14,5.0,86.04,47.6
2015,110061,0.25,0.35,0.39,37.33,69.59,68.66
2019,108535,0.32,0.19,0.7,47.84,59.34,65.99
2020,221175,0.18,0.74,0.35,63.71,36.89,65.74
2013,132652,0.15,0.02,0.11,20.24,61.32,53.91
2019,234004,0.98,0.67,0.3,44.91,21.42,58.8
2022,70693,0.79,0.89,0.66,59.14,59.02,77.41
2010,3305,0.59,0.53,0.62,10.09,91.01,38.57
2009,175994,0.02,0.71,0.2,9.09,59.44,35.44
2001,59539,0.65,0.95,0.57,5.0,76.71,17.03
2001,9120,0.47,0.66,0.33,5.0,87.09,21.51
2013,122283,0.18,0.86,0.48,24.75,59.11,47.44
2000,113565,0.65,0.68,0.18,5.0,61.13,13.72
2006,9755,0.81,0.45,0.28,5.0,90.16,44.89
2002,194517,0.74,0.17,0.64,5.0,38.59,17.44
2009,124724,0.67,0.6,0.54,6.04,44.07,35.31
2007,28411,0.84,0.58,0.12,5.0,80.4,46.02
2002,86077,0.93,0.85,0.79,5.0,65.78,22.47
2005,144001,0.48,0.65,0.89,5.0,46.82,17.65
2010,57673,0.65,0.87,0.07,5.0,88.97,41.82
2019,79365,0.36,0.96,0.15,56.16,73.32,59.04
2018,168851,0.65,0.65,0.38,47.81,49.13,58.1
2002,233547,0.72,0.21,1.0,5.0,14.92,15.75
2015,8196,0.96,0.45,0.31,38.57,78.44,59.2
2003,158503,0.28,0.09,0.04,5.0,65.22,19.57
2000,51869,0.6,0.6,0.29,5.0,74.18,20.84
2015,82469,0.8,0.19,0.48,31.42,54.03,60.9
2020,1350,0.38,0.3,0.47,60.05,91.4,79.62
2020,240019,0.64,0.98,0.11,50.41,31.68,52.16
2007,50706,0.82,0.24,0.54,5.0,69.76,50.31
2009,15171,0.48,0.03,0.06,17.8,84.35,66.82
2022,223864,0.45,0.49,0.2,67.3,40.58,72.07
2002,179207,0.53,0.64,0.72,5.0,36.2,5.0
2009,192065,0.54,0.73,0.92,5.0,42.02,39.77
2019,13620,0.95,0.25,0.7,50.99,78.11,69.79
2008,84372,0.24,0.44,0.92,5.0,64.67,47.35
2015,129619,0.51,0.04,0.88,35.84,45.3,67.02
2021,48720,0.5,0.22,0.56,61.56,79.95,91.73
2007,164732,0.05,0.96,0.94,5.0,50.11,33.67
2001,181189,0.49,0.53,0.43,5.0,42.91,18.98
2018,197070,0.41,0.83,0.16,49.88,39.16,58.33
2004,9866,0.37,0.46,0.37,5.0,91.05,33.61
2004,162459,0.4,0.32,0.3,5.0,54.73,33.81
2008,80655,0.76,0.15,0.93,5.0,58.61,41.97
2006,225053,0.88,0.87,0.8,5.0,19.96,16.51
2023,22689,0.7,0.34,0.42,80.43,88.61,94.01
2013,175153,0.82,0.65,0.62,9.37,34.19,49.3
2011,148382,0.65,0.91,0.87,10.79,42.26,41.29
2007,225781,0.18,0.58,0.4,5.0,36.97,21.34
2007,9958,0.13,0.87,0.54,11.02,85.97,37.51
2011,239806,0.6,0.29,0.67,5.0,26.15,42.47
2018,63075,0.99,0.17,0.88,41.1,60.39,69.94
2002,61888,0.69,0.45,0.21,5.0,73.37,30.08
2005,74832,0.35,0.1,0.97,5.0,65.47,34.34
2020,113437,0.55,0.53,0.24,55.58,59.69,64.41
2006,47578,0.28,0.87,0.42,5.0,83.66,38.35
2002,10206,0.5,0.76,0.88,5.0,83.88,33.03
2004,246834,0.6,0.79,0.2,5.0,23.16,17.16
2014,140062,0.49,0.02,0.01,19.7,60.12,67.82
2023,107543,0.83,0.76,0.32,64.51,64.42,69.68
2010,121381,0.59,0.16,0.32,5.0,60.11,43.95
2016,72066,0.13,0.01,0.63,45.05,69.98,74.2
2010,238999,0.96,0.17,0.46,5.0,18.24,41.82
2013,193373,1.0,0.77,0.26,5.0,38.14,39.71
2012,230889,0.44,0.76,0.88,7.51,32.42,43.28
2021,207202,0.81,0.68,0.79,42.05,26.79,57.99
2022,177247,0.86,0.89,0.36,63.42,39.75,66.06
2012,220882,0.49,0.46,0.21,5.0,45.48,46.15
2002,38474,0.19,0.14,0.38,5.0,82.61,31.28
2015,136521,0.84,0.91,0.93,30.9,43.59,50.61
2024,245331,0.55,0.06,0.44,67.44,6.58,74.28
2007,10332,0.59,0.47,0.13,5.0,90.08,44.44
2001,46429,0.57,0.52,0.79,5.0,69.58,27.06
2003,219696,0.23,0.21,0.74,5.0,39.11,23.55
2015,40803,0.69,0.31,0.25,35.01,74.18,53.64
2007,96798,0.89,0.73,0.65,5.0,58.74,39.07
2006,237285,0.29,0.27,0.75,5.0,21.89,37.18
2015,90204,0.76,0.41,0.19,30.38,67.66,56.43
2007,196859,0.44,0.73,0.65,5.0,32.32,20.8
2008,169942,0.29,0.09,0.44,5.0,46.22,38.69
2007,73512,0.61,0.74,0.26,5.0,67.4,37.62
2013,40849,0.22,0.78,0.6,26.64,78.58,46.18
2015,211430,0.75,0.19,0.92,15.46,30.76,53.07
2021,71278,0.37,0.8,0.72,57.24,69.28,75.81
2008,74332,0.83,0.2,0.54,5.0,56.07,43.6
2004,35270,0.87,0.45,0.43,5.0,69.5,29.31
2005,72443,0.95,0.57,0.05,5.0,63.95,32.55
2016,10306,0.44,0.65,0.38,46.95,95.67,68.54
2003,18635,0.1,0.17,0.94,5.0,75.78,36.3
2014,187867,0.95,0.26,0.47,7.73,40.3,52.16
2022,210780,0.83,0.15,0.4,58.1,33.42,78.33
2024,43704,0.03,0.07,0.5,80.76,78.45,85.56
2015,235240,0.57,0.44,0.92,23.49,15.02,55.37
2016,205292,0.29,0.16,0.86,36.48,27.96,58.01
2009,109383,0.8,0.9,0.37,5.0,62.62,36.91
2018,54230,0.45,0.45,0.58,46.42,62.61,66.63
2024,93013,0.22,0.12,0.49,83.77,73.13,87.24
2002,235172,0.54,0.36,0.2,5.0,34.1,29.64
2019,116748,0.88,0.44,0.3,42.43,50.64,70.12
2000,126566,0.78,0.1,0.2,5.0,63.69,29.96
2017,245136,0.4,0.24,0.09,34.12,12.46,62.57
2019,119452,0.2,0.98,0.03,53.51,62.92,65.7
2019,148912,0.89,0.71,0.37,41.32,52.01,55.82
2004,134588,0.33,0.35,0.24,5.0,52.84,31.71
2016,231138,0.8,0.5,0.36,28.25,41.9,50.28
2008,198614,0.36,0.52,0.23,5.0,46.36,36.33
2013,62754,0.3,0.57,0.33,30.86,76.03,54.21
2002,139108,0.08,0.28,0.77,5.0,55.02,23.16
2024,214787,0.44,0.77,0.29,72.64,36.44,68.4
2023,169236,0.31,0.82,0.69,84.76,41.11,70.09
2014,88408,0.14,0.36,0.59,31.67,68.25,59.63
2012,140562,0.46,0.78,0.11,5.0,62.7,45.16
2006,56019,0.97,0.99,0.97,5.0,65.08,30.3
2005,161632,0.07,0.25,0.23,5.0,56.81,31.01
2022,142698,0.64,0.21,0.08,57.78,51.63,77.12
2020,171834,0.31,0.81,0.59,59.22,46.14,60.13
2014,226063,0.16,0.25,0.42,22.4,35.46,50.7
2003,91920,0.56,0.72,0.25,5.0,78.33,23.35
2024,137625,0.41,0.7,0.79,72.96,51.42,84.06
2000,247520,0.61,0.04,0.85,5.0,8.7,15.02
2011,87645,1.0,0.81,0.33,5.0,64.91,36.6
2005,54902,0.65,0.68,0.06,5.0,80.72,36.8
2006,73044,0.3,0.1,0.5,5.0,78.73,34.93
2022,164141,0.24,0.54,0.91,66.74,42.28,67.43
2014,2549,0.2,0.36,0.2,33.1,92.98,67.1
2002,23690,0.52,0.37,0.22,5.0,91.93,38.09
2019,190529,0.89,0.4,0.57,37.62,40.98,63.85
2012,136403,0.6,0.33,0.35,5.26,56.53,49.04
2006,75205,0.68,0.02,0.24,5.0,66.66,47.27
2010,163777,0.89,0.49,0.38,5.0,45.19,40.98
2021,233397,0.53,0.71,0.61,58.1,28.75,56.96
2009,189103,0.96,0.6,0.88,5.0,38.44,38.81
2020,12248,0.87,0.87,0.97,48.63,77.06,67.12
2000,78339,0.73,0.98,0.33,5.0,64.35,15.38
2001,51622,0.23,0.3,0.85,5.0,61.53,31.33
2005,18610,0.33,0.72,0.39,5.0,80.58,28.68
2020,107270,0.58,0.49,1.0,58.12,51.35,74.89
2016,194012,0.81,0.7,0.02,25.86,44.66,50.39
2009,184963,0.08,0.76,0.53,5.0,46.6,36.6
2022,45775,0.15,0.42,0.82,78.3,76.41,78.75
2020,150448,0.39,0.71,0.52,58.02,53.47,62.96
2020,151966,0.99,0.18,0.7,35.57,38.94,74.89
2014,93294,0.37,0.85,0.2,27.71,78.12,50.16
2024,241198,0.82,0.61,0.77,64.1,15.78,63.58
2002,233497,0.97,0.42,0.8,5.0,19.99,11.9
2013,71485,0.87,0.89,0.12,12.07,75.5,48.17
2019,165534,0.75,0.45,0.53,35.09,47.01,54.84
2005,81640,0.16,0.0,0.99,5.0,55.95,39.78
2023,32389,0.32,0.65,0.78,72.02,67.39,75.36
2017,220133,0.41,0.91,0.69,37.0,36.89,62.97
2019,49724,0.22,0.46,0.05,63.12,87.51,71.95
2020,3354,0.41,0.21,0.87,62.76,81.78,74.94
2014,78093,0.5,0.6,0.54,27.49,80.32,58.98
2000,140917,0.69,0.65,0.03,5.0,62.93,15.72
2008,53320,0.15,0.41,0.19,5.0,13.4,42.82
2004,18643,0.88,0.53,0.92,5.0,76.4,40.66
2002,132862,0.82,0.5,0.81,5.0,48.51,30.36
2001,184695,0.85,0.62,0.46,5.0,30.63,15.21
2012,39299,0.13,0.73,0.43,30.7,88.42,55.64
2018,136347,0.28,0.14,0.55,50.25,48.24,64.32
2021,195435,0.31,0.81,0.34,63.51,42.71,57.7
2020,214181,0.71,0.2,0.87,56.01,23.1,65.57
2018,193221,0.35,0.56,0.98,47.1,5.28,62.86
2002,226821,0.8,0.57,0.8,5.0,22.18,13.94
2018,120378,0.66,0.14,0.47,47.21,46.66,70.06
2009,232988,0.33,0.93,0.72,5.0,30.22,22.09
2007,30466,0.28,0.48,0.91,5.0,81.64,35.2
2016,231400,0.58,0.76,0.38,25.11,26.39,40.1
2023,20321,0.39,0.43,0.52,76.57,88.36,90.03
2021,186753,0.97,0.17,0.77,45.7,34.74,76.69
2011,206832,0.05,0.32,0.07,24.27,42.23,46.53
2023,155056,0.84,0.37,0.72,58.03,41.95,71.85
2017,41479,0.39,0.17,0.89,45.03,69.06,66.99
2006,246869,0.19,0.17,0.49,5.0,36.16,32.92
2019,3238,0.04,0.81,0.26,71.22,91.62,71.01
2009,80495,0.72,0.3,0.55,5.0,69.17,54.0
2013,175556,0.23,0.06,0.04,30.58,51.65,48.9
2001,4480,0.51,0.14,0.96,5.0,87.29,35.83
2000,150089,0.2,0.19,0.43,5.0,51.44,20.68
2021,55258,0.5,0.18,1.0,67.62,75.32,81.15
2023,19843,0.15,0.46,0.29,81.75,86.12,87.95
2013,111609,0.09,0.44,0.37,34.06,61.26,56.12
2020,83673,0.87,0.8,0.72,55.02,55.8,69.2
2012,140125,0.85,0.08,0.28,12.36,53.31,54.4
2014,192588,0.66,0.92,0.42,14.44,32.0,42.68
2002,19619,0.58,0.15,0.57,5.0,67.64,41.62
2007,137901,0.33,0.25,0.67,5.0,50.55,49.19
2022,13826,0.35,0.25,0.76,66.15,85.58,84.2
2003,7847,0.17,0.87,0.69,5.0,82.75,24.6
2018,210514,0.95,0.49,0.98,35.39,28.53,58.38
2005,171023,0.36,0.98,0.8,5.0,45.95,18.3
2017,96124,0.98,0.43,0.04,30.6,70.64,60.26
2016,244047,0.87,0.91,0.12,24.03,30.03,52.51
2002,194919,0.09,0.48,0.18,5.0,54.28,20.09
2001,94495,0.78,0.46,0.24,5.0,68.29,21.56
2010,59599,0.64,0.93,0.76,5.0,71.98,36.73
2022,226263,0.69,0.53,0.5,55.31,38.35,59.03
2003,118067,0.28,0.01,0.82,5.0,66.9,31.46
2014,191316,0.9,0.19,0.91,22.56,22.98,54.3
2016,26876,0.25,0.33,0.4,45.05,86.84,68.83
2014,57674,0.84,0.94,0.25,19.83,79.51,49.13
2008,115661,0.8,0.69,0.55,5.0,51.77,34.3
2004,73823,0.78,0.34,0.44,5.0,67.01,36.67
2020,148352,0.1,0.25,0.67,65.02,49.68,75.3
2007,71882,0.65,0.63,1.0,5.0,61.24,44.05
2009,53197,0.83,0.3,0.78,5.0,67.34,50.02
2021,148150,0.75,0.81,0.21,51.39,49.61,57.5
2000,950,0.03,0.88,0.82,5.0,89.56,23.22
2024,164470,0.9,0.15,0.51,69.06,41.21,82.74
2005,124808,0.53,0.04,0.41,5.0,57.33,32.16
2011,141829,0.42,0.33,0.61,8.97,46.86,51.37
2004,159138,0.96,0.55,0.75,5.0,38.96,21.38
2011,114681,0.16,0.13,0.3,13.89,65.17,49.96
2018,169573,0.81,0.96,0.67,43.3,40.37,50.74
2009,221515,0.17,0.08,0.57,5.68,38.82,49.14
2017,45026,0.17,0.97,0.5,55.33,78.24,56.26
2024,6061,0.57,0.74,0.63,73.09,79.35,88.92
2000,194807,0.86,0.46,0.05,5.0,33.07,20.0
2007,30762,0.94,0.15,0.55,5.0,68.86,58.83
2008,179858,0.17,0.42,0.98,5.0,37.72,36.07
2006,202274,0.68,0.91,0.4,5.0,36.82,13.84
2013,167425,0.77,0.58,0.58,9.9,38.38,53.28
2015,137129,0.81,0.51,0.19,21.1,57.1,47.02
2003,174738,0.43,0.94,0.17,5.0,50.14,17.22
2013,91462,0.33,0.02,0.19,17.14,74.39,67.85
2006,64154,0.49,0.38,0.59,5.0,63.45,39.3
2007,231531,0.5,0.66,0.26,5.0,27.38,32.39
2009,146767,0.48,0.57,0.82,5.0,45.4,41.48
2000,90371,0.42,0.89,0.65,5.0,59.46,20.42
2023,78027,0.17,0.25,0.3,72.26,5.47,83.72
2003,64986,0.4,0.62,0.56,5.0,73.23,26.9
2000,44212,0.08,0.06,0.46,5.0,76.31,34.28
2024,192713,0.42,0.7,0.64,74.16,35.52,72.07
2023,143062,0.29,0.48,0.86,68.59,46.2,83.41
2010,221576,0.82,0.79,0.6,5.0,33.71,37.77
2000,130320,0.22,0.45,0.36,5.0,56.78,24.45
2010,82730,0.94,0.16,0.63,5.0,67.47,48.8
2024,114422,0.22,0.43,0.54,72.71,58.75,81.99
2020,162346,0.25,0.23,0.09,63.91,57.59,71.72
2023,144176,0.56,0.71,0.65,76.85,46.75,70.78
2000,149310,0.33,0.91,0.58,5.0,48.3,12.73
2018,164102,0.95,0.1,0.21,38.58,44.74,59.12
2009,3311,0.22,0.04,0.04,10.61,91.77,54.65
2004,231801,0.39,0.69,0.72,5.0,29.49,16.95
2019,205321,0.7,0.85,0.04,42.57,31.88,63.54
2012,207408,0.43,0.54,0.0,13.5,37.78,43.52
2017,124432,0.22,0.27,0.76,55.45,48.59,63.18
2016,25760,0.16,0.8,0.12,44.32,96.96,56.85
2015,115444,0.33,0.5,0.36,34.12,62.86,55.13
2007,22063,0.85,0.79,0.72,5.0,67.91,39.73
2010,122843,0.22,0.04,0.4,5.0,67.87,53.39
2008,235724,0.0,0.28,0.83,9.66,29.27,37.74
2015,83283,0.67,0.06,0.48,25.73,63.84,71.86
2019,182412,0.75,0.86,0.72,41.04,40.41,54.28
2013,102716,0.44,0.34,0.83,30.49,49.7,56.37
2017,92983,0.56,0.69,0.37,37.74,69.22,76.2
2020,25873,0.51,0.39,0.83,58.17,77.16,79.25
2005,207387,0.55,0.84,0.15,5.0,38.67,14.32
2021,41458,0.15,0.78,0.02,72.08,95.88,76.88
2007,42675,0.19,0.62,0.21,5.0,88.9,37.37
2020,27812,0.86,0.05,0.33,46.99,70.54,77.44
2010,125520,0.16,0.19,0.48,18.48,62.18,36.15
2014,247623,0.61,0.14,0.59,12.27,24.22,52.36
2005,101109,0.56,0.7,0.81,5.0,59.61,40.57
2004,224092,0.25,0.37,0.12,5.0,36.42,22.64
2006,231918,0.29,0.9,0.77,5.0,29.22,17.81
2018,172652,0.45,0.51,0.97,41.44,24.04,55.39
2003,186285,0.94,0.41,0.61,5.0,43.68,38.06
2018,12039,0.35,0.35,0.82,51.33,86.18,80.24
2021,75865,0.05,0.91,0.51,72.68,76.01,65.31
2011,35769,0.42,0.68,0.19,16.77,88.73,55.46
2020,18101,0.45,0.09,0.43,54.48,85.79,83.5
2002,173765,0.11,0.81,0.11,5.0,52.5,12.79
2023,122845,0.44,0.71,0.47,70.4,51.45,73.71
2009,14312,0.66,0.39,0.36,5.0,86.03,43.91
2003,10196,0.64,0.03,0.47,5.0,82.42,40.2
2005,36899,0.1,0.63,0.3,5.0,86.19,38.24
2000,78406,0.48,0.79,0.18,5.0,70.59,18.48
2010,205165,0.51,0.78,0.46,5.92,39.18,35.74
2019,62566,0.27,0.77,0.41,56.15,72.84,67.97
2011,196239,0.94,0.55,0.21,5.0,47.64,44.93
2014,146281,0.97,0.42,0.06,15.01,48.6,57.9
2022,78304,0.89,0.96,0.53,65.75,65.88,72.35
2011,148987,0.07,0.02,0.54,20.91,60.42,45.79
2006,242917,0.93,0.39,0.31,5.0,26.76,38.78
2018,165754,0.91,0.63,0.37,41.18,43.48,60.58
2023,207162,0.94,0.43,0.7,72.38,31.73,79.27
2001,210514,0.6,0.99,0.39,5.0,40.47,5.0
2013,163145,0.71,0.54,0.17,14.13,52.13,45.51
2010,2363,0.35,0.74,0.38,17.31,96.77,42.8
2008,119083,0.08,0.83,0.39,9.89,61.67,26.14
2003,144605,0.14,0.2,0.78,5.0,49.24,28.0
2012,193350,0.98,0.05,0.85,5.0,26.44,54.34
2013,180922,0.17,0.98,0.74,17.56,44.25,42.68
2015,39042,0.51,0.8,0.91,30.78,70.08,66.63
2010,43353,0.48,0.78,0.94,6.17,69.84,46.55
2018,24378,0.59,0.97,0.52,52.01,82.12,63.96
2015,219682,0.14,0.49,0.37,32.51,39.1,59.57
2020,119134,0.2,0.06,0.58,64.99,57.5,79.58
2015,61881,0.99,0.77,0.62,27.29,69.11,62.58
2020,38432,0.96,0.91,0.28,59.04,81.0,62.02
2006,93315,0.06,0.92,0.89,5.0,61.58,27.6
2020,28609,0.75,0.76,0.41,46.26,74.0,77.0
2015,115256,0.9,0.4,0.25,28.03,62.96,49.84
2020,183378,0.55,0.45,0.58,51.46,36.96,72.29
2018,26949,0.9,0.46,0.93,42.77,59.11,68.43
2016,58326,0.86,0.92,0.27,38.15,73.63,53.26
2009,12184,0.87,0.84,0.91,9.35,64.97,35.15
2004,130695,0.99,0.38,0.28,5.0,53.55,36.72
2002,222329,0.12,0.71,0.07,5.0,41.57,8.65
2024,49812,0.96,0.72,0.08,55.0,76.52,80.13
2003,164882,0.04,0.86,0.88,5.0,40.94,23.04
2024,104857,0.22,0.22,0.75,79.5,63.17,88.94
2014,243559,0.9,0.71,0.01,19.06,24.22,48.34
2007,173441,0.14,0.82,0.49,5.0,51.57,21.81
2007,41645,0.97,0.63,0.43,5.0,75.64,43.8
2018,202668,0.18,0.71,0.59,48.02,31.66,56.11
2007,53728,0.28,0.92,0.02,5.0,78.24,30.22
2001,23554,0.56,0.25,0.47,5.0,77.11,27.78
2023,128238,0.21,0.47,0.09,85.64,61.53,78.51
2022,156213,0.42,0.48,0.07,59.99,49.22,75.2
2022,25129,0.31,0.05,0.53,74.73,85.52,89.25
2016,27873,0.35,0.7,0.19,40.6,88.42,59.66
2011,11883,0.05,0.75,0.24,18.45,85.92,52.14
2017,151438,0.55,0.04,0.19,38.72,50.25,66.75
2020,171071,0.73,0.99,0.08,49.63,53.03,57.48
2017,43831,0.84,0.92,0.3,41.73,75.58,59.16
2001,183020,0.42,0.3,0.94,5.0,35.7,15.75
2003,103769,0.73,0.2,0.43,5.0,58.62,38.27
2006,153079,0.45,0.3,0.91,5.0,44.34,39.54
2016,170892,0.18,0.22,0.57,42.34,51.63,58.28
2004,215939,0.37,0.13,0.92,5.0,29.59,26.28
2013,116866,0.62,0.41,0.98,6.08,46.07,52.3
2008,13454,0.45,0.48,0.27,5.0,94.4,42.92
2004,241087,0.52,0.51,0.14,5.0,30.15,27.58
2003,182893,0.95,0.34,0.19,5.0,50.22,29.55
2018,38945,0.38,0.69,0.64,46.36,74.17,64.16
2021,226599,0.38,0.91,0.89,61.94,24.48,61.32
2013,42254,0.67,0.47,0.4,22.24,76.83,52.22
2014,44685,0.65,0.74,0.76,21.79,70.91,67.03
2002,203525,0.96,0.8,0.17,5.0,40.26,10.63
2017,116321,0.16,0.7,0.73,42.04,55.63,53.91
2015,199875,0.94,0.79,0.23,12.29,34.17,50.56
2008,154386,0.45,0.28,0.34,5.0,51.03,39.59
2019,85200,0.18,0.42,0.17,62.01,72.45,67.41
2019,62830,0.86,0.47,0.88,39.39,54.24,70.33
2014,87312,0.58,0.38,0.13,34.53,68.89,65.77
2018,152226,0.26,0.5,0.47,48.02,53.25,72.93
2004,143614,0.59,0.52,0.77,5.0,54.5,26.6
2020,39482,0.42,0.39,0.03,59.57,95.48,80.97
2013,119151,0.05,0.17,0.1,26.13,67.95,57.18
2010,25556,0.38,0.63,0.81,10.48,68.44,48.05
2004,56525,0.18,0.26,0.75,5.0,66.82,42.02
2008,167065,0.46,0.06,0.35,5.0,46.25,44.36
2002,68376,0.69,0.25,0.76,5.0,65.75,31.82
2018,27579,0.14,0.07,0.23,55.56,90.47,78.46
2003,37269,0.81,0.71,0.76,5.0,7.41,21.61
2019,159695,0.84,0.19,0.41,40.17,46.93,55.33
2023,53412,0.53,0.59,0.8,70.77,57.66,89.89
2018,37930,0.01,0.77,0.57,61.27,75.47,76.12
2014,222985,0.75,0.43,0.76,14.56,26.04,46.15
2021,179191,0.42,0.75,0.13,60.4,44.91,62.82
2005,202376,0.68,0.96,0.93,5.0,20.5,19.57
2008,60731,0.27,0.93,0.7,5.0,79.54,39.78
2016,128812,0.2,0.54,0.92,39.76,56.92,59.88
2018,874,0.27,0.44,0.61,50.12,87.94,70.28
2018,125811,0.22,0.72,0.74,48.33,56.95,63.28
2017,95019,0.55,0.21,0.84,41.23,55.09,65.36
2016,73806,0.21,0.69,0.3,47.78,82.81,53.86
2004,62338,0.21,0.19,0.09,5.0,79.69,38.51
2000,208736,0.78,0.83,0.16,5.0,39.73,8.34
2022,118399,0.27,0.15,0.68,68.75,57.04,81.43
2016,55702,0.08,0.24,0.65,40.78,71.3,55.53
2008,136619,0.16,0.76,0.77,5.0,63.05,35.2
2018,53333,0.1,0.68,0.9,57.98,69.38,68.79
2009,171632,0.89,0.98,0.77,5.0,35.52,31.37
2007,131432,0.6,0.59,0.72,5.0,47.4,35.32
2004,121442,0.04,0.49,0.63,5.0,60.39,21.67
2020,34297,0.78,0.97,0.81,50.91,61.33,76.61
2024,180864,0.3,0.14,0.69,77.25,36.57,87.43
2000,220734,0.21,0.57,0.04,5.0,42.83,5.0
2003,143262,0.61,0.26,0.39,5.0,45.88,16.72
2016,150240,0.25,0.72,0.36,34.53,50.98,52.72
2007,33670,0.16,0.95,0.23,5.0,87.53,44.21
2008,103290,0.27,0.08,0.06,5.0,68.94,49.08
2010,33527,0.34,0.88,0.52,16.47,67.76,45.53
2014,56487,0.18,0.94,0.67,40.14,72.7,45.85
2022,192128,0.1,0.24,0.12,78.39,48.49,66.08
2012,192340,0.13,0.94,0.77,24.19,39.69,33.98
2014,147843,0.05,0.18,0.56,39.12,56.15,58.34
2009,118298,0.95,0.24,0.45,5.0,50.84,37.12
2001,62277,0.15,0.85,0.63,5.0,77.12,26.18
2024,64618,0.0,0.13,0.33,87.93,67.48,86.67
2016,191317,0.34,0.64,0.53,39.98,34.45,57.23
2023,157701,0.58,0.5,0.9,67.51,41.95,80.37
2018,48370,0.22,0.22,0.46,54.41,79.95,77.91
2017,28116,0.8,0.66,0.71,41.71,70.08,59.56
2010,77664,0.16,0.4,0.31,13.85,74.25,47.16
2010,180424,0.2,0.95,0.27,13.34,47.83,28.61
2012,52054,0.12,0.15,0.09,24.75,88.36,62.54
2010,109244,0.23,0.03,0.04,11.23,64.37,51.38
2020,88562,0.25,0.55,0.85,59.47,48.89,64.07
2020,247911,0.35,0.38,0.93,45.69,16.8,67.27
2015,48488,0.94,0.28,0.95,23.55,63.75,70.45
2022,135172,0.82,0.93,0.39,63.66,43.04,62.52
2000,186492,0.3,0.1,0.66,5.0,44.14,21.77
2010,2443,0.24,0.96,0.3,11.92,86.07,42.53
2007,131750,0.09,0.89,0.75,5.13,51.97,28.68
2022,151526,0.71,0.2,0.07,50.97,47.17,75.35
2011,141073,0.63,0.17,0.63,5.0,53.71,41.03
2004,40084,0.47,0.88,0.37,5.0,72.48,27.57
2005,50360,0.49,0.88,0.88,5.0,74.08,28.64
2023,142459,0.09,0.57,0.77,81.56,52.17,81.8
2009,96470,0.89,0.15,0.98,5.0,46.37,40.93
2018,114238,0.79,0.22,0.44,44.36,54.73,68.67
2001,92608,0.73,0.18,0.79,5.0,56.95,26.61
2016,175774,0.24,0.09,0.22,41.63,55.54,64.71
2017,676,0.18,0.1,0.49,50.36,90.4,81.44
2010,171914,0.17,0.86,0.5,7.47,42.42,33.73
2016,232101,0.89,0.09,0.48,16.49,15.94,58.53
2002,64882,0.17,0.61,0.8,5.0,73.06,37.13
2019,42352,0.05,0.01,0.61,68.9,81.61,87.13
2013,132835,0.33,0.11,0.27,30.26,56.63,53.78
2024,115533,0.85,0.16,0.45,68.95,62.62,77.8
2010,46780,0.55,0.43,0.14,5.0,75.78,48.8
2019,248182,0.96,0.27,0.44,42.68,23.05,57.24
2001,171386,0.21,0.04,0.78,5.0,43.4,22.11
2008,40517,0.9,0.73,0.33,5.0,74.39,28.55
2004,130542,0.78,0.42,0.99,5.0,40.56,36.95
2013,72275,0.88,0.55,0.17,16.65,67.15,54.34
2001,206219,0.53,0.06,0.43,5.0,41.0,11.81
2014,119346,0.8,0.6,0.96,17.86,45.0,51.75
2024,119115,0.74,0.65,0.23,80.68,52.48,85.17
2011,128343,0.58,0.46,0.31,7.63,58.85,49.55
2022,79432,0.44,0.7,0.88,65.36,57.79,72.02
2021,227519,0.99,0.21,0.38,38.66,27.7,74.91
2008,210706,0.36,0.2,0.64,5.0,28.27,49.66
2004,66762,0.59,0.19,0.8,5.0,69.84,31.0
2005,82557,0.81,0.9,0.94,5.0,61.91,26.47
2003,123246,0.33,0.09,0.76,5.0,53.38,30.75
2013,10228,0.47,0.2,0.58,30.37,88.37,56.52
2015,106274,0.28,0.6,0.66,32.34,65.72,55.75
2018,210749,0.92,0.49,0.52,30.02,37.95,64.72
2001,164396,0.17,0.8,0.38,5.0,54.84,27.93
2007,97839,0.52,0.32,0.64,5.0,69.89,32.84
2000,147739,0.53,0.65,0.73,5.0,43.31,23.05
2005,150856,0.92,0.92,0.59,5.0,49.9,24.98
2012,201113,0.83,0.38,0.96,5.0,31.58,53.36
2018,229345,0.51,0.51,0.98,33.41,19.67,51.16
2018,49354,0.23,0.19,0.31,53.28,90.88,82.06
2009,25159,0.77,0.61,0.34,5.0,82.75,47.04
2012,28324,0.77,0.28,0.69,13.28,80.37,47.64
2020,232198,0.16,0.3,0.12,60.55,41.09,73.35
2013,117287,0.48,0.98,0.2,17.65,62.88,47.12
2020,171741,0.06,0.35,0.01,60.78,58.21,64.31
2016,105474,0.03,0.62,0.23,51.54,69.87,59.44
2005,36634,0.56,0.35,0.06,5.0,90.65,32.72
2007,247789,0.25,0.03,0.44,5.0,27.44,38.14
2003,80271,0.75,0.09,0.49,5.0,64.82,36.22
2024,236105,0.92,0.63,0.15,56.77,27.49,58.82
2010,187589,0.63,0.12,0.97,5.0,31.32,38.93
2011,111575,0.95,0.14,0.79,5.0,55.03,54.76
2002,105441,0.14,0.09,0.03,5.0,72.36,41.87
2009,179669,0.08,0.55,0.86,5.0,51.16,35.56
2017,6439,0.8,0.03,0.96,28.12,78.6,80.77
2024,228589,0.7,0.61,0.46,73.18,32.03,72.07
2007,161119,0.94,0.51,0.65,5.0,41.94,40.05
2023,52043,0.76,0.94,0.64,62.08,78.63,73.28
2021,210209,0.44,0.8,0.02,60.12,14.13,62.06
2003,41844,0.28,0.16,0.07,5.0,74.45,36.09
2023,116753,0.77,0.48,0.5,64.2,54.67,77.67
2010,42763,0.88,0.71,0.49,5.07,72.23,50.62
2008,37538,0.37,0.56,0.77,6.58,68.54,49.4
2004,62810,0.94,0.52,0.56,5.0,67.5,36.2
2020,237307,0.42,0.01,0.09,50.25,41.16,69.72
2005,162572,0.14,0.65,0.49,5.0,54.82,22.08
2023,115306,0.62,0.89,0.23,68.38,53.1,62.34
2004,1737,0.32,0.36,0.08,5.0,99.79,36.23
2018,102041,0.1,0.46,0.51,53.17,55.76,70.81
2012,1379,0.47,0.16,0.29,24.19,83.34,70.44
2009,151798,0.77,0.22,0.56,5.0,47.42,52.43
2009,13424,0.5,0.43,0.34,5.0,90.39,44.15
2024,72813,0.63,0.46,0.51,72.55,64.09,77.37
2018,245361,0.74,0.94,0.66,34.19,26.7,42.49
2023,64437,0.94,0.47,0.47,67.68,71.79,89.01
2016,123890,0.76,0.13,0.61,19.21,62.99,63.69
2022,75116,0.61,0.51,0.79,67.07,61.37,92.34
2021,12317,0.18,0.55,0.13,69.6,89.51,75.12
2016,98730,0.16,0.45,0.68,44.39,58.63,56.35
2003,178993,0.19,0.53,0.97,5.0,33.86,16.8
2015,63671,0.43,0.38,0.64,39.15,71.51,65.11
2003,206275,0.99,0.25,0.87,5.0,32.83,22.53
2022,243838,0.97,0.79,0.97,46.9,17.6,64.62
2017,56457,0.19,0.03,0.03,47.41,86.75,74.05
2021,236511,0.72,0.0,0.13,44.55,27.91,76.37
2020,68934,0.06,0.58,0.96,59.61,67.52,67.76
2020,53108,0.6,0.04,0.51,62.52,72.27,84.96
2002,120370,0.76,0.98,0.3,5.0,49.04,22.26
2015,167117,0.89,0.25,0.86,16.16,29.75,55.58
2018,138807,0.31,0.33,0.31,52.65,62.59,63.42
2021,45650,0.64,0.49,0.24,65.4,72.6,75.03
2000,214416,0.94,0.73,0.58,5.0,22.11,12.66
2024,60023,0.48,0.9,0.46,77.07,78.17,83.2
2020,10966,0.23,0.9,0.12,62.71,95.28,72.33
2015,15871,0.86,0.39,0.27,27.92,84.27,64.45
2006,235341,0.67,0.01,0.22,5.0,43.35,37.76
2011,42035,0.01,0.7,0.54,23.08,80.17,55.77
2003,46708,0.24,0.59,0.21,5.0,84.73,35.17
2024,54422,0.52,0.85,0.88,68.66,72.4,73.61
2012,137755,0.78,0.18,0.11,20.26,55.46,60.41
2004,115243,0.03,0.91,0.25,5.0,73.32,31.58
2004,14102,0.77,0.73,0.08,5.0,90.89,39.16
2023,148275,0.72,0.9,0.65,66.26,43.55,72.78
2000,240426,0.35,0.2,0.32,5.0,43.33,5.0
2010,143042,0.27,0.26,0.44,12.2,45.62,50.4
2002,153054,0.33,0.58,0.83,5.0,40.09,20.23
2021,130400,0.64,0.93,0.95,57.3,45.09,64.1
2004,137839,0.49,0.66,0.57,5.0,6.04,26.6
2022,233546,0.5,0.3,0.1,59.21,28.98,72.89
2002,221306,0.91,0.44,0.28,5.0,29.5,21.11
2013,44815,0.91,0.64,0.53,23.59,75.77,52.34
2019,15901,0.48,0.47,0.87,56.74,87.03,74.31
2010,206464,0.19,0.63,0.45,10.61,43.48,37.18
2009,191608,0.54,0.43,0.08,5.0,46.42,40.57
2023,226578,0.91,0.31,0.1,59.09,31.46,76.68
2009,112125,0.79,0.43,0.89,5.0,57.52,41.89
2004,51166,0.08,0.74,0.39,5.0,75.33,29.77
2020,234871,0.19,0.69,0.81,49.17,26.43,63.18
2024,107424,0.02,0.26,0.78,85.87,59.02,75.59
2004,23512,0.51,0.45,0.32,5.0,81.12,41.77
2015,59506,0.66,0.39,0.99,31.4,61.33,68.12
2007,96878,0.03,0.22,0.8,5.0,60.46,48.7
2006,182230,0.33,0.59,0.8,5.0,33.57,30.12
2022,180067,0.72,0.34,0.74,65.29,36.52,74.53
2008,208276,0.65,0.73,0.89,5.0,31.73,28.92
2016,24653,0.91,0.7,0.18,34.18,84.18,64.16
2018,226350,0.41,0.76,0.53,37.37,36.09,53.27
2019,115742,0.74,0.21,0.81,43.78,49.89,73.76
2004,104469,0.65,0.12,0.91,5.0,57.14,33.39
2013,210426,0.86,0.62,0.34,19.21,39.52,40.9
2012,198831,0.29,0.55,0.27,18.45,41.29,51.11
2017,61117,0.13,0.43,0.87,55.8,67.25,74.84
2001,40274,0.23,0.99,0.14,5.0,87.34,15.62
2002,84364,0.28,0.91,0.8,5.0,67.39,10.33
2012,73965,0.84,0.6,0.02,11.53,63.28,48.11
2005,91456,0.01,0.48,0.55,5.0,63.79,34.96
2001,127335,0.46,0.53,0.88,5.0,52.21,22.99
2007,208079,0.74,0.33,0.26,5.0,38.3,42.94
2012,75363,0.57,0.65,0.45,14.05,75.81,52.22
2023,139987,0.15,0.8,0.91,80.18,49.09,71.34
2004,101156,0.29,0.84,0.89,5.0,51.48,27.5
2003,39264,0.27,1.0,0.87,5.0,76.16,24.13
2002,164670,0.69,0.79,0.64,5.0,48.69,10.06
2002,223030,0.57,0.24,0.11,5.0,30.04,14.82
2000,161954,0.0,0.49,0.47,5.0,64.34,7.75
2019,50989,0.75,0.42,0.76,40.23,71.81,62.88
2002,249941,0.17,0.79,0.29,5.0,37.3,18.5
2014,232345,0.06,0.29,0.55,31.98,37.84,59.91
2009,179056,0.53,0.78,0.69,5.0,49.06,31.91
2018,121041,0.14,0.95,0.89,50.81,55.63,67.6
2002,124407,0.54,0.68,0.35,5.0,53.49,20.71
2012,39437,0.27,0.97,0.06,18.14,88.72,52.64
2012,19124,0.55,0.88,0.57,17.64,82.19,48.97
2000,53155,0.59,0.06,0.04,5.0,78.66,26.85
2004,115710,0.28,0.62,0.24,5.0,61.92,32.38
2014,78365,0.98,0.93,0.9,7.35,55.18,50.49
2024,183256,0.45,0.49,0.92,70.16,38.83,76.26
2017,36527,0.37,0.95,0.47,39.09,71.81,66.86
2020,95890,0.81,0.11,0.57,46.65,52.16,78.99
2001,77477,0.31,0.48,0.35,5.0,76.34,24.34
2005,32024,0.75,0.54,0.57,5.0,84.15,35.51
2004,22811,0.96,0.77,0.67,5.0,81.51,24.49
2008,136624,0.99,0.48,0.41,5.0,46.37,32.93
2023,222819,0.65,0.15,0.01,61.41,37.2,69.46
2005,128039,0.52,0.6,0.68,5.0,63.37,30.86
2003,43012,0.66,0.3,0.36,5.0,79.76,30.68
2013,55852,0.79,0.35,0.01,15.73,75.86,64.36
2001,161093,0.25,0.5,0.7,5.0,64.57,13.57
2016,166818,0.17,0.43,0.03,40.06,68.55,56.67
2003,189107,0.4,0.93,0.97,5.0,38.58,14.7
2010,246893,0.13,0.71,0.19,5.0,37.02,40.01
2023,147708,0.48,0.87,0.67,68.84,57.31,69.32
2024,96864,0.22,0.87,0.68,83.23,58.19,75.97
2023,180099,0.45,0.23,0.82,71.04,35.26,81.99
2001,237074,0.52,0.65,0.9,5.0,20.63,18.92
2010,237688,0.97,0.06,0.91,5.0,26.06,44.81
2009,26237,0.16,0.14,0.82,11.35,85.39,55.64
2014,18012,0.33,0.47,0.44,23.4,82.67,68.28
2009,83791,0.73,0.69,0.45,5.0,64.16,43.76
2022,140543,0.61,0.53,0.08,63.68,50.1,75.57
2008,150725,0.64,0.82,0.27,5.0,49.14,34.23
2007,81559,0.51,0.39,0.43,5.0,69.56,37.05
2014,160160,0.0,0.27,0.59,33.15,52.63,47.4
2022,81884,0.23,0.46,0.42,78.9,64.97,82.29
2003,188739,0.49,0.74,0.2,5.0,42.35,13.3
2006,118897,0.61,0.7,0.74,5.0,45.52,30.35
2003,117886,0.32,0.9,0.36,5.0,62.6,20.33
2007,228691,0.19,0.7,0.14,5.0,46.59,24.25
2015,36356,0.97,0.87,0.96,25.23,67.28,48.36
2024,170945,0.18,0.14,0.89,72.08,47.15,73.33
2001,135354,0.54,0.87,0.01,5.0,73.52,9.63
2009,111841,0.15,0.29,0.17,5.0,71.05,45.84
2007,62146,0.69,0.47,0.38,5.0,74.17,43.23
2020,13056,0.0,0.54,0.5,75.36,93.04,84.75
2014,104994,0.03,0.83,0.86,42.45,60.05,54.17
2014,225705,0.34,0.87,0.46,16.44,36.18,49.1
2009,145616,0.27,0.08,0.17,5.0,52.76,48.89
2015,117346,0.53,0.18,0.66,21.76,64.11,63.2
2012,64457,0.77,0.76,0.44,10.77,64.31,45.95
2014,246331,0.86,0.14,0.78,10.49,22.47,50.65
2016,112090,0.96,0.71,0.16,35.26,57.86,61.83
2005,163801,0.66,0.43,0.97,5.0,32.67,30.78
2011,192928,0.58,0.17,0.42,10.5,36.97,49.09
2012,136841,0.98,0.57,0.24,6.64,52.65,49.53
2007,62471,0.47,0.38,0.97,5.0,66.0,43.57
2011,64705,0.15,0.02,0.89,29.39,61.11,65.33
2006,206258,0.77,0.57,0.74,5.0,27.48,29.04
2011,80444,0.06,0.61,0.61,28.87,73.5,35.3
2019,207633,0.43,0.5,0.82,47.97,33.11,62.52
2023,152029,0.63,0.99,0.01,62.96,55.86,68.23
2020,49889,0.68,0.92,0.41,47.16,64.84,62.63
2008,107515,0.17,0.71,0.05,5.0,78.05,34.39
2014,97369,0.15,0.97,0.04,28.03,74.14,44.75
2021,212429,0.07,0.68,0.52,70.41,41.52,66.05
2021,213019,0.85,0.85,0.6,42.69,28.13,63.71
2000,145625,0.6,0.99,0.87,5.0,43.42,6.31
2000,242824,0.84,0.03,0.53,5.0,24.85,22.59
2022,179311,0.88,0.48,0.01,48.49,36.84,72.32
2020,102883,0.46,0.91,0.91,61.01,47.41,70.58
2004,199997,0.27,0.52,0.12,5.0,41.61,22.08
2024,53027,0.02,0.91,0.76,83.29,77.82,67.07
2010,239258,0.89,0.31,0.3,5.0,28.51,51.84
2011,42488,0.32,0.86,0.46,21.93,81.25,46.17
2005,165293,0.35,0.91,0.99,5.0,34.68,23.08
2005,109315,0.11,0.04,0.98,5.0,59.25,40.39
2000,58576,0.44,0.14,0.1,5.0,77.1,27.29
2020,51569,0.97,0.82,0.94,58.12,52.06,64.73
2000,165822,0.18,0.15,0.85,5.0,42.32,22.26
2017,136023,0.49,0.34,0.56,35.05,55.77,61.31
2008,155588,0.02,0.97,0.92,6.56,48.88,30.16
2001,144656,0.92,0.97,0.54,5.0,38.23,11.95
2005,237452,0.71,0.39,0.36,5.0,28.4,24.86
2001,58763,0.65,0.54,0.65,5.0,66.69,18.74
2010,6806,0.6,0.99,0.37,8.76,80.51,52.43
2021,147540,0.15,0.67,0.33,69.18,58.84,65.35
2017,176588,0.02,0.97,0.12,43.41,55.32,61.34
2020,979,0.96,0.4,0.52,47.47,86.06,73.8
2018,143300,0.64,0.37,0.24,38.32,50.45,70.38
2009,190257,0.71,0.44,0.98,5.0,31.57,32.28
2009,213348,0.11,0.56,0.61,5.0,34.31,32.21
2012,84085,0.27,0.92,0.94,22.62,59.83,53.63
2023,248671,0.93,0.95,0.36,49.16,22.08,68.11
2002,178772,0.7,0.75,0.28,5.0,48.66,22.16
2014,35564,0.81,0.12,0.37,29.8,73.37,65.67
2010,32476,0.89,0.7,0.53,5.0,67.31,47.13
2007,87958,0.61,0.37,0.02,5.0,73.77,40.77
2022,169893,0.71,0.83,0.26,65.07,45.8,76.79
2014,179093,0.37,0.16,0.24,28.29,56.44,61.04
2005,154041,0.57,0.33,0.25,5.0,48.36,32.39
2012,156520,0.59,0.84,0.43,22.08,53.6,35.32
2021,25861,0.19,0.99,0.23,76.55,88.72,67.06
2015,233484,0.73,0.17,0.89,30.42,20.17,57.51
2010,100942,0.39,0.62,0.26,11.02,67.2,42.51
2001,162453,0.02,0.81,0.5,5.0,50.23,8.97
2015,146506,0.07,0.15,0.54,31.45,57.88,60.36
2000,99372,0.99,0.43,0.27,5.0,54.2,24.03
2011,131458,0.67,0.55,0.18,9.95,56.04,41.3
2021,153711,0.51,0.92,0.16,64.77,48.99,56.23
2019,195625,0.85,0.39,0.33,40.97,38.75,66.6
2020,2020,0.88,0.19,0.03,52.4,94.94,81.33
2011,185520,0.72,0.3,0.48,6.44,39.05,48.75
2001,69006,0.43,0.62,0.43,5.0,69.61,21.85
2006,231875,0.03,0.53,0.98,5.0,30.36,24.46
2001,98321,0.72,0.23,0.5,5.0,65.99,33.17
2007,59119,1.0,0.78,0.79,5.0,63.74,40.27
2022,168890,0.32,0.91,0.3,61.18,51.08,63.33
2001,17232,0.28,0.22,0.83,5.0,69.39,34.47
2007,159951,0.94,0.5,0.87,5.0,35.61,33.06
2004,76747,0.11,0.86,0.85,5.0,67.38,21.45
2022,43437,0.95,0.88,0.66,58.55,71.29,67.25
2004,130645,0.62,0.92,0.09,5.0,59.7,25.41
2017,120729,0.86,0.88,0.44,33.32,57.62,57.89
2017,207157,0.64,0.79,0.89,39.06,26.8,48.09
2022,152339,0.52,0.68,0.7,57.57,49.02,76.59
2015,221490,0.45,0.37,0.15,31.5,46.11,47.53
2020,198338,0.84,0.94,0.33,41.62,41.61,48.79
2019,180455,0.61,0.88,0.77,42.02,37.66,57.48
2009,230578,0.95,0.42,0.51,5.0,20.62,41.12
2019,242438,0.29,0.32,0.5,47.59,25.71,62.12
2010,212967,0.48,0.76,0.76,5.0,32.31,35.5
2022,71165,0.79,0.32,0.55,50.87,60.57,82.4
2019,89626,0.67,0.34,0.08,48.11,71.14,68.33
2000,12900,0.63,0.18,0.73,5.0,77.64,32.2
2000,241174,0.92,0.8,0.25,5.0,32.64,7.95
2022,247392,0.62,0.69,0.65,61.51,12.56,65.55
2009,30793,0.45,0.26,0.64,5.0,77.1,53.25
2006,169941,0.09,0.88,0.24,5.0,57.14,20.47
2024,146973,0.76,0.99,0.1,62.94,46.53,70.8
2005,7302,0.6,0.97,0.54,5.0,87.45,30.05
2004,89001,0.47,0.62,0.7,5.0,68.36,21.7
2004,170649,0.53,0.18,0.33,5.0,46.67,23.06
2005,215575,0.01,0.6,0.89,5.0,39.38,20.85
2004,183875,0.07,0.72,0.99,5.0,34.84,18.37
2022,246129,0.08,0.97,0.17,63.99,32.09,67.38
2013,119003,0.83,0.33,0.96,13.31,54.24,52.92
2017,233831,0.54,0.36,0.8,48.68,23.74,61.18
2003,241154,0.95,0.54,0.83,5.0,6.49,30.15
2006,221548,0.42,0.98,0.33,5.0,33.55,21.55
2013,4022,0.33,0.57,0.5,28.4,96.59,54.29
2015,193926,0.58,0.08,0.19,31.93,40.14,57.21
2010,121604,0.69,0.11,0.31,7.24,54.79,42.63
2021,142380,0.05,0.34,0.68,72.21,51.72,80.8
2001,127876,0.79,0.49,0.87,5.0,13.68,25.59
2021,47252,0.11,0.98,0.06,65.9,81.55,74.19
2012,194720,0.37,0.96,0.7,18.23,31.44,44.72
2009,142276,0.87,0.93,0.94,5.0,42.37,27.77
2019,170742,0.41,0.59,0.9,47.14,34.62,62.07
2010,73883,0.39,0.47,0.62,8.04,69.68,50.37
2014,86618,0.2,0.89,0.76,23.47,63.72,45.2
2008,68341,0.12,0.34,0.24,5.0,88.69,33.8
2023,23959,0.15,0.49,0.29,81.58,80.73,83.61
2023,73860,0.59,0.33,0.08,74.72,66.93,83.51
2018,212379,0.91,0.01,0.29,30.05,26.96,66.98
2021,1228,0.93,0.48,0.62,64.92,75.81,88.14
2008,114381,0.87,0.29,0.56,5.0,53.55,51.7
2006,105407,0.68,0.97,0.49,5.0,61.16,26.62
2021,25829,0.02,0.52,0.9,74.26,86.49,77.52
2017,145586,0.75,0.69,0.85,34.75,47.16,53.44
2008,81229,0.91,0.87,0.59,5.0,14.32,53.71
2021,69537,0.07,0.1,0.21,77.69,13.38,75.99
2006,224221,0.84,0.68,0.2,5.0,29.17,32.03
2016,210453,0.08,0.42,0.31,35.2,39.33,54.76
2005,209174,0.53,0.82,0.13,5.0,32.37,21.1
2005,40886,0.31,0.26,0.04,5.0,88.44,41.22
2023,229372,0.24,0.33,0.35,80.2,37.22,64.54
2011,86901,0.04,0.09,0.46,11.24,76.07,62.14
2012,110829,0.92,0.84,0.01,6.5,66.55,34.03
2018,48867,0.08,0.29,0.13,58.01,78.74,62.32
2021,41887,0.55,0.88,0.36,61.46,71.93,72.75
2002,68089,0.94,0.16,0.94,5.0,53.84,32.5
2018,37779,0.42,0.96,0.0,44.4,86.42,60.53
2004,227324,0.44,0.66,0.99,5.0,31.0,20.7
2016,83670,0.1,0.82,0.22,45.48,69.87,53.45
2019,142049,0.22,0.0,0.95,55.93,49.5,75.96
2013,71480,0.22,0.24,0.13,24.27,82.0,59.02
2007,9863,0.26,0.27,0.51,5.0,100.0,49.99
2015,160257,0.26,0.02,0.34,26.76,50.65,71.06
2012,190566,0.78,0.21,0.53,5.0,34.26,41.61
2012,136018,0.99,0.67,0.39,5.0,47.67,45.14
2019,102684,0.05,0.29,0.56,69.7,69.32,68.3
2003,46724,0.89,0.08,0.81,5.0,76.5,40.63
2014,128511,0.0,0.87,0.24,32.16,67.8,38.96
2005,95506,0.74,0.71,0.98,5.0,54.94,20.13
2019,132527,0.43,0.43,0.26,49.82,58.06,68.44
2002,126667,0.49,0.03,0.77,5.0,54.02,34.63
2022,69136,0.34,0.04,0.67,66.77,69.01,80.86
2011,212322,0.37,0.2,0.29,17.27,38.08,51.12
2021,81171,0.36,0.56,0.93,66.51,56.65,73.62
2021,178772,0.13,0.26,0.23,72.66,41.22,68.8
2006,68330,0.9,0.94,0.26,5.0,70.73,35.51
2013,220260,0.75,0.91,0.92,14.65,23.34,38.31
2000,164476,0.27,0.41,0.35,5.0,52.49,10.1
2011,176941,0.56,0.12,0.18,10.66,45.24,57.86
2015,113241,0.49,0.63,0.49,38.2,61.94,52.48
2014,165979,0.47,0.9,0.81,18.94,60.13,46.36
2008,232009,0.78,0.19,0.63,5.0,27.15,41.24
2023,194443,0.88,0.01,0.73,60.99,28.87,75.84
2022,206221,0.93,0.73,0.36,61.93,38.35,80.12
2009,96945,0.19,0.16,0.59,11.24,63.07,51.48
2015,199771,0.28,0.93,0.73,35.84,35.21,45.36
2004,75610,0.46,0.85,0.31,5.0,66.83,26.23
2022,80598,0.3,0.59,0.45,77.68,78.89,71.5
2018,228877,0.27,0.01,0.9,36.86,23.72,68.53
2000,34715,0.91,0.03,0.18,5.0,75.72,31.97
2016,135621,0.57,0.4,0.51,35.61,50.2,52.43
2020,33353,0.03,0.36,0.35,59.33,89.78,77.3
2021,166440,1.0,0.33,0.61,48.12,37.16,76.15
2018,218644,0.38,0.3,0.75,49.64,27.21,52.09
2001,142093,0.16,0.0,0.18,5.0,62.62,37.93
2014,187214,0.55,0.7,0.27,19.39,51.95,46.75
2002,50803,0.71,0.83,0.14,5.0,71.89,27.02
2014,76789,0.51,0.99,0.99,26.27,53.75,53.45
2017,100544,0.27,0.74,0.26,43.57,66.83,50.89
2004,88696,0.41,0.0,0.46,5.0,68.71,38.67
2009,170552,0.65,0.85,0.49,5.0,38.23,34.14
2010,206061,0.02,0.55,0.9,10.01,37.83,46.4
2006,95635,0.76,0.26,0.15,5.0,71.99,40.59
2002,19720,0.85,0.11,0.49,5.0,85.37,49.58
2003,201800,0.13,0.15,0.01,5.0,42.09,26.21
2015,130358,0.34,0.64,0.5,41.87,59.79,57.83
2015,161958,0.52,0.87,0.95,28.05,36.01,42.85
2010,184206,0.16,0.21,0.69,12.34,48.65,43.49
2011,12282,0.54,0.55,0.43,14.72,79.2,60.73
2024,207523,0.63,0.71,0.41,77.3,35.83,77.18
2005,154982,0.92,0.98,0.49,5.0,45.28,18.33
2012,169821,0.14,0.11,0.39,16.93,49.78,52.96
2005,242772,0.78,0.07,0.32,5.0,28.87,25.41
2009,156932,0.93,0.23,0.48,5.0,44.01,46.24
2008,105438,0.54,0.6,0.55,5.0,61.35,37.21
2020,90556,0.98,0.05,0.99,45.21,49.81,79.22
2015,194642,0.16,0.5,0.65,31.51,41.64,53.56
2022,196958,0.44,0.16,0.01,66.49,54.49,80.02
2007,28097,0.94,0.97,0.94,5.0,65.67,44.39
2005,128225,0.75,0.19,0.45,5.0,58.48,30.3
2006,73197,0.85,0.55,0.6,5.0,63.64,35.75
2003,84585,0.81,0.99,0.98,5.0,61.57,30.65
2002,155073,0.34,0.4,0.84,5.0,51.68,25.29
2011,24322,0.97,0.86,0.81,5.0,81.76,54.32
2019,134599,0.19,0.52,0.83,60.52,50.63,66.6
2007,3474,0.08,0.89,0.23,5.0,94.21,51.82
2001,232870,0.07,0.63,0.83,5.0,28.28,17.64
2020,66144,0.58,0.28,0.68,52.88,9.5,79.12
2018,6388,0.54,0.93,0.17,47.05,92.65,73.4
2006,169665,0.06,0.45,0.99,5.0,45.65,32.76
2014,199900,0.06,0.99,0.66,30.86,42.55,41.55
2019,131291,0.56,0.7,0.74,45.93,46.94,56.55
2002,58482,0.76,0.36,0.85,5.0,69.7,31.01
2020,69237,0.73,0.7,0.46,53.62,65.92,56.47
2009,172020,0.91,0.11,0.63,5.0,45.51,52.98
2011,155888,0.7,0.23,0.98,17.25,36.89,56.37
2012,224162,0.04,0.04,0.2,26.84,34.46,57.93
2018,104068,0.32,0.1,0.63,42.69,69.88,67.42
2018,238439,0.53,0.45,0.79,38.44,28.67,57.5
2021,84393,0.51,0.86,0.93,60.75,61.62,71.97
2005,201789,0.68,0.45,0.49,5.0,33.68,23.66
2004,137445,0.39,0.8,0.62,5.0,50.01,26.75
2003,45258,0.58,0.58,0.44,5.0,80.4,27.84
2011,97074,0.7,0.61,0.71,10.09,50.61,52.28
2022,108230,0.76,0.85,0.16,61.77,56.73,71.48
2012,46417,0.08,0.1,0.21,24.38,84.99,59.03
2022,226418,0.15,0.22,0.79,63.05,35.43,74.14
2021,219199,0.32,0.36,0.98,64.78,30.01,69.42
2017,223821,0.58,0.94,0.45,35.21,34.4,41.0
2007,65948,0.43,0.26,0.95,5.0,72.11,45.45
2003,28944,0.36,0.51,0.19,5.0,85.55,32.64
2023,129092,0.45,0.47,0.0,71.31,68.33,74.93
2024,216390,0.14,0.58,0.71,81.54,30.45,58.96
2023,227564,0.85,0.18,0.29,65.86,22.61,73.45
2022,45087,0.71,0.73,0.48,67.19,69.52,75.28
2004,171263,0.85,0.14,0.71,5.0,36.11,28.01
2005,105881,0.83,0.92,0.44,5.0,50.48,22.53
2006,224179,0.04,0.94,0.5,5.0,35.2,14.78
2007,35700,0.04,0.5,0.42,5.0,81.55,36.38
2013,51730,0.84,0.78,0.78,11.3,74.32,43.57
2020,201593,0.21,0.15,0.03,55.29,43.96,63.12
2011,240605,0.94,0.23,0.1,5.0,24.73,46.33
2017,19510,0.82,0.34,0.31,36.53,78.62,68.06
2002,205830,0.04,0.12,0.26,5.0,51.6,27.54
2023,163375,0.07,0.25,0.13,77.33,65.26,78.43
2010,98768,0.44,0.66,0.2,16.02,65.43,45.35
2017,5204,0.9,0.78,0.34,36.62,83.56,57.93
2010,14788,0.88,0.18,0.64,5.0,69.2,59.36
2002,197382,0.96,0.13,0.69,5.0,20.19,26.26
2004,116236,0.04,0.52,0.19,5.0,72.08,27.27
2010,3009,0.16,0.42,0.44,17.62,92.59,62.57
2000,35260,0.51,0.44,0.39,5.0,78.87,23.47
2021,206857,0.15,0.39,0.12,73.22,44.04,53.65
2006,93363,0.28,0.9,0.98,5.0,55.26,29.1
2007,183652,0.54,0.97,0.51,5.0,34.1,24.6
2021,22667,0.11,0.09,0.81,77.97,77.98,80.89
2022,50912,0.86,0.45,0.74,48.13,63.18,76.0
2012,214128,0.52,0.59,0.0,7.97,38.79,34.89
2018,125396,0.58,0.57,0.26,50.3,56.55,59.58
2007,123434,0.84,0.37,0.79,5.0,42.65,37.26
2010,177838,0.4,0.36,0.74,7.1,39.52,46.29
2017,46755,0.63,0.68,0.28,47.0,70.52,55.94
2008,56382,0.95,0.21,0.8,5.0,65.23,52.61
2024,104064,0.63,0.61,0.08,73.73,64.77,72.19
2016,127339,0.86,0.54,0.5,26.42,52.66,57.48
2018,86626,0.19,0.95,0.75,58.92,63.53,52.59
2000,42913,0.19,0.48,0.11,5.0,95.96,23.54
2023,211643,0.96,0.41,0.38,49.05,22.12,70.65
2004,47733,0.76,0.98,0.19,5.0,71.86,16.48
2006,213893,0.61,0.41,0.08,5.0,35.78,33.65
2005,72787,0.73,0.91,0.78,5.0,64.69,25.53
2022,139250,0.36,0.73,0.56,62.29,57.76,72.35
2008,28880,0.01,0.16,0.65,10.41,82.33,51.23
2001,248114,0.85,0.0,0.68,5.0,15.44,10.89
2002,208263,0.66,0.03,0.37,5.0,39.16,14.35
2024,212309,0.61,0.28,0.35,70.5,35.09,74.59
2014,98612,0.78,0.16,0.03,21.24,62.88,66.21
2007,73080,0.85,0.36,0.11,5.0,73.27,40.05
2002,228628,0.95,0.56,0.1,5.0,32.86,21.87
2002,78998,0.52,0.35,0.77,5.0,71.62,25.3
2021,152899,0.4,0.76,0.07,66.35,57.86,61.57
2001,227497,0.48,0.38,0.5,5.0,10.36,17.82
2022,120286,0.84,0.15,0.99,61.67,45.94,78.62
2023,102315,0.57,0.4,0.88,56.72,54.19,90.38
2021,204634,0.92,0.77,0.22,47.34,34.8,63.77
2014,15116,0.63,0.34,0.4,31.2,92.82,68.2
2000,245821,0.55,0.51,0.46,5.0,28.62,7.47
2023,97015,0.4,0.13,0.55,68.39,59.87,84.51
2010,22984,0.87,0.09,0.04,5.97,88.76,56.58
2009,101620,0.84,0.08,0.28,5.0,62.67,60.19
2022,71081,0.15,0.31,0.71,76.11,77.27,79.81
2024,198065,0.1,0.99,0.39,78.29,43.41,61.8
2009,243431,0.55,0.63,0.52,5.0,31.36,20.64
2007,131877,0.43,0.29,0.03,5.0,65.45,38.16
2020,219029,0.88,0.14,0.46,47.6,30.77,56.55
2005,144375,0.84,0.71,0.11,5.0,57.83,21.45
2016,181336,0.1,0.4,0.92,39.16,35.26,54.98
2005,224300,0.64,0.91,0.13,5.0,31.52,26.79
2020,7613,0.69,0.31,0.33,57.55,93.51,77.16
2017,79836,0.6,0.02,0.49,42.56,76.04,65.97
2013,150131,0.31,0.6,0.27,24.37,59.74,48.68
2024,161726,0.92,0.79,0.81,56.76,37.92,72.62
2016,99683,0.21,0.28,0.67,45.26,59.89,64.33
2024,207234,0.79,0.8,0.05,69.75,31.34,64.04
2024,229138,0.55,0.3,0.94,62.82,29.64,71.43
2001,168034,0.05,0.21,0.69,5.0,51.89,26.63
2008,228636,0.06,0.04,0.67,5.0,34.09,31.78
2021,180618,0.35,0.43,0.93,67.51,31.37,72.13
2006,192127,0.53,0.57,0.36,5.0,39.68,25.87
2019,206713,0.46,0.23,0.32,44.23,46.77,66.76
2011,1904,1.0,0.03,0.22,5.83,96.7,53.89
2001,180589,0.62,0.38,0.74,5.0,37.14,15.32
2020,188617,0.11,0.21,0.5,51.95,53.86,73.08
2001,228908,0.23,0.53,0.7,5.0,35.61,16.96
2017,220632,0.84,0.38,0.93,30.11,17.85,55.08
2022,39289,0.09,0.19,0.64,89.71,85.27,80.07
2017,147792,0.27,0.48,0.62,37.05,51.62,63.74
2020,33249,0.16,0.02,0.32,56.81,87.57,86.74
2013,238559,0.96,0.52,0.46,8.26,25.5,44.37
2008,92419,0.56,0.12,0.92,5.0,61.16,48.24
2003,3069,0.29,0.77,0.48,5.0,94.37,32.53
2003,80116,0.84,0.7,0.77,5.0,60.79,38.18
2001,88723,0.57,0.47,0.36,5.0,62.87,25.48
2017,208513,0.96,0.15,0.2,25.98,37.76,63.81
2011,195043,0.92,0.7,0.93,5.0,31.06,39.49
2002,246981,0.32,0.0,0.46,5.0,23.31,22.83
2017,228061,0.18,0.41,0.48,41.44,37.75,60.58
2006,93753,0.36,0.6,0.34,5.0,59.54,35.27
2013,117754,0.59,0.64,0.21,20.16,56.42,46.9
2005,234315,0.33,0.09,0.09,5.0,40.08,24.39
2015,111524,0.44,0.89,0.56,31.76,60.41,55.63
2012,109715,0.65,0.57,0.8,23.88,61.57,50.1
2012,47579,0.35,0.68,0.18,23.37,75.22,41.85
2002,185360,0.7,0.71,0.84,5.0,29.87,12.67
2021,91026,0.81,0.17,0.11,59.52,69.77,76.97
2021,192818,0.59,0.29,0.21,54.93,40.13,68.63
2016,63257,0.37,0.91,0.21,43.4,84.51,53.37
2012,8856,0.19,0.0,0.72,29.84,94.33,66.42
2015,190195,0.14,0.51,0.82,37.93,36.85,46.54
2008,13612,0.49,0.33,0.19,5.99,75.31,48.13
2015,8278,0.9,0.72,0.24,21.49,86.82,68.89
2020,120493,0.2,0.81,0.32,56.92,62.08,65.36
2013,164518,0.96,0.9,0.56,5.0,34.37,38.28
2023,157667,0.6,0.4,0.02,66.68,48.36,80.03
2006,167948,0.93,0.82,0.58,5.0,44.74,25.49
2005,64537,0.1,0.39,0.59,5.0,71.76,47.02
2014,19096,0.92,0.66,0.37,24.24,82.39,58.22
2011,139947,0.9,0.6,0.26,5.0,50.18,48.09
2015,34890,0.78,0.01,0.61,27.3,72.43,74.82
2006,71729,0.53,0.69,0.04,5.0,68.02,33.58
2010,60866,0.14,0.51,0.46,14.86,81.48,54.4
2020,211149,0.83,0.93,0.45,40.74,42.32,58.04
2019,22201,0.61,0.9,0.45,52.28,79.5,57.55
2012,213307,0.83,0.76,0.91,5.0,19.34,42.39
2017,241534,0.27,0.4,0.19,43.9,37.64,60.03
2020,196444,0.32,0.63,0.26,55.39,38.72,63.23
2003,60881,0.71,0.54,0.35,5.0,74.16,29.07
2023,73512,0.64,0.4,0.5,61.48,60.73,84.72
2018,212231,0.33,0.17,0.49,47.82,33.61,55.65
2017,132744,0.53,0.64,0.88,44.31,46.27,57.88
2013,231125,0.15,0.7,0.1,24.54,39.51,39.7
2004,15562,0.81,0.96,0.33,5.0,85.46,31.52
2012,200725,0.95,0.68,0.1,5.0,38.13,40.0
2001,6264,0.13,0.77,0.75,5.0,89.39,17.83
2023,121235,0.73,0.4,0.32,67.5,49.4,76.64
2023,35701,0.6,0.78,0.02,66.75,90.66,73.73
2001,65334,0.78,0.33,0.78,5.0,65.45,24.73
2002,69745,0.23,0.04,0.45,5.0,70.13,33.96
2021,249849,0.72,0.18,0.02,49.88,26.11,64.58
2011,61123,0.41,0.36,0.9,14.52,61.34,56.42
2021,57638,0.28,0.44,0.75,70.5,78.51,77.22
2013,173601,0.55,0.82,0.6,17.9,43.88,48.84
2011,215881,0.04,0.12,0.17,14.04,44.33,32.82
2005,76061,0.2,0.47,0.1,5.0,81.68,31.52
2002,123052,0.4,0.55,0.34,5.0,60.87,12.39
2009,173713,0.81,0.72,0.55,5.0,49.18,44.38
2012,15023,0.89,0.26,0.91,20.65,75.95,61.82
2003,5565,0.45,0.88,0.04,5.0,94.98,29.15
2018,51889,0.82,0.48,0.46,42.54,69.9,72.18
2006,72832,0.5,0.96,0.04,5.0,69.4,32.33
2015,199118,0.56,0.39,0.9,24.72,32.32,53.03
2000,204436,0.37,0.39,0.24,5.0,37.14,7.92
2024,52685,0.16,0.88,0.65,89.63,68.9,82.32
2011,7295,0.58,0.11,0.51,5.0,89.33,56.95
2008,245453,0.75,0.4,0.07,5.0,38.89,35.3
2011,78979,0.32,0.02,0.93,25.31,65.26,47.62
2012,213580,0.67,0.93,0.33,7.97,35.91,45.08
2003,155441,0.03,0.2,0.55,5.0,59.33,34.19
2008,194860,0.15,0.22,0.67,5.0,36.13,41.37
2012,246295,0.29,0.93,0.06,18.44,33.72,37.34
2005,215062,0.67,0.17,0.71,5.0,35.67,30.52
2011,16205,0.72,0.29,0.54,11.59,81.68,60.91
2013,121813,0.77,0.37,0.06,12.79,67.95,49.78
2011,148200,0.76,0.71,0.63,5.0,42.24,39.93
2004,2483,0.56,0.69,0.92,5.0,77.96,38.74
2012,14871,0.45,0.31,0.9,18.82,79.23,62.38
2002,66786,0.53,0.11,0.98,5.0,55.07,33.72
2006,201106,0.82,0.55,0.39,5.0,35.67,33.42
2018,82553,0.47,0.03,0.32,43.52,64.35,71.78
2001,60426,0.64,0.48,0.97,5.0,59.58,21.11
2018,93509,0.67,0.41,0.99,41.49,50.24,64.48
2020,146705,0.96,0.19,0.98,40.07,41.41,74.93
2001,204241,0.59,0.66,0.22,5.0,46.44,19.48
2022,76997,0.51,0.37,0.95,64.09,52.99,76.91
2001,46433,0.51,0.3,0.32,5.0,80.24,27.26
2007,68140,0.92,0.02,0.94,5.0,49.71,44.23
2022,96803,0.75,0.6,0.89,58.59,54.78,78.8
2001,103534,0.75,0.22,0.47,5.0,51.3,27.95
2014,155568,0.06,0.68,0.26,30.18,62.46,49.58
2014,128188,0.59,0.58,0.71,24.28,40.5,47.6
2011,211829,0.07,0.11,0.26,23.17,41.04,48.08
2004,203498,0.75,0.64,0.02,5.0,34.64,19.43
2013,222661,0.31,0.87,0.38,13.33,46.01,48.19
2016,19026,0.25,0.5,0.06,40.35,89.22,62.59
2009,136039,0.31,0.3,0.13,5.0,66.04,35.66
2003,223225,0.58,0.16,0.58,5.0,31.31,23.77
2002,138357,0.19,0.84,0.52,5.0,52.45,11.39
2023,248333,0.87,0.15,0.64,45.33,15.92,61.59
2013,212108,0.52,0.85,0.43,8.1,34.64,43.1
2024,11613,0.01,0.27,0.1,93.42,90.91,93.41
2008,214227,0.09,0.27,0.94,5.0,37.62,35.95
2004,12601,0.73,0.95,0.55,5.0,83.81,28.24
2008,174453,0.24,0.96,0.11,5.0,45.32,36.18
2001,233038,0.61,0.54,0.48,5.0,32.56,6.07
2013,249844,0.88,0.36,0.12,5.0,29.66,55.2
2010,15862,0.55,0.42,0.81,9.09,81.25,47.11
2024,163439,0.36,0.7,0.57,73.51,43.85,76.74
2011,124152,0.06,0.27,0.92,26.72,52.43,51.23
2014,101398,0.3,0.39,0.14,32.28,70.14,46.86
2018,125365,0.62,0.17,0.92,44.6,53.59,72.27
2008,173984,0.05,0.6,0.65,8.04,49.39,26.48
2001,138226,0.4,0.35,0.48,5.0,53.34,21.18
2007,11077,0.51,0.03,0.47,5.0,84.79,53.72
2008,223853,0.92,0.44,0.65,5.0,23.05,31.48
2020,30482,0.5,0.75,0.71,58.8,71.7,83.43
2019,201158,0.77,0.37,0.62,46.17,36.74,65.8
2021,97930,0.96,0.31,0.44,63.16,65.75,75.91
2013,147777,0.51,0.82,0.63,18.64,46.86,48.31
2021,54690,0.39,0.91,0.43,62.36,72.56,73.28
2018,198440,0.06,0.09,0.89,47.37,42.53,70.21
2014,7284,0.05,0.6,0.65,36.76,100.0,67.53
2020,112095,0.72,0.97,0.33,55.79,59.58,63.23
2003,16335,0.86,0.31,0.84,5.0,81.25,42.61
2002,195668,0.62,0.63,0.1,5.0,33.62,16.39
2014,171633,0.24,0.09,0.53,21.6,44.37,53.45
2015,112026,0.61,0.75,0.2,31.02,15.23,53.39
2022,176067,0.13,0.29,0.55,79.42,52.4,83.86
2007,150446,0.2,0.65,0.05,5.0,61.79,46.35
2024,13349,0.7,0.76,0.02,70.75,98.21,88.88
2002,248216,0.0,0.77,0.51,5.0,27.32,10.35
2023,218534,0.63,0.11,0.81,70.72,29.97,80.77
2004,193075,0.49,0.84,0.3,5.0,40.23,19.25
2005,112859,0.17,0.57,0.36,5.0,71.56,30.35
2007,11324,0.65,0.55,0.42,5.0,84.1,52.43
2002,138600,0.31,0.4,0.63,5.0,50.27,28.12
2001,55613,0.59,0.09,0.47,5.0,67.4,27.84
2022,127191,0.28,0.69,0.83,64.01,50.85,74.46
2022,229645,0.92,0.1,0.66,55.67,24.94,84.52
2013,47528,0.47,0.17,0.6,23.67,78.17,59.26
2015,31728,0.22,0.21,0.17,41.69,87.64,77.31
2012,66316,0.64,0.37,0.65,11.98,63.42,54.62
2014,53852,0.03,0.81,0.0,43.15,78.26,51.91
2013,206044,0.04,0.62,0.48,28.48,44.3,47.24
2019,197155,0.2,0.78,0.19,48.92,53.37,58.54
2007,197885,0.99,0.83,0.87,5.0,30.22,31.66
2017,249000,0.12,0.73,0.45,43.94,35.3,48.2
2014,75078,0.19,0.61,0.36,31.65,64.42,52.25
2015,103448,0.8,0.37,0.2,31.05,64.56,59.34
2000,164386,0.21,0.64,0.81,5.0,49.33,10.22
2000,145668,0.26,0.84,0.97,5.0,48.05,13.27
2008,240342,0.86,0.38,1.0,5.0,16.05,27.95
2017,14300,0.8,0.83,0.24,32.51,86.89,64.79
2000,58147,0.51,0.5,0.03,5.0,79.56,19.72
2010,26307,0.86,0.28,0.57,5.0,68.1,54.02
2003,197642,0.51,0.26,0.19,5.0,48.07,22.73
2011,1809,0.79,0.53,0.25,9.0,91.97,49.65
2009,16952,0.55,0.25,0.62,5.48,78.99,55.25
2018,200731,0.55,0.78,0.59,42.46,38.9,47.15
2005,226792,0.35,0.68,0.1,5.0,23.25,15.79
2008,190144,0.55,0.03,0.22,5.0,42.68,40.67
2024,106374,0.25,0.92,0.26,84.6,69.65,80.81
2022,106366,0.68,0.44,0.17,58.77,53.82,81.2
2009,30675,0.53,0.82,0.96,5.0,74.24,34.33
2000,151390,0.21,0.45,0.31,5.0,16.85,22.98
2012,84680,0.12,0.59,0.06,19.15,65.25,50.13
2022,180006,0.81,0.27,0.2,54.72,35.51,61.04
2022,37349,0.4,0.14,0.44,66.08,71.97,83.22
2005,20632,0.83,0.97,0.63,5.0,78.84,40.49
2005,127697,0.85,0.23,0.75,5.0,51.63,28.61
2008,181710,0.3,0.21,0.39,5.0,53.51,38.18
2020,70314,0.94,0.74,0.54,46.9,66.79,78.49
2011,58017,0.1,0.64,0.69,20.51,74.38,55.59
2003,94092,0.35,0.92,0.08,5.0,74.84,20.64
2008,23314,0.84,0.53,0.58,5.0,74.76,47.08
2002,23169,0.74,0.64,0.23,5.0,79.94,34.51
2001,94728,0.14,0.84,0.76,5.0,59.98,24.44
2024,135966,0.96,0.38,0.66,57.22,42.27,77.04
2015,157052,0.27,0.38,0.61,34.75,43.42,69.98
2017,173137,0.2,0.84,0.05,60.77,57.87,59.64
2014,90244,0.78,0.25,0.86,24.6,61.08,57.13
2012,28389,0.71,0.59,0.79,8.3,79.3,61.06
2022,45914,0.08,0.66,0.84,77.17,74.85,78.99
2010,114218,0.75,0.26,0.14,5.0,57.41,49.29
2001,38330,0.13,0.45,0.4,5.0,79.19,29.45
2009,234781,0.46,0.56,0.45,5.0,30.5,47.33
2018,13223,0.63,0.67,0.32,39.94,82.94,62.84
2022,157158,0.23,0.69,0.3,77.86,57.83,63.05
2019,89589,0.58,0.16,0.11,53.68,69.63,75.6
2021,11139,0.07,0.59,0.04,74.74,99.26,77.17
2012,216043,0.41,0.53,0.11,8.66,43.77,48.78
2007,126341,0.63,0.72,0.79,5.0,49.61,37.73
2005,147936,0.39,0.39,0.87,5.0,44.97,32.61
2008,20136,0.96,0.13,0.4,5.0,79.83,51.4
2004,10799,0.24,0.88,0.83,5.0,79.64,33.68
2013,99476,0.67,0.45,0.78,10.11,50.16,52.34
2005,159748,0.03,0.8,0.83,5.0,43.43,29.79
2013,44093,0.77,0.88,0.63,15.62,77.18,39.15
2022,105199,0.67,0.19,0.48,66.62,59.87,81.01
2024,217740,0.81,0.53,0.11,52.33,10.35,73.68
2003,13960,0.93,0.15,0.36,5.0,76.34,36.18
2021,132011,0.62,0.92,0.33,51.9,60.84,66.45
2009,222414,0.58,0.58,0.58,5.0,29.53,35.5
2023,220208,0.22,0.8,0.73,67.43,30.6,68.87
2021,11233,0.09,0.42,0.38,59.15,86.27,81.89
2009,72723,0.78,0.62,0.13,5.0,72.82,43.03
2012,40236,0.81,0.67,0.37,20.35,72.66,60.54
2015,222463,0.81,1.0,0.7,16.01,23.58,40.16
2001,56580,0.21,0.52,0.75,5.0,76.02,23.18
2011,26087,0.57,0.65,0.66,7.59,80.91,47.52
2018,224832,0.51,0.48,0.27,45.36,30.01,58.36
2024,43443,0.01,0.29,0.22,89.64,86.32,87.38
2019,75669,0.8,0.81,0.83,48.77,58.54,59.59
2001,169880,0.45,0.59,0.44,5.0,51.56,28.2
2004,133300,0.22,0.05,0.67,5.0,54.42,40.73
2015,238927,0.7,0.27,0.94,12.51,19.01,50.99
2015,243913,0.22,0.42,0.88,29.15,25.33,47.38
2011,48488,0.54,0.55,0.22,19.59,79.82,48.25
2022,142748,0.28,0.16,0.17,72.05,57.44,80.17
2003,158689,0.88,0.67,0.53,5.0,40.9,18.61
2013,219567,0.2,0.48,0.97,25.32,26.18,42.49
2004,194680,0.04,0.19,0.06,5.0,49.72,23.39
2018,188324,0.84,0.05,0.97,34.77,33.07,66.8
2008,243058,0.58,0.8,0.27,5.0,25.83,30.12
2019,23103,0.0,0.28,0.97,64.76,84.84,74.1
2008,189820,0.41,0.62,0.99,5.0,29.73,33.94
2001,230686,0.59,0.07,0.37,5.0,33.85,21.79
2005,140656,0.42,0.96,0.31,5.0,59.21,23.52
2006,116067,0.05,0.54,0.95,5.0,54.93,31.93
2012,201883,0.31,0.77,0.44,16.55,19.18,41.58
2021,179953,0.64,0.2,0.29,52.56,13.55,75.04
2018,109428,0.17,0.95,0.07,50.34,64.28,60.05
2002,99485,0.86,0.63,0.5,5.0,56.12,33.3
2024,40244,0.95,0.82,0.75,68.81,72.05,82.75
2018,194685,0.48,0.88,0.95,39.9,29.61,56.37
2009,159811,0.94,0.49,0.35,5.0,48.21,34.33
2011,222731,0.98,0.93,0.1,5.0,34.78,22.36
2008,242468,0.26,0.26,0.0,5.0,36.39,40.87
2024,180870,0.55,0.87,0.21,80.21,42.48,79.24
2017,214084,0.9,0.89,0.29,36.37,38.06,40.24
2003,9104,0.65,0.4,0.66,5.0,82.21,32.77
2015,103787,0.83,0.39,0.3,26.79,67.79,58.47
2022,76605,0.48,0.27,0.99,67.9,64.6,82.8
2016,71965,0.65,0.47,0.52,23.74,80.84,66.92
2018,234935,0.18,0.42,0.55,44.68,26.06,56.4
2012,161371,0.4,0.15,0.95,23.71,42.23,67.14
2002,77653,0.55,0.68,0.85,5.0,54.5,19.95
2011,3021,0.38,0.98,0.25,19.42,92.11,47.59
2017,43800,0.82,0.98,0.6,38.8,71.73,66.27
2004,175397,0.98,0.62,0.35,5.0,41.48,29.1
2021,76030,0.83,0.64,0.83,58.16,66.01,67.99
2000,236388,0.18,0.73,0.71,5.0,21.68,7.49
2007,8127,0.36,0.37,0.73,5.0,87.42,52.14
2011,14735,0.71,0.46,0.17,20.43,84.56,51.05
2022,121754,0.4,0.86,0.59,67.38,64.73,68.73
2011,234019,0.19,0.88,0.59,17.78,28.04,28.37
2004,201288,0.16,0.22,0.28,5.0,50.09,24.17
2006,187325,0.97,0.56,0.16,5.0,40.85,24.25
2017,147086,0.85,0.43,0.5,33.19,42.94,67.43
2024,47608,0.68,0.09,0.67,67.62,70.4,93.11
2006,197945,0.46,0.45,0.12,5.0,45.7,26.65
2004,67470,0.77,0.85,0.18,5.0,68.43,33.83
2002,99313,0.95,0.89,0.1,5.0,64.55,19.35
2005,8197,0.21,0.52,0.65,5.0,81.99,36.31
2018,9803,0.79,0.87,0.36,47.27,83.36,67.41
2005,7722,0.08,0.85,0.02,5.0,94.41,32.29
2002,233658,0.92,0.34,0.66,5.0,34.87,30.18
2009,10181,0.35,0.38,0.07,13.32,98.98,54.37
2018,35534,0.76,0.08,0.1,48.98,83.49,70.77
2010,103109,0.09,0.81,0.38,12.36,69.88,43.08
2018,225984,0.81,0.75,0.2,33.6,26.27,59.85
2012,143864,0.52,0.52,0.21,15.31,63.5,45.48
2014,172037,0.7,0.04,0.87,16.75,31.27,65.5
2007,76730,0.92,0.23,0.87,5.0,66.01,48.55
2010,165680,0.66,0.4,0.59,5.0,38.04,47.39
2018,132829,0.4,0.97,0.96,55.77,44.46,60.6
2000,80126,0.15,0.46,0.69,5.0,66.95,20.54
2013,68184,0.37,0.3,0.1,27.88,71.85,60.43
2009,73837,0.04,0.89,0.98,5.0,73.26,49.67
2007,229851,0.86,0.29,0.48,5.0,18.4,34.85
2017,68513,0.42,0.92,0.32,42.2,74.51,49.42
2017,53011,0.7,0.39,0.24,35.12,78.64,64.0
2006,233423,0.61,0.44,0.71,5.0,26.65,29.29
2017,59835,0.16,0.59,0.76,55.24,65.2,66.99
2004,193795,0.11,0.39,0.06,5.0,41.61,20.19
2002,37612,0.44,0.13,0.9,5.0,67.93,35.9
2005,30540,0.81,0.4,0.27,5.0,84.91,40.8
2006,121464,0.2,0.4,0.29,5.0,60.32,40.28
2007,195031,0.75,0.77,0.29,5.0,47.21,39.58
2000,75707,0.33,0.0,0.56,5.0,67.66,33.72
2021,217577,0.5,0.56,0.07,57.25,45.17,54.11
2008,5577,0.14,0.97,0.14,5.0,90.58,49.92
2008,35489,0.02,0.94,0.11,18.12,84.58,41.52
2017,115683,0.07,0.1,0.5,48.59,59.49,70.76
2012,148441,0.4,0.91,0.65,18.59,52.29,40.71
2010,234207,0.69,0.89,0.76,5.0,22.0,28.97
2021,110522,0.59,0.97,0.4,57.15,59.46,63.34
2019,138496,0.58,0.83,0.82,43.55,48.56,60.16
2003,123626,0.69,0.8,0.71,5.0,48.57,18.84
2019,86558,0.03,0.66,0.1,59.33,70.65,55.19
2014,34132,0.27,0.24,0.88,29.62,81.96,66.58
2005,2291,0.75,0.53,0.57,5.0,86.35,28.0
2000,154372,0.13,0.36,0.93,5.0,42.74,16.66
2009,81174,0.59,0.05,0.58,8.75,58.83,53.01
2009,181262,0.98,0.93,0.46,5.0,28.92,38.0
2023,125903,0.51,0.03,0.48,69.04,56.24,81.9
2011,188884,0.55,0.5,0.15,5.0,50.64,39.4
2002,56480,0.42,0.95,0.07,5.0,79.13,20.57
2008,141641,0.26,0.11,0.29,5.0,54.35,48.25
2001,12522,0.06,0.16,0.69,5.0,82.66,31.26
2014,231357,0.27,0.39,0.86,21.52,34.19,49.27
2010,22659,0.31,0.23,0.76,12.56,71.42,52.5
2015,216504,0.16,0.32,0.1,26.07,50.31,57.16
2000,29228,0.09,0.18,0.52,5.0,83.85,33.11
2000,213092,0.57,0.37,0.71,5.0,29.25,14.28
2000,241749,0.96,0.46,0.73,5.0,12.56,21.12
2006,167961,0.55,0.22,0.53,5.0,40.25,27.61
2015,117538,0.15,0.77,0.17,40.54,76.35,52.41
2003,214716,0.52,0.7,0.93,5.0,30.31,16.7
2008,232646,0.44,0.68,0.29,5.0,34.34,37.61
2015,121854,0.18,0.13,0.34,41.17,68.18,56.53
2007,236110,0.5,0.53,0.09,5.0,27.76,27.77
2010,40487,0.04,0.11,0.49,10.58,79.76,54.22
2014,241720,0.03,0.21,0.08,22.67,42.79,52.52
2012,40381,0.95,0.73,0.07,7.09,81.09,52.64
2003,141588,0.65,0.9,0.09,5.0,57.87,24.53
2013,88639,0.12,0.25,0.3,32.99,74.43,51.47
2017,234041,0.72,0.67,0.73,30.65,24.55,48.54
2018,84685,0.01,0.03,0.92,60.38,66.87,77.79
2018,86234,0.28,0.24,0.43,46.96,71.72,71.58
2013,217768,0.88,0.7,0.84,14.06,23.08,43.73
2021,3408,0.86,0.48,0.81,56.75,79.23,81.6
2023,46759,0.4,0.94,0.65,79.56,62.52,76.03
2021,164581,0.71,0.71,0.57,49.11,45.02,58.37
2006,85976,0.19,0.43,0.68,5.0,66.46,41.15
2015,100403,0.9,0.73,0.64,21.89,54.83,60.9
2017,58307,0.68,0.31,0.34,35.52,78.35,73.85
2001,170694,0.31,0.78,0.7,5.0,46.79,5.37
2023,191478,0.02,0.2,0.63,79.12,50.07,78.04
2000,56912,0.54,0.57,0.5,5.0,66.73,31.03
2009,70511,0.32,0.43,0.63,5.0,63.91,40.02
2016,135524,0.29,0.15,0.06,30.89,64.61,61.35
2021,21324,0.19,0.12,0.33,76.18,80.04,83.58
2003,230007,0.39,0.64,0.17,5.0,34.06,15.35
2000,2670,0.77,0.77,0.24,5.0,90.56,26.07
2005,11909,0.31,0.09,0.39,5.0,91.17,50.89
2017,234736,0.53,0.69,0.81,29.17,26.87,53.37
2022,82915,0.76,0.21,0.92,68.01,58.73,76.65
2015,232617,0.62,0.8,0.29,32.8,29.5,39.93
2001,39623,0.54,0.33,0.63,5.0,78.72,26.0
2009,35250,0.45,0.95,0.95,5.0,74.66,37.24
2020,182793,0.65,0.28,0.56,46.56,36.61,69.53
2001,4637,0.14,0.32,0.94,5.0,84.42,30.56
2020,187677,0.28,0.9,0.04,57.49,40.83,58.47
2007,62629,0.82,0.41,0.59,5.0,69.73,47.68
2001,1344,0.59,0.89,0.6,5.0,88.86,15.05
2004,193191,0.07,0.84,0.52,5.0,41.1,17.18
2007,126524,0.65,0.39,0.77,5.0,59.81,36.08
2004,90760,0.05,0.12,0.94,5.0,68.03,26.51
2014,214577,0.86,0.95,0.35,18.73,31.33,40.18
2005,225951,0.22,0.59,0.79,5.0,39.89,21.99
2023,126671,0.7,0.61,0.62,75.23,47.48,67.57
2009,72985,0.25,0.89,0.55,9.62,74.44,47.59
2011,134423,0.83,0.43,0.34,6.36,56.52,47.56
2015,78576,0.98,0.88,0.73,27.91,62.22,55.46
2013,152949,0.22,0.47,0.09,24.09,61.6,43.49
2014,99907,0.31,0.63,0.57,32.46,61.17,54.46
2005,55974,0.14,0.96,0.44,5.0,77.03,30.19
2007,222705,0.95,0.55,0.42,5.0,26.18,27.3
2011,50379,0.51,0.96,0.99,10.86,73.34,42.85
2009,164192,0.51,0.64,0.56,8.03,49.84,30.21
2019,93072,0.93,0.99,0.87,48.79,52.64,61.0
2003,22594,0.88,0.56,0.99,5.0,77.49,36.58
2004,215389,0.49,0.39,0.23,5.0,29.09,26.95
2019,20591,0.71,0.14,0.08,55.68,93.87,76.13
2015,77892,0.02,0.38,0.47,45.99,69.15,62.43
2005,193698,0.89,0.79,0.06,5.0,42.66,28.94
2009,117744,0.53,0.81,0.61,5.0,57.45,35.01
2007,195847,0.52,0.19,0.96,5.0,30.23,38.88
2006,40302,0.55,0.13,0.99,5.0,12.66,49.29
2016,64689,0.37,0.6,0.47,43.38,75.21,55.6
2004,41438,0.1,0.89,0.6,5.0,83.51,35.35
2004,141047,0.74,0.65,0.15,5.0,61.61,27.46
2021,81147,0.83,0.62,0.87,59.14,53.32,71.28
2016,183168,0.76,0.05,0.03,27.11,43.1,67.28
2008,115381,0.56,0.08,0.51,5.0,59.03,41.41
2013,63837,0.39,0.73,0.5,31.14,67.7,50.33
2019,90783,0.65,0.88,0.51,50.95,69.22,61.61
2019,56305,0.91,0.94,0.48,53.61,71.04,65.87
2007,43911,0.55,0.56,0.25,5.0,80.48,42.57
2007,110347,0.03,0.21,0.48,5.0,62.88,46.97
2016,198752,0.83,0.33,0.97,22.92,26.16,59.4
2016,71996,0.61,0.71,0.15,34.67,80.96,65.51
2016,107699,0.67,0.1,0.05,41.91,57.07,62.48
2014,115317,0.99,0.66,0.9,12.35,43.68,49.25
2001,105886,0.18,0.31,0.54,5.0,56.2,26.7
2004,224760,0.73,0.04,0.52,5.0,23.31,32.08
2024,153230,0.39,1.0,0.49,70.03,49.78,73.43
2024,141543,0.51,0.49,0.01,73.74,69.48,80.28
2016,249839,0.6,0.96,0.53,26.48,26.36,48.05
2012,150279,0.77,0.81,0.52,5.0,50.72,40.22
2023,16437,0.41,0.58,0.29,78.5,95.74,86.44
2005,89843,0.15,0.11,0.71,5.0,58.77,35.23
2010,158784,0.05,0.77,0.48,6.65,50.71,34.89
2014,154938,0.54,0.2,0.38,31.2,48.51,58.0
2021,185672,0.44,0.01,0.73,49.82,40.17,64.92
2006,243372,0.34,0.66,0.2,5.0,36.76,30.8
2008,121635,0.73,0.89,0.11,5.0,63.04,41.13
2005,33938,0.6,0.52,0.05,5.0,82.23,36.59
2002,240833,0.08,0.69,0.68,5.0,28.78,18.5
2021,104689,0.56,0.52,0.43,65.02,65.15,79.58
2006,163753,0.13,0.55,0.98,5.0,45.73,32.68
2013,229825,0.71,0.21,0.26,12.59,30.58,52.3
2001,65696,0.4,0.0,0.57,5.0,69.63,32.9
2005,1182,0.53,0.35,0.04,5.0,89.4,45.25
2020,197066,0.87,0.11,0.86,53.86,33.63,70.23
2013,71793,0.16,0.2,0.09,34.6,70.6,58.07
2018,241149,0.63,0.28,0.78,39.93,26.36,54.33
2012,229183,0.15,0.03,0.74,13.18,31.86,46.36
2006,9823,0.0,0.34,0.24,5.87,93.16,42.59
2011,30766,0.31,0.28,0.99,19.11,66.84,53.93
2003,21298,0.2,0.63,0.66,5.0,76.49,44.25
2001,180247,0.33,0.73,0.9,5.0,36.12,6.15
2017,131396,0.63,0.46,0.04,46.96,58.99,64.1
2009,68476,0.12,0.04,0.53,8.4,76.6,54.3
2020,126179,0.31,0.03,0.03,57.64,63.86,73.38
2023,151529,0.32,0.03,0.88,74.59,43.86,86.44
2015,87429,0.23,0.53,0.6,28.98,64.72,59.98
2009,208323,0.15,0.81,0.04,5.0,47.12,31.89
2002,1877,0.32,0.87,0.22,5.0,91.65,25.01
2004,233054,0.53,0.72,0.88,5.0,17.38,15.1
2016,117271,0.88,0.74,0.84,29.97,47.94,58.66
2008,20659,0.23,0.75,0.54,5.0,85.04,46.4
2003,68295,0.76,0.51,0.79,5.0,69.55,34.7
2019,233503,0.11,0.99,0.13,57.23,38.54,49.51
2022,39246,0.89,0.3,0.94,59.16,55.41,80.43
2020,71514,0.1,0.18,0.77,70.03,66.74,71.73
2017,167293,0.65,0.81,0.98,50.55,39.17,49.24
2000,103321,0.24,0.24,0.48,5.0,61.28,23.22
2022,240265,0.81,0.0,0.12,58.22,26.12,60.59
2004,194749,0.22,0.53,0.9,5.0,38.27,22.76
2004,22734,0.89,0.36,0.79,5.0,73.77,30.51
2010,31401,0.51,0.63,0.91,5.0,74.21,56.9
2010,231914,0.06,0.82,0.63,12.59,27.14,30.06
2014,71035,0.24,0.2,0.85,26.85,71.16,55.48
2021,178678,0.12,0.52,0.81,61.51,41.34,68.84
2002,52610,0.88,0.32,0.86,5.0,74.93,32.77
2008,87280,0.38,0.62,0.86,5.0,68.48,40.24
2020,190433,0.64,0.43,0.64,48.32,38.21,60.2
2001,135238,0.99,0.12,0.13,5.0,58.32,23.08
2005,74942,0.56,0.1,0.11,5.0,76.7,49.97
2010,204915,0.95,0.08,0.62,5.0,33.38,40.31
2013,201732,0.05,0.21,0.85,24.56,42.96,46.7
2019,241598,0.62,0.23,0.62,39.32,29.65,63.03
2017,162585,0.16,0.07,0.67,49.27,45.82,59.2
2012,98369,0.52,0.12,0.35,21.61,62.37,59.29
2003,680,0.04,0.13,0.37,5.0,92.1,44.75
2006,75589,0.23,0.59,0.49,5.0,77.37,41.63
2000,171841,0.51,0.68,0.8,5.0,40.82,12.36
2012,30666,0.43,0.99,0.9,24.93,71.76,46.3
2014,45874,0.81,0.74,0.84,22.56,68.83,59.3
2014,106119,0.73,0.97,0.07,25.05,55.78,48.01
2013,15873,0.88,0.65,0.5,10.13,74.49,56.31
2006,80971,0.6,0.82,0.71,5.0,49.62,21.19
2019,144131,0.29,1.0,0.22,46.68,56.64,55.16
2001,10289,0.32,0.09,0.39,5.0,88.73,35.19
2021,40743,0.23,0.54,0.16,68.98,80.6,70.95
2007,181546,0.19,0.19,0.69,5.0,44.89,39.67
2011,173907,0.17,0.24,0.77,13.51,45.11,51.51
2009,176916,0.19,0.08,0.64,6.41,38.75,49.06
2023,203903,0.95,0.6,0.73,61.66,34.27,69.13
2023,42971,0.63,0.34,0.09,69.3,81.39,82.11
2010,76985,0.61,0.03,0.59,5.0,65.74,54.69
2011,35584,0.57,0.2,0.75,19.02,68.8,57.74
2000,168270,0.1,0.1,0.31,5.0,14.43,20.31
2017,10390,0.38,0.76,0.72,50.1,83.62,72.37
2023,16874,0.71,0.83,0.77,67.29,72.74,80.32
2018,35048,0.6,0.9,0.24,44.67,83.11,67.31
2018,12038,0.69,0.76,0.7,45.31,79.34,69.07
2024,212378,0.02,0.61,0.22,83.85,37.2,77.3
2011,224120,0.92,0.76,0.56,5.0,33.17,29.76
2009,99478,0.01,0.68,0.54,13.07,69.71,48.96
2023,21597,0.27,0.45,0.65,66.46,79.79,82.42
2024,229646,0.09,0.63,0.67,73.52,28.98,73.89
2015,150493,0.56,0.19,0.61,27.03,48.03,59.93
2010,135676,0.65,0.54,0.22,5.0,54.82,41.22
2014,173073,0.76,0.36,0.63,17.98,36.32,52.42
2015,52045,0.64,0.31,0.51,37.68,74.81,63.91
2000,161044,0.5,0.3,0.5,5.0,40.91,15.62
2021,103723,0.84,0.56,0.73,53.84,49.34,76.63
2004,19168,0.66,0.29,0.41,5.0,87.02,39.27
2018,76502,0.57,0.93,0.2,45.99,63.92,64.85
2024,222865,0.13,0.44,0.28,78.61,39.06,74.25
2019,46123,0.11,0.44,0.2,63.17,82.56,76.71
2024,17190,0.07,0.92,0.12,87.71,97.44,76.61
2013,186024,0.83,0.42,0.59,5.0,40.52,45.9
2009,37313,0.83,0.86,0.71,5.0,72.83,42.79
2012,82784,0.89,0.2,0.86,5.0,56.37,56.94
2000,222214,0.38,0.29,0.22,5.0,39.64,15.7
2004,153728,0.07,0.55,0.67,5.0,58.74,30.3
2002,57514,0.19,0.09,0.89,5.0,79.16,40.11
2015,37534,0.18,0.29,0.2,34.31,89.27,68.7
2020,196466,0.92,0.01,0.16,43.01,42.99,65.66
2022,16253,0.77,0.48,0.19,75.01,86.16,74.23
2022,65079,0.56,0.46,0.56,56.32,68.59,79.71
2019,218852,0.95,0.73,0.08,34.19,42.16,55.86
2008,16445,0.82,0.37,0.64,5.0,84.94,49.63
2012,187678,0.04,0.7,0.03,15.52,56.2,47.6
2012,140380,0.23,0.04,0.38,23.2,58.46,52.89
2023,86663,0.42,0.68,0.68,80.79,56.6,82.02
2018,20787,0.75,0.29,0.09,46.98,77.71,78.89
2008,13010,0.15,0.5,0.45,6.19,83.86,45.48
2001,145103,0.94,0.78,0.2,5.0,42.58,21.88
2016,149782,0.42,0.57,0.63,44.33,49.89,61.49
2019,197957,0.91,0.54,0.86,35.87,29.46,62.81
2024,98295,0.75,0.04,0.62,74.03,58.31,85.88
2019,153188,0.75,0.07,0.92,42.96,44.12,71.18
2014,233371,0.46,0.11,0.41,25.59,24.24,51.49
2006,71845,0.42,0.74,0.26,5.0,67.42,36.96
2004,130372,0.55,0.97,0.41,5.0,56.23,16.03
2009,14949,0.09,0.05,0.99,12.85,87.36,48.21
2017,16172,0.47,0.15,0.14,48.91,84.62,78.3
2016,113535,0.43,0.11,0.17,37.95,64.18,67.84
2015,205382,0.92,0.06,0.79,19.96,30.87,58.62
2020,168170,0.06,0.22,0.51,56.0,53.98,64.73
2006,209239,0.26,0.07,0.37,5.0,7.47,32.18
2010,214553,0.38,0.29,0.59,5.0,30.41,39.22
2023,47330,0.6,0.99,0.3,75.85,85.13,73.77
2000,235108,0.78,0.06,0.19,5.0,31.06,14.32
2018,158752,0.37,0.65,0.37,36.12,46.58,58.56
2016,183268,0.83,0.88,0.93,31.55,36.91,55.49
2009,224072,0.89,0.93,0.41,5.0,35.45,20.37
2023,197934,0.21,0.51,0.0,74.33,52.79,75.29
2020,138252,0.11,0.33,0.85,64.33,47.22,74.43
2005,108597,0.16,0.39,0.03,5.0,71.99,25.74
2006,21334,0.2,0.99,0.76,5.0,77.62,22.09
2006,9486,0.94,0.92,0.08,5.0,93.29,30.42
2012,215263,0.32,0.93,0.24,11.83,35.56,20.66
2007,71531,0.93,0.31,0.14,5.0,70.04,37.57
2017,200004,0.09,0.08,0.15,45.83,40.76,69.13
2015,198995,0.22,0.66,0.86,24.62,34.63,42.98
2019,102974,0.35,0.35,0.89,63.12,55.61,77.15
2018,91478,0.35,0.87,0.59,45.2,66.21,63.89
2006,111205,0.84,0.21,0.25,5.0,62.85,34.33
2021,51340,0.47,0.03,0.5,54.41,76.27,85.14
2013,245275,0.57,0.39,0.49,16.79,33.36,51.42
2007,69189,0.7,0.57,0.58,5.0,65.74,36.49
2019,212897,0.62,0.81,0.06,40.0,39.56,60.83
2006,120254,0.22,0.08,0.39,5.0,53.89,40.56
2011,39107,0.45,0.48,0.5,16.26,76.32,52.17
2009,18439,0.75,0.55,0.05,5.0,85.98,40.06
2019,45052,0.72,0.06,0.51,53.59,74.19,76.96
2005,61682,0.68,0.92,0.24,5.0,73.37,33.7
2009,181590,0.15,0.38,0.46,5.0,53.93,45.3
2001,48969,0.71,0.4,0.03,5.0,71.11,33.56
2006,3227,0.44,0.61,0.44,5.0,86.71,42.29
2008,161037,0.96,0.66,0.14,5.0,46.28,36.83
2009,182185,0.62,0.71,0.53,5.0,41.14,32.06
2009,148999,0.5,0.93,0.68,5.0,48.22,29.48
2009,80660,0.32,0.98,0.37,5.02,75.38,26.28
2004,155185,0.81,0.12,0.59,5.0,41.27,42.6
2015,116265,0.5,0.46,0.57,32.44,54.99,51.87
2022,236545,0.67,0.61,0.86,50.72,24.84,56.87
2011,84236,0.19,0.29,0.95,19.19,62.09,62.71
2004,126892,0.05,0.77,0.38,5.0,51.65,22.5
2009,215819,0.96,0.84,0.23,5.0,36.19,32.3
2002,58832,0.6,0.36,0.42,5.0,68.14,37.86
2002,3777,0.69,0.13,0.32,5.0,91.13,44.42
2009,71460,0.55,0.53,0.31,5.0,78.64,39.56
2013,210493,0.54,0.36,0.7,11.69,28.38,43.08
2019,176166,0.19,0.67,0.74,51.73,39.08,58.4
2003,24715,0.74,0.6,0.76,5.0,76.33,27.35
2000,107448,0.23,0.65,0.5,5.0,63.92,19.31
2019,45096,0.56,0.66,0.13,52.24,81.23,72.12
2022,194179,0.62,0.09,0.88,65.13,34.1,75.86
2006,172723,0.49,0.78,0.37,5.0,5.63,24.74
2015,230997,0.68,0.28,0.55,23.56,25.53,55.19
2015,110702,0.18,0.58,0.88,29.28,64.12,62.13
2013,163942,0.39,0.39,0.36,18.58,54.68,50.15
2012,161183,0.76,0.21,0.22,5.0,44.96,51.4
2002,141716,0.14,0.8,0.21,5.0,53.6,18.8
2019,206399,0.91,0.81,0.4,37.63,33.5,58.81
2018,74073,0.6,0.27,0.6,40.15,64.72,77.97
2007,210959,0.39,0.98,0.9,5.0,32.65,30.0
2011,45422,0.83,0.41,0.71,5.0,64.51,54.51
2012,74505,0.6,0.89,0.66,5.0,67.91,32.77
2018,40910,0.61,0.28,0.65,42.78,68.65,71.19
2018,160860,0.95,0.89,0.14,33.61,46.56,51.94
2006,14782,0.48,0.27,0.49,5.0,88.33,40.85
2023,124784,0.69,0.27,0.3,69.88,7.42,74.05
2013,126730,0.65,0.08,0.58,5.0,50.3,64.77
2011,11057,0.78,0.79,0.89,20.52,82.78,55.89
2017,158967,0.22,0.79,0.82,45.41,56.68,50.75
2004,200140,0.77,0.11,0.22,5.0,39.7,25.83
2008,248633,0.42,0.45,0.81,5.0,16.66,32.41
2018,155537,0.77,0.96,0.03,40.02,52.51,57.69
2020,46426,0.59,0.16,0.83,55.96,68.59,82.36
2018,25167,0.35,0.21,0.16,55.62,88.39,70.76
2003,225876,0.69,0.22,0.5,5.0,24.17,31.58
2006,168089,0.41,0.76,0.32,5.0,44.56,28.51
2012,182350,0.65,0.44,0.56,5.0,43.78,38.33
2005,174945,0.15,0.32,0.25,5.0,36.56,28.83
2012,39206,0.83,0.43,0.03,8.01,74.37,59.2
2005,118518,0.01,0.59,0.65,5.0,62.16,28.52
2001,172024,0.42,0.25,0.24,5.0,56.33,17.2
2023,87970,0.66,0.67,0.0,66.54,71.14,66.81
2011,81553,0.11,0.32,0.99,19.39,60.4,62.45
2019,71037,0.82,0.04,0.33,43.34,69.79,75.06
2008,99597,0.84,0.67,0.35,5.0,62.03,39.43
2024,22295,0.89,0.79,0.03,70.96,89.56,83.3
2010,172507,0.92,0.33,0.19,5.0,46.6,48.9
2008,68991,0.18,0.23,0.3,6.33,77.36,45.83
2022,145380,0.37,0.62,0.04,68.76,60.69,71.8
2007,53214,0.95,0.43,0.65,5.0,66.58,46.36
2023,64715,0.99,0.05,0.69,68.09,68.97,81.81
2003,120569,0.4,0.22,0.1,5.0,59.43,29.32
2001,112781,0.22,0.62,0.63,5.0,63.61,17.05
2000,1620,0.14,0.49,0.67,5.0,99.34,23.72
2023,173960,0.18,0.19,0.74,80.74,45.92,77.57
2002,237485,0.39,0.28,1.0,5.0,18.25,17.16
2007,218360,0.07,0.35,0.55,5.0,29.66,31.29
2010,70685,0.29,0.27,0.93,5.0,69.47,47.78
2012,140549,0.77,0.18,0.94,18.0,41.98,49.53
2008,1265,0.32,0.32,0.22,5.45,90.6,47.83
2018,121470,0.86,0.71,0.94,40.15,38.59,56.08
2014,128876,0.31,0.27,0.79,36.66,52.04,57.64
2013,196300,0.25,0.87,0.39,16.84,40.73,33.63
2015,217312,0.19,0.97,0.6,24.91,39.93,46.41
2010,151032,0.25,0.15,0.26,5.74,49.62,52.51
2007,82446,0.76,0.79,0.58,5.0,65.83,35.19
2019,172083,0.84,0.02,0.13,44.49,44.93,65.07
2022,174218,0.9,0.06,0.27,52.1,42.71,78.19
2004,141343,0.65,0.59,0.57,5.0,55.39,28.56
2023,4774,0.17,0.5,0.02,86.67,99.16,82.89
2015,18501,0.81,0.47,0.63,28.34,77.68,69.3
2023,31892,0.57,0.7,0.52,72.03,78.2,79.76
2014,142770,0.04,0.44,0.32,40.07,59.46,41.95
2018,105583,0.38,0.72,0.13,42.82,61.67,65.46
2005,24930,0.78,0.67,0.0,5.0,81.82,32.78
2013,53466,0.67,0.45,0.16,19.51,77.93,62.5
2000,199187,0.28,0.44,0.47,5.0,7.44,10.04
2000,155107,0.26,0.75,0.17,5.0,54.27,8.5
2014,111721,0.82,0.46,0.69,16.68,49.98,63.52
2001,124058,0.54,0.46,0.36,5.0,19.54,8.97
2015,112727,0.93,0.97,0.8,24.21,44.91,52.66
2009,12589,0.87,0.41,0.26,5.0,87.3,55.3
2010,158405,0.61,0.85,0.48,5.0,41.31,35.17
2015,230660,0.21,0.17,0.34,39.26,36.03,47.42
2011,4573,0.88,0.59,0.97,5.0,74.98,54.65
2007,217244,0.89,0.69,0.59,5.0,26.57,19.64
2002,160545,0.81,0.74,0.4,5.0,43.9,16.2
2023,44216,0.52,0.38,0.45,81.4,73.94,82.68
2004,139464,0.08,0.26,0.55,5.0,56.25,25.34
2000,125037,0.63,0.0,0.02,5.0,58.5,21.66
2018,67425,0.71,0.88,0.33,48.73,69.87,61.31
2013,41187,0.29,0.23,0.35,28.51,83.81,56.46
2005,219842,0.74,0.96,0.37,5.0,35.14,25.48
2009,245484,0.46,0.31,0.48,5.0,19.64,36.15
2006,121123,0.5,0.17,0.7,5.0,51.67,41.92
2021,132468,0.75,0.5,0.05,61.1,62.88,80.2
2010,153679,0.98,0.68,0.94,5.0,45.12,36.82
2001,196564,0.99,0.89,0.49,5.0,31.09,14.07
2019,183807,0.02,0.73,0.93,56.51,44.91,62.65
2002,73764,0.46,0.86,0.81,5.0,66.53,16.31
2004,91906,0.2,0.99,0.69,5.0,68.2,22.69
2022,157044,0.13,0.18,0.96,66.3,49.34,74.56
2001,196824,0.03,0.23,0.95,5.0,35.4,25.39
2002,99221,0.58,0.57,0.3,5.0,67.66,25.99
2023,203792,0.42,0.8,0.28,68.27,34.43,68.27
2017,100570,0.77,0.51,0.33,37.66,57.18,69.36
2008,75478,0.63,0.69,0.26,5.0,63.5,37.27
2010,121947,0.64,0.9,0.06,5.0,62.07,41.9
2001,178302,0.86,0.19,0.61,5.0,43.18,29.28
2008,211974,0.27,0.78,0.52,5.0,39.13,27.04
2006,41203,0.64,0.35,0.95,5.0,76.37,36.27
2005,157935,0.3,0.66,0.21,5.0,63.28,21.94
2014,249289,0.5,0.89,0.06,15.78,31.86,45.67
2019,58073,0.88,0.28,0.13,33.74,76.02,78.31
2002,160311,0.1,0.59,0.24,5.0,59.25,14.54
2021,136493,0.11,0.78,0.23,63.81,62.87,66.04
2007,172434,0.6,0.2,0.58,5.0,38.76,33.63
2008,167590,0.12,0.57,0.47,5.0,48.15,37.94
2016,39416,0.18,0.76,0.3,53.85,80.7,60.59
2012,104611,0.82,0.38,0.21,10.67,58.48,46.14
2001,53364,0.25,0.93,0.24,5.0,86.37,11.66
2023,132298,0.15,0.02,0.08,81.52,64.59,90.12
2004,159508,0.96,0.8,0.75,5.0,32.46,26.96
2021,50674,0.9,0.88,0.62,61.43,64.81,67.56
2015,69683,0.18,0.04,0.73,45.9,65.4,69.9
2016,44802,0.61,0.82,0.94,35.19,76.65,63.09
2014,192374,0.4,0.07,0.35,31.1,40.79,51.49
2006,43088,0.2,0.27,0.17,5.0,78.65,40.7
2009,182989,0.33,0.36,0.41,5.0,31.01,34.12
2008,18124,0.58,0.45,0.2,5.0,88.98,49.03
2021,200636,0.77,0.65,0.6,54.83,31.74,68.83
2004,91425,0.16,0.49,0.97,5.0,13.03,36.49
2003,166063,0.02,0.42,0.64,5.0,49.68,33.08
2014,139529,0.33,0.07,0.34,26.79,60.15,55.53
2021,57792,0.36,0.18,0.61,57.03,68.25,84.13
2022,163853,0.57,0.47,0.61,60.74,46.97,70.96
2021,61633,0.39,0.28,0.99,69.3,68.76,76.52
2001,233177,0.86,0.15,0.9,5.0,18.71,16.39
2009,146058,0.12,0.14,0.54,5.85,49.38,48.07
2006,30034,0.36,0.47,0.37,5.0,77.03,37.32
2019,73570,0.02,0.87,0.93,61.2,60.89,73.47
2014,86831,0.52,0.38,0.34,16.79,68.14,63.19
2006,85091,0.42,0.04,0.34,5.0,68.88,48.51
2003,72961,0.14,0.87,0.66,5.0,75.34,21.6
2005,44451,0.71,0.14,0.11,5.0,72.65,47.15
2024,242333,0.06,0.38,0.78,75.11,28.91,80.03
2017,211184,0.09,0.77,0.59,39.47,35.81,51.58
2003,3060,0.33,0.32,0.95,5.0,83.39,39.22
2020,162490,0.6,0.89,0.35,57.18,47.17,69.27
2003,88238,0.19,0.16,0.88,5.0,65.59,44.47
2019,86251,0.1,0.95,0.67,62.98,65.96,58.12
2006,152575,0.22,0.99,0.45,5.0,56.34,18.75
2011,122244,0.18,0.6,0.19,10.94,70.28,46.7
2008,120966,0.76,0.65,0.81,5.0,62.91,30.57
2017,26150,0.85,0.16,0.59,39.32,74.8,72.54
2018,72225,0.17,0.43,0.5,56.61,75.06,76.91
2020,27332,0.09,0.87,0.62,63.26,85.9,67.05
2023,21513,0.81,0.91,0.35,57.44,84.44,82.94
2017,185767,0.81,0.03,0.97,33.22,31.21,59.79
2006,67587,0.33,0.21,0.7,5.0,80.91,34.73
2011,1111,0.73,0.81,0.43,10.7,77.44,43.62
2013,235818,0.49,0.68,0.12,27.99,32.61,40.07
2007,220048,0.53,0.61,0.12,5.0,34.97,25.68
2008,551,0.91,0.16,0.19,5.0,80.79,51.25
2000,84716,0.67,1.0,0.51,5.0,70.64,8.61
2001,196663,0.02,0.61,0.67,5.0,40.58,23.4
2013,14226,0.23,0.96,0.01,29.31,90.56,46.79
2015,164072,0.35,0.87,0.98,42.95,44.28,46.16
2024,206452,0.15,0.54,0.77,70.27,37.02,72.21
2007,200947,0.54,0.95,0.38,5.0,30.82,25.05
2006,148983,0.35,0.73,0.76,5.0,47.41,29.14
2018,234170,0.1,0.31,0.84,44.14,32.01,64.8
2010,37300,0.82,0.72,0.05,5.0,83.35,41.42
2012,117832,0.15,0.34,0.38,18.21,67.72,48.81
2023,197682,0.11,0.49,0.89,72.94,41.18,69.74
2019,12512,0.27,0.26,0.91,62.2,84.11,70.78
2003,125918,0.91,0.63,0.25,5.0,51.51,28.49
2014,141732,0.04,0.47,0.13,33.28,67.7,47.69
2005,241788,0.44,0.69,0.13,5.0,34.95,24.02
2008,244953,0.82,0.98,0.56,5.0,25.16,20.79
2013,74008,0.6,0.34,0.39,14.98,65.35,53.58
2001,23188,0.77,0.18,0.75,5.0,76.26,30.09
2007,204771,0.74,0.47,0.23,5.0,33.37,29.2
2017,243992,0.09,0.27,0.89,42.73,34.88,53.19
2016,157370,0.97,0.44,0.32,28.37,46.11,63.35
2013,142952,1.0,0.29,0.66,7.73,40.41,55.07
2012,233091,0.42,0.68,0.79,7.59,20.67,36.25
2023,177311,0.27,0.63,0.67,72.48,39.93,68.64
2007,11306,0.94,0.07,0.07,5.0,85.99,41.16
2002,131512,0.88,0.17,0.61,5.0,49.88,22.4
2006,219625,0.5,0.72,0.76,5.0,13.84,29.55
2007,177053,0.62,0.16,0.55,5.0,45.25,43.08
2001,178282,0.78,0.56,0.35,5.0,42.02,6.48
2012,131973,0.29,0.59,0.24,19.33,70.91,53.54
2000,56524,0.96,0.24,0.52,5.0,67.63,34.72
2015,222711,0.41,0.59,0.3,24.32,48.82,41.4
2009,123622,0.12,0.39,0.72,5.0,54.72,42.06
2018,76230,0.43,0.89,0.86,46.88,61.89,53.45
2014,158047,0.78,0.47,0.54,13.77,39.35,45.22
2012,190993,0.45,0.33,0.79,18.22,31.63,42.88
2004,10816,0.63,0.25,0.8,5.0,86.62,44.07
2013,64542,0.44,0.26,0.47,22.96,66.65,58.79
2000,173983,0.3,0.31,0.88,5.0,34.71,11.38
2006,230096,0.92,0.74,0.49,5.0,29.99,16.34
2017,77383,0.26,0.62,0.85,40.9,65.46,57.78
2017,207463,0.6,0.47,1.0,47.12,27.6,59.81
2010,96818,0.28,0.02,0.49,12.48,64.39,51.21
2020,26174,0.09,0.46,0.84,70.16,84.93,79.88
2019,165646,0.37,0.39,0.51,49.32,49.3,78.51
2007,240495,0.65,0.17,0.44,5.0,28.3,37.75
2013,174084,0.59,0.32,0.29,6.67,48.3,51.58
2018,54817,0.88,0.6,0.25,35.29,78.98,62.52
2003,106056,0.42,0.9,0.71,5.0,68.13,23.17
2005,201681,0.82,0.38,0.27,5.0,34.48,22.89
2008,74946,0.48,0.08,0.43,5.0,73.59,47.63
2004,15877,0.59,0.51,0.64,5.0,87.61,32.64
2021,38049,0.56,0.64,0.37,61.06,83.07,72.76
2003,99347,0.85,0.26,0.37,5.0,65.45,35.69
2009,97758,0.69,0.41,0.09,5.0,71.81,46.07
2023,214579,0.16,0.2,0.01,78.33,49.31,78.56
2024,203254,0.45,0.94,0.07,69.35,40.99,73.8
2002,126765,0.1,0.55,0.98,5.0,56.23,20.0
2004,163953,0.88,0.34,0.21,5.0,48.9,31.22
2004,59551,0.66,0.01,0.76,5.0,68.11,41.44
2008,167594,0.35,0.21,0.34,6.73,45.12,40.65
2024,207618,0.7,0.75,0.06,73.7,34.92,65.85
2021,37730,0.34,0.47,0.38,62.76,85.21,75.35
2011,1962,0.45,0.44,0.79,19.24,84.85,55.64
2003,62944,0.16,0.03,0.03,5.0,85.93,44.72
2006,204128,0.79,0.3,0.96,5.0,29.19,37.66
2016,239977,0.39,0.67,0.83,43.87,15.91,55.8
2015,27095,0.18,0.74,0.59,44.11,88.84,49.26
2023,151269,0.26,0.17,0.06,74.23,64.89,81.83
2008,59227,0.09,0.06,0.73,7.45,70.28,52.22
2021,234113,0.41,0.37,0.09,57.58,34.78,64.69
2002,242413,0.06,0.48,0.09,5.0,33.24,17.43
2021,167017,0.63,0.21,0.73,56.1,37.57,72.58
2010,243364,0.66,0.86,0.11,8.92,38.65,23.83
2023,220642,0.26,0.42,0.94,84.52,22.5,67.32
2004,102017,0.99,0.62,0.35,5.0,55.85,37.47
2016,26445,0.47,0.78,0.28,34.68,87.1,51.11
2021,151576,0.65,0.24,0.16,56.19,48.11,70.67
2019,229965,0.73,0.69,0.29,43.96,27.89,61.6
2010,63170,0.77,0.43,0.67,5.0,65.99,61.25
2008,70519,0.57,0.63,0.35,5.0,79.54,46.28
2019,135547,0.11,0.98,0.77,59.65,47.43,61.27
2019,56225,0.49,0.46,0.27,58.11,69.32,66.11
2011,91896,0.29,0.03,0.36,7.65,76.46,52.96
2011,209841,0.66,0.83,0.13,6.7,34.38,34.83
2005,87178,0.17,0.79,0.85,5.0,68.99,31.37
2001,151010,0.24,0.06,0.69,5.0,52.05,26.1
2009,167935,0.62,0.63,0.13,5.0,59.21,34.95
2005,219786,0.77,0.43,0.36,5.0,28.78,25.09
2008,233217,0.51,0.18,0.49,5.0,34.6,42.48
2004,111773,0.63,0.48,0.47,5.0,58.76,32.26
2011,237624,0.06,0.88,0.84,6.09,33.56,32.91
2008,102789,0.48,0.28,0.89,5.0,56.41,46.14
2021,78904,0.58,0.26,0.71,54.29,73.48,83.95
2012,154059,0.46,0.27,0.16,19.77,59.65,45.64
2009,147459,0.9,0.91,0.85,5.0,42.83,35.75
2005,213600,0.78,0.21,0.7,5.0,29.42,22.76
2010,129599,0.55,0.7,0.88,6.12,46.96,41.08
2019,246610,0.55,0.04,0.31,49.08,18.76,59.3
2024,248502,0.69,0.98,0.82,60.84,22.13,69.07
2001,54908,0.26,0.06,0.28,5.0,74.79,30.42
2014,93840,0.22,0.29,0.38,28.44,70.66,62.71
2021,47338,0.53,0.0,0.28,65.77,79.99,81.36
2004,19687,0.87,0.1,0.06,5.0,83.27,42.77
2003,13147,0.98,0.12,0.49,5.0,78.42,42.28
2003,229003,0.17,0.41,0.55,5.0,34.08,28.66
2021,117995,1.0,0.39,0.83,46.76,51.03,77.1
2015,172730,0.02,0.71,0.44,36.35,54.12,50.68
2009,227952,0.5,0.9,0.34,5.0,39.1,25.66
2001,90111,0.89,0.23,0.93,5.0,69.76,25.04
2020,139629,0.33,0.26,0.59,52.37,53.46,65.47
2004,118163,0.85,0.9,0.52,5.0,56.75,28.37
2004,80778,0.58,0.57,0.25,5.0,60.12,29.67
2023,233684,0.79,0.89,0.06,55.27,46.28,57.92
2024,217068,0.87,0.07,0.85,64.59,17.66,78.65
2005,171009,0.3,0.7,0.56,5.0,45.3,23.24
2007,56563,0.3,0.29,0.98,5.0,65.26,42.99
2014,115864,0.3,0.97,0.75,22.57,62.52,47.52
2016,188231,0.56,0.71,0.52,35.5,42.6,40.62
2000,213263,0.29,0.01,0.41,5.0,42.16,24.02
2001,60585,0.01,0.08,0.61,5.0,80.52,31.45
2012,127162,0.95,0.92,0.53,5.53,48.45,40.96
2004,136540,0.8,0.04,0.21,5.0,51.13,36.89
2023,114464,0.89,0.75,0.19,70.62,49.11,70.8
2009,240339,0.1,0.45,0.68,5.16,24.98,30.07
2002,10869,0.09,0.03,0.03,5.0,93.17,40.96
2006,45355,0.47,0.42,0.93,5.0,67.88,43.3
2001,20048,0.53,0.56,0.45,5.0,83.68,27.73
2021,235565,0.94,0.92,0.86,46.58,26.14,58.32
2000,16242,0.23,0.59,0.43,5.0,97.32,22.82
2008,238057,0.79,0.23,0.94,5.0,17.68,35.19
2024,230021,0.96,0.97,0.17,60.63,39.46,66.99
2012,247426,0.58,0.37,0.92,11.09,23.01,43.17
2024,145588,0.46,0.29,0.42,69.5,61.83,77.1
2010,138010,0.36,0.23,0.24,14.48,57.88,54.14
2012,6626,0.86,0.78,0.92,13.84,78.39,56.15
2010,219290,0.77,0.94,0.11,5.0,36.7,38.23
2021,32727,0.52,0.29,0.44,70.38,79.74,82.12
2010,206537,0.07,0.87,0.98,8.61,30.44,28.87
2000,222920,0.22,0.37,0.73,5.0,27.3,6.45
2024,132205,0.46,0.44,0.92,80.59,53.91,80.86
2004,29962,0.52,0.69,0.05,5.0,93.62,35.35
2002,213020,0.54,0.74,0.21,5.0,30.46,22.57
2019,64720,0.8,0.57,0.89,46.66,69.39,71.81
2002,8616,0.07,0.99,0.65,5.0,87.18,22.25
2023,63070,0.14,0.74,0.78,85.52,72.29,82.99
2007,58463,0.32,0.34,0.35,5.0,78.57,47.17
2013,125833,0.59,0.03,0.96,16.63,55.05,60.13
2007,15362,0.93,0.28,0.13,5.0,87.41,41.61
2015,1459,0.92,0.17,0.35,25.27,84.16,66.98
2000,208015,0.38,0.55,0.32,5.0,37.31,9.82
2006,132256,0.4,0.63,0.3,5.0,61.87,35.77
2017,29749,0.69,0.4,0.32,47.82,87.87,70.93
2009,198980,0.14,0.26,0.8,5.0,15.78,34.68
2001,247844,0.52,0.13,0.49,5.0,23.52,10.46
2022,61232,0.04,0.46,0.99,79.25,59.2,78.47
2002,58470,0.63,0.32,0.55,5.0,67.05,33.9
2012,45677,0.11,0.09,0.32,35.23,81.08,46.2
2014,239775,0.14,0.76,0.67,23.33,24.58,33.09
2018,68990,0.08,0.93,0.54,52.34,67.65,59.57
2002,78761,0.15,0.81,0.96,5.0,67.0,38.26
2015,182550,0.01,0.54,0.83,39.28,37.49,61.21
2021,245657,0.28,0.95,0.65,58.28,26.16,59.62
2015,154781,0.14,0.13,0.43,36.06,41.8,57.63
2020,186132,0.89,0.7,0.6,44.7,36.41,58.31
2008,216704,0.81,0.45,0.27,5.0,32.91,31.53
2024,72883,0.07,0.61,0.28,76.86,78.28,75.52
2006,245983,0.63,0.32,0.61,5.0,33.68,29.06
2018,236420,0.33,0.87,0.41,49.11,40.2,52.16
2009,135162,0.82,0.09,0.09,5.0,49.85,51.77
2022,79365,0.49,0.45,0.55,72.43,68.08,69.89
2006,218642,0.95,0.75,0.34,5.0,26.18,32.2
2024,196821,0.7,0.67,0.38,65.5,35.85,69.74
2020,47098,0.65,0.36,0.2,54.67,75.07,82.83
2015,77183,0.03,0.02,0.43,37.95,75.71,65.82
2007,115161,0.85,0.04,0.17,5.0,56.79,32.77
2017,33569,0.66,0.45,0.01,44.71,89.25,70.76
2007,125115,0.54,0.19,0.18,5.0,53.42,40.05
2017,176085,0.38,0.97,0.97,32.84,30.76,59.31
2015,50919,0.15,0.34,0.75,37.72,68.19,59.63
2001,118756,0.02,0.34,0.37,5.0,68.75,30.26
2024,235766,0.83,0.26,0.52,55.86,19.75,68.92
2011,231887,0.96,0.77,0.39,5.0,29.22,37.27
2005,123356,0.63,0.05,0.02,5.0,60.56,39.38
2017,166162,0.29,0.98,0.04,46.05,52.72,49.16
2024,81605,0.91,0.16,0.63,68.15,61.87,88.95
2023,40427,0.55,0.59,0.61,73.85,81.04,73.65
2018,18436,0.08,0.55,0.05,52.9,100.0,76.36
2007,142257,0.55,0.29,0.47,5.0,58.93,33.75
2017,73743,0.71,0.37,0.48,37.25,60.83,67.56
2006,29516,0.84,0.5,0.45,5.0,80.04,42.95
2018,102336,0.66,0.79,0.24,44.12,65.67,50.77
2008,34630,0.86,0.35,0.44,5.0,79.94,43.47
2003,34985,0.76,0.34,0.24,5.0,75.48,27.92
2011,244011,0.46,0.36,0.07,10.85,27.29,46.85
2003,237852,0.02,0.06,0.89,5.0,32.84,29.87
2023,72514,0.08,0.55,0.57,90.09,81.64,82.03
2001,87847,0.01,0.84,0.7,5.0,59.51,21.2
2018,185863,0.9,0.9,0.84,36.75,32.25,59.59
2024,163166,0.91,0.97,0.06,74.97,62.15,78.77
2005,181220,0.24,0.76,0.24,5.0,57.61,22.25
2019,140310,0.46,0.77,0.04,49.14,61.22,65.47
2006,220878,0.76,0.31,0.2,5.0,33.05,21.08
2009,222085,0.57,0.91,0.3,5.0,39.5,27.62
2015,54596,0.05,0.32,0.23,40.13,80.15,59.76
2005,142095,0.65,0.17,0.01,5.0,46.88,36.12
2018,158081,0.66,0.18,0.95,32.37,38.87,68.24
2013,17417,0.36,0.35,0.54,31.3,82.53,59.08
2015,177418,0.93,0.26,0.3,22.64,34.38,53.36
2019,224906,0.99,0.39,0.3,45.19,31.61,58.27
2010,228873,0.23,0.64,0.78,7.4,33.88,50.74
2006,202799,0.94,0.4,0.37,5.0,40.49,30.48
2009,242373,0.39,0.74,0.79,5.0,23.02,30.88
2022,196224,0.91,0.67,0.18,48.95,33.59,63.25
2002,236498,0.1,0.6,0.67,5.0,28.2,5.0
2022,242647,0.96,1.0,0.14,58.42,34.52,59.6
2018,49937,0.21,0.55,0.18,55.23,89.19,68.67
2023,66994,0.71,0.03,0.99,73.46,63.45,85.28
2013,57447,0.88,0.38,0.36,23.41,69.2,58.48
2012,33098,0.8,0.78,0.46,9.28,68.39,52.74
2011,228939,0.11,0.62,0.19,14.69,48.47,27.65
2013,11133,0.31,0.31,0.58,21.64,86.63,60.94
2005,96733,0.39,0.45,0.25,5.0,63.22,31.61
2016,202375,0.67,0.3,0.72,40.89,25.28,45.06
2002,148074,0.07,0.33,0.13,5.0,59.43,22.34
2007,243143,0.62,0.9,0.94,5.0,23.78,26.33
2020,222117,0.58,0.53,0.73,43.78,22.21,71.31
2001,139935,0.88,0.63,0.91,5.0,45.48,14.42
2007,237847,0.59,0.37,0.14,5.0,30.19,27.84
2024,168682,0.28,0.96,0.52,78.7,52.7,72.43
2002,139290,0.99,0.73,0.59,5.0,45.25,16.83
2020,97065,0.48,0.36,0.6,49.21,55.41,78.7
2013,219403,0.42,0.48,0.6,18.72,36.05,58.69
2018,81445,0.78,0.08,0.32,41.85,60.93,79.33
2008,214768,0.95,0.65,0.71,5.0,24.77,29.73
2015,35124,0.4,0.19,0.27,24.85,87.51,63.71
2022,96275,0.38,0.82,0.03,66.15,68.88,76.61
2011,16416,0.61,0.92,0.94,8.64,76.98,36.98
2021,68838,0.48,0.5,0.56,64.08,71.54,80.12
2003,122556,0.21,0.01,0.31,5.0,63.62,38.84
2013,177834,0.3,0.68,0.22,22.98,49.58,38.07
2024,19433,0.89,0.47,0.91,82.21,73.94,85.0
2010,144318,0.05,0.48,0.62,24.84,54.48,36.56
2015,52455,0.65,0.98,0.25,34.31,71.64,46.97
2022,182363,0.88,0.28,0.95,51.74,36.87,75.12
2019,73467,0.65,0.26,0.46,51.17,64.93,78.72
2018,216412,0.29,0.17,0.38,44.87,39.47,59.62
2002,32762,0.16,0.77,0.77,5.0,81.02,27.04
2013,108394,0.74,0.34,0.3,14.62,65.05,56.17
2001,189545,0.48,0.81,0.4,5.0,40.48,12.11
2004,238216,0.25,0.17,0.88,5.0,17.09,30.57
2013,30572,0.02,0.56,0.75,28.27,75.38,60.4
2008,45113,0.45,0.23,0.49,5.0,71.67,49.39
2011,244009,0.94,0.33,0.82,5.0,16.37,41.03
2004,228083,0.53,0.09,0.66,5.0,31.83,28.55
2002,107490,0.21,0.0,0.69,5.0,56.94,36.87
2000,97292,0.46,0.96,0.01,5.0,63.42,15.29
2011,168779,0.45,0.55,0.55,5.0,45.8,46.04
2008,75945,0.42,0.91,0.33,5.0,75.91,29.81
2024,140366,0.18,0.36,0.76,73.22,51.79,88.48
2009,136176,0.71,0.84,0.69,5.0,56.43,36.54
2012,61515,0.09,0.13,0.41,26.18,78.54,49.88
2005,158738,0.21,0.78,0.79,5.0,49.53,30.75
2012,17894,0.47,0.98,0.63,15.19,82.25,45.66
2009,236810,0.48,0.68,0.69,5.0,31.38,36.29
2015,230309,0.55,0.01,0.9,20.22,16.3,47.66
2022,120744,0.03,0.33,0.31,71.04,64.93,76.02
2024,40279,0.39,0.17,0.17,76.98,83.63,83.46
2003,229629,0.04,0.52,0.93,5.0,21.71,22.8
2017,94653,0.5,0.26,0.49,28.01,64.25,74.79
2007,230256,0.42,0.27,0.1,5.0,41.78,25.86
2013,146008,0.51,0.0,0.39,27.1,59.55,55.91
2001,2493,0.25,0.42,0.72,5.0,86.99,39.25
2012,224856,0.08,0.42,0.91,24.69,29.5,49.62
2013,52092,0.66,0.46,0.46,18.71,69.42,62.05
2001,116065,0.32,0.7,0.51,5.0,64.87,26.34
2014,234273,0.18,0.2,0.47,27.48,31.47,50.55
2016,45118,0.43,0.79,0.81,42.7,19.12,64.81
2023,221744,0.3,0.5,0.19,75.0,46.81,67.97
2021,221133,0.74,0.81,0.25,49.56,36.35,66.54
2000,246479,0.49,0.5,0.02,5.0,31.88,7.43
2010,92299,0.04,0.07,0.2,11.48,78.36,57.9
2016,29143,0.93,0.86,0.29,30.26,74.93,64.55
2023,123951,0.19,0.24,0.12,74.63,69.43,77.71
2002,145109,0.73,0.92,0.43,5.0,48.25,19.04
2002,75969,0.58,0.76,0.75,5.0,66.48,19.65
2001,97604,0.49,0.81,0.63,5.0,64.37,17.13
2012,32942,0.96,0.27,0.82,14.05,71.44,62.98
2005,16981,0.64,0.54,0.59,5.0,76.69,39.98
2024,186999,0.82,0.56,0.5,73.51,36.52,74.08
2018,112959,0.87,0.03,0.67,33.11,45.36,69.76
2017,103142,0.92,0.38,0.29,27.64,60.97,60.82
2018,197805,0.8,0.68,0.87,36.62,29.82,59.6
2018,109208,0.48,0.82,0.92,45.61,51.07,68.01
2020,43501,0.55,0.0,0.99,60.91,65.35,78.38
2007,221013,0.77,0.7,0.57,5.0,26.33,23.3
2004,32789,0.65,0.16,0.49,5.0,78.47,37.59
2008,53189,0.73,0.81,0.5,5.0,66.48,43.84
2015,23964,0.91,0.16,0.11,23.13,84.44,68.64
2021,139620,0.48,0.61,0.32,55.05,51.8,66.59
2012,71290,0.15,0.7,0.15,23.05,85.34,50.17
2011,201977,0.4,0.55,0.92,8.99,23.71,39.09
2019,156409,0.49,0.32,0.22,41.24,53.71,60.59
2010,43066,0.07,0.02,0.63,13.73,79.35,53.81
2013,232740,0.19,0.92,0.71,24.11,30.46,40.5
2008,244921,0.06,0.42,0.08,5.0,37.88,36.06
2009,191469,0.44,0.53,0.29,5.0,52.96,36.82
2016,159128,0.17,0.02,0.16,39.88,54.88,56.04
2011,117958,0.69,0.5,0.55,14.84,49.91,47.35
2001,133317,0.79,0.26,0.23,5.0,46.43,36.63
2018,114650,0.64,0.59,0.87,43.29,50.27,58.75
2003,211166,0.64,0.21,0.71,5.0,32.05,13.9
2015,1802,0.66,0.15,0.15,37.99,92.34,69.05
2020,127662,0.55,0.77,0.71,60.62,47.96,65.05
2018,131539,0.66,0.61,0.87,42.22,41.76,69.08
2016,197137,0.55,0.01,0.55,38.52,41.55,63.42
2006,5495,0.25,0.15,0.33,5.0,83.75,40.54
2020,69650,0.4,0.88,0.85,56.49,78.9,60.98
2005,249783,0.46,0.17,0.02,5.0,24.26,33.27
2004,193032,0.85,0.29,0.67,5.0,35.33,28.91
2016,220912,0.71,0.11,0.22,25.52,38.1,54.6
2012,225786,0.71,0.95,0.37,6.64,29.27,33.49
2022,217475,0.23,0.58,0.8,74.56,35.3,76.65
2018,217202,0.31,0.95,0.12,49.02,38.94,54.31
2011,147478,0.73,1.0,0.44,9.1,59.95,38.59
2007,102802,0.16,0.63,0.5,5.0,70.33,36.43
2016,132415,0.06,0.88,0.43,44.22,55.62,49.17
2002,17883,0.03,0.7,0.78,5.0,76.48,33.79
2015,90370,0.52,0.27,0.1,33.33,79.34,64.92
2019,3211,0.55,0.56,0.14,58.6,86.48,74.01
2007,172968,0.4,0.53,0.27,5.0,48.37,29.73
2013,234874,0.14,0.93,0.22,25.71,35.44,30.81
2007,88698,0.14,0.89,0.47,5.0,74.0,39.84
2023,221046,0.02,0.47,0.82,70.06,37.38,75.26
2018,220286,0.67,0.59,0.86,45.16,28.51,57.21
2000,31081,0.64,0.55,0.21,5.0,88.65,31.82
2022,192693,0.75,0.58,0.43,61.92,43.5,73.29
2024,117974,0.36,0.01,0.9,73.48,61.19,91.74
2006,154588,0.26,0.57,0.5,5.0,49.45,36.13
2009,235796,0.77,0.74,0.58,5.0,27.86,26.19
2010,212794,0.82,0.53,0.25,5.0,38.12,49.32
2019,180446,0.52,0.55,0.87,53.92,31.19,69.76
2008,226783,0.85,0.32,0.44,5.0,31.79,34.62
2011,137581,0.0,0.79,0.42,27.27,69.76,42.8
2005,7774,0.99,0.27,0.95,5.0,73.3,41.6
2022,202093,0.18,0.58,0.9,60.56,34.06,65.9
2011,27480,0.05,0.86,0.29,17.06,89.16,48.36
2004,50702,0.68,0.57,0.29,5.0,74.8,34.08
2015,156167,0.23,0.77,0.22,35.78,52.71,48.69
2008,229357,0.24,0.71,0.18,5.0,39.92,29.53
2011,114191,0.8,0.07,0.95,5.0,55.82,48.5
2000,17645,0.84,0.27,0.9,5.0,82.18,29.53
2022,183961,0.25,0.74,0.19,53.47,49.8,66.55
2017,161503,0.54,0.68,0.48,38.41,45.86,66.01
2021,190525,0.66,0.61,0.38,49.28,34.88,67.34
2010,206142,0.82,0.12,0.44,5.0,32.14,48.46
2003,60011,0.99,0.17,0.89,5.0,59.71,41.95
2012,91791,0.93,0.5,0.97,17.34,59.45,51.66
2016,42771,0.63,0.93,0.27,34.03,80.98,61.99
2022,137256,0.77,0.41,0.73,54.57,43.88,68.48
2012,249720,0.67,0.41,0.46,9.0,17.98,38.49
2021,92991,0.29,0.56,0.2,62.99,67.3,69.67
2018,212890,0.05,0.52,0.89,53.77,34.91,67.49
2014,14110,0.62,0.99,0.61,31.3,76.87,42.4
2016,36964,0.85,0.97,0.11,20.44,83.16,57.02
2017,189485,0.22,0.82,0.64,34.69,33.47,46.87
2005,61967,0.37,0.27,0.86,5.0,55.72,32.84
2015,31526,0.91,0.67,0.45,17.27,82.17,65.22
2010,190157,0.3,0.07,0.98,7.74,34.6,43.5
2021,184513,0.49,0.68,0.6,55.3,45.4,65.14
2008,217076,0.7,0.64,0.45,5.0,13.84,29.2
2020,178380,0.46,0.93,0.75,59.99,43.61,63.32
2001,161580,0.94,0.42,0.9,5.0,38.48,18.75
2020,137954,0.84,0.09,0.11,47.94,58.91,72.19
2017,22598,0.71,0.89,0.33,40.03,87.05,66.7
2019,37511,0.84,0.8,0.67,46.65,72.71,67.77
2005,36687,0.62,0.27,0.74,5.0,70.98,41.54
2017,141013,0.35,0.54,0.39,36.91,55.8,58.16
2012,87852,0.59,0.69,0.33,15.82,59.18,40.64
2015,137450,0.27,0.69,0.22,36.1,61.66,47.5
2022,178971,0.09,0.35,0.75,60.52,41.22,75.32
2013,203577,0.95,0.85,0.21,14.32,38.83,42.32
2007,164749,0.3,0.6,0.97,5.0,43.28,37.23
2014,117407,0.83,0.52,0.68,20.69,58.68,61.07
2002,22034,0.56,0.56,0.16,5.0,81.32,29.5
2003,234815,0.89,0.53,0.72,5.0,16.73,18.51
2015,191935,0.88,0.03,0.16,24.51,44.7,49.18
2013,49046,0.97,0.41,0.71,15.12,75.01,62.76
2000,109711,0.02,0.12,0.0,5.0,75.04,19.55
2012,84666,0.38,0.36,0.05,12.53,72.7,45.5
2005,159511,0.48,0.97,0.58,5.0,43.35,27.56
2020,107195,0.64,0.98,0.94,44.9,53.64,62.81
2000,92606,0.19,0.43,0.71,5.0,63.52,14.77
2006,8234,0.75,0.55,0.82,5.0,82.37,46.74
2008,122132,0.21,0.69,0.41,5.0,59.49,33.47
2023,182351,0.2,0.79,0.19,80.79,52.4,65.95
2007,96707,0.04,0.53,0.87,5.0,68.22,34.96
2001,66333,0.79,0.69,0.63,5.0,60.32,17.7
2004,73114,0.14,0.26,0.27,5.0,75.18,35.92
2006,2020,0.09,0.82,0.76,5.0,92.08,42.84
2001,225933,0.06,0.93,0.85,5.0,28.21,5.0
2005,63861,0.46,0.17,0.57,5.0,68.03,45.99
2004,9471,0.01,0.6,0.78,5.0,71.55,40.37
2009,216762,0.64,0.3,0.96,5.0,29.37,48.81
2020,94876,0.98,0.09,0.33,40.51,58.33,80.28
2001,244685,0.76,0.21,0.69,5.0,18.52,23.26
2015,20226,0.15,0.76,0.86,40.96,81.85,56.68
2015,168543,0.57,0.46,0.15,23.2,51.14,58.52
2008,210449,0.24,0.62,0.8,5.0,31.58,25.63
2014,178422,0.43,0.2,0.45,21.8,43.29,55.76
2009,179902,0.26,0.25,0.45,5.0,41.37,40.9
2016,245723,0.39,0.04,0.74,33.75,19.84,61.84
2011,230567,0.28,0.93,0.62,16.14,28.74,34.23
2001,92810,0.62,0.38,0.38,5.0,60.63,18.82
2004,231682,0.91,0.09,0.54,5.0,25.2,34.41
2010,110165,0.23,0.61,0.6,16.73,49.3,44.39
2018,247495,0.99,0.88,0.54,31.79,5.0,42.99
2003,85445,0.91,0.18,0.83,5.0,62.04,36.03
2000,242532,0.87,0.78,0.07,5.0,37.35,9.53
2007,201836,0.6,0.18,0.8,5.0,29.13,28.42
2012,79827,0.6,0.73,0.2,19.13,67.9,50.09
2023,41995,0.09,0.19,0.36,76.13,85.08,84.53
2017,101575,0.78,0.3,0.09,35.15,57.46,70.57
2010,46678,0.13,0.9,0.5,19.93,81.08,50.73
2008,45241,0.34,0.68,0.99,5.0,67.62,42.12
2003,36650,0.69,0.13,0.6,5.0,69.46,40.02
2004,226701,0.14,0.49,0.17,5.0,39.73,26.71
2005,183595,0.16,0.18,0.54,5.0,42.68,21.29
2011,77866,0.17,0.09,0.04,15.53,80.45,48.03
2019,127518,0.72,0.91,0.86,51.82,41.52,56.43
2024,146526,0.33,0.95,0.55,79.94,59.85,70.84
2011,71646,0.78,0.98,0.16,8.71,71.85,41.66
2012,177824,0.57,0.02,0.56,5.0,47.58,46.59
2020,37512,0.55,0.27,0.51,54.01,87.25,80.82
2002,69348,0.23,0.75,0.33,5.0,72.0,16.24
2000,48052,0.02,0.51,0.44,5.0,81.59,19.07
2020,118801,0.47,0.16,0.7,51.88,56.29,68.58
2019,155958,0.28,0.11,0.73,50.86,41.67,72.72
2008,203436,0.85,0.17,0.17,5.0,39.51,32.42
2005,197615,0.71,0.68,0.58,5.0,30.75,28.09
2020,117123,0.97,0.59,0.98,46.3,46.88,72.27
2004,212419,0.59,0.18,0.41,5.0,37.04,37.05
2020,23973,0.64,0.66,0.7,64.44,80.14,67.7
2023,66244,0.86,0.95,0.22,64.61,71.1,75.98
2008,235184,0.88,0.72,0.74,5.0,23.49,17.73
2002,186090,0.79,0.09,0.56,5.0,41.35,22.33
2024,246814,0.06,0.29,0.34,74.43,31.66,70.37
2000,55807,0.39,0.39,0.78,5.0,61.22,33.07
2005,236302,0.35,0.45,0.9,5.0,28.08,27.02
2016,18500,0.86,0.51,0.51,35.87,84.39,62.3
2017,121660,0.35,0.08,0.52,39.83,59.98,67.7
2021,186026,0.78,0.48,0.38,57.1,42.78,67.22
2023,235332,0.05,0.74,0.63,70.47,35.1,67.6
2019,3536,0.12,0.68,0.52,58.42,87.62,73.77
2017,194209,0.93,0.1,0.75,22.25,27.45,51.77
2014,165662,0.75,0.58,0.01,26.25,48.93,48.5
2019,16341,0.54,0.14,0.38,61.22,82.94,75.98
2010,172461,0.22,0.47,0.06,5.55,51.25,36.93
2016,69933,0.22,0.7,0.23,45.08,78.6,69.73
2007,181426,0.71,0.17,0.47,5.0,34.39,28.95
2019,192888,0.92,0.64,0.81,45.34,31.45,59.62
2003,1027,0.4,0.73,0.13,5.0,96.7,33.8
2014,54315,0.33,0.32,0.38,30.92,68.54,43.36
2006,86861,0.65,0.41,0.95,5.0,58.35,40.45
2007,72693,0.6,0.28,0.15,5.0,69.34,35.8
2000,248588,0.42,0.19,0.01,5.0,29.42,6.25
2009,100433,0.56,0.28,0.23,5.0,66.51,43.34
2004,237725,0.01,0.69,0.35,5.0,31.65,14.53
2013,31010,0.39,0.9,0.03,24.16,84.81,47.28
2022,20238,0.92,0.66,0.18,61.44,81.8,73.55
2013,29368,0.9,0.93,0.94,23.87,70.53,45.77
2012,106689,0.74,0.18,0.44,14.13,57.84,63.8
2007,139509,0.06,0.24,0.4,5.0,56.83,42.79
2014,34709,0.66,0.19,0.09,24.29,83.96,63.1
2000,208869,0.75,0.35,0.18,5.0,40.77,19.82
2017,4558,0.81,0.63,0.3,39.55,95.46,70.34
2024,89328,0.1,0.69,0.77,83.99,59.13,76.47
2013,168417,0.99,0.65,0.02,7.48,52.16,50.72
2004,32391,0.02,0.53,0.93,5.0,84.9,47.26
2024,100011,0.77,0.37,0.35,65.97,52.27,77.18
2012,155862,0.88,0.78,0.37,5.0,43.91,40.73
2024,242508,0.62,0.46,0.95,75.27,20.06,79.71
2015,222488,0.87,0.91,0.2,18.95,27.2,36.38
2005,173357,0.07,0.36,0.67,5.0,41.97,37.01
2024,242510,0.26,0.41,0.76,78.63,23.61,68.67
2005,10410,0.09,0.35,0.37,5.0,93.8,52.42
2000,233540,0.78,0.46,0.28,5.0,23.86,11.12
2013,191549,0.55,0.28,0.43,17.43,44.5,50.5
2024,241115,0.44,0.69,0.75,71.02,22.25,70.81
2020,175044,0.81,0.19,0.74,36.81,31.43,67.6
2023,46666,0.6,0.52,0.16,76.41,69.76,86.11
2021,206566,0.56,0.66,0.45,61.11,30.85,64.11
2018,173184,0.53,0.91,0.27,43.44,49.59,49.32
2017,102721,0.52,0.63,0.66,35.29,59.42,70.93
2018,117187,0.25,0.99,0.52,55.16,53.08,49.43
2015,35756,0.62,0.76,0.69,27.02,73.62,53.87
2022,146518,0.83,0.28,0.06,59.84,57.33,81.16
2016,142622,0.29,0.89,0.02,36.91,61.77,53.33
2020,23854,0.37,0.81,0.52,69.43,80.8,61.49
2003,18691,0.57,0.94,0.23,5.0,92.72,27.05
2018,53856,0.25,0.98,0.68,54.49,70.15,65.89
2001,107741,0.59,0.48,0.85,5.0,45.58,16.81
2024,155484,0.78,0.19,0.37,62.84,50.58,76.09
2000,134837,0.53,0.25,0.63,5.0,60.69,24.42
2023,10833,0.44,0.44,0.55,83.38,86.07,83.48
2024,201977,0.18,0.24,0.99,79.74,31.01,82.65
2017,83110,0.3,0.35,0.77,44.24,61.58,73.17
2002,186490,0.61,0.72,0.71,5.0,29.81,17.65
2018,74704,0.02,0.62,0.14,65.66,84.04,69.26
2022,32899,0.84,0.05,0.96,59.14,67.94,85.01
2005,145210,0.46,0.09,0.88,5.0,41.16,31.08
2006,158070,0.4,0.4,0.42,5.0,49.53,25.2
2005,193253,0.29,0.95,0.12,5.0,50.65,30.48
2022,110042,0.15,0.24,0.24,63.72,65.75,68.13
2017,47729,0.98,0.07,0.67,26.17,74.24,73.25
2004,192346,0.83,0.3,0.97,5.0,22.97,31.64
2022,156694,0.79,0.76,0.88,54.59,42.9,73.25
2023,161673,0.49,0.36,0.91,73.41,41.6,71.56
2013,132903,0.12,0.11,0.1,26.56,59.53,51.18
2009,201382,0.1,0.8,0.16,12.3,45.2,33.06
2006,227499,0.36,0.19,0.97,5.0,26.18,33.91
2021,142743,0.8,0.84,0.67,39.77,43.88,61.36
2004,186159,0.42,0.56,0.9,5.0,43.4,19.35
2012,14786,0.95,0.84,0.05,12.48,86.44,53.6
2019,233069,0.01,0.24,0.68,51.46,30.66,58.18
2003,13582,0.66,0.86,0.87,5.0,76.34,24.7
2001,83204,0.18,0.95,0.09,5.0,68.76,18.98
2004,150655,0.57,0.5,0.19,5.0,46.53,31.71
2017,21705,0.91,0.61,0.29,30.51,73.75,64.49
2020,158176,0.11,0.88,0.17,61.34,57.07,65.82
2010,248417,0.5,0.06,0.24,5.0,34.41,37.05
2023,115081,0.39,0.29,0.87,65.71,52.36,83.37
2024,129373,0.35,0.52,0.35,87.37,58.81,85.47
2002,184322,0.26,0.27,0.22,5.0,51.13,22.92
2019,17177,0.18,0.45,0.6,58.92,80.87,65.15
2010,79422,0.34,0.1,0.97,7.55,65.6,62.64
2005,209857,0.71,0.81,0.56,5.0,33.34,20.71
2012,132210,0.72,0.85,0.2,20.67,55.52,47.16
2001,86210,0.17,0.47,0.35,5.0,71.49,15.33
2016,94879,0.64,0.75,0.99,33.61,56.92,56.03
2022,65688,0.94,0.2,0.31,61.32,70.71,80.4
2010,171670,0.17,0.1,0.02,11.36,54.75,46.22
2001,209769,0.72,0.0,0.6,5.0,30.89,28.03
2001,80117,0.34,0.7,0.44,5.0,66.94,14.82
2015,84918,0.47,0.7,0.02,23.24,83.44,51.57
2024,106952,0.56,0.33,0.0,67.22,75.23,74.89
2013,78143,0.54,0.9,0.86,10.94,64.27,52.37
2001,223390,0.57,0.1,0.4,5.0,35.68,24.71
2000,123485,0.03,0.27,0.51,5.0,65.09,21.1
2022,24417,0.02,0.17,0.48,82.46,84.21,80.81
2016,155035,0.47,0.42,0.36,30.21,59.09,51.81
2001,9447,0.09,0.61,0.17,5.0,91.46,21.7
2005,58630,0.21,0.41,0.47,5.0,76.45,39.37
2013,74845,0.96,0.79,0.56,14.01,61.46,55.09
2013,195609,0.54,0.5,0.09,19.88,46.92,42.71
2021,34630,0.78,0.32,0.64,57.72,74.29,84.9
2023,28507,0.51,0.46,0.55,79.52,85.11,81.25
2015,176573,0.38,0.57,0.13,31.38,47.83,56.13
2015,143410,0.3,0.6,0.61,32.26,46.58,51.08
2005,182932,0.79,0.76,0.74,5.0,38.29,24.66
2024,175993,0.03,0.33,0.01,87.35,66.12,70.88
2003,162845,0.79,0.21,0.6,5.0,42.36,23.12
2024,38792,0.69,0.22,0.61,73.46,81.15,89.6
2003,228501,0.67,0.99,0.65,5.0,27.25,8.3
2011,173533,0.68,0.6,0.06,7.79,50.58,40.11
2012,129207,0.29,0.95,0.54,16.91,50.92,47.28
2024,200770,0.25,0.18,1.0,71.44,32.91,69.72
2021,14640,0.41,0.28,0.56,62.0,89.78,81.13
2002,243642,0.12,0.71,0.65,5.0,21.3,17.19
2021,195592,0.96,0.43,0.48,41.52,34.44,81.42
2024,215027,0.34,0.67,0.19,67.77,40.65,75.46
2016,125325,0.11,0.83,0.18,39.04,65.85,52.87
2009,41627,0.96,0.25,0.67,5.0,68.86,45.87
2014,11198,0.82,0.39,0.57,26.58,81.96,59.43
2001,13217,0.12,0.86,1.0,5.0,78.9,24.13
2015,57886,0.15,0.79,0.12,42.22,87.57,57.38
2011,125641,0.82,0.67,0.49,5.0,58.01,50.72
2007,157823,0.2,0.1,0.42,5.0,54.99,38.66
2011,172481,0.29,0.24,0.32,10.61,48.46,35.46
2017,204009,0.98,0.18,0.62,20.38,33.45,59.99
2013,79156,0.19,0.27,0.08,21.26,72.63,70.24
2003,239665,0.99,0.95,0.58,5.0,26.94,20.85
2004,163449,0.1,0.37,0.63,5.0,44.54,27.67
2010,83484,0.3,0.78,0.5,7.48,63.2,50.87
2013,200136,0.11,0.88,0.95,26.64,42.0,38.38
2024,103339,0.06,0.77,0.42,88.65,78.89,73.39
2008,116533,0.62,0.96,0.38,5.0,62.7,20.3
2007,83395,0.75,0.07,0.13,5.0,70.65,43.7
2000,21208,0.92,0.6,0.45,5.0,90.97,22.95
2023,21525,0.98,0.35,0.04,76.08,86.22,90.96
2006,233082,0.98,0.99,0.01,5.0,31.63,23.2
2021,39391,0.43,0.63,0.57,64.34,74.42,84.31
2021,20913,0.98,0.38,0.92,58.53,70.33,79.09
2019,153845,0.68,0.44,0.51,46.0,45.21,66.31
2020,111341,0.94,0.62,0.05,47.35,61.07,64.52
2002,229346,0.72,0.17,0.81,5.0,27.72,28.39
2011,78420,0.1,0.51,0.85,25.27,53.61,48.78
2010,128969,0.35,0.74,0.86,5.01,51.86,42.56
2019,203236,0.95,0.28,0.45,38.95,42.01,71.49
2000,157302,0.08,0.42,0.91,5.0,52.0,12.82
2007,234468,0.29,0.38,0.98,5.0,23.02,34.46
2009,239245,0.4,0.22,0.76,5.0,22.41,25.75
2017,128243,0.53,0.82,0.22,24.81,66.45,56.18
2003,33900,0.02,0.8,0.72,5.0,83.09,25.38
2021,140802,0.79,0.43,0.43,40.73,54.2,73.26
2018,153353,0.3,0.14,0.84,46.14,46.85,68.35
2016,206598,0.05,0.74,0.02,41.53,40.3,55.56
2003,89247,0.7,0.7,0.3,5.0,59.75,23.18
2014,88797,0.77,0.15,0.96,26.49,53.99,58.62
2004,127961,0.86,0.97,0.52,5.0,58.45,19.19
2000,40982,0.9,0.21,0.57,5.0,63.24,28.43
2003,147535,0.71,0.94,0.4,5.0,45.88,24.64
2006,106707,0.89,0.44,0.16,5.0,62.3,39.09
2002,66127,0.2,0.76,0.12,5.0,71.82,24.87
2003,161114,0.06,0.65,0.99,5.0,48.49,25.03
2003,147275,0.83,0.48,0.05,5.0,60.1,23.05
2008,159728,0.92,0.82,0.72,5.0,35.41,35.5
2007,28916,0.69,0.37,0.2,5.0,80.89,50.17
2001,3644,0.35,0.19,0.55,5.0,84.92,39.86
2010,57147,0.96,0.93,0.17,5.0,80.48,45.28
2016,132666,0.97,0.04,0.57,25.06,42.49,61.3
2023,143054,0.44,0.09,0.44,66.38,53.9,74.9
2000,181513,0.14,0.6,0.6,5.0,32.3,9.33
2016,188402,0.24,0.13,0.07,34.08,58.88,51.05
2001,141363,0.52,0.19,0.61,5.0,55.81,37.74
2016,128672,0.9,0.8,0.08,30.29,63.47,55.46
2020,155028,0.64,0.28,0.29,40.78,43.51,68.9
2019,201738,0.83,0.06,0.43,44.67,33.11,75.1
2002,55028,0.52,0.72,0.67,5.0,69.24,22.44
2017,47302,0.99,0.84,0.22,26.45,72.3,60.5
2016,197186,0.61,0.46,0.61,26.5,30.11,50.93
2009,189837,0.99,0.43,0.85,5.0,26.5,35.25
2004,116297,0.95,0.2,0.21,5.0,61.81,32.69
2018,192653,0.74,0.97,0.52,35.96,35.81,50.32
2010,42841,0.62,0.3,0.93,5.0,65.06,52.49
2017,211318,0.1,0.22,0.34,46.22,45.42,50.72
2021,25393,0.45,0.95,0.89,62.28,73.89,73.16
2024,206814,0.72,0.1,0.6,71.9,27.09,75.38
2000,207377,0.72,0.65,0.06,5.0,39.49,15.72
2008,202126,0.33,0.52,0.76,5.0,35.77,30.69
2019,2767,0.8,0.3,0.99,54.83,75.62,79.75
2015,25566,0.8,0.78,0.33,26.9,83.84,67.35
2009,22833,0.95,1.0,0.21,5.0,81.54,45.04
2003,152200,0.56,0.0,0.54,5.0,52.4,35.46
2014,209870,0.18,0.23,0.16,23.7,36.68,55.3
2003,78668,0.11,0.84,0.69,5.0,64.79,20.81
2022,150632,0.46,0.56,0.33,58.59,50.3,63.82
2000,138059,0.32,0.46,0.13,5.0,56.89,30.76
2006,188702,0.35,0.34,0.42,5.0,44.1,33.53
2014,57308,0.69,0.86,0.61,20.21,72.08,47.85
2022,80408,0.12,0.16,0.53,73.7,71.91,89.1
2021,125612,0.04,0.63,0.53,71.71,54.9,74.52
2019,35614,0.2,0.45,0.41,54.78,86.83,73.27
2018,84432,0.62,0.0,0.43,44.87,63.8,65.61
2013,202434,0.94,0.51,0.46,5.0,26.81,50.44
2019,30764,0.23,0.99,0.91,59.96,78.34,61.89
2013,205391,0.09,0.26,0.97,34.27,32.31,50.93
2024,111127,0.74,0.7,0.78,69.61,37.43,78.57
2002,113773,0.9,0.68,0.09,5.0,61.22,21.53
2002,56162,0.02,0.89,0.97,5.0,68.71,23.7
2016,95309,0.83,0.66,0.81,25.49,48.89,50.58
2022,61304,0.75,0.34,0.5,68.54,77.04,78.65
2024,218818,0.73,0.91,0.66,65.52,20.89,63.33
2010,93382,0.06,0.99,0.2,16.92,73.19,35.04
2003,238325,0.35,0.33,0.81,5.0,27.3,22.88
2022,91831,0.47,0.08,0.12,66.9,73.9,83.01
2013,31462,0.38,0.88,0.66,23.03,76.67,53.26
2006,57025,0.86,0.86,0.04,5.0,77.74,23.21
2002,144099,0.38,0.52,0.71,5.0,51.64,24.41
2019,202470,0.51,0.57,0.59,51.08,31.91,61.07
2010,46349,0.6,0.11,0.65,7.58,69.89,47.55
2007,7971,0.76,0.93,0.94,5.0,69.81,44.11
2017,141396,0.06,0.08,0.06,57.28,66.71,72.6
2019,49781,0.92,0.58,0.58,41.28,71.6,72.66
2023,80487,0.64,0.04,0.76,80.01,63.48,82.9
2022,57143,0.29,0.45,0.09,73.77,83.59,81.74
2005,116373,0.29,0.47,0.76,5.0,55.9,31.89
2013,194053,0.06,0.1,0.65,24.59,42.28,49.95
2017,20415,0.76,0.19,0.87,41.93,78.21,69.15
2019,179242,0.45,0.44,0.57,47.15,47.41,75.01
2004,69712,0.14,0.43,0.15,5.0,80.13,34.78
2006,200743,0.27,0.51,0.31,5.0,41.79,26.42
2022,59911,0.55,0.54,0.35,69.38,74.28,76.04
2000,145808,0.23,0.53,0.32,5.0,56.92,16.89
2009,165755,0.98,0.37,0.66,5.0,40.71,36.49
2019,93544,0.7,0.43,0.59,50.64,63.24,68.83
2020,245052,0.27,0.99,0.68,55.52,27.67,61.98
2015,230679,0.35,0.26,0.79,34.81,26.77,43.64
2001,189407,0.48,0.25,0.99,5.0,32.48,28.47
2017,143570,0.42,0.6,0.87,44.84,40.45,56.91
2023,97265,0.09,0.83,0.1,81.34,68.19,68.26
2013,206854,0.46,0.99,0.36,19.93,34.52,38.59
2018,182406,0.21,0.78,0.57,52.44,34.52,56.61
2023,47361,0.2,0.54,0.99,76.61,69.99,73.42
2024,90418,0.04,0.71,0.76,92.88,68.51,78.72
2018,7279,0.01,0.98,0.34,65.34,96.06,58.59
2014,247521,0.63,0.35,0.6,15.65,12.71,55.96
2019,142486,0.67,0.69,0.3,44.26,55.4,59.92
2002,57912,0.39,0.29,0.84,5.0,67.39,18.7
2005,4347,0.12,0.64,0.34,5.0,92.66,48.14
2017,166099,0.04,0.39,0.04,41.56,53.93,67.89
2017,109026,0.11,0.62,0.42,42.63,62.37,62.54
2007,192813,0.09,0.78,0.46,5.0,43.22,25.8
2018,9301,0.3,0.33,0.29,58.97,95.41,75.42
2004,18080,0.9,0.72,0.44,5.0,85.74,29.99
2021,90437,0.01,0.42,0.42,76.82,80.64,74.54
2011,163552,0.82,0.3,0.52,5.0,50.65,36.12
2002,97697,0.36,0.38,0.97,5.0,54.23,28.94
2017,90485,0.73,0.26,0.2,43.23,16.37,62.13
2021,132101,0.08,0.55,0.56,65.82,55.99,75.37
2020,186716,0.12,0.84,0.63,63.74,35.68,67.09
2015,116546,0.9,0.79,0.74,18.7,51.67,50.55
2008,81765,0.62,0.78,0.88,5.0,56.11,47.55
2014,174342,0.29,0.97,0.27,27.95,48.28,48.69
2000,204235,0.59,0.09,0.74,5.0,35.34,12.58
2015,36628,0.61,0.1,0.17,31.63,90.25,65.56
2018,185489,0.67,0.56,0.57,39.41,36.32,58.18
2017,125368,0.96,0.73,0.65,32.96,43.35,48.65
2015,60283,0.67,0.72,0.36,28.12,76.0,55.73
2021,218755,0.16,0.9,0.86,57.75,28.52,59.23
2024,158309,0.24,0.72,0.75,80.17,50.02,72.4
2016,9391,0.78,0.36,0.92,26.47,80.79,73.71
2017,15199,0.88,0.26,0.85,48.04,80.77,70.73
2004,101042,0.48,0.75,0.8,5.0,52.26,26.71
2019,194989,0.51,0.03,0.94,46.37,29.88,68.55
2024,28662,0.4,0.67,0.53,79.95,85.96,83.37
2010,186061,0.34,0.56,0.05,6.28,54.8,33.0
2022,149192,0.88,0.21,0.4,56.06,44.11,77.23
2011,74549,0.45,0.5,0.51,16.84,75.6,50.19
2024,240659,0.26,0.26,0.02,75.95,47.35,74.29
2011,224313,0.89,0.76,0.06,5.0,29.92,32.54
2021,235805,0.28,0.37,0.82,61.05,30.44,74.18
2006,9574,0.02,0.89,0.28,5.0,91.18,36.0
2013,210344,0.96,0.95,0.74,15.69,26.49,40.09
2002,142560,0.35,0.16,0.82,5.0,44.88,27.18
2009,248773,0.74,0.15,0.51,5.0,12.9,32.98
2011,105735,0.64,0.22,0.22,5.0,72.15,41.93
2013,220352,0.7,0.91,0.11,9.35,29.77,49.76
2021,248122,0.75,0.3,0.05,59.2,26.68,61.15
2011,3206,0.0,0.84,0.9,26.05,82.89,41.76
2015,102389,0.86,0.35,0.19,20.38,65.41,63.26
2008,223355,0.7,0.62,0.64,5.0,22.67,31.02
2016,178741,0.43,0.14,0.61,34.53,36.78,57.54
2021,58938,0.88,0.77,0.57,49.01,59.84,71.26
2011,84720,0.14,0.38,0.35,21.37,74.19,47.81
2009,242482,0.71,0.2,0.53,5.0,19.05,40.48
2006,93716,0.49,0.37,0.11,5.0,75.28,32.02
2023,111322,0.57,0.97,0.86,73.02,48.24,84.63
2007,91567,0.83,0.68,0.48,5.0,59.21,37.61
2019,147194,0.37,0.21,0.36,54.65,62.06,66.94
2010,154057,0.67,0.11,0.88,5.0,47.63,49.47
2011,6975,0.37,0.71,0.45,16.3,85.38,50.1
2000,83559,0.73,0.01,0.62,5.0,61.0,24.52
2004,241336,0.63,0.94,0.76,5.0,21.68,18.25
2010,117376,0.19,0.73,0.94,11.13,46.24,48.06
2003,64203,0.27,0.82,0.69,5.0,67.47,29.43
2021,106525,0.93,0.75,0.05,56.1,60.72,61.35
2014,209419,0.24,0.86,0.22,26.21,39.56,46.68
2012,111198,0.05,0.24,0.53,15.94,63.65,55.98
2010,157741,0.23,0.23,0.44,5.0,50.1,54.55
2021,174829,0.46,0.8,0.94,60.28,31.01,61.07
2009,212329,0.91,0.52,0.36,5.0,38.96,43.94
2015,46598,0.4,0.83,0.36,39.87,85.86,65.09
2000,35508,0.07,0.76,0.88,5.0,73.53,21.33
2000,86625,0.49,0.71,0.72,5.0,61.94,16.91
2001,197990,0.09,0.2,0.21,5.0,38.48,22.52
2023,248049,0.18,0.07,0.42,71.05,26.37,76.37
2021,113986,0.4,0.88,0.13,61.12,66.67,63.61
2010,53072,0.02,0.37,0.78,16.83,74.38,45.01
2011,158143,0.27,0.03,0.99,7.41,39.89,58.53
2004,242483,0.15,0.73,0.29,5.0,40.44,21.95
2021,40801,1.0,0.45,0.87,56.43,64.05,79.07
2024,113317,0.89,0.77,0.18,59.96,64.89,75.38
2011,233173,0.35,0.98,0.04,10.04,40.51,33.52
2006,221283,0.98,0.58,0.67,5.0,32.69,31.21
2003,185420,0.31,0.82,0.23,5.0,48.93,20.98
2007,4471,0.39,0.2,0.02,5.0,91.81,57.53
2008,94030,0.5,0.26,0.07,5.0,78.68,51.26
2011,204524,0.93,0.31,0.75,5.0,32.66,40.01
2008,243546,0.22,0.73,0.28,5.0,38.44,34.26
2022,214901,0.71,0.5,0.77,54.24,30.14,67.89
2012,240709,0.53,0.52,0.47,8.22,34.05,41.5
2014,39936,0.64,0.66,0.13,30.48,88.61,55.6
2018,228677,0.53,0.77,0.87,41.36,32.85,64.52
2019,176464,0.22,0.93,0.4,52.43,42.6,65.43
2023,139630,0.89,0.25,0.91,63.31,41.31,85.18
2002,206562,0.18,0.63,0.15,5.0,45.01,16.77
2017,78327,0.92,0.19,0.64,34.75,64.89,71.15
2017,234166,0.7,0.2,0.98,32.29,21.25,58.93
2022,83589,0.95,0.36,0.37,49.59,68.11,81.26
2020,33901,0.47,0.13,0.4,69.51,86.17,73.84
2021,202780,0.71,0.33,0.82,50.16,25.18,72.35
2017,164947,0.47,0.71,0.11,36.26,55.64,58.82
2020,142801,0.47,0.19,0.41,48.8,50.4,70.42
2014,8220,0.49,0.34,0.91,31.28,82.14,64.14
2004,128593,0.21,0.4,0.78,5.0,50.93,28.04
2001,52244,0.79,0.35,0.15,5.0,77.96,30.04
2009,123248,0.08,0.69,0.57,10.55,55.18,44.66
2001,149841,0.86,0.24,0.56,5.0,47.37,30.66
2008,74968,0.85,0.01,0.88,5.0,66.1,49.2
2021,20535,0.67,0.59,0.85,61.32,79.83,71.88
2008,207490,0.03,0.78,0.56,5.0,44.8,29.48
2013,154039,0.47,0.28,0.12,11.43,55.84,61.25
2013,233231,0.81,0.97,0.9,5.0,21.36,44.55
2020,164715,0.24,0.41,0.81,50.87,41.29,62.53
2018,172884,0.99,0.59,0.52,31.15,25.49,64.32
2016,166510,0.14,0.85,0.29,45.81,49.1,59.7
2006,196667,0.14,0.58,0.1,5.0,42.37,22.5
2016,175339,0.48,0.51,0.89,33.31,36.6,60.94
2016,217634,0.98,0.55,0.88,27.26,21.71,52.75
2014,173120,0.45,0.45,0.62,24.75,46.12,53.91
2000,138617,0.96,0.37,0.34,5.0,51.12,12.46
2001,95938,0.62,0.13,0.44,5.0,64.55,31.58
2013,120956,0.75,0.7,0.58,17.19,54.21,44.67
2022,237135,0.82,0.73,0.22,54.95,13.86,61.23
2005,199222,0.82,0.08,0.54,5.0,37.29,33.03
2012,133408,0.62,0.49,0.89,6.86,40.44,45.89
2006,44021,0.2,0.3,0.68,5.0,73.4,39.72
2001,84315,0.32,0.91,0.62,5.0,66.97,18.47
2009,120902,0.29,0.33,0.8,5.0,46.44,44.06
2022,120295,0.72,0.22,0.57,64.96,58.7,83.78
2001,73044,0.76,0.99,0.27,5.0,69.87,18.62
2020,33350,0.99,0.77,0.47,43.86,75.02,70.17
2017,45559,0.21,0.45,0.27,47.7,80.7,73.44
2013,62474,0.69,0.14,0.01,27.95,67.36,61.23
2001,17484,0.94,0.58,0.73,5.0,76.54,26.63
2022,171993,0.28,0.53,0.98,66.92,30.46,71.31
2021,244283,0.57,0.59,0.9,42.03,21.53,61.43
2007,42722,0.19,0.52,0.23,5.0,83.11,44.63
2020,67487,0.59,0.69,0.46,61.7,76.09,67.08
2019,95911,0.61,0.33,0.25,47.66,58.33,61.07
2014,3681,0.17,0.6,0.33,20.77,100.0,52.61
2020,5050,0.1,0.09,0.93,78.41,88.81,79.06
2012,121651,0.49,0.9,0.64,10.61,60.15,33.38
2018,97018,0.24,0.23,0.05,45.8,68.94,64.91
2014,107636,0.61,0.51,0.02,24.92,55.95,66.21
2014,200291,0.85,0.47,0.32,7.96,31.81,52.23
2024,85123,0.12,0.93,0.26,89.82,80.49,80.91
2022,53031,0.23,0.08,0.61,77.08,16.6,87.76
2001,17241,0.58,0.66,0.28,5.0,83.2,28.83
2021,103466,0.2,0.18,0.72,52.36,64.62,77.62
2024,91088,0.02,0.12,0.2,86.06,74.25,91.35
2021,147568,0.65,0.43,0.93,54.19,34.21,74.49
2019,192213,0.71,0.44,0.22,49.74,47.18,59.17
2011,103548,0.27,0.47,0.92,15.6,55.34,44.6
2020,145948,0.1,0.72,0.65,60.35,54.79,76.46
2003,183455,0.85,0.71,0.28,5.0,38.0,18.22
2018,21296,0.57,0.61,0.84,56.82,79.04,73.89
2002,27201,0.21,0.98,0.69,5.0,75.79,26.44
2015,212514,0.42,0.68,0.29,36.09,35.8,46.87
2018,129442,0.26,0.11,0.26,45.5,61.5,71.48
2018,140841,0.96,0.44,0.06,37.83,46.02,66.88
2019,92137,0.06,1.0,0.42,60.72,71.45,60.52
2023,148546,0.19,0.51,0.22,70.63,54.61,80.79
2020,228214,0.02,0.08,0.22,62.26,34.24,60.66
2003,74723,0.75,0.16,0.6,5.0,59.74,33.67
2017,46603,0.72,0.27,0.08,40.54,76.68,76.09
2017,24944,0.84,0.03,0.63,45.39,74.98,74.2
2013,127289,0.12,0.63,0.36,30.84,68.56,57.06
2023,139389,0.07,0.24,0.98,78.36,56.18,77.24
2008,186010,0.72,0.1,0.36,5.0,47.74,44.22
2017,119120,0.22,0.35,0.71,52.1,54.89,63.18
2004,112867,0.67,0.24,0.05,5.0,71.61,36.52
2020,134336,0.88,0.19,0.13,47.84,51.37,76.5
2006,91457,0.07,0.22,0.16,5.0,78.7,44.89
2022,157842,0.26,0.16,0.15,68.04,58.68,75.72
2003,155479,0.29,0.27,0.16,5.0,45.67,35.84
2019,31097,0.51,0.7,0.2,48.91,87.62,70.32
2012,102977,0.18,0.02,0.11,25.83,70.11,58.49
2024,210724,0.5,0.61,0.59,67.94,28.83,73.02
2012,221886,0.82,0.03,0.4,13.97,28.33,54.96
2011,39357,0.95,0.92,0.83,7.81,73.83,42.94
2001,237416,0.01,0.31,0.31,5.0,30.21,18.52
2010,150399,0.83,0.7,0.36,5.0,53.4,44.77
2020,132343,0.42,0.89,0.84,54.84,52.72,62.59
2012,81126,0.99,0.88,0.37,6.87,69.15,40.04
2013,167346,0.68,0.48,0.84,21.6,39.53,49.62
2018,26152,0.56,0.47,0.89,38.81,72.06,76.06
2014,200532,0.44,0.25,0.64,17.9,33.66,52.77
2015,24264,0.27,0.66,0.2,43.48,92.52,61.16
2019,219019,0.95,0.8,0.15,36.74,30.54,47.64
2001,185415,0.03,0.85,0.27,5.0,51.12,15.65
2014,2052,0.68,0.4,0.2,26.78,91.84,64.53
2002,73485,0.06,0.42,0.6,5.0,78.73,22.49
2006,27375,0.09,0.4,0.09,5.0,88.59,38.39
2001,516,1.0,0.52,0.74,5.0,86.66,36.3
2015,199868,0.32,0.59,0.7,25.31,40.44,53.52
2019,165039,0.41,0.11,0.81,51.3,48.55,73.29
2007,155589,0.66,0.57,0.34,5.0,52.51,33.26
2015,128037,0.36,0.27,0.2,28.49,61.6,56.96
2013,50738,0.81,0.12,0.54,19.01,72.13,58.23
2011,172572,0.9,0.61,0.68,5.0,48.37,45.33
2015,86533,0.19,0.04,0.45,39.33,60.94,72.89
2000,178670,0.15,0.9,0.21,5.0,50.79,14.89
2019,24180,0.02,0.66,0.31,66.44,95.74,63.84
2008,23995,0.72,0.44,0.53,5.0,77.65,42.97
2015,119212,0.75,0.25,0.52,26.4,66.56,55.84
2006,75751,0.15,0.68,0.34,5.0,76.38,36.4
2019,116252,0.71,0.27,0.98,53.51,51.43,68.92
2013,214996,0.16,0.88,0.01,24.22,39.26,31.1
2002,11781,0.43,0.73,0.92,5.0,70.55,37.82
2003,167360,0.66,0.85,0.5,5.0,43.57,13.87
2010,21238,0.23,0.86,0.87,16.08,82.37,43.58
2023,66287,0.28,0.6,0.8,70.99,68.26,71.6
2008,222720,0.6,0.87,0.41,5.0,41.11,23.19
2017,80987,0.49,0.07,0.67,39.77,77.49,68.71
2018,40203,0.91,0.54,0.46,34.7,75.47,70.08
2013,134343,0.95,0.9,0.01,14.38,51.04,55.23
2001,43301,0.13,0.17,0.68,5.0,69.19,28.95
2014,128214,0.69,0.87,0.42,24.26,58.67,48.8
2001,206611,0.45,0.78,0.45,5.0,38.61,7.41
2002,219114,0.35,0.06,0.63,5.0,32.08,32.27
2001,188519,0.29,0.21,0.44,5.0,42.46,16.39
2004,48945,0.4,0.44,0.32,5.0,81.38,38.13
2015,101707,0.56,0.98,0.57,33.25,63.74,52.34
2003,233652,0.58,0.07,0.98,5.0,19.76,17.61
2022,27395,0.59,0.14,0.96,57.94,64.06,87.52
2020,211715,0.37,0.14,0.46,53.38,40.92,63.65
2001,108438,0.2,0.45,0.36,5.0,65.66,24.32
2004,180532,0.68,0.13,0.2,5.0,47.94,27.41
2001,29939,0.73,0.16,0.3,5.0,85.74,27.53
2024,59152,0.47,0.38,0.32,78.38,73.45,83.76
2002,55196,0.48,0.94,0.08,5.0,83.84,28.4
2003,171510,0.67,0.53,0.63,5.0,40.31,25.99
2010,210007,0.43,0.25,0.68,7.6,35.09,44.65
2017,81687,0.57,0.12,0.42,39.25,65.92,59.73
2017,146748,0.27,0.39,0.64,45.51,46.26,58.72
2016,22748,0.57,0.98,0.34,41.77,89.87,53.14
2008,66311,0.82,0.25,0.96,5.0,60.91,43.26
2014,177167,0.42,0.38,0.7,23.21,43.31,56.73
2014,155485,0.64,0.02,0.07,22.38,53.36,54.08
2011,121542,0.73,0.53,0.57,7.3,53.91,48.56
2007,237823,0.09,0.11,0.85,5.0,23.28,34.78
2006,193634,0.52,0.91,0.32,5.0,35.18,29.87
2002,243082,0.85,0.42,0.18,5.0,36.17,22.3
2022,203456,0.19,0.69,0.79,70.11,34.04,72.5
2008,224977,0.12,0.34,0.11,5.0,39.04,38.96
2006,187992,0.68,0.79,0.31,5.0,48.45,31.37
2007,59495,0.41,0.55,0.96,5.0,67.09,43.55
2001,155123,0.71,0.4,0.21,5.0,53.43,22.8
2011,41262,0.09,0.36,0.89,19.93,77.52,54.19
2004,90269,0.04,0.44,0.5,5.0,76.17,35.13
2006,247171,0.44,0.22,0.85,5.0,20.48,25.97
2015,218017,0.6,0.78,0.16,28.11,37.72,42.34
2010,139363,0.53,0.71,0.59,12.28,53.44,39.35
2021,40513,0.95,0.14,0.93,60.71,69.2,81.84
2019,204478,0.87,0.92,0.42,38.88,38.93,57.86
2024,29703,0.53,0.54,0.46,72.19,16.62,84.56
2020,11223,0.16,0.82,0.82,71.97,88.45,71.36
2018,40456,0.72,0.17,0.67,53.29,74.66,80.73
2010,19105,0.34,0.8,0.22,22.6,95.71,49.85
2013,86296,0.15,0.45,0.28,34.56,70.04,55.5
2003,209523,0.77,0.2,0.8,5.0,23.25,33.62
2017,26004,0.12,0.89,0.45,60.65,78.28,58.19
2017,211173,0.73,0.36,0.62,35.75,31.64,55.31
2022,198593,0.89,0.01,0.03,55.84,47.51,81.84
2019,239831,0.89,0.64,0.86,32.48,18.36,56.91
2017,239137,0.63,0.14,0.08,36.53,31.67,56.21
2010,40345,0.9,0.24,0.67,5.0,77.54,52.78
2008,140166,0.71,0.76,0.1,5.0,61.03,32.76
2012,109157,0.91,0.02,0.17,8.16,68.38,61.01
2021,155413,0.59,0.43,0.46,50.38,49.05,69.31
2012,75736,0.39,0.77,0.51,19.84,61.11,49.83
2002,208191,0.16,0.09,0.88,5.0,32.97,32.58
2019,117287,0.63,0.7,0.73,50.04,56.47,61.55
2007,52451,0.33,0.49,0.75,9.84,75.74,39.22
2013,31721,0.76,0.1,0.64,20.18,70.62,57.69
2021,29081,0.27,0.37,0.9,71.15,81.03,78.89
2004,17932,0.64,0.03,0.44,5.0,81.79,38.07
2019,167268,0.14,0.9,0.22,45.67,60.92,58.55
2001,217181,0.77,0.28,0.16,5.0,39.13,15.45
2021,234845,0.49,0.94,0.6,57.08,29.94,57.59
2004,132860,0.48,0.51,0.97,5.0,46.65,32.27
2000,186599,0.74,0.67,0.71,5.0,46.35,14.78
2020,172565,0.68,0.0,0.38,53.41,46.06,72.67
2008,160855,0.89,0.73,0.54,5.0,44.26,32.0
2019,97876,0.9,0.95,0.42,37.09,55.46,60.44
2023,165751,0.99,0.99,0.22,57.17,49.08,72.73
2007,128567,0.28,0.24,0.35,5.0,50.81,48.73
2000,56645,0.19,0.03,0.77,5.0,71.13,27.93
2019,182140,0.31,0.8,0.55,51.75,46.56,60.74
2019,142710,0.43,0.79,0.3,48.23,52.86,61.54
2023,151525,0.12,0.99,0.43,82.99,57.55,69.33
2014,135994,0.59,0.14,0.86,32.23,53.04,63.25
2020,103157,0.39,0.62,0.74,56.82,52.82,65.86
2004,166258,0.59,0.64,0.83,5.0,40.61,22.58
2007,103875,0.58,0.4,0.65,5.0,60.34,39.3
2019,191809,0.93,0.1,0.49,33.4,38.3,61.81
2006,164636,0.55,0.14,0.77,5.0,34.28,37.12
2011,134496,0.09,0.52,0.89,5.0,37.2,41.74
2013,54657,0.3,0.93,0.49,17.56,82.38,49.52
2014,178096,0.02,0.67,0.11,37.8,55.4,47.71
2008,217610,0.82,0.33,0.92,5.0,19.23,38.01
2009,39492,0.34,0.97,0.57,5.0,75.28,42.09
2019,114691,0.22,0.33,0.91,53.55,48.49,75.1
2023,46726,0.51,0.02,0.91,68.46,65.49,87.45
2001,78202,0.18,0.31,0.54,5.0,75.11,28.89
2022,101031,0.64,0.69,0.71,67.09,66.83,67.94
2006,101830,0.71,0.29,0.3,5.0,62.49,42.22
2001,176159,0.39,0.84,0.13,5.0,50.7,8.63
2009,156621,0.98,0.22,0.89,5.0,36.48,40.11
2004,96893,0.33,0.82,0.14,5.0,61.14,36.26
2001,122404,0.95,0.96,0.24,5.0,74.53,10.69
2023,187580,0.41,0.54,0.17,66.62,47.0,75.4
2004,170799,0.27,0.69,0.98,5.0,40.58,24.76
2016,178290,0.28,0.41,0.72,40.39,33.79,57.08
2001,203745,0.71,0.27,0.07,5.0,41.37,24.19
2019,85446,0.37,0.86,0.02,66.66,77.82,55.93
2020,102665,0.55,0.55,0.31,55.6,72.52,68.59
2020,111345,0.69,0.44,0.65,48.71,64.87,75.67
2005,212447,0.67,0.06,0.96,5.0,28.35,38.27
2024,63898,0.74,0.83,0.44,68.78,63.19,84.12
2016,89086,0.24,0.49,0.11,47.35,70.78,57.57
2010,209917,0.95,0.69,0.23,5.0,40.31,33.15
2021,74810,0.27,0.7,0.75,54.41,62.43,69.7
2011,191798,0.82,0.63,0.2,5.0,36.76,48.58
2007,164434,0.74,0.33,0.17,5.0,55.01,31.49
2003,128168,0.39,0.73,0.1,5.0,63.94,25.74
2012,96733,0.24,0.16,0.83,24.53,60.91,58.62
2018,205530,0.94,0.25,0.12,30.51,33.39,64.51
2015,7972,0.6,0.79,0.98,26.93,86.14,68.33
2015,95648,0.98,0.04,0.13,14.27,68.3,65.44
2017,73794,0.75,0.99,0.29,45.25,69.58,66.49
2021,162404,0.79,0.68,0.13,42.99,49.9,68.91
2023,14832,0.86,0.62,0.09,60.65,87.07,81.22
2000,31907,0.52,0.03,0.95,5.0,71.51,29.8
2004,175930,0.9,0.17,0.52,5.0,31.68,30.04
2000,242355,0.76,0.15,0.1,5.0,26.09,18.17
2001,4227,0.75,0.12,0.71,5.0,85.08,31.54
2011,40419,0.5,0.97,0.3,16.23,90.63,45.09
2002,219568,0.38,0.91,0.36,5.0,43.12,15.05
2004,116979,0.2,0.47,0.57,5.0,68.78,28.62
2009,65984,0.67,0.33,0.65,5.0,67.53,42.97
2009,206013,0.11,0.19,0.2,6.67,44.4,42.69
2018,215049,0.32,0.35,0.67,39.92,34.84,67.12
2023,57884,0.77,0.64,0.06,54.95,75.44,79.34
2024,241024,0.44,0.11,0.7,70.75,25.16,80.79
2008,200072,0.83,0.73,0.46,5.0,32.96,28.65
2008,238076,0.63,0.36,0.19,5.0,35.8,39.8
2006,167534,0.37,0.04,0.91,5.0,38.14,36.81
2011,82864,0.02,0.6,0.36,16.1,75.54,55.5
2015,71707,0.37,0.11,0.53,30.03,68.14,68.23
2004,154944,0.33,0.89,0.68,5.0,45.49,23.14
2015,193088,0.43,0.11,0.45,32.16,43.84,71.37
2012,135098,0.43,0.55,0.67,13.06,47.63,47.83
2016,121465,0.6,0.63,0.12,24.59,62.27,65.7
2013,60359,0.07,0.88,0.15,29.41,77.65,54.78
2008,110933,0.7,0.68,0.62,5.0,49.91,41.5
2013,96900,0.45,0.94,0.76,14.35,60.09,42.81
2001,142657,0.23,0.66,0.15,5.0,70.41,22.45
2001,192569,0.52,0.92,0.93,5.0,34.0,8.26
2022,154669,0.48,0.51,0.61,61.68,38.82,74.42
2023,124916,0.57,0.92,0.12,65.44,68.41,68.84
2008,181164,0.05,0.89,0.24,5.0,47.33,37.53
2003,247094,0.25,0.83,0.86,5.0,19.73,10.82
2003,203615,0.19,0.27,0.15,5.0,49.5,30.15
2016,151814,0.85,0.5,0.23,33.27,55.35,61.77
2015,60578,0.54,0.25,0.14,34.15,83.76,62.36
2002,197198,0.69,0.27,0.35,5.0,35.42,21.45
2015,106854,0.68,0.83,0.23,36.82,58.3,52.21
2000,227063,0.16,0.8,0.8,5.0,33.65,5.0
2008,220142,0.06,0.35,0.09,5.0,40.02,41.64
2018,193976,0.34,0.57,0.14,41.54,47.02,62.97
2017,221589,0.76,0.03,0.22,40.36,33.74,63.98
2022,200866,0.31,0.63,0.76,66.73,36.98,65.54
2012,48617,0.04,0.37,0.2,26.23,80.94,57.74
2022,100975,0.56,0.36,0.98,70.23,49.51,78.93
2008,131066,0.45,0.8,0.15,5.0,63.73,28.5
2021,147874,0.32,0.46,0.0,56.11,62.05,70.66
2001,207706,0.37,0.17,0.0,5.0,50.11,21.23
2009,238584,0.85,0.49,0.52,5.0,24.99,30.93
2019,110452,0.4,0.03,0.35,54.92,67.25,75.2
2002,144590,0.23,0.38,0.52,5.0,55.99,22.8
2009,75978,0.58,0.47,0.41,5.0,70.7,39.67
2012,176803,0.06,0.52,0.58,20.72,48.87,49.05
2023,169143,0.48,0.18,0.07,71.52,53.67,77.57
2018,84778,0.27,0.31,0.87,52.08,61.47,71.05
2006,240617,0.12,0.79,0.05,5.0,36.2,19.68
2000,98525,0.42,0.81,0.6,5.0,70.96,6.61
2021,142568,0.57,0.43,0.19,56.64,53.66,75.61
2003,79062,0.66,0.8,0.69,5.0,68.19,20.74
2002,75234,0.87,0.14,0.82,5.0,57.26,28.43
2023,177370,0.24,0.71,0.59,71.67,40.85,65.51
2005,220603,0.56,0.43,0.34,5.0,41.57,26.24
2013,12869,0.13,0.56,0.37,32.93,80.33,54.06
2013,218408,0.6,0.55,0.19,14.16,37.21,41.32
2022,80502,0.76,0.13,0.44,56.77,63.97,77.57
2001,201344,0.66,0.41,0.36,5.0,28.47,17.06
2011,236222,0.34,0.57,0.54,5.0,31.07,41.19
2023,85174,0.05,0.16,0.46,75.63,76.64,79.16
2004,185016,0.51,0.82,0.49,5.0,40.62,25.96
2022,44221,0.42,0.9,0.4,65.67,83.95,68.82
2006,115755,0.54,0.81,0.05,5.0,67.68,33.18
2014,27355,0.28,0.01,0.23,40.33,85.94,69.06
2016,101729,0.79,0.56,0.74,34.28,50.6,61.03
2008,148177,0.47,0.8,0.62,5.0,49.4,39.13
2022,130479,0.68,0.22,0.58,66.62,44.44,80.24
2012,103441,0.8,0.97,0.48,9.03,59.47,43.5
2021,179412,0.14,0.93,0.84,62.99,40.46,54.0
2010,160705,0.41,0.19,0.22,9.04,55.1,43.1
2011,232741,0.63,0.1,0.48,8.53,21.57,46.53
2008,134037,0.43,0.16,0.05,5.0,51.34,35.31
2015,245040,0.89,0.81,0.82,22.56,20.6,42.46
2006,62337,0.69,0.88,0.96,5.0,65.32,28.99
2024,165863,0.67,0.6,0.75,65.98,39.36,68.84
2012,108257,0.33,0.1,0.67,22.31,56.84,52.06
2024,131638,0.94,0.2,0.59,70.76,55.99,87.81
2022,222948,0.17,0.9,0.12,72.62,43.13,66.08
2004,105505,0.86,0.18,0.9,5.0,59.38,32.13
2008,200985,0.23,0.85,0.54,5.0,32.21,29.0
2000,31924,0.36,0.8,0.22,5.0,90.49,19.57
2017,246118,0.65,0.41,0.96,28.66,21.53,47.32
2021,246325,0.58,0.38,0.2,52.44,24.32,76.11
2000,183282,0.45,0.76,0.46,5.0,40.09,10.23
2001,36443,0.03,0.22,0.14,5.0,91.98,38.47
2023,173038,0.52,0.02,0.58,75.98,42.51,82.02
2024,206842,0.15,0.91,0.71,79.0,40.79,66.38
2018,181736,0.3,0.22,0.54,48.61,48.5,58.47
2006,76155,0.13,0.67,0.61,5.0,70.48,37.84
2007,210643,0.29,0.61,0.1,5.0,38.52,28.39
2016,22459,0.21,0.5,0.36,45.0,86.82,73.87
2003,29317,0.18,0.6,0.49,5.0,84.04,33.18
2000,81354,0.01,0.73,0.24,5.0,67.24,13.25
2009,211103,0.2,0.83,0.82,5.0,36.71,30.21
2022,135466,0.29,0.99,0.72,74.28,59.94,61.9
2013,134765,0.69,0.38,0.34,21.95,54.15,54.35
2003,48750,0.16,0.16,0.43,5.0,80.14,29.6
2016,157460,0.39,0.53,0.26,34.79,54.35,55.7
2023,78186,0.94,0.75,0.33,62.77,65.31,74.71
2019,245988,0.24,0.29,0.06,58.9,39.04,63.99
2013,188410,0.75,0.12,0.29,14.11,35.58,57.98
2023,141665,0.31,0.5,0.9,79.66,44.54,74.43
2007,37195,0.57,0.33,0.09,5.0,79.84,48.57
2020,68742,0.38,0.84,0.16,56.51,79.18,78.56
2016,221691,0.59,0.49,0.23,32.47,38.46,53.4
2005,102666,0.06,1.0,0.57,5.0,59.84,30.14
2015,139774,0.65,0.25,0.76,22.35,40.49,54.48
2024,73664,0.19,0.33,0.63,76.67,77.97,81.02
2018,221595,0.32,0.58,0.51,39.23,35.37,64.85
2013,153023,0.99,0.57,0.85,19.4,33.22,57.96
2022,200686,0.52,0.78,0.14,61.03,39.11,61.88
2001,29260,0.62,0.87,0.56,5.0,71.97,22.74
2023,68438,0.69,0.07,0.25,65.98,65.03,84.89
2024,12626,0.08,0.55,0.16,87.69,88.83,87.83
2009,197918,0.44,0.98,0.91,5.67,34.15,36.29
2004,63273,0.88,0.04,0.78,5.0,53.76,41.61
2007,235920,0.97,0.8,0.52,5.0,31.31,22.53
2012,176556,0.1,0.68,0.96,22.31,37.86,36.47
2020,158057,0.51,0.55,0.82,59.06,40.58,64.97
2002,160877,0.12,0.94,0.05,5.0,60.66,16.38
2022,237469,0.87,0.39,0.95,54.02,7.11,65.58
2019,7194,0.1,0.25,0.96,59.75,85.76,77.72
2009,70482,0.06,0.28,0.25,15.6,84.89,47.19
2009,168102,0.9,0.88,0.11,5.0,42.74,28.05
2024,113035,0.75,0.49,0.63,64.65,52.96,73.75
2004,227384,0.98,0.75,0.77,5.0,19.63,5.0
2021,33437,0.8,0.18,0.81,59.34,67.72,80.59
2003,23674,0.24,0.77,0.79,5.0,86.47,24.01
2001,41943,0.13,0.09,0.11,5.0,82.19,32.88
2002,34089,0.94,0.69,0.16,5.0,85.23,17.99
2015,157281,0.64,0.95,0.55,38.02,41.95,49.46
2007,199798,0.16,0.73,0.12,5.0,50.59,18.85
2001,11052,0.53,0.78,0.25,5.0,84.58,29.09
2000,58103,0.18,0.4,0.55,5.0,72.2,22.68
2017,110411,0.38,0.11,0.52,53.19,61.92,63.72
2016,171662,0.21,0.14,0.08,37.78,55.92,58.72
2014,129328,0.2,0.03,0.45,20.63,65.08,66.75
2002,14389,0.2,0.29,0.76,5.0,84.52,29.44
2019,234671,0.12,0.29,0.02,64.81,43.27,62.08
2022,10609,0.99,0.61,0.51,63.94,74.41,76.04
2009,145260,0.69,0.61,0.95,5.0,46.55,38.54
2003,28125,0.67,0.78,0.53,5.0,80.97,30.58
2023,4181,0.14,0.31,0.53,84.85,86.51,84.81
2013,56903,0.27,0.69,0.11,24.25,84.67,55.19
2004,107364,0.56,0.45,0.38,5.0,54.27,38.31
2008,145992,0.29,0.8,0.35,13.46,53.83,33.23
2004,197563,0.91,0.03,0.37,5.0,24.49,22.57
2007,30444,0.81,0.88,0.11,5.0,78.95,42.78
2007,30619,0.43,0.98,0.95,5.0,66.55,37.46
2019,214429,0.74,0.84,0.46,35.04,30.12,58.31
2018,179483,0.14,0.33,0.9,53.29,34.89,62.53
2000,159760,0.61,1.0,0.39,5.0,48.6,21.62
2018,106892,0.04,0.11,0.24,56.81,70.99,73.01
2018,109874,0.99,0.78,0.67,45.26,53.63,55.74
2015,178451,0.17,0.07,0.16,30.4,51.37,60.95
2012,60370,0.87,0.11,0.19,5.0,79.96,63.84
2012,241819,0.36,0.49,0.13,19.47,27.34,36.64
2003,195661,0.88,0.6,0.02,5.0,42.87,20.67
2001,122451,0.1,0.59,0.11,5.0,59.29,13.56
2015,60821,0.13,0.85,0.68,40.38,62.35,68.32
2017,174672,0.78,0.82,0.77,27.07,39.5,57.23
2020,87642,0.84,0.82,0.05,53.72,75.08,69.79
2019,99619,0.37,0.24,0.41,53.97,69.83,76.81
2008,529,0.25,0.76,0.32,12.18,96.44,49.25
2004,118689,0.41,0.59,0.51,5.0,53.24,33.06
2017,152801,0.91,0.68,0.53,27.95,44.7,50.72
2009,24401,0.1,0.45,0.82,8.95,78.83,51.24
2002,23002,0.89,0.01,0.88,5.0,74.8,38.24
2011,245285,0.05,0.99,0.46,19.96,31.45,29.16
2013,3173,0.11,0.43,0.91,35.99,85.72,60.18
2012,28654,0.8,0.88,0.79,16.26,69.78,49.33
2001,123002,0.25,0.01,0.64,5.0,63.01,22.17
2010,198623,0.1,0.6,0.79,5.0,36.24,34.34
2003,238895,0.24,0.52,0.71,5.0,29.39,20.36
2020,200539,0.82,0.81,0.98,44.19,28.09,62.4
2018,82990,0.66,0.29,0.95,43.67,55.16,72.03
2015,96804,0.1,0.6,0.79,25.98,67.58,57.64
2012,138259,0.96,0.0,0.86,5.0,40.67,49.4
2024,93462,0.17,0.06,0.21,81.93,78.47,96.23
2010,184320,0.93,0.85,0.91,5.0,34.83,45.52
2016,100505,0.69,0.5,0.14,29.46,64.12,67.41
2023,243705,0.97,0.92,0.45,43.03,20.19,63.36
2013,12155,0.16,0.07,0.38,31.37,86.17,62.82
2022,130690,0.87,0.49,0.23,58.87,60.31,67.57
2013,207614,0.03,0.97,0.61,27.53,39.65,41.73
2010,186820,0.79,0.88,0.33,5.0,46.65,36.72
2019,135161,0.47,0.53,0.01,52.64,63.24,67.12
2009,51886,0.62,0.79,0.65,5.0,68.79,35.6
2014,214191,0.31,0.9,0.54,36.09,30.1,42.65
2016,144187,0.0,0.09,0.84,49.61,57.06,64.43
2004,74543,0.34,0.38,0.34,5.0,75.01,36.61
2008,62982,0.5,0.53,0.45,5.0,70.45,40.3
2023,65465,0.48,0.76,0.67,69.34,71.4,69.57
2013,184852,0.06,0.17,0.51,29.77,53.01,53.94
2024,53443,0.85,0.11,0.48,75.27,67.34,87.48
2006,188106,0.38,0.3,0.28,5.0,48.46,30.26
2024,188110,0.02,0.59,0.4,82.32,52.3,67.33
2015,30861,0.13,0.34,0.17,36.98,83.81,68.87
2002,154327,0.51,0.01,0.99,5.0,32.07,21.11
2003,90652,0.6,0.99,0.55,5.0,54.83,21.08
2000,162186,0.59,0.16,0.85,5.0,35.38,22.81
2004,64330,0.48,0.9,0.69,5.0,62.49,26.71
2017,241335,0.95,0.92,0.84,18.7,15.02,45.64
2002,134389,0.07,0.32,0.69,5.0,55.61,25.03
2015,209376,0.79,0.36,0.85,23.51,23.8,54.32
2001,150381,0.21,0.58,0.76,5.0,47.72,21.15
2021,94515,0.39,0.11,0.19,66.23,80.34,75.85
2011,181210,0.6,0.24,0.73,7.35,36.13,42.81
2004,115592,0.9,0.06,0.22,5.0,60.31,46.71
2022,7142,0.12,0.25,0.39,74.42,100.0,76.27
2016,163306,0.64,0.83,0.34,31.64,45.54,55.78
2015,80867,0.43,0.14,0.36,33.93,78.79,69.39
2019,57562,1.0,0.76,0.86,38.95,61.26,72.94
2006,32081,0.94,0.5,0.58,5.0,80.07,36.42
2023,43981,0.63,0.58,0.35,64.09,79.66,79.99
2017,185242,0.98,0.25,0.07,31.62,42.3,58.31
2019,98315,0.1,0.34,0.23,62.41,67.69,75.24
2004,66301,0.91,0.59,0.4,5.0,62.88,30.19
2015,116858,0.28,0.95,0.15,30.65,67.29,44.46
2023,226126,0.46,0.77,0.66,73.13,24.09,68.91
2006,30165,0.35,0.7,0.78,5.0,62.17,38.09
2009,221226,0.61,0.76,0.01,5.0,37.25,32.28
2020,196960,0.94,0.24,0.53,43.77,29.4,72.33
2004,238219,0.3,0.81,0.85,5.0,19.27,11.94
2013,80343,0.67,0.85,0.83,15.54,63.75,53.51
2022,174090,0.95,0.07,0.09,56.39,54.28,82.95
2020,32423,0.39,0.42,0.15,55.07,81.66,76.51
2024,63059,0.9,0.98,0.23,76.65,85.16,81.21
2005,86939,0.34,0.72,0.9,5.0,55.42,37.44
2024,133382,0.5,0.52,0.66,86.94,48.85,83.92
2019,106682,0.12,0.82,0.35,52.15,65.79,65.8
2000,165082,0.99,0.33,0.48,5.0,32.48,17.41
2000,164786,0.92,0.66,0.21,5.0,51.86,13.52
2010,164363,0.82,0.88,0.97,5.0,40.02,31.83
2023,169310,0.3,0.89,0.48,72.64,45.2,59.81
2001,21054,0.9,0.16,0.14,5.0,83.13,36.01
2015,92384,0.07,0.23,0.23,37.45,77.74,60.25
2003,48013,0.66,0.8,0.21,5.0,76.15,34.89
2014,190166,0.84,0.04,0.85,10.87,29.59,58.29
2006,202375,0.15,0.61,0.2,5.0,51.85,29.42
2021,95958,0.35,0.55,0.73,64.68,60.05,77.2
2010,62938,0.29,0.05,0.42,8.33,71.17,53.01
2015,206714,0.74,0.38,0.33,19.3,39.06,49.27
2017,141995,0.9,0.61,0.86,21.66,44.14,59.55
2006,195404,0.34,0.14,0.11,5.0,43.74,36.91
2015,192774,0.49,0.36,0.07,27.5,46.66,55.24
2019,12891,0.65,0.68,0.52,52.27,79.85,78.15
2009,57366,0.2,0.35,0.98,5.0,65.36,51.96
2003,90753,0.05,0.88,0.99,5.0,65.89,21.18
2009,72417,0.78,0.09,0.16,5.0,66.33,51.61
2003,143881,0.44,0.44,0.97,5.0,40.52,28.33
2014,38460,0.77,0.06,0.75,16.71,66.72,69.41
2014,39018,0.39,0.74,0.4,28.52,86.19,57.82
2002,162786,0.05,0.53,0.94,5.0,39.76,16.52
2017,132148,0.86,0.56,0.17,24.05,51.89,66.68
2004,152797,0.92,1.0,0.66,5.0,41.32,9.58
2015,162838,0.69,0.81,0.17,32.63,50.3,47.59
2014,22186,0.42,0.85,0.16,19.83,91.38,46.83
2024,56756,0.16,0.58,0.51,87.41,77.08,82.4
2009,12925,0.43,0.06,0.7,5.0,86.32,60.94
2014,18327,0.17,0.04,0.83,41.51,74.82,62.28
2015,236619,0.94,0.44,0.77,22.96,14.42,45.19
2009,218953,0.73,0.62,0.54,5.0,25.46,29.9
2000,114463,0.07,0.25,0.27,5.0,77.1,21.0
2007,222061,0.99,0.04,0.93,5.0,29.46,34.98
2009,104753,0.08,0.57,0.94,7.85,50.95,34.57
2007,135427,0.84,0.68,0.99,5.0,39.48,36.3
2001,187278,0.08,0.83,0.63,5.0,41.77,16.57
2002,151311,0.55,0.78,0.46,5.0,57.78,18.75
2022,198707,0.07,0.12,0.45,73.31,40.9,76.97
2018,198627,0.64,0.59,0.78,40.36,36.95,61.21
2000,89023,0.16,0.88,0.66,5.0,71.3,11.67
2022,100896,0.86,0.4,0.93,57.97,51.34,79.01
2000,77080,0.58,0.32,0.3,5.0,74.39,23.84
2017,191894,0.76,0.49,0.9,36.96,34.27,55.66
2023,189662,0.44,0.42,0.51,66.24,38.96,81.39
2012,44765,0.21,0.59,0.93,25.62,75.56,63.11
2017,37920,0.27,0.83,0.24,51.43,92.26,59.9
2006,232066,0.03,0.01,0.66,5.0,29.08,33.79
2010,226672,0.73,0.46,0.08,5.0,38.3,40.46
2018,164252,0.5,0.39,0.3,43.05,49.37,59.07
2021,233536,0.97,0.07,0.1,47.1,26.76,63.69
2010,223941,0.67,0.57,0.86,5.0,26.04,32.94
2000,39803,0.06,0.16,0.65,5.0,74.11,31.06
2000,227085,0.1,0.95,0.46,5.0,31.4,5.8
2017,104677,0.51,0.82,0.75,37.79,59.96,46.27
2005,215212,0.34,0.62,0.93,5.0,26.19,22.0
2008,40339,0.5,0.19,0.29,5.0,84.39,50.74
2009,111519,0.0,0.19,0.8,14.71,53.95,39.52
2022,149574,0.87,0.54,0.29,49.58,52.25,70.67
2021,164643,0.46,0.09,0.76,47.35,43.43,83.15
2022,140858,0.8,0.96,0.59,56.4,57.42,73.47
2013,220783,0.69,0.97,0.57,13.35,34.0,34.76
2003,233197,0.4,0.33,0.51,5.0,29.74,22.2
2008,72264,0.51,0.67,0.87,5.0,59.27,39.49
2018,178555,0.96,0.9,0.91,29.31,34.42,56.63
2008,184960,0.25,0.66,0.79,5.0,45.13,30.95
2016,198930,0.22,0.76,0.01,36.97,42.78,43.8
2012,88805,0.46,0.17,0.56,22.36,69.95,60.74
2022,77057,0.26,0.72,0.35,71.13,61.92,75.04
2017,215265,0.16,0.26,0.48,47.61,40.69,59.4
2010,245286,0.14,0.01,0.29,5.0,35.08,29.0
2001,144650,0.73,0.0,0.86,5.0,18.93,25.8
2008,137119,0.07,0.82,0.33,5.0,52.37,34.12
2010,78287,0.61,0.14,0.64,8.83,58.49,52.02
2009,206756,0.5,0.8,0.13,5.0,43.8,28.75
2012,91021,0.15,0.79,0.36,26.89,56.0,50.55
2013,189927,0.9,0.76,0.41,5.0,37.12,43.95
2004,174965,0.14,0.92,0.13,5.0,51.56,20.33
2000,162187,0.74,0.06,0.25,5.0,44.9,22.97
2003,172633,0.36,0.01,0.33,5.0,47.54,27.15
2002,96574,0.22,0.21,0.37,5.0,69.36,26.56
2002,89520,0.6,0.89,0.43,5.0,64.72,12.95
2001,136581,0.64,0.26,0.9,5.0,53.48,14.09
2006,43706,0.31,0.51,0.1,5.0,84.61,41.51
2011,225751,0.67,0.3,0.16,5.0,32.35,38.72
2011,123136,0.36,0.91,0.71,14.35,64.74,43.37
2016,63639,0.55,0.63,0.21,41.04,80.52,62.75
2009,169925,0.35,0.65,0.27,7.84,52.13,34.18
2001,227601,0.64,0.85,0.88,5.0,23.19,11.84
