year,mileage,temp_scale,idle_scale,habit_scale,coolant_wellness,ignition_wellness,fuel_wellness
2018,4020,0.56,0.22,0.56,70.64,98.22,92.67
2003,51964,0.15,0.46,0.67,36.75,79.01,87.0
2009,33674,0.26,0.51,0.2,40.51,83.91,88.78
2010,99229,0.22,0.71,0.32,22.98,76.16,75.36
2024,188905,0.38,0.51,0.35,42.87,37.4,60.74
2006,98447,1.0,0.44,0.32,8.82,60.65,70.45
2021,185199,0.81,0.95,0.71,34.01,23.98,55.28
2018,246322,0.36,0.93,0.51,19.17,15.58,45.53
2023,227144,0.24,0.74,0.75,37.43,20.45,55.68
2011,112200,0.6,0.3,0.28,25.47,58.18,70.47
2010,75260,0.86,0.6,0.48,21.15,69.4,75.38
2007,246150,0.92,0.3,0.09,5.0,15.32,40.18
2017,46342,0.25,0.59,0.33,60.36,75.33,88.21
2022,57639,0.62,0.83,0.19,52.06,80.24,76.01
2023,197339,0.05,0.03,0.46,60.48,20.32,58.99
2014,7138,0.81,0.13,0.25,52.14,90.22,84.3
2005,52581,0.87,0.18,0.95,27.41,83.13,82.88
2002,132252,0.49,0.11,0.33,8.09,45.73,66.86
2018,122673,0.54,0.21,0.75,45.41,55.35,66.66
2013,84818,0.57,0.05,0.12,43.38,66.48,70.31
2013,50322,0.99,0.28,0.88,29.24,75.08,83.81
2011,122780,0.67,0.66,0.34,22.74,61.23,72.58
2009,127642,0.91,0.98,0.67,6.27,60.82,60.12
2002,35921,0.56,0.38,0.51,15.35,74.55,82.22
2008,214296,0.75,0.23,0.15,5.0,31.22,48.48
2000,39610,0.28,0.35,0.82,20.12,79.8,86.01
2024,133248,0.32,0.03,0.08,62.4,65.26,68.14
2018,248169,0.15,0.19,0.97,29.33,9.35,54.83
2016,137295,0.83,0.74,0.82,29.8,37.69,62.49
2006,45984,0.03,0.03,0.72,41.42,78.81,90.33
2005,49729,0.24,0.55,0.9,35.76,78.16,89.62
2018,70022,0.81,0.86,0.87,39.27,63.44,78.44
2007,149036,0.75,0.39,0.81,5.0,40.28,66.88
2012,128785,0.69,0.3,0.03,20.08,60.19,68.72
2006,16779,0.56,0.93,0.43,30.25,90.19,92.14
2017,17620,0.93,0.86,0.65,38.86,85.73,89.07
2007,209614,0.61,0.46,0.59,5.0,19.53,59.15
2012,62157,0.45,0.03,0.52,46.69,65.23,76.56
2019,203498,0.1,0.1,0.4,49.87,31.15,65.71
2022,65131,0.73,0.34,0.24,63.86,86.44,78.04
2023,146367,0.69,0.73,0.9,40.92,52.55,64.11
2021,148558,0.42,0.5,0.63,43.95,47.63,60.22
2001,193317,0.77,0.72,0.12,5.0,39.03,55.22
2017,123860,0.39,0.72,0.27,47.56,54.51,68.68
2003,5866,0.43,0.08,0.26,31.71,92.06,92.85
2003,46978,0.34,0.01,0.75,23.35,80.11,86.58
2010,116011,0.77,0.4,0.15,21.88,60.87,64.53
2007,235031,0.47,0.58,0.16,5.0,22.41,50.68
2012,249052,0.02,0.25,0.24,16.85,20.27,46.22
2021,117643,0.46,0.75,0.97,55.75,48.02,73.99
2012,46582,0.41,0.51,0.62,41.92,73.34,85.43
2016,15210,0.51,0.27,0.27,69.49,94.73,100.0
2020,136975,0.37,0.15,0.89,55.66,44.69,65.87
2021,60275,0.15,0.5,0.6,71.24,63.14,85.88
2003,66276,0.4,0.32,0.32,19.57,80.82,77.99
2005,226385,0.45,0.25,0.54,5.0,21.12,41.41
2004,62293,0.11,0.37,0.2,33.36,79.45,87.14
2002,223517,0.37,0.3,0.0,5.0,29.45,44.36
2010,62061,0.72,0.27,0.79,37.35,70.49,86.33
2012,81653,0.66,0.29,0.62,34.56,66.73,76.82
2005,118453,0.32,0.94,0.46,10.63,58.82,70.68
2010,166059,0.75,0.04,0.82,16.75,26.21,70.35
2024,164922,0.87,0.01,0.38,50.13,44.05,59.68
2010,20528,0.94,0.3,0.53,38.56,87.48,85.54
2021,38361,0.45,0.69,0.14,67.52,83.18,92.17
2017,119393,0.19,0.98,0.18,50.4,56.7,67.82
2011,241944,0.2,0.1,0.39,18.03,8.37,62.18
2021,145674,0.63,0.83,0.26,42.27,44.18,71.77
2016,92295,0.5,0.65,0.77,38.59,58.91,72.49
2002,123853,0.81,0.53,0.29,5.0,54.09,62.04
2009,134098,0.47,0.87,0.69,20.78,47.62,74.2
2002,125053,0.79,0.94,0.35,5.0,51.04,62.22
2010,39720,0.22,0.21,0.53,50.09,84.49,84.77
2015,159380,0.05,0.64,0.28,41.11,42.93,64.18
2008,160502,0.67,0.25,0.71,9.3,37.7,63.37
2016,189754,0.74,0.26,0.97,23.52,32.02,61.7
2018,116131,0.02,0.15,0.67,54.47,54.87,84.28
2015,133416,0.7,0.56,0.9,26.38,46.27,76.33
2024,215061,0.01,0.17,0.68,68.5,11.66,60.29
2021,173305,0.54,0.18,0.16,43.28,39.35,56.28
2002,105045,0.28,0.27,0.12,17.63,60.31,82.84
2001,29399,0.29,0.07,0.85,26.56,83.02,87.83
2008,7087,0.06,0.62,0.4,46.1,90.23,98.78
2004,27930,0.48,0.84,0.55,29.16,81.36,80.94
2021,220566,0.21,0.48,0.81,54.84,26.42,56.47
2003,159119,0.44,0.34,0.95,5.0,32.58,74.65
2002,181183,0.41,0.18,0.52,5.0,35.56,56.83
2019,115051,0.37,0.79,0.73,43.86,55.55,75.81
2009,99777,0.01,0.49,0.71,40.3,55.79,71.6
2004,32267,0.73,0.32,0.67,22.46,79.86,84.75
2011,31380,0.34,0.09,0.75,51.64,88.09,90.2
2019,112848,0.01,0.57,0.4,67.9,56.08,79.93
2015,163126,0.66,0.04,0.45,28.76,41.78,63.39
2013,91462,0.22,0.16,0.37,44.8,65.54,80.85
2021,90955,0.73,0.1,0.01,59.12,74.34,80.01
2006,103925,0.16,0.43,0.54,26.15,60.82,73.15
2001,170641,0.35,0.29,0.87,5.0,28.88,59.2
2001,196084,0.11,0.63,0.71,5.0,21.61,61.68
2007,219581,0.17,0.23,0.69,15.22,22.57,55.21
2016,47035,0.88,0.96,0.76,41.07,67.13,83.34
2021,5947,0.92,0.37,0.99,73.48,89.13,91.13
2011,205477,0.69,0.61,0.09,7.72,38.22,51.13
2004,223878,0.25,0.16,0.36,5.0,19.92,51.27
2003,225699,0.76,0.12,0.26,5.0,17.13,46.7
2007,101616,0.81,0.82,0.84,13.98,54.47,71.2
2009,132201,0.93,1.0,0.16,5.0,60.47,56.3
2008,14042,0.27,0.82,0.47,49.07,82.4,97.07
2022,14247,0.21,0.38,0.83,79.27,72.72,97.43
2017,70274,0.46,0.69,0.68,52.85,72.8,79.74
2007,100271,0.92,0.96,0.83,5.0,50.89,71.42
2000,228359,0.46,0.03,0.91,5.0,10.82,51.62
2004,245990,0.9,0.24,0.03,5.0,21.9,47.0
2023,213528,0.61,0.35,0.96,42.24,21.03,53.19
2023,108831,0.99,0.89,0.85,46.75,54.59,67.47
2012,71036,0.98,0.29,0.7,33.13,70.13,80.74
2005,179501,0.51,0.45,0.89,8.26,29.09,54.67
2004,246590,0.88,1.0,0.34,5.0,10.97,48.93
2002,242575,0.76,0.11,0.66,11.87,16.14,33.32
2015,146654,0.81,0.81,0.91,26.97,49.18,63.6
2023,47161,0.4,0.99,0.61,64.0,77.56,83.58
2008,210247,0.16,0.61,0.48,5.78,20.05,63.64
2022,77169,0.44,0.12,0.52,70.77,70.24,84.68
2009,66508,0.34,0.17,0.81,38.23,69.35,83.85
2011,32432,0.78,0.64,0.29,32.66,87.04,87.27
2001,179157,0.41,0.37,0.12,5.0,39.7,55.88
2003,242403,0.11,0.53,0.98,5.0,5.03,49.04
2002,1757,0.96,0.6,0.62,14.6,95.12,100.0
2013,32094,0.14,0.39,0.45,61.84,74.42,92.05
2020,154910,0.99,0.63,0.01,31.47,44.51,61.52
2007,177839,0.16,0.86,0.48,15.54,35.93,68.86
2010,23930,0.8,0.52,0.15,38.65,98.24,88.62
2008,39493,0.07,0.19,0.65,41.74,67.98,86.83
2024,112387,0.08,0.36,0.41,68.97,46.74,80.06
2013,23801,0.25,0.19,0.14,60.86,84.0,98.81
2002,13574,0.69,0.4,0.77,24.78,90.33,89.77
2024,52536,0.09,0.55,0.36,77.5,81.04,86.75
2015,81159,0.86,0.86,0.26,39.41,60.29,79.23
2006,181411,0.32,0.65,0.9,11.57,41.26,50.37
2022,37036,0.55,0.98,0.69,55.6,82.11,93.23
2021,6689,0.25,0.96,0.87,72.43,85.91,98.07
2021,167758,0.42,0.88,0.78,46.75,36.35,64.79
2009,30252,0.41,0.35,0.22,44.63,84.8,80.75
2022,55761,0.72,0.98,0.15,50.97,86.62,72.7
2021,115416,0.09,0.99,0.49,57.42,51.3,72.12
2008,193462,0.93,0.22,0.86,5.0,26.96,50.31
2004,60094,0.72,0.72,0.66,11.28,74.24,90.44
2007,120321,0.22,0.24,0.48,21.18,61.97,82.74
2015,58879,0.69,0.21,0.31,55.11,71.65,76.47
2021,165856,0.92,0.2,0.68,47.11,36.43,51.07
2002,218925,0.6,1.0,0.84,5.0,16.81,47.01
2018,36386,0.86,0.06,0.57,56.95,78.41,98.53
2016,30617,0.31,0.86,0.17,52.08,89.39,84.8
2020,82717,0.09,0.12,0.98,62.52,54.46,89.31
2004,188646,0.75,0.17,0.31,5.0,38.3,55.19
2005,111707,0.32,0.79,0.07,12.01,69.43,78.24
2007,236013,0.12,0.39,0.27,10.02,30.05,53.01
2002,214529,0.37,0.62,0.32,5.0,24.86,52.68
2008,194898,0.23,0.03,0.56,17.41,35.48,60.75
2021,82924,0.36,0.45,0.2,66.28,70.84,79.24
2005,117521,0.31,0.36,0.18,13.32,57.42,76.17
2013,207460,0.77,0.25,0.24,16.19,25.54,55.98
2017,66313,0.29,0.73,0.51,52.46,74.18,75.38
2002,121136,0.38,0.7,0.18,5.0,58.75,73.39
2002,215933,0.75,0.56,0.36,5.0,31.23,56.42
2009,33324,0.02,0.02,0.26,56.19,99.53,94.53
2004,223553,0.78,0.01,0.21,5.0,19.14,45.92
2002,46564,0.46,0.86,0.14,12.76,93.35,90.45
2011,13793,0.54,0.3,0.97,42.42,83.16,91.44
2000,110694,0.75,0.83,0.49,5.0,55.89,66.49
2007,83689,0.59,0.86,0.26,18.29,66.41,88.44
2017,149831,0.24,0.51,0.55,40.33,48.49,72.21
2002,104573,0.77,0.21,0.3,5.0,65.43,68.31
2019,56814,0.49,0.0,0.17,62.44,76.21,89.74
2014,63911,0.64,0.6,0.41,49.27,76.24,78.31
2019,9499,0.76,0.96,0.38,53.27,89.44,96.57
2019,227299,0.2,0.48,0.24,30.01,26.58,55.24
2012,103948,0.29,0.04,0.08,36.24,60.78,78.67
2002,101633,0.41,0.43,0.89,5.19,50.89,83.78
2003,111898,0.18,0.87,0.33,12.04,62.01,75.33
2009,153496,0.13,0.88,0.59,33.05,35.67,69.39
2000,187894,0.59,0.76,0.15,5.0,40.77,53.9
2005,166479,0.92,0.8,0.04,5.0,43.21,56.29
2022,75640,0.12,0.24,0.71,70.41,65.41,88.34
2018,85771,0.6,0.31,0.07,48.58,69.22,70.5
2022,43002,0.94,0.64,0.91,50.35,75.05,75.13
2017,36601,0.24,0.16,0.57,62.43,88.34,92.81
2017,242393,0.73,0.65,0.06,14.45,17.25,49.24
2013,7899,1.0,0.71,0.06,40.31,100.0,79.51
2024,103376,0.48,0.62,0.72,63.77,57.96,78.79
2012,14807,0.02,0.94,0.89,54.36,79.22,98.98
2012,91051,0.6,0.73,0.77,32.8,66.08,71.51
2009,44078,0.57,0.94,0.74,30.36,73.89,80.85
2024,157175,0.2,0.8,0.41,56.98,38.5,73.51
2014,48465,0.64,0.93,0.06,5.05,78.59,93.49
2017,143257,0.68,0.87,0.4,30.76,47.51,74.97
2016,124514,0.28,0.18,0.51,48.14,50.1,70.98
2019,207540,0.59,0.2,0.89,36.8,18.93,46.61
2016,163842,0.49,0.66,0.83,30.42,36.99,56.99
2013,37137,0.67,0.99,0.78,42.47,78.07,91.22
2013,210204,0.18,0.79,0.14,17.36,23.54,58.31
2012,189816,0.51,0.55,0.82,15.68,18.85,57.47
2024,91708,0.81,0.95,0.61,49.33,63.38,86.92
2000,242955,0.44,0.81,0.77,5.0,5.0,40.84
2017,116199,0.36,0.74,0.33,45.57,52.11,80.45
2000,106811,0.03,0.11,0.54,9.37,58.2,69.46
2012,195035,0.64,0.25,0.46,24.5,29.39,54.98
2019,212705,0.05,0.59,0.65,39.34,23.42,53.13
2017,228743,0.51,0.5,0.03,37.25,28.72,54.23
2004,156558,0.68,0.4,0.97,7.97,37.16,60.88
2018,155832,0.67,0.29,0.55,42.97,41.0,64.25
2023,136422,0.88,0.02,0.51,52.08,48.38,63.92
2022,136758,0.51,0.03,0.3,59.13,55.65,78.86
2012,136736,0.11,0.65,0.45,32.31,52.46,75.25
2020,157668,0.98,0.46,0.61,31.58,33.57,66.58
2002,194320,0.08,0.89,0.43,5.0,26.86,60.27
2023,54291,0.14,0.43,0.57,73.57,87.88,91.5
2023,73053,0.57,0.77,0.01,60.96,75.16,82.71
2009,214973,0.96,0.91,0.18,5.0,20.08,45.33
2024,32001,0.35,0.89,0.14,73.69,87.67,86.87
2015,236969,0.93,0.33,0.08,12.39,23.31,42.88
2004,182071,0.15,0.78,0.1,6.65,35.86,65.76
2015,47853,0.07,0.83,0.78,45.2,67.25,78.05
2022,50058,0.3,0.23,0.89,76.99,74.82,91.77
2002,208660,0.1,0.9,0.25,5.0,23.42,54.83
2020,71597,0.49,0.49,0.77,52.94,67.43,76.69
2004,209243,0.21,0.73,0.31,5.0,23.11,59.07
2018,88198,0.96,0.86,0.68,29.4,53.2,70.8
2016,84472,0.32,0.62,0.19,53.83,79.4,77.32
2003,99366,0.09,0.83,0.11,23.78,64.42,84.58
2008,190964,0.25,0.46,0.68,13.09,24.97,62.92
2007,227702,0.2,0.31,0.93,12.85,13.84,54.0
2013,176603,0.26,0.99,0.17,23.98,42.11,65.25
2024,73944,0.74,0.85,0.15,53.3,76.35,68.86
2000,75702,0.61,0.53,0.58,5.0,63.91,74.83
2016,237385,0.08,0.66,0.94,21.15,13.71,45.25
2014,195600,0.84,0.48,0.77,17.21,25.34,53.65
2024,189605,0.01,0.61,0.08,61.78,32.0,56.84
2008,84929,0.1,0.95,0.53,35.79,68.42,81.27
2012,233848,0.94,0.72,0.78,5.0,7.0,42.81
2007,171061,0.04,0.89,0.11,10.86,42.07,72.35
2013,214157,0.13,0.39,0.7,21.94,24.43,58.25
2018,156604,0.33,0.32,0.1,49.45,43.87,68.98
2018,165877,0.74,0.68,0.68,32.17,31.1,64.87
2002,111216,0.67,0.75,0.36,5.0,54.08,78.48
2021,209655,0.39,0.77,0.17,37.57,30.1,52.01
2014,157555,0.57,0.38,0.05,23.95,50.08,60.37
2024,241821,0.77,0.8,0.88,29.24,23.57,46.6
2013,241390,0.66,0.57,0.21,7.11,14.0,48.4
2011,246451,0.08,0.95,0.17,16.84,19.57,53.17
2011,31318,0.88,0.85,0.85,11.82,87.02,76.46
2007,242873,0.97,0.56,0.42,5.0,19.3,45.46
2009,77916,0.68,0.08,0.04,32.89,71.44,63.2
2005,184503,0.85,0.01,0.12,5.79,39.84,48.59
2024,27943,0.55,0.74,0.3,74.0,89.08,83.86
2022,137051,0.52,0.24,0.03,56.03,54.37,64.12
2000,82751,0.09,0.11,0.21,12.65,69.48,79.54
2022,219365,0.39,0.95,0.98,35.33,16.6,55.87
2001,101687,0.15,0.2,0.36,10.58,65.24,76.45
2021,99760,0.47,0.17,0.14,59.44,64.09,77.77
2006,125826,0.95,0.74,0.21,5.0,52.68,63.62
2022,31613,0.22,0.51,0.71,73.1,85.72,89.83
2024,54639,0.84,0.37,0.19,57.6,78.74,76.53
2001,112365,0.75,0.21,0.31,5.0,56.65,73.12
2020,124272,0.15,0.62,0.76,42.22,48.61,80.4
2013,50557,0.01,0.71,0.55,38.82,74.88,87.05
2005,73475,0.91,0.92,0.8,5.0,69.03,75.07
2020,119322,0.9,0.37,0.69,43.6,48.86,63.06
2005,6803,0.32,0.79,0.41,31.87,84.77,97.43
2020,181355,0.07,0.47,0.1,45.31,38.39,68.37
2012,62819,0.91,0.17,0.61,41.79,70.3,83.61
2017,49166,0.06,0.12,0.4,75.17,74.58,90.07
2007,526,0.67,0.32,0.96,37.67,82.78,97.63
2005,40382,0.6,0.62,0.34,29.21,82.36,84.33
2005,92508,0.47,0.43,0.3,15.35,65.78,70.14
2020,228628,0.14,0.9,0.36,36.57,20.38,46.49
2023,112698,0.44,0.77,0.44,56.8,56.29,62.36
2009,175343,0.38,0.38,0.95,20.58,29.35,59.07
2011,12384,0.84,0.91,0.6,40.64,95.31,87.39
2016,244388,0.42,0.76,0.95,21.67,17.21,43.11
2011,156510,0.97,0.07,0.95,8.6,31.95,60.04
2013,173318,0.64,0.75,0.43,7.95,37.44,67.96
2013,86056,0.18,0.55,0.86,51.74,55.77,76.75
2023,235287,0.12,0.1,0.98,54.9,14.23,52.42
2006,179768,0.21,0.99,0.34,5.0,17.91,62.96
2002,81463,0.57,0.48,0.21,14.7,71.29,75.54
2022,5230,0.59,0.1,0.57,76.77,83.78,90.74
2003,166182,0.68,0.8,0.66,5.0,34.14,61.62
2019,14743,0.14,0.47,0.17,83.38,98.46,100.0
2012,216005,0.7,0.66,0.42,5.0,24.83,52.68
2019,6069,0.61,0.87,0.43,63.06,90.26,81.15
2005,26660,0.58,0.93,0.57,22.95,82.41,86.14
2007,58836,0.77,0.55,0.63,25.57,72.22,67.93
2008,11646,0.81,0.45,0.59,27.47,96.53,84.42
2000,29098,0.4,0.85,0.05,5.0,82.28,98.98
2011,44879,0.97,0.93,0.42,24.74,85.93,82.67
2008,228354,0.2,0.21,0.07,9.76,22.36,45.25
2024,105968,0.94,0.21,0.13,71.29,58.45,71.14
2014,220722,0.09,0.16,0.11,40.48,29.19,50.39
2021,174233,0.66,0.84,0.98,42.92,29.39,62.38
2009,168197,0.52,0.2,0.9,17.21,33.09,61.78
2000,163814,0.57,0.32,0.93,5.0,41.08,66.8
2011,47844,0.97,0.71,0.19,27.17,80.08,79.29
2024,143196,0.34,0.25,0.28,61.9,55.72,66.84
2010,7661,0.7,0.86,0.43,27.11,84.7,89.47
2024,190635,0.41,0.66,0.3,48.79,34.65,49.74
2019,39119,0.8,0.45,0.76,58.24,75.28,82.74
2024,100573,0.52,0.65,0.79,64.68,57.92,71.92
2005,247399,0.05,0.22,0.63,7.58,15.32,63.2
2007,71022,0.11,0.33,0.55,34.8,71.62,90.42
2022,204196,0.87,0.98,0.2,26.56,30.84,44.32
2014,154748,0.23,0.89,0.67,31.5,40.76,64.0
2003,166152,0.61,0.73,0.32,5.0,39.97,66.45
2000,246364,0.88,0.44,0.4,5.0,11.83,45.07
2015,199254,0.73,0.09,0.33,24.55,25.7,50.67
2012,42785,0.35,0.98,0.48,44.58,75.85,93.59
2010,142184,0.44,0.67,0.58,10.56,45.19,65.99
2009,23964,0.01,0.92,0.44,48.96,75.67,95.35
2002,101531,0.2,0.14,0.21,21.9,72.34,77.14
2015,175284,0.04,0.62,0.74,43.54,41.28,64.0
2024,38774,1.0,0.48,0.13,75.75,75.04,87.17
2004,139124,0.82,0.84,0.59,5.0,42.85,62.66
2015,243667,0.26,0.91,0.28,13.76,8.88,46.42
2020,141102,0.05,0.85,0.98,50.94,39.51,62.41
2010,159882,0.3,0.05,0.38,22.31,41.82,63.01
2023,112054,0.28,0.05,0.77,69.38,49.36,81.43
2007,61275,0.77,0.54,0.21,20.63,74.68,82.36
2018,215021,0.41,0.97,0.36,17.39,28.96,48.53
2006,112548,0.84,0.89,0.95,5.0,51.62,75.25
2020,64648,0.78,0.57,0.05,53.1,75.7,85.01
2006,158618,0.19,0.52,0.39,17.05,46.4,67.21
2018,97641,0.64,0.43,0.31,40.45,70.0,66.59
2020,63781,0.39,0.04,0.68,69.51,77.42,76.15
2023,138514,0.61,0.19,0.37,57.73,48.86,64.28
2023,7249,0.71,0.32,0.81,78.75,87.04,80.63
2011,53719,0.18,0.48,0.61,47.86,65.84,90.71
2007,15577,0.19,0.24,0.88,38.63,82.6,93.98
2021,1308,0.68,0.29,0.19,78.04,96.22,95.48
2001,8274,0.66,0.69,0.72,21.67,91.45,94.46
2005,146915,0.68,0.96,0.44,5.0,41.32,69.24
2006,27104,0.26,0.89,0.07,29.26,89.67,91.5
2021,208383,0.38,0.23,1.0,9.44,16.73,48.18
2010,34949,0.06,0.43,0.94,39.8,76.06,90.48
2023,151310,0.45,0.62,0.31,52.05,47.51,63.98
2010,25793,0.23,0.52,0.44,56.97,96.27,94.16
2014,20720,0.41,0.23,0.34,55.43,95.78,89.55
2002,124995,0.97,0.85,0.89,5.0,48.35,57.92
2019,210935,0.08,0.81,0.48,30.9,15.5,66.81
2016,159323,0.35,0.77,0.69,28.22,38.88,61.27
2024,243751,1.0,0.65,0.94,37.38,13.59,42.16
2022,113828,0.12,0.91,0.5,58.84,52.65,81.81
2013,73697,0.65,0.79,0.43,30.76,69.68,77.57
2015,135503,0.42,0.75,0.05,30.3,55.01,69.4
2002,113411,0.35,0.06,0.37,7.71,45.74,68.58
2009,187610,0.69,0.34,0.29,5.56,33.8,54.57
2013,30729,0.77,0.63,0.89,32.55,80.15,84.63
2003,39809,0.83,0.56,0.15,10.47,74.98,85.17
2007,6837,0.0,0.22,0.82,43.57,87.71,100.0
2006,249703,0.56,0.25,0.6,5.0,22.48,42.58
2018,176738,0.15,0.34,0.73,32.47,32.47,63.26
2001,231413,0.16,0.62,0.37,5.0,14.66,58.89
2014,71209,0.23,0.82,0.04,52.1,68.5,84.54
2014,213236,0.07,0.36,0.19,28.79,23.3,59.32
2022,12393,0.59,0.34,0.92,70.5,90.49,96.73
2000,198750,0.46,0.22,0.46,5.0,28.79,56.58
2007,12139,0.97,0.45,0.51,28.33,100.0,89.26
2018,31959,0.55,0.31,0.87,57.13,76.91,88.44
2023,49955,0.38,0.8,0.17,68.16,86.84,81.48
2004,50489,0.62,0.47,0.12,15.85,79.39,89.47
2006,104453,0.07,0.1,0.81,27.89,60.26,72.4
2023,150759,0.07,0.77,0.23,55.91,47.1,65.64
2017,29488,0.3,0.61,0.04,58.19,92.99,82.53
2009,14274,0.9,0.8,0.74,22.93,87.52,87.24
2005,241303,0.82,0.31,0.29,5.0,22.29,47.2
2001,65364,0.41,0.4,0.79,15.97,63.38,78.76
2006,31932,0.66,0.24,0.83,32.73,79.51,82.01
2020,231526,0.05,0.56,0.27,44.49,15.78,54.64
2023,55713,0.32,0.4,0.12,69.89,74.96,84.53
2022,78365,0.85,0.95,0.75,44.89,63.51,65.51
2015,163804,0.66,0.57,0.31,21.11,34.64,62.13
2006,68385,0.52,0.03,0.68,25.94,72.3,75.36
2009,52713,0.97,0.51,0.54,22.91,80.55,78.97
2013,230628,0.67,0.07,0.46,12.26,15.49,38.17
2006,228605,0.6,0.1,0.38,5.0,5.06,44.93
2010,68937,0.83,0.98,0.98,28.38,67.98,76.62
2024,172415,0.32,0.72,0.82,53.75,30.08,61.26
2004,244663,0.84,0.02,0.06,5.0,18.58,42.99
2010,241875,0.32,0.32,0.66,14.82,14.71,38.97
2002,213891,0.64,0.85,0.89,5.0,15.91,60.33
2019,63443,0.34,0.52,0.11,53.31,75.93,84.92
2016,97661,0.88,0.3,0.03,35.94,66.7,76.13
2014,78049,0.68,0.43,0.74,39.61,71.17,71.44
2001,77960,0.87,0.27,0.59,5.0,68.18,76.95
2010,64817,0.58,0.37,0.67,38.74,73.65,77.68
2013,227127,0.2,0.14,0.71,19.65,15.18,54.62
2018,215025,0.27,0.47,0.28,36.56,26.32,51.31
2003,27288,0.66,0.12,0.48,10.3,85.97,90.57
2011,158305,0.36,0.12,0.21,19.6,46.77,59.96
2013,244344,0.64,0.32,0.34,5.58,19.18,49.35
2001,132775,0.11,0.34,0.84,15.39,44.05,78.75
2014,37120,0.66,0.72,0.42,30.94,81.01,88.12
2005,93718,0.46,0.75,0.69,13.91,64.18,79.15
2003,55241,0.46,0.89,0.03,19.05,81.14,81.3
2023,75416,0.48,0.57,0.5,58.43,60.31,81.76
2018,241232,0.24,0.46,0.96,30.83,11.37,49.95
2011,24580,0.94,0.44,0.46,28.27,91.72,77.2
2000,153632,0.41,0.43,0.88,5.0,39.13,64.6
2001,15454,0.22,0.4,0.05,22.49,97.27,100.0
2020,205796,0.78,0.12,0.61,34.13,26.82,45.77
2018,144913,0.37,0.96,0.97,35.65,44.07,63.94
2010,85018,0.84,0.62,0.72,20.33,65.99,73.48
2000,164449,0.69,0.1,0.73,5.0,41.27,68.87
2005,62188,0.54,0.55,0.6,20.18,68.58,79.29
2019,58223,0.83,0.87,0.31,53.65,80.34,74.2
2015,74135,0.87,0.33,0.44,53.62,70.24,72.05
2014,244589,0.16,0.7,0.62,18.89,13.53,44.87
2021,5263,0.01,0.36,0.57,85.61,95.31,100.0
2023,9126,0.41,0.01,0.86,87.76,85.76,95.05
2021,199861,0.55,0.33,0.1,39.26,44.61,55.88
2009,186843,0.49,0.13,0.26,19.64,34.92,64.86
2002,12999,0.05,0.62,0.59,26.84,90.18,86.49
2016,50431,0.53,0.09,0.56,51.36,77.98,88.38
2004,37509,0.56,0.6,0.41,20.89,85.95,80.43
2002,156309,0.66,0.44,0.42,5.0,45.41,64.51
2024,229683,0.82,0.09,0.43,34.73,12.2,51.24
2000,77960,0.33,0.78,0.15,5.0,72.52,89.91
2012,202265,0.34,0.09,0.0,22.22,39.33,51.81
2020,154623,0.71,0.4,0.7,44.91,38.68,65.61
2004,167777,0.56,0.28,0.17,5.53,38.63,70.73
2007,206444,0.16,0.44,0.21,12.41,20.2,59.06
2015,181509,0.53,0.41,0.07,26.98,42.12,56.35
2000,195013,0.18,0.83,0.49,5.0,26.63,63.71
2008,159480,0.28,0.53,0.43,18.06,34.72,68.4
2016,208655,0.69,0.26,0.19,19.03,27.92,46.68
2005,96038,0.23,0.94,0.28,14.32,63.03,88.18
2014,200000,0.38,0.77,0.69,18.23,36.55,45.3
2024,111306,0.03,0.33,0.26,77.04,55.22,76.1
2023,236158,0.87,0.84,0.72,7.59,11.84,40.29
2000,47167,0.77,0.21,0.45,12.92,76.24,83.24
2004,119069,0.98,0.59,0.66,5.0,58.96,71.4
2019,212242,0.81,0.43,0.28,30.07,22.41,44.63
2001,183784,0.67,0.55,0.37,5.0,34.43,56.14
2005,11838,0.02,0.17,0.9,48.13,83.38,98.27
2002,226456,0.82,0.36,0.24,5.0,21.26,49.47
2012,20574,0.36,0.35,0.05,50.2,98.79,93.02
2010,248077,0.47,0.03,0.24,5.0,9.21,49.33
2001,190964,0.32,0.45,0.93,5.0,17.82,60.41
2008,1885,0.37,0.53,0.58,40.12,92.19,93.86
2002,105384,0.22,0.74,0.54,13.9,58.28,76.38
2019,35974,0.19,0.09,0.87,72.68,77.68,93.49
2023,243057,0.76,0.03,0.06,36.81,29.11,42.61
2005,127843,0.88,0.99,0.31,5.0,56.15,74.42
2005,229972,0.57,0.69,0.04,5.0,24.78,52.57
2012,115941,0.65,0.57,0.5,24.28,49.99,57.26
2004,187344,0.96,0.59,0.41,5.0,32.91,56.57
2003,37556,0.65,0.8,0.5,7.03,79.41,89.21
2003,153303,0.26,0.15,0.15,7.33,38.88,57.52
2016,201806,0.58,0.1,0.58,28.14,21.2,42.99
2016,46803,0.93,0.33,0.31,43.31,67.41,83.88
2016,21574,0.88,0.16,0.43,59.27,90.47,89.51
2016,218877,0.59,0.93,0.77,27.25,15.08,52.73
2001,62044,0.29,0.52,0.69,10.62,62.52,92.36
2004,239189,0.22,0.53,0.39,5.0,18.54,46.9
2007,183015,0.91,0.64,0.38,5.0,27.28,56.9
2000,158942,0.71,0.89,0.03,5.0,46.93,57.26
2000,72066,0.19,0.99,0.45,11.59,70.76,86.47
2010,81640,0.05,0.66,0.02,29.17,67.17,88.38
2010,126115,0.24,0.16,0.52,29.24,47.18,72.35
2003,61692,0.17,0.26,0.54,20.69,74.76,87.98
2005,78581,0.86,0.51,0.49,15.96,66.84,83.86
2010,6052,0.28,0.03,0.63,55.33,88.76,100.0
2015,28367,0.14,0.98,0.39,58.18,82.57,93.96
2021,155310,0.48,0.9,0.25,36.75,54.7,58.44
2017,148856,0.41,0.53,0.11,36.81,49.05,74.12
2005,221406,0.82,0.41,0.76,5.0,14.66,52.81
2003,30694,0.36,0.05,0.81,31.62,75.44,97.89
2005,226012,0.81,0.66,0.54,5.0,20.55,48.5
2002,66977,0.75,0.75,0.06,5.8,70.86,78.5
2004,115913,0.7,0.11,0.7,9.11,47.37,67.35
2006,153931,0.4,1.0,0.68,5.0,38.63,74.79
2008,24811,0.04,0.29,0.32,41.77,89.74,92.04
2005,140168,0.32,0.06,0.97,24.48,47.78,73.79
2015,207032,0.64,0.54,0.81,24.61,22.71,48.52
2021,69562,0.68,0.77,0.54,49.96,80.29,79.85
2010,235819,0.65,0.3,0.14,5.0,27.28,45.24
2023,76532,0.88,0.97,0.29,50.63,66.59,76.7
2023,204883,0.58,0.72,0.59,34.04,26.24,51.44
2012,238055,0.08,0.88,0.61,22.61,6.44,38.37
2012,44032,0.8,0.18,0.96,38.3,70.47,80.35
2023,127453,0.96,0.27,0.87,46.65,43.05,64.71
2024,50325,0.54,0.54,0.07,70.81,73.66,100.0
2006,63161,0.79,0.19,0.35,21.31,79.86,80.78
2020,127616,0.86,0.78,0.63,39.77,57.91,68.98
2018,224497,0.53,0.8,0.93,25.47,19.23,51.15
2000,20415,0.93,0.22,0.56,5.53,83.1,84.05
2004,205351,0.07,0.91,0.52,5.53,17.66,58.67
2003,150692,0.06,0.71,0.59,11.0,41.41,67.73
2017,26731,0.94,0.56,0.07,41.27,96.45,80.72
2004,177826,0.9,0.8,0.95,5.0,31.93,59.73
2024,225913,0.62,0.51,0.66,43.8,11.9,55.22
2016,224033,0.85,0.19,0.66,19.64,26.47,46.89
2001,69848,0.73,0.81,0.19,5.0,77.02,82.36
2007,2242,0.69,0.31,0.78,39.75,90.37,97.15
2022,237889,0.47,0.24,0.47,37.86,15.69,56.35
2020,9313,0.3,0.5,0.01,72.27,99.24,98.55
2002,40984,0.58,0.98,0.55,13.89,76.85,89.84
2021,42198,0.95,0.6,0.74,47.81,80.51,73.73
2021,180992,0.4,0.16,0.49,45.29,37.13,60.82
2013,67421,0.65,0.43,0.78,42.14,72.61,80.07
2003,38721,0.8,0.55,0.06,8.27,90.42,87.24
2018,191483,0.3,0.77,0.92,34.84,23.55,64.64
2016,162451,0.31,0.79,0.76,37.21,41.83,71.46
2013,135051,0.05,0.96,0.53,44.91,45.02,76.87
2016,25097,0.43,0.63,0.73,55.49,91.5,93.4
2010,210372,0.95,0.77,0.05,5.0,24.86,48.49
2018,88949,0.83,0.67,0.7,27.38,67.61,74.47
2020,130370,0.32,0.91,0.59,42.85,53.48,70.25
2020,36999,0.39,0.57,0.97,65.3,70.39,93.91
2000,240774,0.41,0.71,0.07,5.0,18.09,45.48
2016,160055,0.12,0.78,0.96,32.11,30.81,69.2
2011,55226,0.8,0.16,0.83,34.23,75.98,79.83
2006,212153,0.94,0.87,0.09,5.0,28.08,48.28
2000,216159,0.74,0.38,0.33,5.0,22.35,46.85
2006,217533,0.23,0.93,0.28,5.0,24.58,58.07
2015,118324,0.41,0.74,0.62,35.87,51.48,73.7
2015,179393,0.58,0.01,0.47,43.65,44.08,58.29
2014,120073,0.47,0.03,0.17,35.46,57.52,69.19
2018,57586,0.99,0.79,0.82,43.15,71.89,72.85
2006,174451,0.6,0.11,0.93,15.09,31.32,57.54
2019,82961,0.6,0.47,0.67,60.35,52.24,63.91
2023,91810,0.21,0.74,0.47,67.27,62.82,81.16
2024,82278,0.67,0.1,0.87,61.89,67.35,76.83
2012,116520,0.02,0.83,0.94,45.9,39.97,78.93
2022,174843,0.72,0.32,0.52,49.58,44.77,54.49
2004,188685,0.76,0.54,0.14,5.0,26.96,57.16
2024,158745,0.94,0.95,0.76,33.52,41.38,55.5
2013,218207,0.15,0.4,0.59,24.47,18.18,49.34
2014,214481,0.48,0.77,0.0,24.22,19.39,55.31
2015,154124,0.59,0.5,0.17,31.18,50.82,65.7
2017,32475,0.45,0.71,1.0,69.76,72.99,95.89
2000,43640,0.9,0.51,0.88,5.34,68.26,74.55
2023,105844,0.62,0.41,0.99,53.65,57.45,67.0
2000,27704,0.81,0.6,0.74,7.38,83.48,93.91
2016,178253,0.15,0.2,0.21,40.56,37.24,70.48
2016,181601,0.6,0.38,0.69,24.22,32.63,60.56
2007,165287,0.09,0.08,0.06,20.07,48.91,71.78
2014,4607,0.06,0.74,0.22,60.98,95.29,100.0
2007,228500,0.16,0.84,0.88,5.0,8.81,49.09
2010,131384,0.01,0.26,0.73,39.63,50.13,72.77
2013,9159,0.79,0.93,0.89,40.89,87.6,84.37
2011,151908,0.22,0.44,0.94,26.43,38.03,63.64
2017,17278,0.77,0.25,0.6,42.18,81.39,95.57
2016,208140,0.84,0.91,0.02,15.53,29.86,52.99
2012,99215,0.26,0.4,0.76,39.32,62.14,78.27
2012,185652,0.03,0.59,0.16,29.23,30.19,73.24
2011,24991,0.46,0.85,0.89,32.72,78.96,88.54
2013,83039,0.61,0.13,0.32,39.27,75.12,79.72
2010,143554,0.46,0.9,0.56,14.77,42.08,60.91
2023,157072,0.33,0.49,0.78,46.59,41.81,66.46
2004,59538,0.86,0.49,0.45,22.02,77.2,85.51
2013,76460,0.8,0.33,0.62,43.01,61.58,65.99
2001,235618,0.12,0.26,0.17,5.0,19.72,49.11
2005,51075,0.57,0.06,0.7,29.55,75.16,88.11
2014,31721,0.79,0.45,0.91,45.76,83.41,86.84
2022,26066,0.31,0.92,0.4,73.27,88.89,90.21
2012,154597,0.1,0.25,0.36,35.24,49.06,78.78
2000,18954,0.8,0.87,0.88,9.51,77.96,87.32
2000,85249,0.82,0.86,0.71,5.0,63.32,75.09
2022,185881,0.35,0.42,0.5,52.92,28.56,59.67
2008,31048,0.03,0.59,0.19,49.89,77.5,85.93
2018,228630,0.54,0.53,0.5,26.32,15.2,43.15
2022,107557,0.92,0.24,0.27,50.74,62.59,64.26
2020,18669,0.84,0.41,0.83,67.12,79.68,89.37
2024,27719,0.89,0.52,0.64,68.16,83.07,88.95
2014,97387,0.84,0.56,0.6,25.46,63.63,80.3
2020,225911,0.28,0.26,0.6,38.13,16.85,56.77
2003,177820,0.7,0.13,0.73,5.0,33.83,49.08
2000,170805,0.7,0.14,0.58,5.0,28.16,48.73
2004,158149,0.21,0.58,0.77,5.0,41.31,61.79
2004,146903,0.01,0.74,0.84,15.67,47.72,74.42
2000,95321,0.25,0.13,0.16,20.26,56.53,81.23
2017,162363,0.82,0.57,0.95,29.92,31.81,57.37
2017,59989,0.92,0.23,0.8,57.45,79.65,76.87
2000,128924,0.18,0.51,0.93,10.58,41.97,81.77
2007,70293,0.51,0.58,0.16,34.83,85.11,85.21
2001,49713,0.85,0.7,0.37,6.73,77.91,80.78
2009,247717,0.66,0.88,0.37,5.0,22.42,41.8
2018,231392,0.32,0.78,0.69,24.32,24.55,56.43
2021,208568,0.37,0.77,0.39,39.93,30.39,48.8
2012,96211,0.64,0.39,0.88,26.07,45.22,75.85
2004,211667,0.04,0.86,0.66,5.0,22.15,50.25
2013,142380,0.06,0.37,0.6,39.86,38.36,69.46
2017,223963,0.63,0.79,0.92,26.79,15.14,51.59
2009,188902,0.54,0.19,0.32,17.81,27.01,60.64
2004,183166,0.39,0.23,0.91,5.07,29.05,62.44
2020,182715,0.8,0.11,0.49,30.44,41.93,60.52
2012,111650,0.25,0.14,0.35,43.12,57.69,71.73
2024,134345,0.41,0.61,0.23,54.15,52.05,70.94
2008,216379,0.46,0.16,0.05,6.39,22.06,55.45
2022,227424,0.43,0.86,0.44,36.67,23.02,51.3
2017,139016,0.76,0.24,0.12,31.7,53.96,69.78
2021,190125,0.16,0.7,0.75,45.24,30.85,62.98
2016,92602,0.05,0.13,0.08,53.94,66.03,86.17
2022,104064,0.52,0.33,0.95,60.06,53.75,79.63
2000,232179,0.96,0.06,0.86,5.0,18.71,37.12
2001,79227,0.59,0.02,0.19,13.44,75.38,74.15
2015,125825,0.75,0.6,0.8,32.3,50.2,68.14
2017,18169,0.65,0.99,0.88,52.9,89.98,91.2
2020,238651,0.34,0.29,0.94,45.69,10.29,47.59
2023,51375,0.22,0.69,0.76,70.31,74.04,85.95
2006,200390,0.71,0.98,0.75,5.0,24.86,54.86
2008,239578,0.14,0.02,0.18,18.26,17.08,50.62
2024,24237,0.22,0.36,0.8,87.45,85.34,92.48
2007,58210,0.54,0.85,0.54,23.11,65.66,79.88
2002,243461,0.1,0.05,0.97,5.0,5.0,53.55
2005,87936,0.41,0.68,0.86,16.67,59.71,86.47
2002,225979,0.31,0.12,0.12,5.0,31.03,54.2
2024,238474,0.94,0.93,0.85,27.18,6.82,36.67
2009,196474,0.48,0.89,0.69,5.0,22.53,58.99
2023,123498,0.02,0.71,0.95,58.77,47.0,76.83
2020,144836,0.5,0.6,0.13,49.37,52.86,69.63
2019,161632,0.99,0.61,0.64,30.3,43.84,53.01
2005,140552,0.08,0.06,0.87,26.38,52.23,74.82
2024,219690,0.7,0.72,0.21,34.81,26.84,51.73
2012,48657,0.4,0.88,0.88,41.5,79.08,89.51
2022,72983,0.24,0.65,0.5,67.22,66.0,84.06
2014,200412,0.58,0.34,0.78,19.18,15.53,51.42
2016,31417,0.27,0.35,0.65,67.68,76.39,94.97
2015,76386,0.99,0.7,0.65,32.2,74.7,75.42
2007,67193,0.59,0.92,0.74,28.17,68.4,83.98
2013,199963,0.67,0.64,0.97,16.5,23.38,47.51
2022,204744,0.19,0.44,0.34,52.42,25.56,67.29
2007,246249,0.31,0.73,0.78,5.0,8.16,52.99
2023,71950,0.83,0.41,0.8,48.64,76.37,83.53
2005,35719,0.12,0.21,0.94,30.43,69.3,81.71
2018,148031,0.98,0.29,0.65,32.13,45.0,68.37
2006,121810,0.3,0.28,0.18,11.66,47.32,71.88
2002,122397,0.51,0.21,0.99,7.57,51.03,71.53
2002,239468,0.16,0.87,0.68,5.0,15.93,55.55
2012,17791,0.49,0.89,0.02,43.92,93.61,86.88
2002,142219,0.11,0.62,0.29,5.22,50.4,64.36
2005,100638,0.71,0.74,0.23,8.89,54.57,76.2
2022,56112,0.01,0.36,0.15,82.96,81.45,91.53
2000,214206,0.99,0.83,0.88,5.0,23.75,38.4
2021,198392,0.02,0.95,0.24,55.34,23.01,70.02
2018,77830,0.76,0.67,0.42,50.03,68.68,67.6
2011,199362,0.76,0.73,0.49,5.0,34.68,45.42
2016,13668,0.02,0.03,0.8,66.18,83.42,92.94
2004,134203,0.24,0.54,0.15,12.94,62.65,76.58
2020,51930,0.43,0.31,0.6,73.66,82.3,84.75
2014,225601,0.84,0.32,0.91,12.36,19.9,44.72
2020,81686,0.84,0.81,0.4,47.5,65.19,79.85
2010,8696,0.9,0.32,0.54,36.35,95.22,89.84
2021,245904,0.2,0.3,0.54,35.5,13.4,59.31
2011,80044,0.75,0.74,0.6,26.89,62.08,75.37
2023,219420,0.59,0.7,0.36,34.86,20.8,47.49
2018,118486,0.04,0.6,0.28,58.47,49.19,78.3
2020,219613,0.81,0.52,0.02,24.1,23.04,52.29
2009,49105,0.77,0.39,0.41,33.83,69.05,88.1
2016,35972,0.35,0.68,0.52,51.79,79.02,84.28
2015,236100,0.2,0.31,0.37,31.57,16.15,47.08
2001,117139,0.74,0.77,0.32,5.0,54.46,66.88
2010,234460,0.68,0.54,0.82,8.31,8.21,44.91
2022,43313,0.41,0.56,0.86,69.17,70.48,86.0
2024,123359,0.73,0.08,0.13,60.26,52.07,68.54
2002,115473,0.9,0.23,0.39,5.0,62.15,65.95
2018,222897,0.53,0.09,0.22,30.64,20.74,52.78
2014,169500,0.34,0.05,0.5,38.86,38.86,68.19
2012,149410,0.64,0.31,0.69,14.69,37.81,67.27
2016,86649,0.35,0.28,0.38,49.67,74.61,80.26
2015,82220,0.34,0.64,0.17,38.89,67.72,69.13
2002,188537,0.55,0.69,0.94,5.0,31.38,63.09
2018,63993,0.39,0.02,0.86,67.02,74.51,92.27
2016,70538,0.81,0.81,0.67,37.95,65.71,80.62
2024,129496,0.39,0.34,0.96,62.48,41.89,80.4
2000,126870,0.52,0.24,0.86,5.0,45.34,72.18
2018,203385,0.3,0.79,0.88,34.34,21.0,58.47
2020,63677,0.27,0.29,0.22,63.4,80.18,89.41
2012,90434,0.66,0.39,0.16,31.61,72.27,73.71
2000,190197,0.38,0.17,0.41,5.0,35.39,62.86
2018,85969,0.32,0.32,0.44,53.79,70.76,76.54
2023,220618,0.81,0.17,0.33,32.44,22.09,45.9
2011,41584,0.05,0.35,0.54,51.47,90.18,83.63
2003,75413,0.8,0.89,0.23,5.0,72.96,81.07
2006,225805,0.4,0.74,0.72,5.0,13.83,55.67
2005,195026,0.72,0.65,0.93,5.0,24.72,50.09
2022,150008,0.49,0.65,0.41,43.89,42.03,64.02
2011,165151,0.9,0.91,0.29,11.28,42.82,52.88
2019,82075,0.43,0.32,0.1,52.47,65.66,78.38
2020,200163,0.92,0.91,0.31,25.84,30.95,60.82
2015,174700,0.31,0.31,0.8,37.79,26.01,70.3
2009,76184,0.1,0.09,0.98,43.0,58.5,89.46
2005,102253,0.82,0.45,0.06,5.0,64.02,74.34
2003,178320,0.26,0.4,0.25,9.53,39.54,68.75
2007,229146,0.13,0.25,0.35,9.9,15.91,57.61
2018,129840,0.05,0.85,0.5,56.06,53.16,74.2
2009,214625,0.42,0.62,0.47,6.33,17.17,51.27
2003,157013,0.79,0.79,0.01,5.0,54.9,54.94
2016,113126,0.38,0.48,0.78,40.66,50.71,71.52
2003,233987,0.45,0.58,0.82,5.0,12.69,49.86
2012,197514,0.75,0.14,0.19,17.73,33.62,49.17
2008,97092,0.1,0.68,0.61,29.32,64.44,84.2
2007,105915,0.12,0.51,0.88,32.12,47.82,74.72
2002,190827,0.98,0.16,0.45,5.0,39.35,38.71
2020,66496,0.36,0.15,0.43,64.42,74.38,81.25
2008,245541,0.92,0.03,0.13,5.0,6.8,45.71
2022,8039,0.71,0.71,0.97,73.56,81.9,100.0
2014,225324,0.61,0.07,0.48,28.31,23.99,57.68
2017,3390,0.09,0.57,0.8,72.01,89.99,100.0
2004,100271,0.16,0.75,0.48,15.69,62.77,88.99
2000,17035,0.79,0.5,0.86,12.36,83.17,83.97
2011,186457,0.96,0.91,0.64,5.0,30.67,54.72
2012,141949,0.17,0.84,0.11,30.25,55.29,66.95
2014,241774,0.52,0.72,0.86,6.22,14.28,49.42
2000,74572,0.14,0.58,0.68,20.95,66.7,87.66
2003,129071,0.94,0.3,0.12,5.0,51.25,61.0
2024,56315,0.08,0.83,0.57,81.73,77.77,87.86
2018,231939,0.21,0.54,0.47,25.5,12.8,57.64
2017,39678,0.13,0.44,0.54,63.58,82.05,89.46
2006,7886,0.67,0.02,0.13,36.22,100.0,81.63
2023,86515,0.44,0.92,0.89,62.85,57.36,78.88
2020,222186,0.05,0.15,0.3,52.77,25.16,56.83
2005,132704,0.7,0.61,0.9,5.86,42.3,76.67
2024,131214,0.07,0.47,0.07,67.92,57.15,70.1
2012,95029,0.43,0.31,0.55,40.2,65.36,79.74
2010,130562,0.56,0.06,0.99,24.23,39.44,72.25
2023,135236,0.63,0.83,0.68,53.32,48.31,71.29
2013,107799,0.09,0.37,0.0,53.06,61.79,74.18
2017,248960,0.96,0.84,0.04,7.76,16.14,34.92
2012,209118,0.79,0.85,0.44,5.25,23.97,50.83
2008,231603,0.98,0.68,0.14,5.0,17.35,34.02
2024,244665,0.13,0.56,0.78,48.76,11.4,51.83
2024,58253,0.79,0.78,0.31,63.32,79.93,81.3
2013,12024,0.67,0.43,0.56,42.43,86.14,93.79
2007,83583,0.24,0.03,0.75,43.96,65.92,88.43
2002,155325,0.39,0.05,0.15,5.0,50.82,79.06
2021,243791,0.24,0.4,0.29,40.77,11.18,49.49
2002,113357,0.74,0.45,0.66,5.0,51.62,73.78
2005,102273,0.12,0.42,0.54,26.29,60.25,85.32
2021,126714,0.01,0.77,0.98,61.4,42.51,78.66
2023,89934,0.53,0.4,0.59,56.85,56.14,79.79
2012,217695,0.34,0.3,0.53,30.98,24.89,58.4
2006,64964,0.07,0.61,0.15,6.98,75.74,85.83
2008,52366,0.55,0.06,0.12,32.82,82.49,81.35
2011,42197,0.17,0.05,0.05,49.69,89.26,77.28
2018,220030,0.22,0.57,0.98,36.62,5.0,56.3
2022,81547,0.95,0.51,0.93,50.57,60.19,78.85
2012,9978,0.6,0.08,0.07,52.93,98.37,94.9
2012,229824,0.76,0.63,0.73,9.4,18.56,48.86
2010,22203,0.13,0.63,0.76,40.14,84.82,91.29
2019,82174,0.59,0.45,0.46,54.56,65.69,81.42
2003,80394,0.6,0.72,0.8,12.9,59.17,77.65
2015,157861,0.76,0.86,0.49,19.97,51.81,51.58
2007,145735,0.45,0.53,0.36,12.67,45.29,62.74
2023,53876,0.49,0.52,0.91,66.8,74.76,81.28
2011,155551,0.96,0.35,0.3,25.01,34.23,51.97
2015,172005,0.88,0.26,0.9,27.44,35.85,52.07
2014,43726,0.5,0.36,0.43,50.5,82.93,93.61
2021,169085,0.62,0.15,0.65,43.91,34.93,64.21
2016,22821,0.3,0.32,0.16,52.31,82.7,90.45
2007,125473,0.24,0.9,0.79,22.14,54.97,78.47
2004,59932,0.93,0.73,0.95,17.1,74.29,89.27
2024,52947,0.0,0.11,0.2,87.52,71.75,82.43
2023,15217,0.1,0.6,0.02,77.22,97.62,94.53
2008,168995,0.78,0.09,0.46,9.05,37.25,73.97
2021,202100,0.8,0.75,0.72,29.78,27.14,52.74
2008,7748,0.8,0.23,0.46,33.1,90.11,87.16
2013,169644,0.87,0.45,0.08,10.69,47.22,60.83
2012,170675,0.95,0.76,0.09,9.27,43.11,55.42
2005,77392,0.95,0.22,0.84,10.36,64.98,73.01
2000,22148,0.71,0.6,0.5,15.95,88.5,81.36
2004,248855,0.65,0.98,0.04,5.0,14.41,55.11
2020,96186,0.52,0.88,0.04,53.24,73.99,71.66
2024,86884,0.65,0.33,0.35,61.29,64.83,73.21
2000,246179,0.48,0.41,0.67,5.0,23.88,42.43
2017,199583,0.8,0.29,0.64,26.0,24.08,49.18
2007,205454,0.95,0.46,0.16,5.0,37.85,45.06
2021,129455,0.36,0.58,0.4,45.42,57.75,76.02
2013,31376,0.73,0.91,0.22,35.3,91.06,90.52
2023,72720,0.8,0.37,0.31,62.59,72.68,70.02
2007,83461,0.03,0.0,0.27,28.59,69.85,78.13
2017,161606,0.96,0.84,0.04,24.41,46.31,49.01
2018,222359,0.66,0.47,0.75,23.77,14.21,53.65
2011,177935,0.94,0.49,0.43,9.02,41.75,51.87
2021,50786,0.22,0.24,0.63,66.89,77.55,85.2
2011,198142,0.42,0.51,0.7,12.61,27.47,50.25
2019,168024,0.94,0.48,0.57,37.06,34.6,66.13
2013,181353,0.35,0.11,0.23,24.23,38.25,60.35
2022,122056,0.65,0.1,0.59,52.53,51.42,67.15
2010,183069,0.02,0.25,0.29,24.53,29.24,64.0
2014,10340,0.86,0.51,0.22,43.96,90.84,92.67
2005,248102,0.09,0.24,0.82,5.0,8.13,49.45
2007,160308,0.46,0.26,0.09,13.85,44.56,59.45
2000,99100,0.66,0.88,0.11,5.0,78.22,74.8
2003,214782,0.96,0.58,0.77,5.0,17.88,42.43
2001,168894,0.94,0.07,0.76,5.0,34.3,49.72
2021,158266,0.21,0.7,0.14,52.63,33.15,67.85
2008,10633,0.55,0.35,0.17,32.6,87.59,93.35
2011,172493,0.64,0.29,0.94,17.94,31.52,63.49
2008,184497,0.72,0.93,0.55,5.0,20.26,64.13
2021,212346,0.13,0.68,0.14,41.42,28.04,62.42
2021,82219,0.55,0.37,0.2,60.53,65.55,92.81
2001,191704,0.15,0.55,0.35,5.0,35.41,51.89
2008,167269,0.55,0.8,0.52,5.8,37.26,62.1
2024,134799,0.81,0.47,0.66,53.27,58.93,65.24
2010,93299,0.68,0.44,0.17,19.57,73.94,77.96
2012,85150,0.56,0.81,0.81,32.13,58.74,82.74
2022,82811,0.98,0.31,0.06,54.32,67.89,69.46
2009,220642,0.61,0.86,0.52,5.0,27.03,46.08
2019,168145,0.88,0.12,0.02,35.44,47.28,62.68
2023,179923,0.37,0.48,0.61,53.16,38.08,71.2
2016,46323,0.05,0.7,0.63,66.73,83.22,86.99
2020,196992,0.11,0.78,0.61,41.43,34.52,61.84
2012,36381,0.15,0.18,0.19,14.62,89.3,86.02
2007,54124,0.98,0.46,0.85,16.2,70.68,83.78
2024,240040,0.63,0.57,0.93,35.07,13.3,43.52
2016,67930,0.3,0.92,0.56,46.33,74.7,83.81
2023,65983,0.7,0.01,0.07,78.03,78.92,81.47
2001,13730,0.46,0.36,0.7,21.23,88.75,87.4
2006,244453,0.23,0.01,0.03,7.85,20.54,45.98
2005,85887,0.11,0.1,0.36,31.17,73.1,90.95
2023,186291,0.35,0.36,0.55,55.04,31.33,58.03
2000,6221,0.47,0.52,0.58,14.79,96.86,88.45
2005,37526,0.57,0.92,0.31,30.09,84.89,84.95
2023,220877,0.75,0.18,0.01,40.31,29.74,51.01
2000,147024,0.38,0.41,0.8,5.0,39.08,63.53
2020,183821,0.58,0.48,0.72,36.93,32.78,56.25
2014,112060,0.2,0.7,0.26,38.23,60.88,73.91
2014,19795,0.91,0.05,0.41,40.0,83.16,93.29
2001,80304,0.93,0.72,0.87,5.0,67.7,72.01
2002,127847,0.92,0.35,0.01,5.0,54.23,69.09
2015,163567,0.03,0.46,0.08,35.62,35.86,61.36
2000,145575,0.33,0.06,0.44,8.6,43.9,66.89
2021,89687,0.83,0.65,0.66,50.39,58.24,78.15
2001,153321,0.97,0.03,0.23,5.0,52.89,59.31
2009,36412,0.04,0.73,0.09,46.25,84.55,92.83
2017,61591,0.95,0.05,0.54,52.42,68.99,83.25
2014,234827,0.06,0.64,0.55,18.64,16.42,55.9
2023,137951,0.51,0.55,0.32,51.03,46.15,70.22
2010,16980,0.85,0.15,0.71,47.81,89.83,83.53
2010,44698,0.34,0.7,0.84,48.06,79.21,84.34
2004,64753,0.98,0.52,0.65,8.92,60.6,85.49
2000,21353,0.91,0.91,0.89,5.0,83.34,82.05
2010,26218,0.97,0.15,0.3,39.47,84.9,80.9
2020,237765,0.89,0.76,0.45,16.7,20.92,50.32
2000,177504,0.2,0.02,0.84,7.26,34.39,66.32
2011,115587,0.33,0.52,0.23,46.23,54.65,78.03
2022,56089,0.84,0.1,0.26,64.39,80.45,83.42
2011,153452,0.55,0.82,0.35,10.38,32.0,58.12
2022,56008,0.49,0.94,0.47,51.24,76.19,76.82
2013,17283,0.21,0.08,0.6,56.35,80.93,91.17
2016,37746,0.35,0.88,0.15,53.59,90.33,88.71
2008,246382,0.72,0.21,0.83,5.0,8.6,42.85
2011,230282,0.59,0.41,0.42,13.2,27.89,46.63
2011,89173,0.1,0.47,0.92,39.38,54.02,75.44
2009,110323,0.82,0.19,0.07,18.45,55.65,75.04
2020,242016,0.18,0.33,0.91,39.7,6.54,53.51
2007,241701,0.08,0.3,0.35,5.0,13.96,50.76
2022,157720,0.75,0.4,0.14,41.82,47.09,66.46
2024,230475,0.78,0.13,0.87,37.12,5.83,48.4
2006,19235,0.54,0.69,0.08,29.36,100.0,94.5
2021,613,0.21,0.25,0.35,77.14,83.55,100.0
2021,148890,0.92,0.51,0.65,38.05,44.98,56.61
2017,169827,0.9,0.99,0.39,24.56,35.71,53.49
2014,12894,0.76,0.85,0.03,45.3,91.08,85.98
2012,77566,0.66,0.25,0.91,39.59,69.81,83.5
2005,179327,0.06,0.35,0.85,15.59,23.47,64.41
2022,101646,0.44,0.11,0.1,63.69,62.3,80.94
2018,38514,0.37,0.22,0.89,67.25,80.36,88.25
2004,123263,0.39,0.47,0.29,19.64,59.05,76.29
2012,18434,0.66,0.49,0.07,41.49,96.81,88.86
2010,132295,0.24,0.26,0.65,25.51,51.93,72.09
2009,168076,0.04,0.62,0.66,20.39,34.96,69.92
2023,224166,0.14,0.58,0.54,46.23,17.42,58.11
2005,200069,0.15,0.3,0.0,5.0,27.54,64.92
2020,49993,0.5,0.23,0.39,62.13,78.94,76.25
2020,205139,0.83,0.32,0.18,36.31,31.86,42.75
2024,90442,0.14,0.08,0.88,74.02,70.03,79.37
2000,82754,0.96,0.37,0.64,5.0,61.94,69.49
2009,108969,0.79,0.59,0.92,20.57,56.47,75.54
2016,73853,0.06,0.96,0.48,60.92,68.77,76.89
2014,15576,0.22,0.79,0.9,55.09,77.91,89.76
2010,91614,0.36,0.03,0.87,45.22,55.97,80.96
2014,202200,0.9,0.87,0.38,11.33,27.64,49.72
2015,7683,0.57,0.38,0.96,61.04,83.41,89.07
2012,59264,0.49,0.89,0.04,44.79,78.19,86.08
2002,202878,0.74,0.67,0.71,5.0,25.84,54.43
2015,65699,0.23,0.75,1.0,51.37,66.14,88.41
2000,207614,0.78,0.02,0.35,5.0,20.98,51.33
2006,27928,0.38,0.15,0.2,31.68,89.38,81.78
2010,193989,0.79,0.41,0.06,9.31,44.04,47.12
2023,228918,0.38,0.46,0.6,50.32,18.64,45.77
2007,230432,0.53,0.32,0.09,5.0,17.96,58.16
2008,206662,0.15,0.04,0.28,17.74,26.16,44.6
2012,61762,0.25,0.33,0.33,56.27,71.5,84.69
2016,81492,0.76,0.94,0.61,30.68,73.14,83.27
2004,199722,0.9,0.56,0.95,5.0,20.65,50.17
2018,24615,0.95,0.63,0.29,44.74,79.43,87.74
2017,122598,0.98,0.65,1.0,28.25,48.06,69.34
2002,8778,0.4,0.67,0.78,28.6,90.12,90.79
2004,159493,0.26,0.81,0.26,5.0,60.67,63.53
2016,26830,0.54,0.75,0.08,66.94,86.8,89.42
2021,79079,0.91,0.96,0.19,53.38,70.7,71.44
2022,200056,0.37,0.63,0.3,36.06,27.83,56.34
2021,137163,0.7,0.17,0.29,52.85,56.01,65.2
2022,67678,0.53,0.36,0.71,68.09,66.47,86.71
2014,104530,0.45,0.21,0.43,46.54,52.94,84.65
2000,89131,0.06,0.7,0.83,5.0,64.18,78.69
2005,144898,0.03,0.65,0.11,19.52,53.29,77.74
2014,61021,0.82,0.42,0.22,43.06,76.47,77.57
2022,243040,0.06,0.96,0.38,43.79,12.86,52.07
2009,92888,0.53,0.82,0.62,23.46,58.54,80.9
2009,76177,0.59,0.51,0.38,32.08,70.34,76.97
2011,60159,0.05,0.92,0.08,7.96,81.21,88.24
2020,111950,0.97,0.68,0.03,37.15,52.58,71.61
2004,78193,0.65,0.86,0.53,8.65,68.73,70.24
2005,23528,0.03,0.45,0.43,36.2,90.2,100.0
2006,51266,0.95,0.72,0.75,18.3,73.26,80.12
2004,171577,0.49,0.48,0.96,5.0,34.67,51.72
2001,30494,0.82,0.49,0.73,10.06,74.84,88.78
2012,24135,0.38,0.62,0.59,50.96,79.43,91.24
2005,113914,0.95,0.39,0.69,13.67,56.25,64.39
2002,115225,0.59,0.75,0.07,5.0,57.28,72.1
2002,35023,0.85,0.1,0.9,11.59,80.03,82.74
2016,211967,0.56,0.25,0.13,27.61,17.38,50.75
2003,23306,0.2,0.48,0.43,36.97,88.23,83.28
2009,214193,0.3,0.15,0.12,9.2,31.8,54.48
2019,219029,0.44,0.9,0.78,28.23,17.34,52.0
2012,19613,0.42,0.66,0.76,46.12,94.58,92.23
2016,37407,0.16,0.11,0.55,62.79,79.97,86.37
2018,159023,0.35,0.23,0.26,45.82,47.01,61.4
2023,128053,0.65,0.19,0.05,52.83,52.85,61.61
2000,180066,0.76,0.99,0.77,5.0,31.43,45.58
2013,39578,0.99,0.87,0.12,28.72,79.82,78.02
2010,196840,0.02,0.38,0.19,31.83,33.49,65.06
2001,139595,0.77,0.4,0.68,5.0,42.99,62.7
2009,125137,0.52,0.06,0.54,19.28,47.39,69.02
2010,233594,1.0,0.46,0.24,5.0,18.01,38.83
2004,208538,0.19,0.81,0.57,5.0,25.02,58.32
2018,167745,0.09,0.17,0.35,49.24,30.4,71.33
2019,164985,0.74,0.92,0.04,27.51,45.42,66.08
2017,189039,0.38,0.08,0.15,39.03,44.31,53.26
2018,64760,0.41,0.65,0.66,58.71,80.12,79.94
2004,92820,0.8,0.1,0.52,6.41,62.46,64.76
2022,210709,0.77,0.98,0.91,30.39,22.19,63.16
2017,239487,0.98,0.54,0.72,5.0,6.36,39.08
2022,60122,0.48,0.9,0.27,68.48,79.23,80.91
2024,135396,0.92,0.13,0.48,52.01,52.0,63.18
2024,70736,0.4,0.37,0.48,67.65,68.72,81.57
2019,114080,0.48,0.47,0.46,43.83,45.47,71.12
2023,242848,0.9,0.29,0.38,28.56,21.07,39.16
2006,101850,0.64,0.29,0.15,20.51,57.68,73.64
2024,7669,0.25,0.04,0.5,83.72,87.88,100.0
2013,118786,0.94,0.88,0.87,24.86,44.53,68.73
2000,192429,0.17,0.91,0.56,5.0,21.87,58.24
2003,6658,0.1,0.82,0.74,23.95,94.94,92.53
2021,94280,0.74,0.19,0.29,62.33,64.77,83.24
2022,75648,0.86,0.71,0.46,55.44,67.04,70.44
2017,70496,0.06,0.32,0.95,64.59,62.32,76.57
2016,123560,0.78,0.95,0.04,32.08,65.28,71.58
2020,210726,0.72,0.4,0.29,31.01,27.87,51.56
2004,49734,0.99,0.98,0.55,5.0,66.07,70.71
2021,84498,0.69,0.11,0.54,59.22,62.38,74.62
2009,17101,0.33,0.8,0.07,37.61,94.72,91.51
2013,174428,0.58,0.01,0.18,25.52,46.56,62.33
2010,16506,0.74,0.12,0.02,48.37,94.58,89.05
2013,40018,0.19,0.44,0.52,45.87,79.3,93.3
2018,3283,0.92,0.98,0.78,58.31,90.7,93.82
2002,167015,0.77,0.76,0.42,5.0,39.64,69.95
2005,180280,0.57,0.76,0.99,5.0,24.22,54.13
2001,91893,0.01,0.75,0.05,5.0,76.47,71.66
2018,63718,0.18,0.93,0.4,60.43,76.93,90.8
2016,217891,0.74,0.94,0.91,16.22,14.59,50.81
2016,243993,0.59,0.82,0.02,14.32,19.63,45.02
2001,70456,0.47,0.45,0.72,16.66,65.72,79.74
2018,161612,0.03,0.27,0.08,56.26,35.86,72.58
2022,100227,0.47,0.17,0.4,67.76,64.4,76.14
2014,159342,0.25,0.43,0.04,42.12,41.37,55.01
2018,219236,0.18,0.9,0.53,28.35,27.54,57.27
2007,142738,0.71,0.6,0.31,8.81,47.23,59.54
2005,241358,0.94,0.42,0.95,5.0,15.27,44.24
2024,101469,0.12,0.59,0.24,79.1,62.04,74.27
2009,239424,0.63,0.42,0.6,5.0,16.39,34.54
2015,176373,0.61,0.97,0.29,20.55,42.57,62.23
2014,218477,0.15,0.22,0.09,21.78,27.48,61.57
2015,76460,0.49,0.23,0.33,39.03,74.53,80.22
2024,26915,0.56,0.13,0.85,91.0,77.51,94.49
2015,196081,0.95,0.19,0.22,29.55,37.98,52.36
2011,145696,0.43,0.77,0.39,19.48,39.95,67.83
2022,134689,0.53,0.37,0.35,54.79,49.2,64.41
2018,248568,0.17,0.48,0.16,30.82,6.82,59.94
2010,202882,0.46,0.52,0.93,9.83,19.28,48.63
2018,124765,0.57,0.04,0.92,47.84,44.74,70.66
2020,137012,0.7,0.06,0.02,44.62,47.19,63.5
2024,115778,0.18,0.21,0.78,70.41,39.92,79.8
2018,202093,0.67,0.24,0.27,25.5,23.91,54.9
2018,191686,0.17,0.03,0.36,40.49,37.94,60.96
2006,238107,0.58,0.45,0.51,5.0,20.13,40.93
2004,242275,0.63,0.33,0.44,5.0,14.85,46.57
2010,188047,0.39,0.65,0.18,18.6,39.94,54.13
2001,91720,0.53,0.42,0.14,5.0,66.29,78.91
2010,145521,0.32,0.45,0.06,18.58,52.13,63.57
2016,88541,0.68,0.08,0.84,44.49,60.84,77.39
2008,48664,0.19,0.62,0.12,43.88,79.43,88.52
2001,197947,0.07,0.31,0.72,5.0,20.47,63.91
2021,8206,0.17,0.34,0.68,72.07,94.1,98.83
2005,46007,0.5,0.42,0.96,24.79,77.75,96.34
2005,133790,0.12,0.83,0.56,14.09,55.6,69.33
2010,150481,0.49,0.22,0.67,22.3,47.82,61.67
2007,193099,0.13,0.8,0.62,18.65,30.15,68.51
2022,18700,0.14,0.5,0.4,13.68,77.84,99.27
2012,97449,0.79,0.79,0.66,29.63,59.21,79.41
2016,42201,0.62,0.51,0.87,9.86,74.83,94.24
2016,228579,0.47,0.87,0.01,20.08,21.5,44.0
2017,67131,0.1,0.32,0.96,67.59,64.52,83.98
2003,189890,0.68,0.52,0.7,5.0,29.19,64.56
2023,238316,0.55,0.79,0.42,32.01,9.32,51.0
2015,128087,0.57,0.72,0.52,31.84,53.77,75.64
2010,126027,0.85,0.86,0.15,11.44,52.34,62.95
2015,29085,0.8,0.9,0.18,34.79,89.72,77.75
2007,89457,0.33,0.82,0.93,16.86,57.7,70.68
2001,164209,0.12,0.23,0.09,7.52,41.74,70.47
2019,89629,0.56,0.77,0.72,54.67,73.77,80.24
2002,230646,0.92,0.48,0.64,5.0,16.23,45.64
2006,164975,0.51,0.65,0.25,5.0,47.8,67.69
2008,233367,0.82,0.88,0.08,5.0,16.72,56.82
2023,92580,0.44,0.35,0.96,69.84,53.89,81.99
2011,80245,0.07,0.92,0.51,43.61,57.89,86.61
2024,174302,0.65,0.94,0.02,50.8,33.7,53.78
2019,239580,0.65,0.07,0.94,15.34,9.72,47.34
2011,248513,0.34,0.91,0.13,9.32,19.49,47.02
2022,164740,0.64,0.73,0.75,45.05,33.9,59.25
2023,137837,0.06,0.64,0.14,56.35,47.52,78.64
2004,22276,0.95,0.95,0.99,7.49,84.78,84.65
2006,152787,0.12,0.35,0.63,9.66,42.19,60.59
2023,210725,0.25,0.8,0.5,40.5,23.18,55.17
2003,101172,0.33,0.16,0.38,16.65,60.84,73.55
2004,128901,0.51,0.93,0.38,8.5,53.14,73.59
2019,171063,0.41,0.48,0.23,28.08,43.49,66.55
2008,210385,0.37,0.55,0.74,5.0,19.2,53.71
2010,18702,0.3,0.6,0.14,48.1,94.05,88.6
2003,128498,0.33,0.33,0.96,15.15,37.92,67.84
2014,101623,0.64,0.38,0.05,33.76,72.11,62.56
2004,208638,0.67,0.63,0.43,5.0,24.12,53.68
2008,36987,0.92,0.65,0.69,31.73,74.04,78.28
2008,118040,0.35,0.94,0.47,14.35,61.07,81.79
2004,195070,0.44,0.0,0.87,5.0,30.79,54.71
2005,44122,0.59,0.02,0.61,29.49,79.85,88.65
2008,34450,0.77,0.3,0.88,28.07,84.87,85.45
2015,92026,0.54,0.55,0.84,43.2,58.56,85.48
2007,190139,0.38,0.73,0.58,5.0,32.33,53.09
2019,180968,0.91,0.85,0.61,25.97,38.02,58.33
2018,219626,0.1,0.64,0.24,34.65,20.95,62.43
2023,122043,0.66,0.13,0.35,63.49,63.51,75.35
2003,37413,0.9,0.51,0.25,12.78,81.12,77.17
2002,90466,0.51,0.62,0.19,12.89,67.34,73.32
2010,203203,0.58,0.25,0.38,6.72,21.49,47.2
2013,77593,0.17,0.15,0.53,50.92,65.26,80.89
2019,232058,0.27,0.52,0.53,29.46,14.23,54.39
2012,19865,0.37,0.11,0.62,62.2,81.39,96.66
2016,175803,0.35,0.03,0.02,35.38,36.62,62.88
2004,85897,0.3,0.16,0.53,24.59,66.6,83.21
2001,71013,0.95,0.82,0.47,5.0,74.13,82.44
2018,50379,0.39,0.79,0.61,57.63,74.9,84.18
2015,74597,0.5,0.2,0.66,47.08,64.4,82.13
2022,121438,0.48,0.66,0.87,51.02,50.66,82.77
2014,130566,0.34,0.05,0.97,43.51,40.75,75.97
2011,166635,0.92,0.48,0.15,15.69,43.5,60.37
2018,79642,0.12,0.94,0.32,41.98,70.58,87.22
2016,123678,0.56,0.98,0.56,35.8,52.53,71.67
2006,232930,0.3,0.54,0.95,5.0,18.88,46.38
2021,105998,0.82,0.18,0.21,52.86,57.91,70.04
2014,224704,0.89,0.87,0.87,13.5,16.27,51.59
2006,249048,0.51,0.73,0.49,5.0,11.8,44.21
2010,116477,0.76,0.07,0.27,20.66,52.07,74.69
2004,120987,0.51,1.0,0.54,10.75,49.66,86.1
2007,239913,0.66,0.78,0.65,5.0,19.45,44.49
2017,210634,0.67,0.73,0.39,23.88,29.71,53.92
2002,219538,0.69,0.69,0.57,5.0,19.36,54.29
2007,221322,0.81,0.96,0.72,5.0,16.05,54.93
2016,26094,0.11,0.98,0.22,57.09,89.08,90.93
2016,54338,1.0,0.92,0.15,30.02,77.35,77.79
2018,63057,0.22,0.89,0.64,47.68,73.64,84.1
2012,11172,0.89,0.12,0.32,42.86,87.85,86.42
2002,54994,0.29,0.05,0.28,23.58,78.5,82.88
2024,63785,0.2,0.1,0.84,85.06,65.7,82.74
2022,161684,0.6,0.56,0.44,41.66,45.82,67.26
2018,186043,0.28,0.43,0.53,37.3,31.91,57.05
2007,53944,0.05,0.99,0.82,35.38,65.15,86.34
2024,1223,0.35,0.81,0.3,5.45,99.04,94.79
2009,193124,0.32,0.62,0.25,14.08,34.82,53.72
2006,135191,0.61,0.28,0.8,5.0,48.85,63.04
2012,181190,0.7,0.4,0.64,14.58,30.04,61.66
2009,50448,0.81,0.96,0.29,17.03,76.12,75.34
2003,186073,0.89,0.76,0.01,5.0,31.46,61.72
2008,245492,0.31,0.25,0.83,5.0,13.88,47.77
2008,212338,0.87,0.25,0.31,5.0,26.62,40.24
2004,178517,0.01,0.06,0.73,12.64,28.05,62.02
2006,60824,0.29,0.67,0.76,30.68,70.16,88.64
2003,96119,0.65,0.44,0.53,5.0,61.53,66.69
2014,58845,0.42,0.68,0.47,45.0,79.72,83.54
2020,239775,0.92,0.8,0.45,24.58,11.9,39.45
2010,142012,0.16,0.91,0.67,26.45,48.05,66.57
2007,176470,0.86,0.81,0.92,5.0,32.08,50.03
2019,96773,0.46,0.7,0.26,46.1,63.42,69.66
2017,97633,0.73,0.23,0.85,47.0,58.61,75.9
2001,109153,0.36,0.46,0.7,15.97,56.04,76.41
2008,50992,0.8,0.14,0.6,31.24,74.41,77.44
2002,100883,0.93,0.59,0.42,5.0,61.63,69.46
2009,99837,0.7,0.03,0.4,31.02,67.55,66.42
2024,217100,0.69,0.4,0.24,33.75,19.65,57.19
2015,232590,0.31,0.85,0.96,16.38,7.96,46.72
2008,72441,0.29,0.5,0.3,33.6,61.96,77.37
2001,107409,0.08,0.94,0.74,10.83,53.5,79.12
2023,241578,0.49,0.5,0.62,38.12,15.36,51.91
2019,183609,0.97,0.73,0.34,21.86,39.39,58.79
2007,34657,0.32,0.83,0.5,24.48,77.83,89.58
2001,230693,0.65,0.78,0.96,5.0,6.37,50.05
2016,6278,0.23,0.92,0.08,62.61,98.09,93.44
2013,68746,0.18,0.16,0.81,50.61,66.31,81.93
2011,22654,0.74,0.23,0.47,44.83,93.95,87.06
2019,198377,0.61,0.13,0.27,37.4,33.29,53.62
2005,71852,0.53,0.49,0.7,19.81,66.06,79.61
2021,89813,0.55,0.7,0.64,48.98,76.08,71.16
2015,67634,0.87,0.08,0.43,45.15,70.55,84.97
2017,71813,0.65,0.36,0.22,38.79,68.08,77.14
2004,64044,0.61,0.37,0.07,26.93,87.21,82.34
2005,107825,0.71,0.36,0.21,12.89,60.96,69.27
2002,240529,0.93,0.01,0.74,5.0,6.48,37.68
2023,186040,0.89,0.22,0.48,43.06,31.67,59.25
2006,91542,0.93,0.26,0.34,5.0,64.73,69.02
2006,139611,0.82,0.14,0.76,5.0,40.68,65.99
2016,50287,0.76,0.37,0.27,45.91,86.15,77.92
2010,153509,0.38,0.74,0.89,16.22,41.65,65.96
2017,20338,0.12,0.31,0.27,65.06,84.15,100.0
2019,149835,0.75,0.82,0.93,37.55,29.36,60.59
2020,220056,0.43,0.56,0.64,29.19,21.3,55.83
2020,175832,0.02,0.75,0.69,48.54,41.02,65.0
2010,172692,0.66,0.5,0.55,5.02,27.9,54.69
2004,73317,0.21,0.34,0.96,21.01,63.39,89.28
2018,102229,0.85,0.27,0.22,40.86,67.88,72.44
2011,205705,0.22,0.24,0.46,23.9,24.63,54.84
2012,123557,0.38,0.94,0.64,25.99,52.67,74.12
2017,197633,0.71,0.68,0.62,27.51,28.98,45.38
2008,206374,0.52,0.12,0.88,7.89,27.8,58.15
2021,48360,0.89,0.44,0.17,63.53,75.76,79.7
2018,236871,0.88,0.21,0.85,26.06,13.71,31.67
2007,110508,0.42,0.16,0.29,20.54,59.93,78.38
2002,170024,0.18,0.6,0.21,5.0,52.06,70.41
2015,222942,0.93,0.56,0.55,14.25,13.78,48.41
2014,84355,0.33,0.4,0.06,41.76,71.23,83.45
2007,38090,0.18,1.0,0.25,31.63,85.31,90.96
2013,12028,0.75,0.88,0.83,37.69,88.9,91.19
2024,56359,0.01,0.37,0.65,80.8,73.95,88.21
2007,96243,0.44,0.42,0.52,21.76,64.35,74.21
2013,5859,0.88,0.92,0.89,35.66,87.38,89.8
2021,106156,0.64,0.78,0.04,48.43,67.94,74.84
2003,83260,0.48,0.74,0.5,9.73,74.54,85.18
2011,10162,0.4,0.3,0.21,55.06,88.0,93.78
2009,223577,0.9,0.02,0.85,6.47,14.22,45.12
2003,209873,0.62,0.98,0.12,5.0,28.7,57.59
2021,240388,0.74,0.65,0.22,22.4,13.12,46.79
2006,124450,0.25,0.48,0.99,19.27,46.76,78.59
2010,151896,0.41,0.63,0.7,32.4,38.01,63.12
2011,207201,0.98,0.62,0.78,5.0,25.36,40.96
2018,122204,0.76,0.59,0.58,36.12,51.75,70.33
2022,179466,0.22,0.26,0.0,53.15,42.22,53.72
2009,95705,0.48,0.13,0.3,36.77,64.53,68.27
2020,68023,0.74,0.95,0.48,55.32,68.82,87.3
2002,17631,0.33,0.94,0.81,22.86,77.2,93.21
2000,55201,0.98,0.52,0.13,5.0,78.65,83.22
2013,65151,0.88,0.05,0.34,44.6,76.57,69.01
2001,41806,0.56,0.87,0.46,9.46,81.06,85.74
2019,76131,0.17,0.9,0.95,50.81,58.32,85.97
2012,200246,0.36,0.44,0.63,24.89,19.21,57.25
2015,241060,0.96,0.24,0.31,13.27,12.44,42.45
2012,148861,0.38,0.48,0.79,24.04,32.76,73.06
2007,193982,0.79,0.58,0.61,5.0,28.14,54.46
2011,71541,0.61,0.95,0.41,24.06,72.77,79.49
2024,51452,0.16,0.32,0.42,75.8,81.7,85.38
2008,170391,0.08,0.76,0.97,22.13,28.67,57.8
2020,208727,0.01,0.89,0.47,41.15,26.37,62.57
2000,838,0.68,0.72,0.56,17.89,91.06,89.02
2021,76102,0.69,0.17,0.46,48.48,61.1,81.41
2013,133963,0.4,0.85,0.49,9.6,54.44,80.16
2012,75799,0.61,0.83,0.31,36.46,65.96,82.41
2006,162612,0.95,0.67,0.72,5.0,34.89,51.04
2015,50166,0.35,0.4,0.24,59.9,80.73,89.94
2024,90707,0.14,0.66,0.36,76.92,65.84,82.56
2013,189229,0.01,0.88,0.09,27.48,41.85,64.12
2003,234659,0.22,0.53,0.27,5.0,17.7,53.49
2011,243618,0.2,0.09,0.82,20.74,12.6,47.41
2021,54169,0.64,0.37,0.12,52.7,73.32,84.79
2006,192352,0.21,0.57,0.11,7.11,29.77,60.55
2005,112583,0.39,0.24,0.55,21.63,55.89,78.77
2019,35946,0.88,0.22,0.82,64.01,73.14,86.26
2017,173966,0.74,0.39,0.88,32.64,33.03,59.43
2017,224953,0.1,0.3,0.4,38.2,20.84,64.28
2011,81184,0.06,0.39,0.34,36.8,78.77,83.92
2010,94037,0.65,0.88,0.41,20.56,57.56,75.57
2004,241802,0.05,0.61,0.98,5.0,13.73,52.13
2011,96974,0.7,0.49,0.93,33.25,54.77,74.65
2014,111304,0.75,0.31,0.2,40.56,64.24,71.26
2017,86046,0.47,0.9,0.02,37.72,69.5,82.43
2016,91431,0.55,0.85,0.9,33.1,62.66,83.36
2005,15357,0.75,0.64,0.1,25.4,89.85,96.1
2012,91984,0.56,0.05,0.3,41.39,71.25,84.43
2018,72788,0.92,0.8,0.25,48.65,65.23,81.93
2010,147072,0.81,0.45,0.17,10.84,47.32,66.0
2018,135567,0.9,0.72,0.48,29.2,41.58,64.09
2003,141333,0.92,0.55,0.14,5.0,52.5,67.35
2003,51161,0.32,0.25,0.17,33.31,89.8,91.86
2018,29547,0.33,0.82,0.72,56.34,77.11,91.82
2019,233468,0.41,0.17,0.2,33.47,13.3,45.03
2021,10123,0.77,0.51,0.76,67.65,94.26,84.62
2016,56942,0.1,0.29,0.78,68.73,76.73,92.15
2015,34937,0.04,0.59,0.77,61.76,77.09,85.29
2008,234453,0.44,0.48,0.28,5.0,19.4,43.82
2015,3111,0.06,0.42,0.77,62.38,91.5,96.07
2011,26280,0.17,0.36,0.25,56.62,89.52,84.82
2018,28371,0.64,0.43,0.04,46.84,82.82,86.1
2020,157281,0.35,0.43,0.69,45.7,39.9,72.29
2012,24935,0.03,0.63,0.19,47.86,91.08,94.93
2010,234496,0.42,0.57,0.49,5.02,16.34,44.08
2021,204032,0.55,0.21,0.74,46.96,27.76,59.37
2017,61894,0.72,0.6,0.54,45.74,73.81,81.4
2002,210676,0.55,0.31,0.34,5.0,33.89,38.93
2017,111035,0.17,0.35,0.15,57.53,67.75,70.0
2016,18428,0.36,0.7,0.45,67.67,91.7,96.36
2022,222208,0.38,0.09,0.58,40.41,15.0,56.73
2009,92056,0.18,0.53,0.32,38.4,57.41,83.72
2023,79038,0.56,0.59,0.44,60.79,68.85,78.06
2007,143439,0.16,0.72,0.04,18.3,50.35,67.72
2019,140905,0.3,0.64,0.13,50.63,61.12,77.53
2002,144299,0.34,0.3,0.26,12.66,49.13,74.73
2018,94504,0.44,0.5,0.73,45.82,57.68,67.37
2017,91644,0.95,0.5,0.7,35.78,56.04,66.99
2004,189080,0.64,0.23,0.81,5.0,18.34,58.5
2012,183736,0.95,0.05,0.66,9.78,32.2,49.8
2024,57942,0.45,0.11,0.63,75.71,61.57,88.36
2024,213698,0.24,0.71,0.86,48.21,23.64,51.06
2005,143866,0.73,0.88,0.82,5.0,47.25,53.35
2004,111574,0.04,0.12,0.1,30.2,60.88,83.67
2024,60284,0.79,0.96,0.72,61.44,74.1,81.93
2004,249360,0.92,0.63,0.97,5.0,11.74,36.34
2014,149412,0.12,0.56,0.43,32.75,43.08,68.05
2017,95483,0.21,0.22,0.27,55.02,65.79,87.27
2014,34425,0.5,0.7,0.78,49.1,83.6,86.68
2016,152929,0.49,0.87,0.9,27.06,40.0,58.11
2017,233131,0.68,0.81,0.53,6.96,18.34,43.16
2005,98371,0.76,0.54,0.18,5.0,61.38,65.84
2017,104108,0.19,0.9,0.0,47.37,67.38,76.55
2010,42400,0.62,0.72,0.73,23.83,66.61,86.69
2016,35189,0.26,0.93,0.13,64.31,96.24,86.0
2017,78756,0.39,0.53,0.73,48.02,66.83,76.5
2012,2578,0.46,0.68,0.43,47.67,91.7,88.54
2023,141155,0.61,0.6,0.63,51.88,42.79,64.82
2024,30838,0.27,0.1,0.32,84.32,91.18,95.49
2000,139747,0.42,0.36,0.52,5.0,48.77,64.89
2009,209371,0.64,0.39,0.07,12.61,34.9,38.53
2003,201010,0.41,0.82,0.88,5.0,19.31,65.87
2017,198296,0.18,0.09,0.3,38.32,27.8,57.79
2024,166968,0.42,0.11,0.19,58.08,43.68,57.09
2023,54545,0.24,0.31,0.08,75.67,86.5,87.47
2024,102210,0.82,0.01,0.23,52.63,63.46,70.34
2005,216193,0.72,0.43,0.18,5.0,20.76,51.99
2006,131302,0.78,0.08,0.28,14.24,59.37,68.14
2014,57483,0.59,0.56,0.46,43.7,72.56,91.91
2008,192279,0.0,0.31,0.1,17.66,35.08,67.93
2014,204843,0.86,0.41,0.14,15.57,23.86,51.01
2002,142853,0.99,0.14,0.37,5.0,55.05,65.45
2006,9712,0.16,0.54,0.61,46.63,85.6,100.0
2007,1234,0.81,0.12,0.2,26.69,85.37,78.55
2024,53992,0.45,0.47,0.19,69.13,81.09,85.47
2009,127633,0.6,0.37,0.08,15.41,55.5,76.35
2003,100124,0.29,0.81,0.57,8.17,55.11,83.61
2002,205495,0.61,0.91,0.16,5.0,35.95,49.75
2006,130150,0.27,0.72,0.29,22.1,57.02,66.56
2007,176497,0.94,0.89,0.51,5.0,43.35,61.87
2021,202777,0.33,0.41,0.28,47.31,24.89,52.56
2019,20650,0.77,0.64,0.01,57.49,93.16,90.65
2009,181687,0.27,0.28,0.92,15.16,24.79,68.06
2009,191102,0.02,0.27,0.33,17.02,32.88,58.41
2006,216760,0.88,0.1,0.64,5.0,8.77,43.84
2011,29485,0.51,0.46,0.24,48.25,84.41,91.27
2021,1872,0.51,0.25,0.14,74.96,93.46,99.55
2016,48705,1.0,0.96,0.39,41.51,77.06,84.73
2018,98584,0.91,0.13,0.31,39.17,62.45,73.62
2004,242501,0.35,0.8,0.48,5.0,12.47,45.56
2018,15088,0.83,0.79,0.88,57.27,83.65,84.25
2004,23894,0.52,0.17,0.43,27.26,85.86,88.56
2016,36500,0.34,0.48,0.38,50.32,84.09,90.51
2019,133572,0.42,0.8,0.43,52.33,47.69,75.31
2017,149011,0.66,0.56,0.73,32.75,38.76,57.29
2014,180942,0.5,0.7,0.31,19.8,47.95,50.24
2007,240838,0.77,0.56,0.92,5.0,15.58,43.08
2005,127239,0.87,0.83,0.16,5.0,54.8,65.57
2012,126385,0.03,0.19,0.57,44.91,49.63,77.11
2010,114532,0.64,0.86,0.15,23.06,64.53,57.04
2000,249778,0.61,0.31,0.8,5.0,8.93,52.9
2009,193438,0.53,0.21,0.27,8.44,28.88,57.72
2012,146096,0.38,0.59,0.48,32.16,49.51,66.82
2007,66110,0.79,0.55,0.48,12.12,73.87,80.99
2003,224922,0.85,0.95,0.41,5.0,10.54,48.36
2015,92914,0.46,0.7,0.33,42.42,63.1,73.7
2021,156871,0.22,0.58,0.62,46.74,38.66,63.25
2020,223782,0.36,0.39,0.95,31.47,12.67,49.17
2002,178946,0.69,0.31,0.73,5.0,22.44,48.87
2021,76199,0.22,0.88,0.07,63.33,69.8,80.88
2018,7728,0.06,0.61,0.21,60.3,100.0,99.58
2013,135181,0.64,0.11,0.56,31.74,52.57,70.34
2001,23335,0.38,0.58,0.26,22.84,97.85,95.15
2002,196970,0.83,0.67,0.2,5.0,39.19,51.69
2004,77588,0.24,0.37,0.31,26.05,67.01,81.51
2019,92849,0.94,0.69,0.77,36.49,52.56,71.56
2001,45102,0.68,0.63,0.43,13.22,64.4,81.29
2011,232994,0.19,0.27,0.07,12.96,11.22,47.4
2023,201712,0.22,0.44,0.41,47.56,30.06,55.69
2020,17720,0.48,0.91,0.39,56.8,86.95,89.45
2011,231210,0.01,0.6,0.6,14.58,21.76,49.6
2006,244121,0.37,0.47,0.12,5.0,19.35,50.75
2023,118105,0.06,0.37,0.88,62.17,42.64,85.36
2001,79538,0.05,0.64,0.69,18.44,67.44,87.11
2005,238217,0.45,0.34,0.35,5.0,15.15,45.19
2006,214869,0.33,0.37,0.34,5.31,20.85,43.54
2004,14015,0.89,0.81,0.73,18.79,91.87,90.0
2008,189374,0.77,0.64,0.18,5.0,31.14,51.83
2012,49813,0.74,0.95,0.07,33.55,82.83,85.01
2005,115838,0.91,0.52,0.21,5.0,67.37,69.88
2019,65393,0.31,0.96,0.67,64.05,58.65,85.93
2024,74327,0.52,0.77,0.12,59.55,73.09,87.63
2002,122603,0.9,0.05,0.19,5.0,55.21,70.87
2009,152736,0.45,0.86,0.67,10.8,46.15,62.09
2019,53021,0.44,0.54,0.55,57.81,84.04,81.28
2017,188132,0.13,0.36,0.02,33.75,39.03,62.31
2010,162999,0.01,0.62,0.69,28.97,40.09,71.51
2017,201687,0.29,0.08,0.26,30.22,35.88,59.51
2019,103309,0.87,0.28,0.94,49.52,47.94,74.7
2005,182322,0.82,0.79,0.91,5.0,26.08,53.75
2021,2255,0.38,0.67,0.58,68.32,100.0,93.09
2003,186794,0.15,0.74,0.2,5.0,37.75,67.64
2014,87369,0.0,0.14,0.4,48.82,71.59,86.61
2024,165772,0.05,0.93,0.99,59.44,31.03,56.51
2018,61099,0.9,0.85,0.24,47.61,85.97,74.25
2007,21541,0.27,0.76,0.97,32.19,83.63,88.6
2000,61789,0.29,0.22,0.99,13.03,69.64,89.66
2008,115366,0.03,0.02,0.95,33.3,45.32,80.94
2015,135814,0.79,0.26,0.56,31.28,56.61,67.46
2007,8347,0.35,0.38,0.02,33.21,100.0,85.52
2013,155640,0.9,0.59,0.82,14.93,40.97,66.94
2019,74209,0.52,0.03,0.76,55.78,64.17,79.79
2004,160451,0.46,0.3,0.93,5.0,37.08,71.02
2003,61293,0.57,0.53,0.47,19.09,72.9,79.19
2005,216109,0.18,0.59,0.76,9.95,23.05,58.76
2017,95995,0.82,0.78,0.77,41.16,54.88,72.11
2007,27452,0.78,0.35,0.25,27.12,86.64,89.6
2003,187591,0.9,0.77,0.28,5.0,37.74,45.93
2004,86552,0.76,0.68,0.22,5.81,71.49,79.75
2000,105231,0.68,0.14,0.74,5.0,59.19,68.38
2012,104678,0.94,0.98,0.84,22.54,59.22,71.19
2017,128318,0.87,0.05,0.8,35.99,39.96,63.54
2020,56078,0.64,0.86,0.95,44.15,65.45,86.26
2016,226142,0.82,0.53,0.0,22.89,29.39,45.34
2016,219137,0.99,0.44,0.42,16.75,26.07,53.26
2003,163460,0.95,0.03,0.22,5.0,46.91,67.45
2022,159203,0.53,0.76,0.81,37.64,28.89,59.34
2000,200633,0.59,0.14,0.97,5.0,21.38,58.03
2015,38141,0.75,0.9,0.93,45.03,71.23,81.87
2007,80857,0.02,0.59,0.89,25.66,69.62,88.33
2005,120211,0.96,0.76,0.78,5.0,50.15,68.74
2008,20503,0.58,0.49,0.18,41.12,84.11,94.97
2010,50814,0.41,0.97,0.08,35.32,81.37,91.4
2014,51856,0.12,0.18,0.7,60.67,76.63,87.86
2002,78279,0.77,0.81,0.82,5.0,65.62,79.31
2014,197110,0.47,0.54,0.16,16.84,38.54,57.2
2016,107346,0.48,0.94,0.6,47.59,62.37,70.8
2017,51919,0.42,0.26,0.23,59.85,83.39,74.7
2017,29993,0.7,0.57,0.82,49.88,81.0,89.48
2005,217515,0.59,0.51,0.98,5.0,16.52,51.73
2013,206549,0.42,0.67,0.71,24.24,12.79,55.97
2013,126895,0.79,0.8,0.0,25.52,51.34,61.4
2002,158983,0.2,0.92,0.08,5.0,45.66,70.42
2005,200086,0.84,0.58,0.99,5.0,25.7,51.33
2021,191468,0.93,0.43,0.01,30.26,40.35,44.89
2016,80481,0.04,0.91,0.64,44.2,67.17,89.09
2011,223419,0.64,0.12,0.85,8.2,17.99,47.72
2011,170766,0.83,0.57,0.13,16.03,42.82,51.1
2024,21245,0.88,0.32,0.88,65.02,79.6,88.98
2005,161928,0.02,0.24,0.61,19.34,41.07,64.68
2014,100847,0.49,0.45,0.85,36.13,61.06,68.08
2015,152188,0.63,0.74,0.37,23.19,40.94,57.63
2014,162657,0.83,0.08,0.16,26.69,45.8,58.54
2022,27030,0.46,0.27,0.81,73.79,79.52,87.71
2015,212444,0.45,0.13,0.25,44.68,22.2,50.04
2016,121926,0.88,0.59,0.79,22.71,47.34,53.41
2022,140828,0.05,0.33,0.74,55.24,42.41,65.84
2016,229071,0.97,0.89,0.26,13.91,29.21,40.63
2003,48343,0.83,0.74,0.79,5.0,75.55,76.34
2004,186401,0.91,0.12,0.27,5.0,34.87,55.54
2004,34804,0.52,0.77,0.88,18.22,78.38,87.24
2013,238811,0.36,0.68,0.0,10.08,23.52,45.62
2023,29307,0.53,0.18,0.19,75.31,88.32,87.49
2014,58601,0.12,0.64,0.87,49.96,68.82,79.13
2023,178413,0.81,0.15,0.15,36.92,40.87,57.27
2023,28823,0.99,0.29,0.42,71.99,87.28,77.73
2003,10965,0.64,0.8,0.98,22.0,82.1,92.65
2006,145596,0.59,0.97,0.04,5.0,55.53,75.82
2020,3291,0.66,0.31,0.81,76.03,84.76,93.07
2009,58800,0.8,0.3,0.95,42.22,65.72,68.6
2014,192781,0.37,0.22,0.71,25.09,31.26,53.07
2011,100307,0.63,0.66,0.64,22.52,62.61,73.97
2008,40809,0.17,0.29,0.34,34.27,79.03,80.24
2010,244542,0.14,0.2,0.24,23.34,20.84,44.39
2020,135756,0.5,0.49,0.8,47.5,50.89,62.27
2017,202203,0.47,0.38,0.78,26.84,20.81,46.87
2004,168996,0.08,0.17,0.69,16.69,36.11,60.96
2019,159613,0.06,0.5,0.05,51.22,41.95,67.29
2016,141592,0.94,0.53,0.85,13.0,38.76,65.18
2017,227189,0.2,0.35,0.61,28.28,19.95,47.97
2005,10597,0.18,0.76,0.93,25.86,82.02,98.4
2022,117305,0.18,0.51,0.67,55.88,52.01,68.67
2002,98591,0.46,0.31,0.99,5.0,63.95,74.6
2011,174414,0.61,0.88,0.74,13.59,33.38,59.64
2010,8642,0.89,0.74,0.06,34.71,92.63,87.25
2007,62495,0.07,0.29,0.63,36.7,75.98,83.9
2016,94865,0.68,0.47,0.36,36.86,58.68,79.1
2023,56497,0.89,0.08,0.29,55.93,74.84,87.39
2018,27200,0.35,0.29,0.79,74.52,78.82,91.85
2003,98517,0.52,0.15,0.04,19.32,65.63,79.31
2013,44049,0.03,0.11,0.19,53.9,89.67,96.1
2020,169638,0.63,0.78,0.32,34.57,39.7,52.38
2005,80536,0.93,0.01,0.41,17.8,66.86,77.19
2021,147866,0.42,0.31,0.56,45.07,37.29,65.89
2008,221826,0.62,0.67,0.24,6.34,24.41,52.24
2018,23377,0.8,0.1,0.73,59.18,80.14,94.89
2018,215263,0.06,0.58,0.29,40.09,27.1,60.04
2001,148605,0.54,0.42,0.65,5.0,51.38,61.09
2000,117792,0.1,0.55,0.17,5.0,55.42,76.79
2021,68816,0.76,0.98,0.02,58.73,70.97,78.67
2010,189749,0.48,0.23,0.7,18.79,30.32,55.69
2019,133187,0.79,0.1,0.25,49.02,54.56,68.13
2024,13317,0.85,0.36,0.81,71.24,90.87,86.03
2017,3170,0.23,0.11,0.79,78.29,86.55,100.0
2013,96010,0.97,0.17,0.45,22.67,57.5,66.93
2015,91180,0.98,0.81,0.76,36.2,62.29,63.02
2022,111263,0.38,0.58,0.49,62.23,59.82,75.61
2020,150253,0.37,0.58,0.29,50.78,43.03,70.31
2017,139320,0.01,0.7,0.89,44.52,43.3,73.92
2010,188182,0.93,0.6,0.29,5.0,36.53,49.42
2010,46785,0.27,0.15,0.43,50.24,85.97,92.72
2021,161738,0.31,0.53,0.64,43.12,41.59,69.35
2022,67131,0.02,0.31,0.92,77.24,65.98,75.48
2017,128671,0.56,0.91,0.94,25.07,47.4,74.23
2024,4216,0.43,0.98,0.23,71.24,91.5,96.92
2022,131206,0.45,0.11,0.69,59.85,46.74,60.45
2019,108957,0.74,0.83,0.66,44.18,63.93,64.73
2010,72755,0.33,0.86,0.02,27.81,75.46,80.91
2003,105737,0.41,0.46,0.64,11.0,58.12,77.25
2019,248628,0.55,0.1,0.21,27.26,13.02,37.89
2003,113698,0.62,0.74,0.71,5.0,53.21,72.79
2014,221308,0.57,0.6,0.09,17.69,30.22,54.16
2006,177132,0.69,0.1,0.67,8.97,25.28,61.09
2010,78029,0.53,0.2,0.39,41.14,60.98,76.97
2017,199728,0.13,0.25,0.01,42.71,34.28,50.77
2002,223825,0.55,0.73,0.27,5.0,16.11,53.22
2020,35390,0.32,0.64,0.92,64.0,74.16,89.91
2017,76303,0.03,0.93,0.11,57.33,65.81,82.97
2007,57178,0.03,0.91,0.82,39.01,80.88,87.36
2018,48910,0.78,0.55,0.3,51.47,66.92,77.28
2000,8345,0.35,0.73,0.58,15.55,91.24,91.79
2000,232753,0.03,0.86,0.38,5.0,20.72,45.38
2020,51972,0.9,0.34,0.33,52.39,74.83,77.34
2000,168053,0.07,0.57,0.84,5.0,30.37,72.33
2002,106913,0.39,0.5,0.12,5.0,63.75,70.26
2003,7600,0.59,0.16,0.66,22.01,84.72,90.82
2019,64753,0.69,0.03,0.56,58.25,72.98,82.52
2021,113060,0.8,0.37,0.53,53.82,52.68,71.46
2004,94717,0.07,0.18,0.67,28.64,66.64,90.49
2017,91600,0.44,0.16,0.74,51.05,64.56,81.26
2018,13769,0.48,0.28,0.78,59.52,80.38,92.77
2001,151626,0.85,0.36,0.69,5.0,38.27,56.74
2016,198211,0.25,0.72,0.86,36.33,19.48,54.44
2006,71786,0.79,0.2,0.39,15.59,68.75,76.13
2010,11400,0.9,0.8,0.17,29.52,99.68,88.66
2023,186404,0.77,0.65,0.96,34.44,29.33,51.34
2003,85935,0.7,0.25,0.7,5.0,63.86,76.62
2021,137769,0.19,0.36,0.28,64.1,50.73,76.58
2015,52315,0.91,0.45,0.43,37.8,81.03,83.85
2024,225873,0.15,0.03,0.66,52.97,10.26,53.23
2014,158781,0.64,0.82,0.9,27.45,29.42,57.55
2010,4174,0.25,0.02,0.74,52.25,81.69,100.0
2020,23834,0.4,0.4,0.14,77.47,84.84,88.2
2013,101428,0.91,0.58,0.98,29.32,58.34,73.01
2008,101458,0.47,0.02,0.52,30.07,62.29,70.75
2015,4619,0.68,0.13,0.06,57.2,100.0,88.35
2006,166776,0.06,0.14,0.58,23.42,34.36,72.39
2017,13019,0.72,0.82,0.64,60.02,81.25,92.57
2010,28559,0.61,0.05,0.85,39.5,78.44,83.26
2023,54389,0.51,0.16,0.99,74.79,62.46,85.04
2004,55859,0.89,0.75,0.23,8.23,90.53,77.07
2019,96485,0.67,0.29,0.81,54.62,49.9,65.67
2022,51460,0.17,0.32,0.1,71.41,85.65,85.12
2016,14294,0.25,0.48,0.08,60.17,93.65,97.65
2015,224309,0.08,0.67,0.09,20.43,39.96,58.58
2015,67163,0.24,0.08,0.57,60.21,70.69,85.75
2014,73941,0.97,0.42,0.44,25.32,73.3,76.0
2018,54542,0.0,0.78,0.75,59.21,72.68,88.92
2010,208381,0.22,0.37,0.72,16.06,19.57,46.71
2006,199048,0.86,0.75,0.36,5.0,31.77,44.95
2008,232989,0.63,0.11,0.46,5.0,21.83,52.44
2010,62915,0.72,0.87,0.58,24.41,70.31,72.92
2004,123427,0.94,0.53,0.69,5.0,49.58,72.48
2023,228393,0.08,0.29,0.56,51.2,13.09,52.24
2019,224712,0.47,0.15,0.12,43.74,9.7,53.6
2004,248196,0.63,0.53,0.48,5.0,19.36,46.29
2013,121066,0.46,0.43,0.31,30.59,49.4,72.64
2014,151313,0.37,0.89,0.24,33.34,35.55,64.1
2016,47651,0.54,0.59,0.75,9.79,73.96,83.08
2014,223677,0.01,0.06,0.25,30.96,23.7,55.99
2008,206535,0.45,0.31,0.89,6.4,30.86,53.81
2024,53322,0.08,0.24,0.32,85.66,68.82,85.24
2021,238906,0.83,0.03,0.76,25.19,13.15,43.09
2002,118431,0.24,0.6,0.4,7.52,61.6,81.96
2023,94755,0.17,0.11,0.84,74.09,62.69,91.06
2023,192413,0.2,0.66,0.4,54.68,34.39,61.38
2019,13273,0.74,0.38,0.04,63.01,94.13,89.12
2018,114015,0.47,0.46,0.35,48.55,55.89,63.65
2010,64991,0.2,0.76,0.27,34.58,79.95,87.35
2021,19897,0.57,0.89,0.7,55.39,81.71,88.57
2021,241404,0.37,0.41,0.56,24.91,15.34,53.23
2016,184192,0.04,0.67,0.27,33.51,37.37,71.34
2010,109737,0.03,0.57,0.56,35.64,59.81,78.48
2009,98312,0.8,0.45,0.59,27.22,59.63,74.25
2016,244589,0.4,0.33,0.01,23.01,23.48,39.87
2017,184143,0.81,0.14,0.27,28.64,29.3,57.78
2006,127248,0.76,0.88,0.61,5.0,45.92,67.91
2018,103030,0.3,0.0,0.62,7.53,56.33,71.78
2017,246824,0.56,0.53,0.18,21.68,26.5,46.44
2013,40144,0.51,0.7,0.31,53.22,83.04,78.89
2019,72253,0.49,0.16,0.69,53.93,64.3,93.52
2007,247945,0.29,0.91,0.93,5.0,5.0,42.7
2016,184755,0.19,0.97,0.85,31.61,32.33,62.3
2001,6329,0.01,0.21,0.63,37.09,90.66,100.0
2010,183028,0.56,0.26,0.47,16.46,30.74,66.35
2013,180783,0.27,0.53,0.82,34.22,32.98,53.82
2017,26373,0.99,0.58,0.39,52.17,84.47,84.26
2003,180528,0.4,0.47,0.84,5.0,28.62,65.71
2004,67694,0.9,0.38,0.38,5.0,75.23,74.08
2023,144684,0.17,0.47,0.03,57.16,52.76,74.1
2007,31943,0.65,0.51,0.28,18.04,90.36,86.64
2008,167791,0.77,0.99,0.43,5.68,36.73,58.17
2017,134301,0.69,0.75,0.22,30.37,51.71,65.63
2006,159191,0.01,0.08,0.17,15.69,43.35,66.06
2006,138312,0.26,0.38,0.83,24.49,51.19,66.5
2022,161621,0.52,0.52,0.22,44.77,45.35,63.54
2004,162273,0.19,0.91,0.61,5.0,42.21,60.67
2015,42195,0.58,0.05,0.2,57.19,79.39,76.38
2022,2294,0.31,0.74,0.7,76.41,81.53,96.74
2018,92094,0.55,0.71,0.57,42.96,63.47,79.4
2010,176410,0.17,0.73,0.05,25.84,40.27,58.65
2023,119601,0.31,0.8,0.7,56.06,53.53,83.14
2011,153402,0.22,0.34,0.48,25.72,45.88,71.84
2012,127730,0.66,0.53,0.86,29.45,50.8,73.35
2003,127255,0.04,0.37,0.99,17.8,45.63,78.42
2015,62640,0.71,0.41,0.21,45.06,83.7,74.09
2004,202499,0.55,0.9,0.19,5.0,33.67,52.47
2011,51785,0.94,0.43,0.55,36.03,81.5,87.71
2018,133214,0.71,0.42,0.74,40.58,52.88,70.43
2015,19492,0.65,0.05,0.27,67.41,87.23,90.82
2003,25106,0.97,0.71,0.76,19.0,82.46,84.48
2020,22931,0.05,0.14,0.4,70.04,90.83,100.0
2024,48769,0.97,0.94,0.1,60.96,76.72,83.39
2003,158031,0.74,0.36,0.15,5.0,53.86,55.06
2000,100848,0.57,0.37,0.94,5.0,49.6,70.73
2007,216755,0.27,0.07,0.6,9.97,20.16,52.02
2022,135355,0.55,0.04,0.66,44.71,45.75,64.27
2009,235063,0.46,0.13,0.68,5.0,5.0,52.49
2002,169370,0.84,0.64,0.44,5.0,28.09,55.69
2006,92877,0.34,0.04,0.12,27.75,68.18,74.27
2004,138765,0.1,0.62,0.46,15.76,57.27,69.81
2010,40317,0.17,0.63,0.28,44.36,87.78,92.44
2012,180449,0.85,0.31,0.78,21.38,29.48,56.16
2006,138466,0.56,0.54,0.46,15.84,45.58,60.35
2003,162703,0.46,0.44,0.99,5.0,39.11,61.68
2021,75506,0.94,0.87,0.84,42.71,63.19,73.48
2010,244587,0.42,0.25,0.1,20.94,18.73,45.98
2002,96921,0.36,0.88,0.93,12.46,55.81,79.64
2014,235274,0.36,0.83,0.6,9.99,24.39,51.89
2019,231780,0.4,0.17,0.62,29.92,20.0,47.51
2008,2701,0.9,0.41,0.95,38.86,89.74,97.18
2000,128132,0.7,0.37,0.49,5.0,55.52,67.86
2006,218607,0.91,0.52,0.86,5.0,19.27,48.83
2001,180694,0.69,0.92,0.51,5.0,27.69,63.98
2002,38027,0.98,0.09,0.97,14.65,82.25,79.25
2002,243147,0.49,0.28,0.45,5.0,13.24,37.68
2016,126413,0.53,0.48,0.27,38.26,54.28,61.72
2019,222559,0.87,0.6,0.48,24.51,16.18,61.8
2003,78239,0.45,0.8,0.98,12.54,56.93,76.53
2009,167674,0.73,0.72,0.26,5.0,35.42,64.28
2007,142299,0.48,0.51,0.69,14.47,41.23,71.04
2008,216846,0.68,0.68,0.09,5.0,19.42,53.1
2004,44923,0.49,0.16,0.03,25.12,84.3,80.5
2008,176530,0.8,0.28,0.87,10.83,27.99,63.72
2008,60247,0.86,0.62,0.92,10.75,75.47,70.7
2003,245439,0.13,0.71,0.32,5.0,18.1,47.53
2005,125152,0.45,0.5,0.27,14.69,62.03,75.1
2005,82160,0.3,0.94,0.77,25.59,63.26,86.0
2023,43648,0.63,0.39,0.24,60.71,86.94,72.57
2018,96119,0.34,0.35,0.39,64.26,63.27,83.71
2020,176471,0.89,0.94,0.06,32.68,39.23,53.55
2012,669,0.93,0.36,0.53,48.56,87.04,88.94
2010,35322,0.27,0.46,0.64,40.7,76.54,83.86
2011,225680,0.84,0.24,0.47,5.0,20.65,46.6
2014,48649,0.91,0.14,0.36,44.45,81.38,84.32
2021,91365,0.2,0.75,0.9,56.04,60.91,74.23
2012,237944,0.48,0.94,0.11,7.48,24.77,47.16
2009,18679,0.47,0.9,0.41,38.46,80.07,97.17
2007,22450,0.18,0.0,0.09,55.81,89.22,100.0
2005,178991,0.32,0.79,0.45,5.0,27.83,62.67
2016,87978,0.86,0.25,0.05,33.45,67.2,78.61
2005,95435,0.21,0.32,0.23,30.17,67.58,71.71
2008,131725,0.43,0.75,0.67,22.96,59.78,65.29
2014,176962,0.21,0.09,0.18,31.95,35.63,69.02
2020,41020,0.52,0.03,0.87,61.65,74.99,86.3
2021,93891,0.82,0.35,0.13,46.89,63.61,71.04
2002,125234,0.41,0.29,0.84,9.81,53.24,70.31
2023,211316,0.53,0.16,0.21,43.21,34.95,58.58
2016,167412,0.54,0.48,0.1,34.38,35.38,68.02
2007,150440,0.16,0.24,0.62,41.11,46.08,62.05
2010,176817,0.46,0.08,0.13,5.0,36.84,58.56
2017,168166,0.3,0.79,0.81,36.3,29.22,69.61
2019,14386,0.33,0.87,0.0,56.2,86.88,96.57
2015,179087,0.19,0.82,0.31,27.23,44.14,62.01
2014,191979,0.17,0.71,0.97,36.0,23.11,60.8
2006,100028,0.94,0.41,0.93,7.91,52.63,72.32
2004,103316,0.48,0.23,0.51,22.91,52.58,76.4
2010,217731,0.36,0.74,0.12,15.8,25.95,44.63
2017,192709,0.32,0.38,0.5,35.59,34.88,54.23
2012,29764,0.11,0.18,0.42,57.73,81.97,96.33
2002,99198,0.61,0.52,0.13,5.0,55.28,79.37
2019,130101,0.91,0.98,0.58,32.07,49.2,67.81
2000,16624,0.6,0.53,0.35,12.18,83.01,89.27
2016,240191,0.49,0.09,0.15,16.61,19.13,40.29
2003,81039,0.99,0.41,0.33,7.75,68.0,63.64
2019,50696,0.41,0.77,0.18,60.78,85.24,83.95
2018,164081,0.19,0.03,0.94,57.17,35.09,65.2
2022,178330,0.56,0.17,0.48,48.73,37.79,63.36
2006,199696,0.32,0.5,0.14,5.0,26.05,56.39
2013,41213,0.93,0.47,0.83,34.57,68.58,75.95
2017,238870,0.85,0.98,0.36,5.08,17.86,47.11
2008,82673,0.0,0.21,0.7,41.32,64.96,86.48
2008,65091,0.93,0.89,0.48,17.13,74.31,80.25
2021,109148,0.92,0.56,0.87,46.74,56.75,74.33
2007,59697,0.74,0.93,0.59,22.67,66.53,87.58
2019,164314,0.89,0.7,0.36,24.99,42.78,53.84
2005,61798,0.77,0.33,0.97,17.84,71.37,80.97
2005,114013,0.7,0.75,0.39,7.58,57.87,63.63
2019,199557,0.86,0.75,0.65,18.92,27.41,54.13
2009,19090,0.94,0.51,0.51,28.44,87.6,95.28
2007,71982,0.21,0.71,0.19,31.3,74.08,87.44
2016,69075,0.33,0.1,0.3,64.63,67.98,89.92
2002,157537,0.96,0.24,0.59,5.0,35.41,56.11
2015,95255,0.85,0.57,0.25,31.62,65.14,76.31
2020,24898,0.8,0.18,0.46,54.55,91.84,92.85
2014,61729,0.88,0.46,0.66,33.47,76.9,84.4
2011,12363,0.86,0.95,0.47,31.08,82.67,79.32
2002,120154,0.31,0.96,0.56,6.06,52.51,71.38
2009,72873,0.36,0.22,0.46,20.7,64.85,83.46
2000,122503,0.76,0.9,0.65,5.0,53.67,68.86
2021,114835,0.88,0.44,0.26,52.84,67.22,62.5
2010,8174,0.93,0.49,0.06,36.89,95.02,89.35
2007,7426,0.96,0.39,0.47,34.11,95.16,81.66
2023,64669,0.44,0.01,0.8,72.74,62.16,80.31
2007,117679,0.74,0.87,0.97,16.47,40.62,66.14
2022,217822,0.64,0.64,0.88,28.44,24.85,48.97
2006,171710,0.19,0.42,0.87,7.91,29.88,63.63
2002,158082,0.42,0.33,0.36,5.0,48.14,56.51
2003,97938,0.21,0.7,0.74,5.04,56.37,77.12
2008,116526,0.89,0.74,0.12,5.0,63.47,70.87
2004,181028,0.78,0.61,0.73,5.0,38.31,60.82
2002,6480,0.94,0.43,0.11,15.18,94.52,89.53
2006,57385,0.86,0.87,0.97,15.48,72.17,75.94
2007,53764,0.99,0.11,0.81,12.89,71.58,80.66
2000,157440,0.98,0.8,0.1,5.0,40.59,60.42
2015,23606,0.85,0.14,0.61,51.52,94.82,86.22
2021,10939,0.54,0.34,0.1,70.68,94.96,92.72
2001,159543,0.59,0.78,0.24,5.0,47.24,66.19
2002,50150,0.06,0.96,0.03,16.26,82.16,85.63
2011,34329,0.83,0.49,0.81,34.35,72.08,82.41
2019,219657,0.15,0.79,0.24,32.47,24.98,53.92
2004,136131,0.36,0.55,0.7,11.95,56.82,72.98
2018,163975,0.87,0.62,0.85,23.13,40.33,61.3
2014,56501,0.78,0.4,0.82,39.51,63.54,80.53
2022,200388,0.09,0.51,0.36,53.53,24.45,59.17
2010,105046,0.68,0.82,0.97,20.86,58.83,75.76
2012,73851,0.42,0.83,0.31,42.12,72.92,73.95
2017,73509,0.25,0.29,0.15,56.73,66.8,83.1
2024,8472,0.17,0.35,0.97,87.22,89.36,97.76
2003,223858,0.63,0.53,0.14,5.0,23.73,51.02
2005,198987,0.7,0.66,0.55,5.0,31.97,55.21
2000,178170,0.52,0.76,0.35,5.0,39.14,54.99
2015,10685,0.87,0.31,0.22,51.6,99.54,84.69
2019,130386,0.89,0.29,0.29,35.75,48.73,61.65
2009,79035,0.87,0.52,0.99,17.47,54.2,75.75
2017,47756,0.08,0.04,0.14,63.28,81.55,86.95
2023,113576,0.7,0.81,0.7,56.67,52.98,70.33
2020,231655,0.07,0.67,0.74,43.76,11.74,44.7
2020,42782,0.57,0.41,0.29,68.22,85.32,81.02
2016,178300,0.22,0.5,0.05,37.66,40.0,61.96
2000,91383,0.23,0.1,0.01,11.93,72.98,76.78
2003,181315,0.12,0.79,0.04,7.02,44.11,61.12
2021,17572,0.83,0.76,0.58,63.76,85.98,80.31
2011,199889,0.38,0.27,0.69,14.36,33.63,59.05
2005,109240,0.1,0.67,0.27,21.67,51.95,73.84
2017,177164,0.86,0.99,0.65,21.05,26.99,54.74
2020,214326,0.22,0.65,0.4,37.92,22.9,50.16
2010,100637,0.97,0.65,0.6,16.26,58.93,71.89
2009,220103,0.43,0.58,0.28,9.38,16.17,59.33
2000,54062,0.92,0.89,0.3,5.0,79.59,89.51
2024,111451,0.94,0.85,0.72,54.45,50.27,74.73
2011,90987,0.93,0.05,0.04,30.67,75.18,70.63
2015,167934,1.0,0.56,0.95,7.89,36.27,61.89
2008,144557,0.65,0.51,0.63,5.0,51.04,75.88
2024,134507,0.39,0.04,0.9,57.32,44.77,70.58
2024,77905,0.81,0.99,0.02,53.07,75.3,74.72
2006,55677,0.0,0.54,0.8,38.91,68.34,77.36
2022,186321,0.34,0.23,0.44,47.91,35.74,63.4
2019,139170,0.7,0.76,0.49,37.72,42.23,72.4
2019,158585,0.54,0.74,0.12,33.82,43.39,66.37
2001,140714,0.49,0.51,0.47,5.0,37.15,71.28
2016,19563,0.19,0.45,0.39,71.18,90.83,97.16
2012,208045,0.68,0.8,0.35,16.22,22.65,52.85
2014,142890,0.97,0.03,0.23,27.16,53.58,58.51
2002,162186,0.62,0.19,0.16,5.0,46.4,63.71
2000,90834,0.96,0.24,0.69,5.0,55.9,69.94
2008,68469,0.67,0.27,0.85,29.98,69.82,84.2
2003,217953,0.78,0.21,0.4,5.0,24.48,62.09
2000,109014,0.54,0.86,0.17,5.0,72.14,77.31
2014,103650,0.1,0.02,0.57,49.82,59.39,78.68
2007,55570,0.97,0.76,0.9,12.03,69.59,84.18
2018,38788,0.67,0.31,0.44,57.8,76.62,88.11
2012,239263,0.9,0.21,0.39,10.01,15.45,47.91
2017,214091,0.69,0.0,0.17,35.73,36.21,53.32
2018,158755,0.28,0.81,0.52,39.07,45.85,61.99
2014,88700,0.62,0.19,0.78,34.13,59.78,81.95
2014,10982,0.61,0.47,0.02,52.85,99.33,97.65
2002,43470,0.74,0.65,0.49,6.34,79.23,78.08
2016,154249,0.27,0.39,0.38,40.65,39.18,68.4
2013,102465,0.78,0.97,0.65,26.05,57.09,80.81
2024,85525,0.96,0.61,0.59,58.9,67.63,79.04
2011,153853,0.1,0.18,0.01,35.09,54.7,72.8
2014,130156,0.57,0.82,0.1,33.95,49.71,70.05
2014,9823,0.75,0.09,0.99,57.09,77.28,85.59
2019,157676,0.9,0.64,0.24,26.28,53.37,70.53
2002,164899,0.5,0.37,0.5,5.0,36.68,61.83
2001,111112,0.23,0.44,0.53,5.0,62.12,83.11
2014,235982,0.48,0.37,0.48,22.65,16.37,43.72
2018,243041,0.08,0.23,0.98,30.46,17.42,51.99
2002,155879,0.27,0.54,0.91,5.0,29.72,59.79
2014,19029,0.15,0.21,0.32,61.57,92.02,94.37
2001,55997,0.84,0.13,0.51,10.7,72.36,79.02
2017,223164,0.19,0.62,0.28,32.19,23.35,51.48
2022,79417,0.55,0.34,0.02,55.32,76.89,76.7
2020,33501,0.82,0.76,0.12,54.52,92.34,77.98
2011,36549,0.49,0.01,0.78,41.05,90.39,81.56
2022,85859,0.71,0.17,0.45,57.52,66.56,66.48
2006,67230,0.94,0.65,0.08,21.0,74.85,72.43
2011,198532,0.9,0.61,0.06,18.51,34.89,46.94
2021,130286,0.98,0.04,0.87,40.37,47.12,56.27
2019,45573,0.42,0.86,0.23,64.54,77.01,89.25
2014,18576,0.71,0.75,0.26,47.5,97.43,89.62
2009,105009,0.27,0.69,0.6,16.66,67.43,77.46
2002,153518,0.69,0.5,0.71,5.0,34.71,63.0
2004,144740,0.67,0.88,0.21,5.0,49.43,59.47
2015,149010,0.63,0.15,0.97,20.8,36.84,60.7
2012,169774,0.02,0.85,0.91,25.83,36.28,65.42
2006,226147,0.95,0.12,0.75,5.0,16.05,48.93
2009,202887,0.73,0.04,0.67,10.46,24.73,58.6
2012,113690,0.9,0.05,0.21,26.39,51.42,74.62
2018,232536,0.44,0.11,0.79,36.29,17.26,51.94
2002,73844,0.93,0.45,0.13,10.12,78.1,77.86
2012,138144,0.96,0.4,0.91,20.11,45.79,55.86
2021,204273,0.09,0.68,0.83,50.26,22.47,54.98
2019,183912,0.1,0.19,0.63,56.72,39.96,59.38
2017,152326,0.97,0.07,0.8,29.69,41.28,65.86
2019,81015,0.69,0.73,0.53,52.32,62.89,80.78
2003,122753,0.14,0.15,0.67,25.35,44.46,79.05
2019,25618,0.87,0.86,0.32,60.74,84.76,77.82
2021,191048,0.44,0.59,0.42,33.42,36.9,46.94
2016,60446,0.5,0.56,0.85,50.63,69.09,84.05
2010,146103,0.49,0.29,0.48,22.81,45.37,61.36
2017,81167,0.88,0.89,0.44,28.21,66.1,69.46
2019,141689,0.68,0.88,0.23,36.04,57.16,67.76
2017,190324,0.44,0.0,0.11,32.24,37.18,58.94
2023,218726,0.76,0.38,0.83,31.52,11.37,45.14
2022,134558,0.46,0.31,0.88,64.54,53.82,74.63
2012,240176,0.82,0.77,0.06,5.0,14.6,47.49
2012,114129,0.8,0.3,0.71,22.27,43.72,70.5
2013,21834,0.56,0.12,0.07,57.79,86.68,88.49
2020,78665,0.19,0.57,0.1,61.72,62.85,78.83
2006,208148,0.3,0.63,0.7,12.16,22.16,54.24
2024,242494,0.8,0.02,0.28,36.62,20.52,42.69
2018,198633,0.75,0.76,0.69,29.24,23.02,53.15
2013,53270,0.63,0.14,0.5,50.53,69.85,82.15
2020,228388,0.33,0.71,0.36,30.77,20.91,49.59
2007,154496,0.84,0.61,0.35,5.0,41.11,64.67
2005,136948,0.13,0.65,0.6,7.61,48.77,71.17
2000,238406,0.76,0.76,0.54,5.0,13.59,42.98
2004,56495,0.39,0.15,0.13,26.32,81.4,96.19
2012,212912,0.45,0.5,0.54,16.94,23.63,46.72
2015,123108,0.8,0.27,0.64,40.88,45.88,69.93
2005,12873,0.23,0.93,0.3,35.33,97.81,100.0
2022,80721,0.33,0.53,0.09,70.86,76.7,89.12
2004,63314,0.7,0.52,0.38,12.08,69.27,82.63
2018,138345,0.64,0.26,1.0,42.1,44.07,69.09
2008,24483,0.4,0.77,0.45,46.36,85.76,79.55
2020,59346,0.46,0.52,0.24,56.61,82.12,85.13
2006,78630,0.01,0.73,0.03,18.13,75.36,87.89
2008,14075,0.42,0.88,0.82,39.52,89.19,100.0
2018,210753,0.37,0.87,0.52,32.13,31.46,52.97
2016,16147,0.28,0.45,0.12,53.37,94.4,91.5
2014,83441,0.09,0.44,0.36,55.36,68.11,85.04
2021,126296,0.08,0.97,0.49,62.45,43.92,71.11
2023,24604,0.7,0.22,0.04,68.09,86.09,92.05
2017,246531,0.49,0.35,0.49,23.38,7.54,46.83
2007,213997,0.14,0.58,0.58,15.01,16.55,59.78
2002,54873,0.14,0.22,0.2,24.93,76.08,84.5
2009,109914,0.31,0.69,0.49,23.88,55.84,64.21
2010,163486,0.84,0.95,0.48,5.0,45.13,58.54
2010,96779,0.07,0.72,0.32,34.67,58.0,81.71
2024,65442,0.44,0.88,0.72,69.85,69.27,86.17
2001,2992,0.0,0.52,0.65,39.9,99.2,100.0
2001,47033,0.06,0.31,0.53,21.96,74.16,89.17
2018,115868,0.86,0.06,0.24,41.16,59.56,75.06
2018,87540,0.88,0.17,0.27,51.65,69.44,74.34
2016,134131,0.09,0.34,0.11,46.3,50.18,77.89
2009,238335,0.15,0.24,0.89,6.44,5.0,43.9
2006,116692,0.44,0.45,0.3,17.59,48.08,77.05
2024,118478,0.62,0.61,0.51,65.53,56.87,68.11
2006,152303,0.95,0.37,0.23,5.0,40.41,59.49
2017,190577,0.73,0.74,0.34,33.37,28.52,51.14
2006,193531,0.31,0.8,0.33,5.0,34.65,50.13
2012,249740,0.51,0.78,0.36,5.0,15.32,45.56
2024,125345,0.79,0.21,0.79,51.44,47.8,73.74
2021,43165,0.5,0.69,0.07,73.3,82.48,92.21
2023,199808,0.53,0.3,0.91,40.1,22.67,56.09
2019,5508,0.32,0.13,0.83,70.23,92.06,97.99
2009,155385,0.37,0.3,0.03,12.69,48.84,73.8
2003,233282,0.75,0.88,0.2,5.0,26.3,41.88
2000,26859,0.68,0.14,0.71,13.85,91.21,90.03
2020,9014,0.54,0.35,0.63,78.53,79.53,100.0
2015,207474,0.86,0.65,0.63,9.95,16.34,52.94
2005,66866,0.55,0.57,0.51,21.01,73.45,78.51
2007,149731,0.73,0.81,0.7,6.62,34.65,66.88
2009,153531,0.64,0.2,0.75,13.25,39.8,65.59
2011,149848,0.37,0.92,0.41,23.81,51.31,65.85
2010,73811,0.32,0.32,0.72,36.68,58.27,86.68
2022,178075,0.61,0.33,0.41,46.66,43.98,52.17
2023,106807,0.22,0.08,0.02,67.41,59.62,79.65
2006,23152,0.99,0.12,0.66,21.56,87.39,85.33
2012,131535,0.91,0.18,0.88,25.01,52.82,56.47
2013,142673,0.64,0.44,0.46,20.29,50.02,66.65
2001,114392,0.97,0.06,0.45,5.0,66.16,72.44
2019,51861,0.0,0.18,0.33,70.97,76.68,90.68
2024,199416,0.09,0.97,0.99,51.88,24.81,50.63
2011,155229,0.78,0.9,0.23,5.0,45.07,67.03
2016,42382,0.39,0.22,0.1,57.68,84.52,88.27
2018,235264,0.64,0.71,0.81,20.29,10.47,41.87
2016,40669,0.03,0.54,0.62,56.66,75.32,88.14
2011,124356,0.82,0.07,0.62,17.44,51.81,65.2
2021,116947,0.96,0.12,0.84,40.44,51.38,61.94
2016,113016,0.76,0.16,0.31,30.77,54.13,64.39
2012,105129,0.19,0.58,0.7,40.27,63.62,70.59
2000,183118,0.2,0.04,0.39,5.0,38.39,56.23
2024,32160,0.88,0.21,0.81,66.42,75.88,81.1
2009,177288,0.97,0.23,0.28,5.0,38.47,51.35
2009,223161,0.41,0.26,0.53,7.5,22.91,45.7
2013,73157,0.21,0.27,0.35,50.09,72.56,85.09
2002,67638,0.51,0.88,0.81,13.27,66.7,81.67
2003,152889,0.06,0.63,0.92,5.0,41.95,63.77
2024,32186,0.91,0.32,0.01,72.22,91.33,83.0
2004,33775,0.62,0.1,0.79,21.71,79.2,87.46
2000,53180,0.39,0.25,0.21,20.58,75.0,79.92
2023,97375,0.67,0.6,0.75,66.65,61.68,76.45
2009,245693,0.43,0.11,0.66,19.76,11.79,53.19
2020,144088,0.37,0.96,0.62,33.48,38.88,70.72
2000,214547,0.48,0.15,0.52,5.0,16.58,49.62
2016,169720,0.82,0.19,0.13,24.69,37.66,51.69
2003,186534,0.31,0.91,0.65,5.0,39.7,55.89
2024,173809,0.62,0.72,0.12,46.5,41.12,49.47
2006,242520,0.62,0.02,0.43,5.0,9.29,50.16
2007,200418,0.29,0.4,0.07,8.21,26.02,53.42
2009,248787,0.95,0.33,0.23,5.0,23.43,41.04
2007,64267,0.93,0.76,0.32,11.18,75.16,80.6
2001,17863,0.85,0.32,0.76,13.87,81.43,84.97
2016,196686,0.35,0.73,0.56,34.63,27.02,58.6
2021,133414,0.69,0.6,0.23,38.95,55.88,53.55
2009,201084,0.31,0.78,0.21,7.56,33.11,61.3
2004,218248,0.56,0.11,0.42,5.0,20.15,49.14
2000,123227,0.24,0.12,0.13,10.68,55.2,72.16
2007,6719,0.3,0.46,0.95,38.13,90.29,89.32
2010,67624,0.7,0.95,0.14,28.99,71.7,85.55
2013,66148,0.74,0.4,0.72,33.27,64.61,76.53
2020,25977,0.41,0.22,0.13,76.12,87.38,83.57
2016,66493,0.89,0.74,0.85,40.37,65.5,77.28
2015,79862,0.43,0.67,0.9,44.81,65.33,87.23
2013,86042,0.48,0.36,0.65,44.08,66.04,76.79
2014,196617,0.22,0.88,0.34,26.08,29.64,58.02
2011,238614,0.22,0.75,0.54,13.86,7.99,50.47
2018,18838,0.23,0.14,0.19,69.99,94.29,83.25
2014,59292,0.9,0.7,0.19,35.99,81.48,75.1
2003,179777,0.52,0.96,0.16,5.0,41.26,63.89
2003,53283,0.53,0.81,0.27,8.65,83.21,76.47
2023,158032,0.33,0.42,0.13,58.07,47.79,67.53
2021,216757,0.4,0.44,0.84,37.49,13.14,57.25
2021,196609,0.52,0.83,0.56,40.94,22.47,62.95
2006,217352,0.25,0.71,0.12,5.0,26.62,45.48
2005,99410,0.46,0.27,0.39,19.29,61.06,74.9
2016,227050,0.19,0.59,0.12,20.32,17.83,49.18
2009,87009,0.23,0.76,0.59,26.72,69.75,77.31
2019,181370,0.9,0.97,0.36,22.5,34.38,64.45
2013,159760,0.45,0.94,0.8,21.23,42.61,67.22
2006,130271,0.06,0.96,0.98,6.08,40.27,73.39
2009,199620,0.4,0.56,0.44,13.7,27.94,59.1
2010,68725,0.09,0.35,0.31,48.25,72.86,78.69
2004,231866,0.44,0.45,0.34,5.0,9.76,52.44
2012,235829,0.26,0.86,0.13,11.6,25.72,44.62
2016,61507,0.56,0.82,0.35,45.09,78.95,81.58
2006,129141,0.34,0.34,0.81,15.24,45.92,70.29
2019,140407,0.91,0.61,0.86,38.09,43.59,62.61
2002,224921,0.58,0.58,0.93,5.0,7.52,45.39
2015,41637,0.16,0.33,0.04,59.22,82.68,92.57
2018,199637,0.05,0.74,0.36,44.27,34.56,56.34
2012,43480,0.19,0.5,0.45,46.6,79.66,88.56
2022,82973,0.65,0.89,0.5,65.07,61.6,87.23
2020,226990,0.56,0.22,0.74,47.84,10.11,50.63
2014,159329,0.74,0.88,0.68,5.0,37.76,49.94
2008,205319,0.1,0.24,0.06,15.34,26.5,59.86
2021,48757,0.85,0.29,0.36,48.24,84.11,87.58
2019,72631,0.23,0.43,0.4,56.73,81.18,82.03
2014,206244,0.24,0.26,0.18,23.93,36.34,49.0
2023,119217,0.81,0.56,0.26,51.49,53.3,65.28
2024,157890,0.28,0.81,0.13,52.52,41.37,66.17
2006,190442,0.45,0.36,0.17,5.0,38.52,48.96
2011,196198,0.74,0.51,0.52,14.31,26.29,49.88
2009,195979,0.11,0.76,0.84,12.18,28.78,65.25
2001,169323,0.15,0.86,0.94,5.0,27.2,62.44
2021,69099,0.14,0.01,0.29,80.21,81.93,87.17
2023,158469,0.79,0.2,0.58,49.35,43.16,56.62
2014,146184,0.82,0.27,0.34,26.4,41.64,53.5
2020,162572,0.17,0.41,0.08,53.3,49.18,55.68
2017,142831,0.67,0.97,0.67,24.17,40.09,58.77
2007,209196,0.44,0.19,0.46,5.0,33.4,49.72
2009,211203,0.5,0.12,0.27,15.08,18.15,41.57
2005,117660,0.94,0.87,0.05,5.0,52.38,64.02
2019,158927,0.94,0.74,0.91,22.38,33.17,55.61
2015,141062,0.92,0.8,0.81,29.12,39.27,66.51
2012,51873,0.6,0.17,0.89,38.67,62.85,82.52
2021,187008,0.29,0.31,0.44,49.64,37.13,53.92
2004,218968,0.3,0.08,0.52,5.0,10.31,46.22
2014,52454,0.56,0.21,0.03,40.57,88.07,85.08
2005,113676,0.8,0.59,0.35,10.1,63.19,75.87
2018,166995,0.2,0.95,0.23,41.92,44.29,67.52
2021,124986,0.75,0.11,0.32,51.83,58.77,72.57
2009,221984,0.34,0.31,0.08,11.93,24.07,55.75
2003,34652,0.74,0.47,0.13,12.55,88.54,87.36
2004,108917,0.34,0.62,0.25,7.8,63.23,76.5
2005,72469,0.64,0.78,0.98,13.25,62.55,76.1
2005,58658,0.61,0.59,0.71,28.17,78.84,80.25
2000,77882,0.6,0.01,0.18,11.5,75.17,83.06
2003,227505,0.53,0.96,0.29,5.0,21.09,54.82
2010,110121,0.53,0.68,0.35,26.96,59.59,68.72
2010,89930,0.95,0.06,0.45,21.67,62.66,73.83
2010,180345,0.12,0.22,0.9,23.27,27.86,58.73
2024,24919,0.67,0.11,0.11,73.97,89.35,90.6
2024,204821,0.79,0.13,0.97,41.86,20.79,58.59
2020,27290,0.16,0.62,0.84,67.39,78.5,91.49
2013,83317,0.56,0.89,0.05,37.34,69.46,77.26
2016,243728,0.72,0.24,0.24,19.23,17.17,42.9
2023,35033,0.08,0.5,0.45,81.44,86.07,90.56
2015,111948,0.53,0.79,0.37,36.67,55.42,78.53
2013,161621,0.64,0.37,0.05,30.75,43.44,60.7
2016,69895,0.09,0.59,0.76,48.68,64.01,95.41
2005,149581,0.28,0.91,0.09,5.0,47.92,76.01
2014,47166,0.22,0.22,0.27,55.57,77.72,87.47
2013,207570,0.88,0.51,0.68,5.0,20.45,46.9
2010,191158,0.88,0.01,0.18,6.1,37.47,52.76
2024,127218,0.91,0.96,0.01,46.98,52.88,66.8
2009,61187,0.14,0.41,0.31,38.02,80.68,83.67
2019,1957,0.24,0.43,0.8,76.74,92.77,100.0
2016,46897,0.44,0.35,0.24,47.48,71.14,90.88
2016,210251,0.54,0.29,0.4,25.17,19.11,53.89
2013,182109,0.6,0.64,0.98,20.34,31.56,57.14
2004,4182,0.44,0.1,0.51,31.98,100.0,97.49
2013,218893,0.78,0.81,0.91,15.66,14.06,52.39
2023,168690,0.68,0.27,0.76,55.66,39.7,48.46
2009,152582,0.94,0.7,0.6,5.0,40.55,60.96
2023,166440,0.04,0.31,0.81,59.99,44.62,67.85
2022,118122,0.87,0.84,0.86,45.64,44.41,71.63
2007,247421,0.97,0.5,0.84,5.0,5.0,40.11
2009,29895,0.6,0.03,0.68,50.24,77.68,89.5
2015,168879,0.59,0.03,0.01,32.7,41.7,59.13
2001,176538,0.29,0.75,0.09,5.0,35.87,60.2
2006,209667,0.61,0.77,0.82,5.0,16.44,51.23
2017,194800,0.69,0.5,0.99,35.49,25.91,60.69
2017,235225,0.78,0.77,0.66,12.4,6.08,52.09
2001,17584,0.03,0.13,0.64,23.31,87.57,94.8
2011,35272,0.82,0.75,0.58,34.34,81.9,87.29
2004,142699,0.74,0.58,0.92,5.0,44.99,67.87
2007,143060,0.23,0.88,0.19,17.65,47.09,72.21
2022,71279,0.67,0.13,0.04,66.19,76.54,86.01
2019,125787,0.36,0.87,0.34,41.18,69.24,68.39
2022,65419,0.7,0.63,0.77,69.04,66.42,77.06
2005,69220,0.03,0.61,0.33,29.41,75.21,82.28
2005,243722,0.42,0.91,0.09,5.0,21.93,41.12
2014,22764,0.07,0.35,0.88,62.73,82.61,87.63
2009,30938,0.43,0.04,0.63,40.7,88.37,89.66
2021,27282,0.89,0.95,0.07,51.75,90.43,86.93
2006,20879,0.18,0.21,0.23,47.9,92.88,92.13
2008,58323,0.12,0.98,0.26,27.01,78.03,92.05
2004,203524,0.51,0.25,0.85,5.0,21.54,66.32
2010,115223,0.94,0.79,0.04,18.96,51.63,65.27
2019,37099,0.27,0.91,0.05,68.35,89.34,90.48
2003,45088,0.23,0.49,0.52,25.33,79.73,90.72
2018,25251,0.17,0.21,0.11,72.65,88.09,81.41
2016,135057,0.07,0.1,0.22,41.91,53.76,73.92
2003,9312,0.54,0.32,0.32,20.9,90.8,94.35
2006,206962,0.09,0.44,0.97,13.14,20.2,53.73
2002,228017,0.69,0.2,0.09,5.0,19.79,44.83
2005,166514,0.48,0.78,0.6,5.0,38.72,58.76
2011,169938,0.59,0.89,0.04,12.0,42.16,45.6
2013,5771,0.95,0.89,0.53,46.09,80.37,83.95
2015,20196,0.64,0.46,0.84,49.16,86.77,90.99
2007,69249,0.52,0.74,0.27,23.32,71.56,78.8
2002,152865,0.67,0.78,0.24,5.0,56.97,57.85
2013,217722,0.89,0.73,0.63,5.0,11.08,38.09
2012,197684,1.0,0.6,0.3,6.51,26.59,48.64
2006,173428,0.3,0.59,0.2,16.7,33.01,65.91
2010,205963,0.78,0.77,0.29,5.0,25.67,60.69
2002,77382,0.87,0.12,0.96,16.99,56.42,75.32
2001,61430,0.48,0.63,0.92,12.29,67.98,82.27
2005,240003,0.57,0.66,0.28,5.0,12.03,45.38
2024,237556,0.9,0.87,0.21,31.23,18.14,48.03
2006,214060,0.44,0.25,0.23,5.0,16.72,56.98
2002,71038,0.93,0.88,0.68,5.0,59.16,80.3
2014,63291,0.93,0.73,0.03,26.5,74.66,69.92
2006,14047,0.04,0.08,0.17,46.72,90.67,90.93
2013,43522,0.24,0.93,0.63,48.79,74.06,82.05
2010,33747,0.82,0.78,0.24,21.77,80.67,93.15
2011,201423,0.0,0.51,1.0,25.72,19.69,60.98
2009,25277,0.37,0.2,0.21,47.16,91.05,90.73
2019,238354,0.29,0.32,0.28,44.43,24.52,53.08
2002,88194,0.38,0.66,0.17,7.08,74.62,74.17
2014,105535,0.78,0.46,0.66,33.75,51.63,62.23
2012,203689,0.55,0.36,0.99,15.69,15.9,44.19
2024,58386,0.71,0.82,0.8,56.06,74.13,76.27
2018,44895,0.32,0.78,0.96,58.29,71.4,87.73
2002,96731,0.14,0.47,0.04,10.32,75.72,83.22
2002,115200,0.1,0.35,0.56,15.99,56.85,85.46
2011,50460,0.21,0.13,0.91,48.36,78.82,82.9
2019,179235,0.27,0.87,0.99,37.61,34.02,57.03
2021,211145,0.46,0.18,0.73,45.56,20.05,50.62
2023,111972,0.67,0.76,0.37,55.21,55.06,74.7
2014,111602,0.39,0.55,0.64,33.7,59.41,66.08
2012,149180,0.79,0.47,0.27,24.55,43.57,63.95
2020,130784,0.85,0.52,0.0,39.76,58.33,60.44
2008,103562,0.51,0.15,0.63,20.97,61.46,81.96
2016,231679,0.65,0.07,0.64,21.68,13.21,49.02
2001,243950,0.55,0.41,0.88,5.0,10.68,39.53
2017,181903,0.75,0.42,0.31,33.41,27.45,61.51
2017,73118,0.11,0.79,0.52,52.95,65.74,82.26
2012,40237,0.03,0.48,0.14,51.42,84.97,90.3
2013,8309,0.06,0.18,1.0,59.75,87.62,98.98
2005,84685,0.25,0.3,0.35,32.63,64.92,79.44
2003,87987,0.14,0.57,0.29,18.33,65.59,84.25
2015,105523,0.34,0.48,0.63,43.89,51.66,72.41
2001,23802,0.01,0.06,0.99,34.4,80.38,99.41
2018,92096,0.09,0.64,0.23,51.77,59.11,76.54
2007,122467,0.82,0.62,0.47,9.32,46.26,71.57
2015,229661,0.55,0.85,0.47,20.61,14.02,53.85
2012,10020,0.38,0.82,0.95,51.45,88.12,94.83
2006,698,0.03,0.8,0.58,43.97,90.31,90.99
2011,162809,0.13,0.42,0.73,22.59,34.79,66.23
2002,214868,0.04,0.23,0.18,5.0,32.88,55.96
2021,236360,0.34,0.52,0.54,45.05,18.01,47.98
2012,28738,0.98,0.95,0.5,26.74,82.58,82.55
2009,104476,0.98,0.46,0.72,19.57,57.27,76.85
2004,208473,0.95,0.2,0.3,5.0,32.31,47.44
2004,146642,0.07,0.55,0.67,14.08,40.37,70.24
2008,214525,0.95,0.36,0.32,5.0,23.67,56.07
2007,4932,0.14,0.87,0.33,53.76,93.35,95.95
2024,45145,0.83,0.63,0.66,62.79,71.24,81.44
2010,219365,0.89,0.3,0.28,6.67,18.87,48.03
2022,136568,0.83,0.59,0.5,45.89,50.05,63.47
2024,212425,0.39,0.18,0.79,47.61,14.81,59.06
2015,196271,0.26,0.79,0.56,32.26,32.31,54.68
2015,231282,0.28,0.81,0.94,22.69,10.1,47.96
2014,95429,0.65,0.22,0.46,34.42,58.63,73.46
2009,203316,0.15,0.09,0.17,13.59,28.0,54.03
2022,12133,0.78,0.21,0.57,60.23,77.43,92.65
2002,238601,0.74,0.68,0.04,5.0,21.14,45.59
2002,235984,0.72,0.88,0.99,5.0,5.0,51.02
2000,12627,0.43,0.09,0.18,20.03,92.49,94.32
2002,73285,0.97,0.26,0.5,5.0,69.35,88.06
2019,154667,0.34,0.26,0.11,41.91,47.77,67.49
2022,7387,0.16,0.62,0.99,77.27,89.45,96.95
2019,196296,0.5,0.56,0.94,33.77,29.24,59.25
2017,44725,0.15,0.05,0.01,79.52,84.02,89.29
2004,96519,0.48,0.1,0.89,19.2,63.8,81.21
2020,246148,0.23,0.77,0.78,28.57,8.16,45.12
2006,213422,0.96,0.21,0.15,5.0,24.48,43.01
2018,165168,0.98,0.21,0.37,33.1,46.89,57.1
2006,89683,0.35,0.94,0.67,14.92,66.14,79.24
2002,58390,0.9,0.54,0.69,16.86,74.36,76.28
2020,124657,0.13,0.85,0.46,51.18,50.06,83.47
2002,173974,0.57,0.13,0.21,5.0,42.73,73.09
2013,137689,0.51,0.42,0.74,30.51,49.57,75.49
2011,89835,0.25,0.86,0.86,37.69,64.95,73.25
2006,207754,0.03,0.92,0.29,6.45,26.7,58.49
2005,114301,0.94,0.61,0.74,5.0,54.46,68.85
2003,244791,0.86,0.02,0.23,5.0,18.29,43.54
2006,216822,0.33,0.2,0.8,11.31,20.33,51.25
2014,88541,0.87,0.4,0.19,33.07,70.19,82.56
2017,136786,0.34,0.89,0.76,36.24,39.34,77.19
2013,179898,0.36,0.5,0.0,28.3,36.85,57.03
2023,26067,0.11,0.97,0.39,79.69,88.21,91.4
2019,55588,0.46,0.11,0.44,54.48,74.61,92.98
2001,129512,0.07,0.02,0.7,21.07,55.07,74.94
2015,119312,0.83,0.46,0.34,33.53,55.28,62.29
2023,120978,0.4,0.4,0.74,68.06,53.02,72.94
2010,168209,0.83,0.91,0.59,9.65,40.13,61.71
2019,78969,0.52,0.78,0.52,53.56,59.51,78.9
2022,194548,0.91,0.26,0.83,34.47,31.22,49.2
2010,123494,0.46,0.4,0.84,20.49,45.27,70.55
2016,19275,0.68,0.26,0.19,60.63,89.37,99.01
2015,29021,0.17,0.92,0.75,48.88,93.97,97.65
2001,179618,0.04,0.01,0.8,6.93,17.21,63.71
2015,131558,0.47,0.69,0.71,37.4,48.67,68.16
2002,34296,0.03,0.97,0.31,26.98,84.05,87.36
2017,249079,0.28,0.0,0.45,30.61,14.39,45.33
2020,159473,0.48,0.64,0.35,47.03,44.69,60.39
2009,106742,0.02,0.99,0.88,36.6,54.57,90.52
2006,144609,0.35,0.76,0.59,19.4,40.38,76.77
2005,129030,0.66,0.32,0.73,14.06,41.36,59.19
2000,77260,0.6,0.83,0.01,5.0,70.21,84.11
2024,177345,0.41,0.08,0.49,57.4,26.88,65.47
2019,24633,0.18,0.41,0.62,67.38,83.53,93.82
2005,85035,0.13,0.94,0.65,22.21,60.84,76.95
2009,96885,0.28,0.23,0.11,26.05,59.72,79.37
2018,242480,0.79,0.05,0.96,36.35,7.95,36.9
2015,108497,0.48,0.01,0.48,47.28,56.72,77.49
2021,80717,0.3,0.79,0.04,63.06,73.77,85.12
2000,34200,0.64,0.91,0.1,12.36,80.72,84.82
2007,125910,0.14,0.96,0.32,14.23,57.65,70.02
2017,143930,0.72,0.69,0.86,34.61,45.7,65.18
2017,89537,0.03,0.55,0.24,50.72,57.62,80.03
2021,166355,0.78,0.15,0.01,41.48,37.14,55.88
2004,186408,0.22,0.0,0.35,7.55,33.08,65.24
2022,130121,1.0,0.94,0.33,34.51,51.04,61.01
2020,14592,0.29,0.09,0.84,76.36,92.7,86.27
2020,61649,0.75,0.93,0.31,45.49,78.0,75.41
2020,242537,0.73,0.23,0.72,31.38,10.39,41.39
2021,242855,0.29,0.07,0.71,43.91,6.24,47.84
2021,119202,0.94,0.6,0.45,43.13,49.85,72.04
2014,206617,0.2,0.7,0.1,25.07,26.32,59.27
2002,205995,0.04,0.33,0.67,10.56,19.55,49.48
2003,45851,0.75,0.65,0.95,19.74,72.36,77.8
2021,100673,0.62,0.67,0.19,48.83,67.27,79.07
2014,186268,0.25,0.4,0.92,29.79,22.82,53.01
2012,7141,0.9,0.49,0.72,51.48,88.59,100.0
2023,59855,0.4,0.94,0.22,60.09,79.21,80.95
2024,29806,0.13,0.93,0.12,73.82,92.7,91.37
2000,119037,0.83,0.43,0.51,5.0,50.05,57.57
2000,4996,0.06,0.67,0.25,25.1,95.62,100.0
2009,106516,0.79,0.15,0.11,20.55,64.91,75.9
2014,200463,0.58,0.22,0.44,25.52,35.98,50.23
2003,127857,0.88,0.05,0.7,9.46,47.54,57.13
2021,108795,0.89,0.98,0.93,38.67,43.97,74.86
2005,71711,0.35,0.82,0.14,15.81,74.75,87.77
2011,29748,0.23,0.27,0.18,53.91,86.55,91.7
2020,86285,0.67,0.7,0.87,55.54,69.76,79.53
2018,221727,0.38,0.57,0.15,33.56,25.97,50.74
2020,175772,0.01,0.24,0.72,50.2,32.71,66.8
2003,61097,0.2,0.05,0.11,24.64,87.59,86.35
2005,101741,0.51,0.55,0.02,5.48,65.04,76.73
2023,219163,0.78,0.01,0.29,41.56,21.75,45.03
2004,138098,0.27,0.15,0.06,14.2,54.71,73.42
2022,5437,0.42,0.97,0.64,73.56,92.69,97.34
2010,112747,0.55,0.57,0.21,27.53,64.42,62.92
2015,204648,0.14,0.47,0.22,32.14,30.21,61.75
2001,157911,0.4,0.05,0.3,5.0,49.73,68.48
2007,35592,0.25,0.79,0.41,33.52,87.26,94.18
2011,15505,0.54,0.18,0.92,50.74,86.51,90.25
2016,190243,0.7,0.09,0.25,9.06,27.77,55.16
2014,41980,0.15,0.47,0.17,53.79,79.99,94.42
2018,48562,0.82,0.3,0.19,58.57,83.56,80.27
2001,202351,0.33,0.82,0.73,5.0,13.25,50.76
2006,4199,0.51,0.14,0.74,29.18,96.42,92.07
2013,231492,0.67,0.68,0.14,8.44,17.88,51.6
2012,38066,0.83,0.15,0.18,37.47,88.81,80.23
2006,118198,0.36,0.59,0.76,12.23,52.87,72.88
2004,219308,0.92,0.35,0.15,5.0,20.35,46.9
2013,77590,0.92,0.33,0.07,30.14,83.5,75.83
2020,134786,0.39,0.64,0.45,54.38,45.06,75.33
2021,193090,0.0,0.1,0.3,53.21,35.02,63.5
2017,159705,0.2,0.95,0.81,37.27,42.93,72.65
2008,207097,0.51,0.09,0.04,11.86,30.1,55.75
2019,158539,0.99,0.23,0.37,35.79,42.78,51.25
2007,83102,0.22,0.6,0.14,24.01,66.95,90.18
2017,245600,0.11,0.25,0.34,26.44,17.84,48.08
2012,44301,0.66,0.35,0.48,33.29,73.89,85.05
2019,180419,0.44,0.74,0.59,44.66,31.07,53.67
2005,239090,0.97,0.93,0.39,5.0,19.01,44.49
2007,67793,0.13,0.22,0.58,37.89,64.7,92.07
2004,125579,0.89,0.65,0.94,8.87,43.57,64.71
2010,237992,0.71,0.24,0.8,6.14,16.0,50.1
2012,61853,0.76,0.71,0.3,33.97,81.48,76.4
2004,187997,0.27,0.9,0.77,5.0,33.72,58.17
2016,7405,0.51,0.47,0.71,57.54,97.8,100.0
2014,224614,0.23,0.41,0.08,39.16,26.75,46.78
2022,190045,0.19,0.62,0.14,48.6,38.54,56.94
2003,119876,0.5,0.54,0.4,11.03,61.43,76.9
2009,165232,0.88,0.47,0.55,16.65,32.86,59.61
2018,221525,0.78,0.89,0.65,22.54,17.17,53.3
2015,221600,0.82,0.73,0.63,9.09,15.46,52.32
2005,114955,0.63,0.69,0.51,6.74,51.59,69.76
2003,38443,0.03,0.13,0.09,38.3,81.87,92.74
2023,223852,0.31,0.13,0.65,52.08,13.75,51.23
2011,92313,0.77,0.05,0.95,37.4,64.47,77.04
2012,241061,0.39,0.74,0.42,9.68,23.8,45.94
2016,242958,0.4,0.35,0.1,22.58,11.16,53.68
2021,96383,0.39,0.44,0.59,53.07,47.3,80.92
2019,73503,0.92,0.35,0.38,52.86,73.06,72.88
2002,45925,0.13,0.89,0.82,25.27,79.38,87.29
2012,77109,0.4,0.65,0.9,33.78,68.36,81.14
2013,220199,0.65,0.3,0.16,14.16,21.47,54.39
2008,52439,0.52,0.33,0.42,29.2,88.04,79.41
2000,243898,0.44,0.28,0.16,5.0,10.39,42.74
2015,224493,0.68,0.27,0.78,17.27,20.87,47.34
2023,214195,0.52,0.11,0.61,46.48,18.92,58.57
2006,112520,0.2,0.17,0.65,27.24,64.57,82.0
2013,117917,0.03,0.19,0.56,36.07,49.34,79.85
2017,210894,0.95,0.46,0.82,16.05,24.28,44.44
2008,153656,0.09,0.88,0.8,10.53,32.24,71.89
2020,113242,0.98,0.32,0.47,40.4,56.87,70.35
2006,123012,0.1,0.95,0.97,19.39,52.89,83.25
2023,29644,0.73,0.7,0.6,59.36,80.84,93.76
2011,219148,0.97,0.44,0.12,5.0,27.23,49.71
2023,120569,0.2,0.98,0.41,60.11,50.62,75.09
2013,40360,0.11,0.95,0.08,47.22,88.73,91.48
2005,92104,0.87,0.77,0.84,7.37,55.26,73.28
2008,148027,0.63,0.39,0.57,17.31,50.32,67.68
2023,33041,0.69,0.64,0.15,66.21,87.06,91.69
2014,185741,0.05,0.35,0.69,33.41,38.3,65.22
2018,225484,0.34,0.18,0.31,35.91,25.1,49.58
2020,105314,0.28,0.88,0.81,56.45,50.36,72.66
2017,19247,0.8,0.3,0.52,53.73,88.63,86.22
2002,188550,0.1,0.74,0.88,5.0,27.63,57.98
2012,95346,0.02,0.47,0.33,45.3,61.85,81.12
2005,233106,0.21,0.29,0.97,5.0,8.56,50.09
2023,177606,0.1,0.26,0.15,56.51,26.99,58.79
2007,109288,0.92,0.69,0.92,8.16,59.88,69.93
2021,119509,0.45,0.97,0.68,50.08,56.24,70.5
2003,223798,0.63,0.28,0.87,5.0,17.31,50.0
2008,39380,0.81,0.55,0.11,22.12,74.64,85.41
2001,216268,0.33,0.51,0.12,5.0,26.81,53.77
2015,226880,0.76,0.82,0.38,5.0,23.52,39.68
2022,37215,0.46,0.01,0.61,63.64,80.64,88.9
2011,140008,0.41,0.15,0.16,28.34,50.01,66.72
2013,162099,0.71,0.9,0.26,11.84,46.1,65.72
2011,31708,0.34,0.17,0.54,39.31,83.09,90.46
2006,33166,0.63,0.54,0.78,27.98,74.14,88.42
2013,132753,0.2,0.69,0.19,34.0,52.81,69.94
2008,6969,0.31,0.0,0.44,51.15,99.2,96.66
2018,70891,0.9,0.67,0.51,43.12,70.67,75.92
2023,201546,0.77,0.41,0.28,46.79,27.02,47.8
2024,16461,0.04,0.04,0.06,100.0,91.16,100.0
2012,244656,0.45,0.32,0.49,11.83,11.1,41.66
2020,224518,0.06,0.13,0.84,55.41,15.51,61.66
2002,133815,0.49,0.26,0.15,5.0,50.86,63.19
2015,137175,0.97,0.41,0.77,30.15,42.01,54.34
2006,21604,1.0,0.46,0.78,24.84,88.54,81.33
2015,13385,0.45,0.53,0.48,63.21,95.2,100.0
2000,240390,0.04,0.05,0.24,5.0,17.27,50.2
2006,60613,0.32,0.5,0.65,25.53,74.49,96.86
2005,102958,0.63,0.61,0.98,16.83,55.19,77.93
2019,78672,0.22,0.56,0.57,57.55,76.6,83.76
2003,132660,0.15,0.64,0.04,10.85,60.76,82.5
2017,102890,0.1,0.27,0.12,41.46,70.53,77.11
2024,131653,0.93,0.57,0.66,54.07,52.11,64.4
2014,30890,0.19,0.09,0.86,61.29,75.62,98.44
2001,13374,0.82,0.22,0.55,13.79,82.4,77.61
2014,79271,0.61,0.82,0.96,37.96,51.07,74.14
2018,232112,0.86,0.7,0.1,21.64,18.05,39.04
2001,26193,0.69,0.71,0.95,21.86,76.46,90.14
2017,107434,0.33,0.21,0.35,52.45,55.72,78.29
2012,79671,0.69,0.3,0.2,39.51,72.55,69.15
2020,12212,0.33,0.78,0.12,59.1,93.09,95.25
2004,227070,0.61,0.93,0.69,5.0,14.32,42.78
2005,222675,0.27,0.06,0.63,8.7,16.36,45.45
2000,164794,0.81,0.18,0.93,5.0,35.04,58.58
2002,209674,0.32,0.83,0.84,5.0,27.2,49.31
2013,191646,0.63,0.0,0.17,23.61,38.03,53.6
2002,161980,0.0,0.53,0.48,11.76,42.17,69.65
2018,124016,0.37,0.62,0.88,46.3,48.36,73.59
2001,114059,0.12,0.62,0.06,14.16,69.56,79.48
2008,44192,0.46,0.2,0.99,41.94,75.49,94.02
2004,134221,0.88,0.33,0.56,5.81,43.34,60.19
2017,245211,0.83,0.88,0.86,10.53,11.53,43.85
2021,91902,0.59,0.19,0.21,53.36,69.27,70.83
2005,62007,0.28,0.85,0.21,20.98,83.53,75.65
2014,144198,0.74,0.18,0.93,20.65,48.38,67.68
2012,130135,0.95,0.32,0.36,22.07,52.35,70.18
2003,46994,0.17,0.07,0.9,21.81,64.64,79.53
2004,105650,0.88,0.02,0.57,5.7,54.16,64.2
2005,120660,0.24,0.37,0.5,18.3,47.07,68.94
2010,170730,0.26,0.37,0.94,31.11,31.39,67.42
2005,32268,0.28,0.71,0.92,31.45,68.42,98.8
2004,90376,0.6,0.98,0.84,7.5,54.96,85.1
2018,22943,0.22,0.38,0.78,62.14,86.94,84.87
2018,184783,0.84,0.12,0.5,30.4,30.74,51.05
2009,244693,0.91,0.89,0.21,5.0,17.69,54.02
2008,20676,0.04,0.77,0.37,37.96,94.71,90.67
2017,15281,0.49,0.57,0.83,62.12,81.19,88.53
2008,246639,0.74,0.25,0.51,5.0,5.0,42.51
2022,146340,0.47,0.9,0.32,38.28,44.4,77.27
2014,80196,0.26,0.83,0.01,45.48,64.44,80.33
2001,104287,0.72,0.63,0.26,5.0,67.83,71.82
2008,167793,0.98,0.81,0.8,5.0,35.03,67.61
2013,6481,0.8,0.53,0.61,48.94,83.82,88.36
2015,99246,0.71,0.43,0.57,43.04,50.22,73.51
2012,61118,0.84,0.22,0.01,40.34,77.22,81.16
2008,126777,0.35,0.54,0.96,22.37,41.29,70.29
2011,53879,0.72,0.2,0.87,38.18,75.46,85.06
2016,79388,0.84,0.87,0.2,40.91,60.83,70.95
2022,229326,0.05,0.72,0.54,39.5,11.73,52.61
2021,122667,0.21,0.67,0.91,58.88,48.19,71.96
2018,134412,0.44,0.87,0.33,39.59,43.81,69.74
2008,81581,0.28,0.76,0.57,19.63,63.71,80.53
2016,161189,0.2,0.8,0.02,28.97,46.45,66.81
2014,71938,0.39,0.06,0.0,50.26,72.71,79.77
2010,138831,0.57,0.66,0.39,18.37,49.27,77.13
2019,59572,0.03,0.22,0.76,78.17,73.04,83.63
2020,243282,0.96,0.6,0.92,13.61,7.37,41.92
2012,115401,0.36,0.28,0.94,43.49,54.01,73.75
2005,230151,0.88,0.96,0.04,5.0,21.06,40.37
2018,146197,0.68,0.18,0.86,45.23,41.22,65.19
2018,140142,0.64,0.83,0.74,36.08,42.25,65.21
2013,145039,0.03,0.11,0.03,38.44,57.75,78.52
2018,196782,0.03,0.87,0.2,35.05,30.02,56.53
2018,118978,0.93,0.42,0.94,46.76,50.57,67.94
2019,125627,0.19,0.61,0.52,53.26,47.94,64.63
2004,64288,0.4,0.02,0.56,27.69,69.34,89.33
2020,244889,0.0,0.68,0.02,39.02,9.03,48.55
2001,58582,0.53,0.63,0.16,14.8,78.85,86.23
2005,139404,0.35,0.12,0.34,15.58,43.18,73.76
2019,183736,0.47,0.53,0.18,29.1,34.76,61.13
2010,61790,0.05,0.51,0.9,38.89,68.59,97.41
2013,52480,0.65,0.62,0.29,34.58,81.08,82.18
2001,152486,0.16,0.21,0.74,6.93,38.29,64.18
2000,136365,0.31,0.42,0.88,5.0,44.04,73.41
2024,237103,0.86,0.51,0.01,34.55,17.32,43.15
2010,88502,0.56,0.64,0.23,30.95,70.4,71.53
2016,76717,0.39,0.06,0.11,53.65,76.63,76.99
2009,39916,0.85,0.77,0.06,25.76,90.67,82.8
2017,86093,0.31,0.75,0.26,47.96,59.59,81.97
2008,245971,0.02,0.49,0.77,15.8,8.27,43.91
2023,158683,0.55,0.63,0.86,51.05,37.89,55.66
2004,86693,0.14,0.04,0.24,33.84,66.48,85.73
2006,226170,0.35,0.22,0.17,7.12,17.39,50.8
2001,137035,0.39,0.8,0.41,9.2,45.59,71.74
2022,212679,0.89,0.62,0.39,24.07,22.74,50.93
2009,65461,0.62,0.03,0.21,26.0,70.89,86.19
2003,53070,0.12,0.55,0.92,28.24,75.83,94.42
2015,190666,0.72,0.14,0.04,19.77,39.09,56.98
2007,211362,0.09,0.19,0.64,13.19,21.53,44.5
2018,67544,0.31,0.37,0.12,59.67,76.52,76.26
2003,27675,0.11,0.5,0.76,30.89,73.66,93.22
2011,240289,0.99,0.44,0.46,5.0,11.85,37.57
2018,21787,0.47,0.13,0.98,60.24,93.68,97.28
2000,2712,0.91,0.48,0.21,15.06,96.79,97.38
2008,174801,0.75,0.16,0.86,6.63,31.75,54.81
2007,169757,0.1,0.82,0.75,5.33,31.77,63.84
2001,212691,0.76,0.68,0.35,5.0,27.6,53.1
2010,40187,0.08,0.27,0.87,51.04,76.89,92.66
2000,119111,0.78,0.72,0.22,5.0,55.51,58.21
2023,16985,0.99,0.95,0.23,61.88,91.23,92.69
2018,84290,0.66,0.36,0.98,47.15,59.38,71.49
2013,166595,0.64,0.16,0.25,13.5,46.1,56.99
2001,49522,0.43,0.78,0.21,21.5,83.39,84.3
2018,243801,0.73,0.08,0.68,24.72,5.0,43.25
2005,39219,0.43,0.64,0.99,16.54,74.19,94.72
2017,179882,0.59,0.98,0.01,24.98,39.26,62.1
2007,43356,0.62,0.79,0.83,33.41,66.56,84.98
2006,58316,0.54,0.86,0.55,28.63,82.95,76.51
2009,27278,0.22,0.46,0.78,55.34,71.74,94.39
2017,220438,0.77,0.11,0.51,19.58,22.18,47.56
2015,22056,0.95,0.37,0.34,45.63,79.55,81.47
2021,172611,1.0,0.43,0.48,36.59,36.83,59.31
2005,92176,0.77,0.82,0.38,5.0,61.23,80.11
2010,177925,0.15,0.93,0.69,15.25,33.21,63.89
2019,108400,0.9,0.87,0.16,39.67,59.77,65.7
2008,97936,0.82,0.17,0.86,18.36,50.63,76.52
2003,130846,0.94,0.62,1.0,5.0,47.36,70.31
2018,206293,0.26,0.17,0.52,37.65,21.79,57.04
2020,129201,0.66,0.08,0.85,49.23,50.75,58.11
2008,206443,0.62,0.76,0.53,5.0,29.46,47.87
2016,118647,0.54,0.99,0.54,37.41,55.14,72.4
2011,164884,0.49,0.57,0.58,14.98,32.03,58.96
2008,187166,0.0,0.36,0.72,22.79,23.32,66.34
2023,212449,0.7,0.6,0.35,34.02,16.14,58.04
2009,229884,0.46,0.47,0.11,5.81,19.89,52.74
2021,238986,0.06,0.12,0.38,50.13,16.89,51.22
2000,96472,0.99,0.52,0.51,5.0,60.37,65.4
2003,234343,0.01,0.99,0.86,5.0,15.42,51.63
2024,74543,0.44,0.57,0.86,75.15,68.8,79.96
2021,55360,0.27,0.58,0.33,71.73,78.84,88.86
2004,22536,0.43,0.62,0.0,28.64,89.73,97.26
2005,41502,0.7,0.85,0.22,20.3,85.96,84.9
2005,97971,0.66,0.43,0.63,5.17,61.15,72.35
2009,135025,0.29,0.77,0.11,23.53,55.91,79.28
2005,171435,0.02,0.43,0.04,6.81,42.82,62.17
2009,231536,0.92,0.58,0.13,5.0,19.48,35.96
2001,174873,0.67,0.03,0.82,5.0,30.67,58.3
2019,44001,0.72,0.64,0.19,54.81,76.46,86.77
2006,84083,0.1,0.33,0.28,29.36,69.68,76.0
2023,182657,0.35,0.89,0.48,39.55,30.92,58.9
2013,82842,0.68,0.02,0.48,39.86,65.26,72.36
2008,193327,0.96,0.58,0.01,5.0,28.74,48.84
2000,208576,0.53,0.65,0.76,5.0,21.84,51.8
2007,117172,0.81,0.34,0.78,11.16,54.33,71.88
2009,27566,0.67,0.18,0.21,31.67,83.96,86.02
2001,2206,0.85,0.37,0.04,18.15,90.66,98.06
2014,135436,0.98,0.76,0.55,16.85,38.8,63.17
2023,209538,0.39,0.28,0.93,52.02,12.41,51.45
2021,116676,0.63,0.69,0.43,47.3,52.76,70.51
2010,133259,0.85,0.8,0.74,19.56,43.48,59.64
2014,85705,0.94,0.74,0.94,32.64,51.68,77.23
2017,161810,0.44,0.36,0.41,49.29,44.33,55.2
2006,118433,0.13,0.71,0.58,16.28,57.87,69.6
2021,129167,0.78,0.74,0.58,47.56,44.15,69.3
2012,115636,0.74,0.4,0.99,17.51,52.01,74.02
2009,198277,0.18,0.72,0.32,20.45,35.37,56.82
2007,27860,0.08,0.75,0.28,41.32,86.44,95.77
2015,2168,0.62,0.61,0.14,51.67,94.51,92.45
2018,70111,0.4,0.68,0.06,53.93,73.08,66.8
2000,43325,0.55,0.23,0.82,11.85,83.12,90.21
2014,119809,0.73,0.41,0.54,34.08,56.53,57.52
2024,213980,0.19,0.58,0.58,46.74,17.25,46.68
2020,30512,0.98,0.34,0.26,48.91,91.55,81.71
2021,168296,1.0,0.44,0.32,35.48,39.66,56.77
2015,193207,0.53,0.87,0.41,23.49,31.35,56.55
2017,9888,0.24,0.19,0.0,69.53,100.0,96.83
2013,13995,0.05,0.02,0.02,62.87,93.86,92.19
2005,212960,0.36,0.38,0.57,5.0,20.15,54.2
2011,117936,0.87,0.98,0.48,17.09,53.74,62.69
2013,61921,0.67,0.15,0.9,29.34,71.22,82.71
2005,158511,0.12,0.42,0.47,12.24,33.96,70.14
2010,92271,0.83,0.04,0.21,26.75,77.63,66.03
2024,135377,0.47,0.64,0.84,58.02,46.69,78.49
2011,122298,0.97,0.78,0.69,18.82,57.53,69.28
2005,602,0.18,0.09,0.65,32.39,100.0,98.52
2022,114931,0.78,0.5,0.36,50.81,59.44,64.45
2006,148285,0.56,0.63,0.11,5.0,55.26,61.16
2008,74523,0.63,0.79,0.12,24.63,70.34,73.6
2001,235832,0.65,0.79,0.56,5.0,16.45,49.53
2001,1403,0.51,0.66,0.07,18.56,100.0,75.6
2001,78218,0.52,0.51,0.65,11.09,71.04,77.21
2002,59991,0.55,0.34,0.53,13.5,68.66,86.46
2017,244752,0.25,0.74,0.52,28.95,5.0,53.75
2021,178062,0.05,0.59,0.41,55.37,36.61,65.17
2006,228461,0.78,0.34,0.79,5.0,19.05,52.13
2011,44062,0.52,0.22,0.18,40.33,86.08,84.63
2014,231805,0.35,0.25,0.07,22.29,21.79,51.99
2008,109284,0.98,0.58,0.31,20.96,53.54,67.22
2018,229956,0.55,0.39,0.5,28.77,22.65,51.78
2015,171288,0.28,0.68,0.15,30.23,37.64,67.19
2010,38211,0.36,0.88,0.88,34.43,68.09,90.11
2019,230272,0.27,0.17,0.99,32.07,16.35,50.16
2022,218857,0.74,0.24,0.3,35.64,29.47,42.55
2012,195731,0.15,0.95,0.26,22.55,25.81,56.63
2024,76468,0.92,0.41,0.92,56.75,67.24,68.06
2000,97757,0.16,0.93,0.25,5.0,58.67,79.28
2015,135433,0.48,0.11,0.42,44.63,50.73,49.81
2006,31208,0.43,0.39,0.06,31.06,86.12,96.36
2009,70688,0.16,0.63,0.3,39.26,57.61,84.34
2016,138316,0.44,0.23,0.35,30.71,46.67,79.07
2002,191485,0.33,0.28,0.25,5.0,33.05,63.64
2017,181640,0.36,0.78,0.46,36.77,28.05,69.04
2007,1013,0.27,0.18,0.0,52.05,98.61,99.97
2015,164907,0.35,0.94,0.18,30.7,45.94,57.36
2003,194862,0.65,0.26,0.87,5.0,27.86,54.52
2004,201615,0.3,0.49,0.5,5.0,32.67,64.65
2024,212335,0.5,0.23,0.7,43.78,28.69,49.22
2006,44051,0.09,0.16,0.56,26.6,80.71,88.82
2007,30371,0.22,0.03,0.05,39.27,85.13,89.95
2003,5016,0.5,0.96,0.49,23.98,99.2,95.3
2008,151402,0.11,0.04,0.8,28.2,37.59,75.38
2011,247512,0.41,0.96,0.13,5.0,11.12,48.25
2014,106463,0.04,0.8,0.11,50.35,69.05,75.07
2017,182650,0.37,0.6,0.14,30.75,31.53,62.89
2012,106260,0.87,0.86,0.56,19.6,60.09,76.86
2019,58992,0.89,0.53,0.58,55.84,73.64,81.65
2017,176547,0.45,0.1,0.84,36.41,29.19,59.64
2022,143267,0.57,0.43,0.61,50.17,40.02,60.43
2006,229704,0.38,0.02,0.62,5.0,8.19,48.32
2018,100046,0.18,0.64,0.64,58.26,55.18,83.03
2013,184969,0.01,0.55,0.84,36.27,27.88,68.75
2009,153497,0.41,0.75,0.36,18.15,48.17,59.41
2003,152444,0.8,0.35,0.99,5.0,37.89,68.98
2014,187226,0.25,0.71,0.41,26.41,31.48,66.25
2005,131046,0.72,0.58,0.78,6.54,52.03,66.2
2009,116885,0.89,0.04,0.83,13.71,48.51,71.04
2000,238020,0.84,0.98,0.7,5.0,12.5,47.84
2017,193308,0.46,0.72,0.46,25.5,20.72,44.09
2004,139290,0.56,0.14,0.05,15.03,56.74,71.13
2024,144943,0.88,0.8,0.58,37.01,43.42,59.39
2013,148681,0.9,1.0,0.15,20.01,46.36,56.72
2001,60740,0.09,0.74,0.58,23.4,78.72,81.15
2014,174325,0.03,0.68,0.05,38.89,38.92,70.26
2019,241774,0.2,0.88,0.9,24.0,20.31,45.96
2008,14062,0.62,0.83,0.28,36.29,95.3,95.57
2010,18719,0.8,0.87,0.06,36.31,84.51,94.11
2017,108256,0.78,0.03,0.94,49.52,51.93,64.2
2014,240408,0.36,0.36,0.31,17.86,8.59,48.64
2002,84683,0.85,0.52,0.04,5.0,70.98,71.05
2015,221380,0.94,0.07,0.58,9.16,21.09,43.38
2019,157592,0.8,0.06,0.51,44.77,33.98,61.25
2008,190548,0.14,0.48,0.59,16.37,32.73,65.76
2004,140268,0.13,0.08,0.91,17.7,38.59,71.35
2015,104942,0.07,0.63,0.65,46.45,54.42,64.45
2000,242365,0.14,0.33,0.98,5.0,5.0,55.41
2018,53946,0.68,1.0,0.43,58.14,68.21,80.63
2003,143393,0.63,0.94,0.37,5.0,49.3,64.22
2019,101022,0.32,0.87,0.59,52.85,58.0,65.73
2001,199179,0.42,0.66,0.91,5.0,11.53,48.68
2000,179746,0.87,0.42,0.01,5.0,29.62,56.64
2010,22545,0.13,0.45,0.54,49.7,78.41,94.27
2023,168435,0.39,0.22,0.32,55.65,37.32,62.43
2023,64268,0.21,0.34,0.29,68.12,71.93,89.89
2016,123456,0.99,0.84,0.87,28.16,52.69,66.34
2020,68538,0.86,0.74,0.97,54.26,64.85,86.58
2005,177805,0.8,0.52,0.13,5.0,31.08,59.12
2006,159667,0.9,0.5,0.1,5.0,45.09,54.32
2005,176170,0.91,0.67,0.19,5.0,35.79,55.79
2006,235080,0.76,0.95,0.04,5.0,20.96,46.6
2016,76391,0.39,0.72,0.89,56.97,66.01,78.16
2003,53985,0.86,0.86,0.48,11.3,69.04,90.98
2008,57605,0.58,0.65,0.72,25.05,68.58,87.87
2004,216728,0.96,0.85,0.4,13.74,13.71,44.23
2017,236259,0.98,0.99,0.79,8.91,11.51,43.14
2022,163389,0.56,0.46,0.79,53.54,37.46,56.57
2003,215348,0.03,0.22,0.95,5.0,17.3,63.71
2008,162036,0.01,0.43,0.06,18.11,38.53,69.84
2015,139460,0.89,0.72,0.28,19.87,52.02,60.71
2008,37256,0.45,0.88,0.21,28.14,87.61,95.32
2019,188931,0.06,0.27,0.33,49.66,33.32,52.17
2002,205499,0.73,0.67,0.02,10.29,30.2,48.04
2006,186148,0.34,0.83,0.42,5.0,31.06,66.6
2006,56964,0.13,0.86,0.77,27.92,76.14,89.29
2012,232599,0.28,0.0,0.48,28.1,23.17,35.7
2013,38564,0.34,0.03,0.19,50.97,88.17,98.38
2009,203539,0.15,0.95,0.34,5.0,29.83,59.65
2009,98062,0.99,0.06,0.69,19.63,57.96,73.65
2012,207548,0.81,0.09,0.96,6.22,15.09,44.78
2001,80982,0.86,1.0,0.27,5.0,64.75,82.59
2009,114406,0.49,0.95,0.55,11.43,56.07,81.63
2015,68124,0.94,0.81,0.1,40.06,80.73,71.29
2003,216962,0.48,0.2,0.49,5.0,28.76,51.78
2014,11350,0.7,0.96,0.88,43.86,81.07,95.5
2016,167190,0.1,0.14,0.93,42.7,30.53,70.73
2018,52683,0.49,0.93,0.3,50.43,74.5,73.81
2023,65775,0.38,0.75,0.44,62.71,80.43,79.48
2008,49141,0.77,0.77,0.31,28.02,80.41,88.77
2009,74285,0.04,0.67,0.73,37.45,69.65,78.66
2022,58237,0.36,0.48,0.4,64.51,76.0,87.07
2023,139348,0.63,0.22,0.46,53.1,49.45,63.5
2007,224964,0.37,0.71,0.41,9.67,16.03,54.41
2006,45762,0.48,0.59,0.12,19.76,91.15,89.32
2011,118546,0.63,0.42,0.93,30.3,55.83,70.6
2004,201151,0.68,0.15,0.18,5.0,27.78,54.78
2023,158424,0.08,0.55,0.89,63.88,28.09,66.35
2010,44233,0.8,0.11,0.95,35.02,80.14,81.49
2012,147342,0.1,0.47,0.09,38.58,51.22,69.01
2018,135603,0.16,0.4,0.55,51.82,46.06,78.97
2018,192348,0.5,0.0,0.94,39.91,20.14,56.34
2017,192693,0.88,0.57,0.45,22.84,24.91,50.92
2008,239207,0.04,0.35,0.97,5.0,9.22,52.05
2018,24580,0.43,0.92,0.01,52.05,89.82,93.33
2015,20526,0.98,0.75,0.81,46.49,90.06,78.72
2000,82833,0.97,0.79,0.44,5.0,64.58,80.29
2004,155307,0.15,0.95,0.25,5.0,44.1,66.33
2006,211477,0.91,0.27,0.94,5.0,12.74,42.13
2003,120434,0.97,0.44,0.75,5.0,45.02,63.03
2009,236529,0.7,0.48,0.44,5.0,10.79,41.03
2003,134108,0.44,0.47,0.11,5.0,46.22,74.27
2007,15949,0.52,0.81,0.09,30.24,94.24,80.28
2002,114195,0.81,0.87,0.49,5.0,56.31,72.99
2006,163384,0.95,0.07,0.56,8.69,31.89,60.85
2015,34460,0.54,0.13,0.22,59.97,81.46,88.78
2000,97983,0.07,0.35,0.79,10.3,58.57,82.6
2014,236107,0.7,0.21,0.5,20.48,14.18,52.0
2017,5572,0.78,0.5,0.61,54.25,91.42,92.23
2009,29210,0.17,0.98,0.09,35.1,89.06,99.18
2016,50428,0.6,0.32,0.96,43.58,67.48,87.71
2024,170336,0.12,0.33,0.2,63.75,42.95,61.33
2003,225917,0.81,0.09,0.85,5.0,11.6,50.16
2008,82785,0.72,0.35,0.97,23.02,62.65,80.94
2020,8508,0.66,0.19,0.2,70.16,98.88,92.85
2022,99854,0.68,0.28,0.03,64.36,79.77,77.08
2002,17210,0.96,0.93,0.41,21.76,87.35,90.68
2023,38907,0.24,0.72,0.79,76.1,86.16,90.08
2012,174104,0.24,0.85,0.19,25.36,43.59,64.73
2010,136446,0.87,0.28,0.34,11.99,56.78,68.13
2023,222528,0.02,0.07,0.71,53.41,15.26,59.52
2002,117291,0.4,0.01,0.71,9.05,55.7,81.26
2008,46652,0.49,0.18,0.65,27.57,80.04,91.62
2002,195456,0.86,0.24,0.03,5.0,28.43,52.8
2019,94644,0.31,0.11,0.94,54.85,53.33,73.14
2007,90361,0.62,0.57,0.3,17.32,67.48,70.53
2024,216218,0.75,0.46,0.48,41.54,25.62,50.74
2024,90999,0.17,0.62,0.03,71.26,65.28,78.78
2007,211588,0.46,0.24,0.57,5.0,23.26,62.52
2016,247366,0.57,0.7,0.91,12.64,12.77,44.57
2021,172732,0.25,0.38,0.19,53.18,37.46,66.07
2012,161893,0.31,0.31,0.65,27.07,27.76,60.28
2014,35626,0.07,0.21,0.0,58.79,72.98,99.29
2013,229006,0.66,0.45,0.87,22.1,10.69,46.83
2005,11543,0.24,0.31,0.14,33.29,100.0,87.54
2019,172858,0.46,0.5,0.83,35.51,30.31,61.5
2012,168867,0.66,0.45,0.49,25.12,39.6,53.75
2018,32168,0.74,0.5,0.75,52.83,86.32,90.14
2013,159346,0.95,0.25,0.25,12.38,47.36,58.22
2004,96214,0.09,0.77,0.41,20.51,68.57,80.01
2024,32958,0.23,0.39,0.98,80.44,81.75,99.82
2013,93609,0.4,0.17,0.01,43.0,63.98,73.6
2001,51557,0.42,0.04,0.79,24.05,77.02,80.19
2015,129850,0.04,0.42,0.43,58.5,52.88,66.93
2024,59078,0.04,0.22,0.92,75.33,65.03,80.25
2010,137090,0.76,0.55,0.08,15.22,51.9,64.53
2003,166743,0.43,0.1,0.39,5.0,37.2,61.65
2007,131772,0.01,0.4,0.42,24.82,52.24,71.44
2000,77213,0.84,0.18,0.47,5.02,79.1,71.66
2017,173896,0.31,0.26,0.57,34.37,40.27,65.09
2005,27313,0.42,0.6,0.28,22.28,95.13,85.76
2020,57651,0.1,0.05,0.86,74.67,73.43,94.48
2004,153335,0.08,0.25,0.47,12.37,39.87,70.14
2022,224363,0.88,0.94,0.83,26.52,17.87,45.04
2021,196791,0.36,0.17,0.32,48.53,35.03,58.46
2022,151645,0.06,0.89,0.96,63.89,44.67,71.84
2012,29001,0.16,0.71,0.6,45.45,82.35,91.37
2001,227855,0.05,0.18,0.07,5.0,23.09,57.5
2022,179917,0.21,0.2,0.01,49.84,37.24,62.48
2015,210648,0.34,0.42,0.09,26.71,28.09,43.59
2004,67002,0.43,0.8,0.02,13.12,82.14,81.11
2019,112615,0.34,0.95,0.71,50.28,54.55,70.75
2017,173244,0.49,0.74,0.29,35.12,40.93,61.59
2007,94135,0.15,0.94,0.19,26.41,70.33,70.26
2009,167406,0.34,0.44,0.23,21.84,41.36,70.08
2022,88574,0.92,0.73,0.92,42.14,64.04,74.06
2000,197284,0.71,0.95,0.35,5.0,37.36,52.41
2007,187944,0.94,0.98,0.15,5.0,36.98,42.65
2020,109460,0.23,0.9,0.96,55.6,60.16,75.33
2022,227726,0.75,0.17,0.73,32.74,20.29,52.41
2012,45953,0.11,0.34,0.56,51.68,68.34,91.98
2019,116058,0.11,0.13,0.0,54.9,69.77,77.32
2020,18478,0.11,0.84,0.47,68.41,90.22,100.0
2008,27680,0.09,0.63,0.69,39.64,85.46,98.4
2005,160175,0.14,0.14,0.55,13.4,36.45,63.06
2014,77753,0.68,0.57,0.89,42.52,58.7,75.55
2013,135790,0.36,0.73,0.27,13.13,46.81,70.66
2018,225440,0.8,0.65,0.27,28.28,23.98,38.89
2002,52014,0.55,0.38,0.3,18.18,79.51,87.11
2023,211812,0.31,0.53,0.89,46.89,18.23,66.29
2016,198585,0.26,0.56,0.26,31.83,35.88,61.82
2018,117402,0.7,0.31,0.18,47.43,60.85,65.22
2023,200334,0.48,0.51,0.38,46.12,23.4,52.08
2022,153777,0.44,0.39,0.08,47.33,51.69,55.71
2014,190769,0.78,0.32,0.46,21.32,28.67,44.69
2016,177326,0.35,0.43,0.96,30.82,21.93,61.82
2015,102031,0.39,0.58,0.3,35.71,65.82,73.8
2023,231885,0.79,0.96,0.73,34.7,12.81,45.15
2004,72795,0.58,0.01,0.77,22.22,76.59,90.53
2018,144575,0.01,0.31,0.85,48.31,42.76,71.06
2000,197940,0.13,0.05,0.74,5.0,28.7,60.77
2024,184646,0.8,0.6,0.76,53.11,31.21,60.89
2018,175647,0.03,0.42,0.85,51.04,41.61,62.85
2003,117233,0.54,0.26,0.4,5.27,56.0,71.64
2014,152764,0.56,0.0,0.16,26.15,44.62,62.83
2020,187793,0.27,0.6,0.07,48.61,33.2,58.53
2007,149816,0.66,0.41,0.1,5.0,42.65,62.5
2009,111024,0.57,0.56,0.44,24.26,48.87,72.63
2021,116787,0.52,0.34,0.22,56.64,62.88,67.96
2010,207364,0.16,0.09,0.44,16.5,28.43,59.23
2012,239435,0.6,0.21,0.51,10.84,24.29,48.5
2005,89345,0.96,0.31,0.21,5.86,71.53,78.63
2000,103109,0.68,0.89,0.78,5.0,48.88,72.77
2024,201002,0.65,0.6,0.42,41.54,22.58,54.29
2023,67139,0.5,0.92,0.5,63.61,73.48,83.71
2021,17991,0.3,0.86,0.46,70.31,89.24,100.0
2010,163934,0.0,0.28,0.01,31.98,45.02,71.42
2017,93191,0.68,0.21,0.64,54.08,59.37,76.23
2021,72202,0.08,0.59,0.7,74.06,62.77,88.39
2004,81643,0.59,0.84,0.94,13.58,52.01,72.44
2021,112772,0.32,0.18,0.16,57.46,57.04,70.42
2015,66834,0.32,0.99,0.22,50.98,71.73,85.39
2015,60359,0.11,0.24,0.95,61.22,58.94,88.82
2003,222212,0.76,0.81,0.28,5.0,19.96,44.16
2017,10216,0.79,0.38,0.63,61.27,89.48,85.62
2005,230679,0.5,0.06,0.84,5.0,12.9,50.67
2011,142051,0.58,0.66,0.44,25.07,43.9,62.71
2021,232548,0.46,0.49,0.94,32.95,19.94,50.82
2008,169391,0.82,0.84,0.33,5.0,42.05,52.12
2009,21703,0.67,0.78,0.07,20.22,93.25,81.73
2009,74804,0.23,0.67,0.91,36.57,71.65,80.62
2007,234050,0.51,0.11,0.73,5.0,10.14,54.15
2014,167252,0.91,0.59,0.15,23.53,38.22,57.87
2021,241804,0.44,0.13,0.02,42.87,5.38,48.7
2018,39930,0.48,0.47,0.42,54.51,74.15,78.66
2016,241657,0.34,0.95,0.05,14.33,26.24,45.91
2009,235860,0.85,0.51,0.34,6.56,17.39,40.69
2012,122185,0.05,0.74,0.15,33.24,55.74,83.47
2003,127178,0.74,0.11,0.18,5.0,58.57,63.11
2016,83427,0.19,0.14,0.51,56.52,66.24,84.29
2008,245676,0.31,0.29,0.88,9.36,12.63,39.21
2016,224096,0.38,0.89,0.08,14.85,15.08,39.17
2015,42163,0.57,0.66,0.31,39.07,85.76,86.75
2005,43697,0.1,0.13,0.21,42.64,86.45,79.41
2018,86590,0.16,0.8,0.05,51.55,69.51,88.12
2006,132092,0.07,0.9,0.98,18.6,53.66,70.8
2005,39580,0.27,0.62,0.56,36.41,73.8,90.93
2016,187790,0.45,0.24,0.46,29.38,33.25,49.69
2021,188315,0.96,0.8,0.41,23.18,29.33,52.9
2019,125308,0.72,0.84,0.5,46.0,46.81,77.42
2003,25542,0.86,0.76,0.59,13.36,70.95,80.36
2024,154939,0.05,0.82,0.54,54.68,41.42,70.73
2000,3236,0.69,0.74,0.75,16.1,81.03,100.0
2003,82772,0.42,0.05,0.26,16.37,65.41,76.59
2004,34426,0.27,0.47,0.95,23.51,68.84,90.91
2005,103223,0.67,0.22,0.18,16.15,63.51,62.43
2023,249697,0.9,0.2,0.52,38.12,5.16,42.99
2020,114155,0.36,0.37,0.85,58.45,53.48,81.14
2017,202228,0.44,0.39,0.82,33.6,28.26,54.89
2003,18120,0.16,0.55,0.2,30.38,91.66,100.0
2008,111445,0.08,0.66,0.0,30.94,62.7,72.04
2015,128512,0.37,0.48,0.86,38.07,42.68,75.97
2002,62769,0.87,0.35,0.97,9.73,65.62,76.31
2009,113201,1.0,0.18,0.73,27.6,56.53,65.59
2013,213225,0.34,0.63,0.25,13.68,34.71,49.96
2022,138762,0.73,0.14,0.25,60.53,53.9,60.03
2005,230039,0.9,0.05,0.32,5.0,18.79,49.91
2014,239280,0.98,0.03,0.22,9.71,17.6,40.67
2019,11082,0.63,0.39,0.8,62.29,86.65,92.37
2016,221006,0.49,0.48,0.3,20.59,21.95,45.04
2017,98037,0.03,0.79,0.73,55.64,53.97,81.55
2003,234526,0.24,0.82,0.89,5.0,8.81,54.0
2007,96468,0.42,0.42,0.51,22.1,58.82,68.61
2001,154018,0.45,0.31,0.23,5.0,51.4,68.65
2005,109181,0.23,0.27,0.7,24.08,51.48,71.62
2010,107521,0.99,0.8,0.65,9.25,59.55,66.86
2009,117859,0.72,0.89,0.68,26.46,46.86,72.9
2016,107116,0.65,0.1,0.13,43.71,59.49,74.54
2019,169637,0.58,0.66,0.47,30.23,40.79,66.54
2007,21957,0.4,0.4,0.85,39.86,79.42,89.1
2012,155612,0.75,0.9,0.68,17.62,45.32,63.8
2003,175507,0.4,0.01,0.19,5.0,37.31,55.7
2012,31451,0.95,0.5,0.41,20.14,88.02,78.72
2008,50161,0.77,0.71,0.38,22.14,79.53,80.59
2007,90917,0.16,0.45,0.59,28.33,58.48,82.04
2015,105026,0.21,0.36,0.93,49.58,53.07,78.32
2000,130351,0.75,0.12,0.79,5.0,55.48,74.15
2001,232600,0.76,0.75,0.29,5.0,16.39,45.36
2009,30211,0.48,0.34,0.36,31.94,78.28,98.42
2011,170756,0.19,0.58,0.11,17.5,36.39,70.62
2007,6022,0.39,0.85,0.88,39.32,87.44,93.74
2001,45306,0.8,0.46,0.35,14.46,74.35,71.34
2014,249937,0.28,0.92,0.04,19.79,9.7,56.34
2012,219376,0.88,0.85,0.69,11.89,17.75,44.32
2021,65043,0.99,0.55,0.48,43.3,72.99,87.33
2005,176287,0.68,0.2,0.06,5.0,27.5,53.47
2004,118540,0.21,0.96,0.11,17.58,65.1,74.85
2011,60462,0.74,0.39,0.07,34.67,77.02,77.58
2006,20758,1.0,0.8,0.1,29.77,88.85,90.65
2023,90480,0.74,0.29,0.72,54.82,56.65,81.3
2011,29049,0.51,1.0,0.67,31.28,75.27,84.93
2004,9877,0.43,0.58,0.58,30.95,81.13,90.87
2016,222590,0.02,0.57,0.34,27.78,23.53,63.38
2008,122922,0.07,0.73,0.34,33.9,50.1,74.09
2014,120425,0.16,0.99,0.08,35.84,62.04,77.35
2015,186434,0.17,0.15,0.69,40.36,33.69,61.38
2018,48320,0.44,0.25,0.86,64.39,68.37,84.87
2005,235132,0.15,0.14,0.11,10.29,22.53,50.76
2003,60659,0.24,0.23,0.31,25.2,78.45,81.46
2008,169117,0.19,0.31,0.64,22.05,37.15,70.02
2015,23357,0.93,0.47,0.41,42.03,90.19,79.66
2014,162959,0.88,0.59,0.81,19.93,30.22,59.3
2023,120371,0.36,0.45,0.79,60.39,57.6,74.21
2006,149344,0.46,0.86,0.46,6.01,49.26,66.71
2012,91228,0.01,0.87,0.06,40.71,72.32,85.38
2013,245820,0.8,0.17,0.81,12.31,10.14,39.53
2007,224067,0.87,0.34,0.83,5.0,19.18,58.43
2003,215160,0.31,0.26,0.86,5.0,19.98,54.7
2017,156326,0.13,0.43,0.64,39.43,34.54,72.39
2006,66300,0.38,0.49,0.54,26.05,75.97,89.07
2000,126912,0.32,0.19,0.13,6.74,64.81,69.4
2012,178575,0.28,0.87,0.48,13.76,39.67,57.19
2001,13047,0.17,0.11,0.31,31.61,99.64,90.71
2017,32234,0.33,0.12,0.03,65.53,89.38,85.52
2009,183642,0.23,0.18,0.54,17.7,39.72,67.59
2005,247229,0.29,0.85,0.27,5.07,13.59,50.48
2005,122532,0.42,0.9,0.54,13.03,58.61,62.31
2003,242791,0.22,0.13,0.79,5.0,17.83,49.17
2024,186012,0.03,0.66,0.04,59.46,30.57,75.67
2000,41047,0.11,0.66,0.13,14.32,88.76,92.9
2022,41362,0.7,0.87,0.71,60.75,84.92,86.13
2019,94676,0.52,0.83,0.3,50.32,74.41,74.23
2005,246548,0.81,0.31,0.3,5.0,9.96,37.59
2008,245895,0.53,0.75,0.35,5.0,17.96,46.53
2012,76086,0.1,0.87,0.13,48.66,68.7,76.54
2022,55806,0.12,0.22,0.16,73.45,76.31,87.27
2010,59134,0.26,0.48,0.7,52.04,72.4,92.45
2011,103150,0.76,0.35,0.74,18.54,54.9,68.49
2018,197795,0.25,0.56,0.46,39.63,24.72,52.82
2014,125464,0.36,0.75,0.03,35.14,63.67,73.76
2013,9735,0.23,0.58,0.17,51.56,100.0,100.0
2012,151005,0.27,0.48,0.83,24.72,39.51,61.37
2021,177808,0.52,0.7,0.7,36.33,34.44,49.8
2024,174297,0.99,0.64,0.51,35.72,22.0,46.76
2001,24314,0.54,0.21,0.89,25.2,74.4,90.71
2006,149279,0.09,0.83,0.69,21.21,38.04,64.8
2018,133362,0.98,0.85,0.22,28.15,46.7,64.98
2011,92672,0.32,0.8,0.18,34.66,75.09,79.77
2008,37213,0.44,0.83,0.18,27.87,87.62,87.33
2001,199236,0.91,0.74,0.98,5.0,25.44,49.05
2005,66817,0.47,0.19,0.14,25.54,74.13,87.76
2010,93171,0.86,0.94,0.48,15.52,53.93,75.95
2000,152168,0.93,0.43,0.78,5.0,41.23,62.48
2022,42988,0.62,0.92,0.2,54.96,81.36,83.73
2014,60500,0.72,0.36,0.4,40.97,71.54,76.07
2018,108410,0.9,0.83,0.76,36.65,60.34,60.82
2011,17708,0.49,0.59,0.64,41.44,83.2,92.37
2007,104277,0.58,0.65,0.64,22.44,57.74,79.27
2001,229145,0.07,0.89,0.38,5.0,5.61,53.94
2021,188950,0.23,0.98,0.87,39.73,32.28,53.97
2003,125088,0.12,0.68,0.92,8.08,41.07,70.22
2002,237770,0.44,0.95,0.63,5.0,21.38,50.49
2000,145541,0.22,0.99,0.29,5.0,53.23,65.3
2012,222701,0.28,0.42,0.92,15.46,20.03,50.59
2008,52712,0.6,0.91,0.38,28.98,78.88,80.25
2002,185972,0.05,0.26,0.39,5.0,35.68,62.74
2016,65914,0.06,0.85,0.7,55.91,65.02,79.22
2005,162992,0.6,0.29,0.35,5.0,40.84,62.81
2014,73892,0.73,0.67,0.65,39.63,68.7,72.96
2006,193024,0.92,0.97,0.67,5.0,32.09,48.78
2023,29668,0.67,0.34,0.72,75.54,88.27,93.03
2002,25419,0.48,0.38,0.21,13.41,85.61,95.62
2002,204304,0.64,0.33,0.86,5.0,26.85,55.28
2021,28631,0.66,0.36,0.95,62.06,81.0,91.27
2017,126591,0.52,0.64,0.82,51.38,53.13,65.58
2017,125346,0.29,0.52,0.02,43.68,64.99,67.33
2003,232716,0.24,0.45,0.57,5.0,12.03,47.84
2010,22557,0.41,0.55,0.43,50.26,80.29,100.0
2009,128412,0.04,0.92,0.13,31.85,62.52,75.08
2017,43733,0.25,0.14,0.4,62.83,81.97,93.68
2010,221722,0.98,0.33,0.23,5.0,26.19,46.15
2006,117289,0.97,0.15,0.78,17.24,58.8,55.84
2021,208100,0.89,0.97,0.66,31.59,25.18,56.18
2017,180626,0.44,0.2,0.04,37.2,31.5,68.72
2004,164415,0.61,0.36,0.99,5.0,32.05,60.97
2016,33203,0.77,0.55,0.39,46.03,77.8,87.85
2006,79181,0.75,0.02,0.81,24.15,75.84,71.53
2012,118251,0.66,0.42,0.13,30.78,49.53,63.95
2024,166375,0.41,0.71,0.46,43.98,42.34,60.94
2024,156515,0.73,0.09,0.86,57.45,36.88,62.34
2009,54272,0.05,0.99,0.21,36.33,81.25,96.0
2020,238142,0.11,0.08,0.24,53.8,16.54,60.7
2000,79676,0.76,0.23,0.7,5.0,63.33,77.94
2013,75347,0.06,0.68,0.79,42.13,65.01,91.89
2009,169531,0.96,0.72,0.46,9.03,32.12,45.13
2001,46370,0.28,0.69,0.39,24.0,78.56,83.87
2006,22391,0.82,0.75,0.61,22.46,90.79,90.99
2001,204482,0.96,0.73,0.49,5.0,28.44,49.2
2005,140981,0.21,0.57,0.83,13.73,48.35,72.72
2006,143108,0.91,0.9,0.32,5.0,45.33,56.88
2006,159873,0.43,0.41,0.64,21.19,44.2,68.99
2019,94529,0.13,0.01,0.87,57.73,51.47,72.08
2001,3780,0.56,0.63,0.89,23.96,87.68,91.71
2008,44589,0.15,0.37,0.22,45.38,89.45,92.64
2004,18796,0.48,0.77,0.26,12.78,91.44,91.54
2000,192875,0.55,0.03,0.05,5.0,35.62,56.02
2023,48430,0.87,0.54,0.98,60.45,69.58,76.0
2010,59656,0.75,0.89,0.84,26.65,72.08,90.36
2001,50814,0.89,0.1,0.91,12.83,64.26,84.5
2023,197541,0.85,0.28,0.71,42.07,21.08,45.51
2004,173823,0.31,0.76,0.89,5.0,24.27,67.34
2008,202678,0.64,0.07,0.37,12.54,24.13,53.24
2002,101594,0.81,0.97,0.46,5.0,62.04,77.95
2000,151882,0.93,0.2,0.83,5.0,45.25,60.05
2000,234534,0.91,0.34,0.52,5.0,21.11,48.67
2012,16216,0.81,0.12,0.69,55.73,78.71,88.43
2007,131286,0.52,0.51,0.75,17.13,44.72,68.62
2011,209915,0.43,0.29,0.03,19.68,32.63,45.59
2022,119608,0.94,0.56,0.14,52.59,64.22,61.25
2020,87388,0.71,0.97,0.17,47.37,76.51,78.13
2020,40078,0.25,0.86,0.01,60.51,83.18,91.47
2003,171782,0.91,0.78,0.74,5.0,26.13,56.5
2023,158856,0.45,0.78,0.14,46.64,38.58,69.54
2013,143247,0.13,0.07,0.3,45.46,52.76,68.97
2020,177651,0.64,0.12,0.29,39.38,33.52,60.5
2004,208612,0.57,0.73,0.79,5.0,14.19,52.83
2000,112513,0.1,0.19,1.0,7.44,50.52,80.04
2013,23799,0.89,0.5,0.99,41.89,85.71,85.99
2013,145482,0.6,0.85,0.61,19.22,42.56,61.76
2006,89449,0.33,0.98,0.48,17.94,62.14,88.35
2003,60285,0.06,0.95,0.81,11.73,76.92,87.46
2008,133436,0.39,0.65,0.4,24.6,52.97,65.52
2001,246589,0.47,0.44,0.42,5.0,5.78,44.21
2021,171636,0.58,0.37,0.71,49.18,39.02,57.98
2001,30857,0.95,0.51,0.54,14.0,82.78,86.57
2019,244233,0.24,0.72,0.43,24.99,28.34,44.16
2011,52936,0.9,0.31,0.54,36.67,72.32,77.98
2000,239486,0.44,0.32,0.48,5.0,11.88,49.8
2013,101851,0.94,0.44,0.88,19.35,56.43,62.77
2022,167182,0.2,0.32,0.55,59.39,43.76,62.33
2004,94088,0.98,0.14,0.82,6.8,52.82,71.54
2005,205389,0.49,0.58,0.43,5.0,31.31,46.05
2011,218362,0.49,0.36,0.19,11.28,19.74,48.78
2022,200003,0.93,0.5,0.12,28.71,31.84,43.6
2024,164589,0.51,0.15,0.19,49.57,41.39,68.4
2018,135804,0.83,0.26,0.1,37.82,57.14,67.23
2016,159893,0.36,0.38,0.02,36.02,43.45,68.28
2009,247271,0.45,0.38,0.17,5.0,13.61,45.83
2009,156719,0.94,0.57,0.41,5.92,44.9,56.18
2002,246485,0.07,0.82,0.79,5.0,6.93,53.99
2019,56620,0.41,1.0,0.85,52.8,71.65,85.89
2004,248800,0.02,0.34,0.25,5.0,10.81,46.92
2000,120777,0.67,0.38,0.69,5.0,58.78,70.81
2010,241771,0.21,0.37,0.75,12.71,5.0,53.9
2012,154935,0.26,0.28,0.42,28.72,38.91,63.07
2004,19515,0.33,0.76,0.16,34.31,94.2,84.37
2019,39466,0.51,0.88,0.37,56.6,74.27,90.97
2005,25772,0.8,0.95,0.38,18.22,78.54,92.99
2022,167096,0.73,0.91,0.25,33.29,45.51,60.69
2014,62541,0.12,0.49,0.02,57.75,77.61,84.29
2005,15180,0.15,0.11,0.58,37.42,88.46,95.72
2009,241582,0.6,0.89,0.07,5.0,22.32,39.8
2013,80873,0.93,0.35,0.73,42.32,65.2,70.62
2011,21138,0.58,0.62,0.78,42.12,91.1,96.41
2017,4436,0.28,0.75,0.36,57.52,95.01,92.37
2015,46101,0.85,0.1,0.8,40.03,64.72,92.71
2024,154177,0.15,0.84,0.8,62.02,37.1,70.36
2017,84500,0.45,0.9,0.43,41.89,68.21,83.12
2013,36091,0.94,0.2,0.24,39.25,75.7,84.08
2004,102103,0.46,0.92,0.51,20.16,62.12,78.61
2013,123421,0.11,0.72,0.91,37.0,47.69,76.54
2003,138517,0.58,0.06,0.7,5.0,44.37,75.84
2018,109812,0.18,0.31,0.81,56.54,56.8,76.84
2013,99414,1.0,0.42,0.47,29.4,67.98,70.24
2001,230804,0.01,0.59,0.09,5.0,27.19,46.0
2002,183547,0.57,0.97,0.78,5.0,31.95,50.61
2024,54316,0.39,0.3,0.53,75.84,71.26,85.3
2006,25378,0.7,0.85,0.21,24.08,91.02,84.53
2013,59120,0.13,0.59,0.85,48.51,60.8,82.58
2012,50159,0.33,0.89,0.22,40.2,82.93,86.75
2017,229187,0.87,0.76,0.01,13.17,31.44,43.36
2024,112103,0.93,0.64,0.13,50.56,50.95,63.98
2006,243864,0.18,0.9,0.33,5.0,16.23,51.47
2001,140841,0.7,0.84,0.67,5.0,46.81,63.64
2022,84620,0.67,0.81,0.11,53.22,68.54,73.57
2017,108513,0.97,0.35,0.64,27.42,56.21,75.0
2021,134608,0.3,0.41,0.63,58.82,36.22,77.75
2008,139916,0.27,0.39,0.23,21.9,42.85,69.19
2011,240836,0.77,0.77,0.79,5.0,13.72,39.73
2007,61974,0.71,0.32,0.54,23.45,81.32,78.32
2017,147693,0.08,0.05,0.98,47.7,31.76,73.79
2023,23251,0.84,0.51,0.13,59.65,92.12,82.99
2011,106935,0.61,0.1,0.3,21.6,54.23,78.88
2011,139506,0.15,0.0,0.48,32.67,45.71,71.97
2007,220340,0.27,0.54,0.28,14.45,12.01,55.7
2006,229003,0.13,0.87,0.56,5.0,11.98,56.2
2002,133602,0.49,0.81,0.69,5.0,54.0,70.78
2007,89155,0.04,0.3,0.32,37.07,60.95,87.21
2012,145967,0.52,0.07,0.4,30.7,44.49,63.3
2014,103298,0.57,0.71,0.67,46.29,58.02,80.39
2005,218275,0.27,0.98,0.73,5.0,21.3,58.13
2019,129942,0.63,0.23,0.9,45.26,52.47,60.41
2006,214383,0.26,0.76,0.19,5.0,24.29,61.16
2005,79063,0.18,0.12,0.42,33.58,69.2,80.03
2023,242065,0.92,0.89,0.02,26.57,20.8,49.02
2015,174430,0.23,0.6,0.64,38.1,35.88,63.77
2014,80670,0.32,0.35,0.35,45.03,79.04,90.45
2008,54067,0.5,0.05,0.35,39.58,75.78,88.7
2015,133545,0.32,0.0,0.45,54.13,49.26,66.12
2007,105027,0.6,0.72,0.13,10.18,73.13,68.27
2018,31208,0.62,0.39,0.72,67.34,77.15,86.3
2016,123687,0.02,0.82,0.94,48.68,50.82,72.25
2015,128376,0.78,0.34,0.94,20.05,51.51,62.7
2014,25229,0.04,0.41,0.07,59.57,81.64,100.0
2014,205888,0.19,0.14,0.49,34.37,28.45,65.31
2012,128506,0.5,0.05,0.84,39.08,42.1,73.75
2002,99355,0.95,0.57,0.44,5.0,55.87,69.51
2013,44233,0.12,0.13,0.5,61.44,72.57,94.86
2017,15106,0.31,0.88,0.15,71.37,89.9,96.16
2004,81204,0.85,0.63,0.99,5.0,62.27,78.68
2001,37805,0.69,0.25,0.41,21.95,90.87,90.63
2018,59145,0.77,0.86,0.36,46.97,77.62,83.13
2000,32333,0.42,0.46,0.76,5.99,76.58,87.34
2011,93489,0.69,0.2,0.77,31.17,61.87,68.97
2015,73994,0.42,0.56,0.5,44.9,66.36,80.47
2013,168575,0.81,0.38,0.25,17.3,38.5,57.76
2007,40710,0.41,0.13,0.76,23.7,71.83,87.58
2002,80582,0.54,0.63,0.93,7.14,67.99,82.71
2024,108142,0.88,0.63,0.35,48.53,52.31,78.77
2006,136658,0.39,0.13,0.93,18.01,39.05,69.82
2005,123984,0.59,0.81,0.65,10.01,49.65,69.49
2009,86324,0.98,0.97,0.81,16.49,65.83,69.34
2023,6525,0.11,0.69,0.58,87.64,90.94,100.0
2008,152768,0.91,0.75,0.71,5.0,42.25,63.8
2024,56653,0.82,0.81,0.61,67.15,76.07,76.42
2021,66255,0.27,0.29,0.05,74.3,77.22,80.66
2013,19979,0.2,0.0,0.27,61.75,100.0,93.74
2007,39418,0.78,0.26,0.68,30.41,78.91,79.6
2018,209630,0.84,0.36,0.09,26.46,31.64,43.69
2016,141717,0.56,0.65,0.73,39.01,56.29,62.85
2023,79064,0.37,0.41,0.43,68.45,69.48,85.28
2008,56646,0.45,0.81,0.61,28.82,74.26,71.87
2023,4232,0.52,0.66,0.39,81.69,100.0,91.73
2008,54612,0.45,0.62,0.56,26.61,65.49,85.0
2003,130492,0.97,0.91,0.01,5.0,50.88,67.31
2024,197676,0.93,0.02,0.15,38.6,33.7,63.91
2018,185560,0.39,0.56,0.37,46.55,24.38,46.89
2008,155435,0.58,0.27,0.28,6.16,41.5,60.73
2005,159031,0.25,0.28,0.76,22.98,34.51,61.48
2003,244149,1.0,0.71,0.24,5.0,17.99,40.78
2001,245652,0.81,0.1,0.69,5.0,11.66,36.73
2015,94841,0.49,0.54,0.49,33.61,60.13,78.45
2000,21614,0.27,0.71,0.83,21.0,75.84,94.36
2024,180707,0.76,0.51,0.67,44.7,28.74,55.91
2008,229167,0.1,0.87,0.05,6.43,20.84,55.68
2000,192420,0.58,0.48,0.05,5.0,37.1,63.56
2016,123049,0.18,0.17,0.94,45.6,48.34,76.48
2013,52150,0.01,0.9,0.14,52.41,80.95,89.29
2011,246532,0.11,0.95,0.39,21.75,15.25,47.9
2006,56726,0.48,0.18,0.62,34.7,64.77,80.35
2018,173857,0.03,0.84,0.35,46.16,36.36,69.25
2010,200020,0.19,0.14,0.68,28.42,21.26,65.7
2015,130187,0.39,0.92,0.2,34.56,50.7,67.99
2014,222596,0.17,0.75,0.54,24.06,15.06,47.17
2014,74820,0.54,0.68,0.71,40.61,62.57,79.17
2022,1928,0.13,0.82,0.58,78.24,90.36,91.12
2020,221400,0.08,0.19,0.93,41.67,11.97,54.65
2015,238672,0.82,0.49,0.8,13.97,9.81,45.06
2014,173083,0.48,0.84,0.82,26.01,33.75,60.29
2000,98726,0.31,0.44,0.41,5.0,60.55,82.41
2007,174061,0.96,0.86,0.32,5.0,34.08,65.71
2016,154113,0.63,0.3,0.17,30.37,47.08,55.71
2021,49396,0.02,0.5,0.97,74.05,67.33,93.79
2020,172133,0.53,0.63,0.5,48.84,27.72,64.19
2015,47749,0.56,0.29,0.14,48.06,85.24,79.96
2014,51281,0.06,0.92,0.15,50.71,78.92,90.37
2010,45360,0.0,0.87,0.98,38.82,71.64,88.17
2002,19360,0.52,0.26,0.88,22.5,77.36,83.45
2012,126535,0.15,0.87,0.09,30.42,59.22,70.83
2010,158491,0.64,0.94,0.08,8.22,54.16,64.88
2016,64049,0.49,0.73,0.08,40.62,77.59,83.11
2005,177280,0.67,0.41,0.07,5.0,38.05,57.76
2005,121847,0.32,0.46,0.17,19.55,61.75,68.49
2006,46159,0.21,0.07,0.31,36.12,78.12,87.78
2005,99557,0.31,0.41,0.92,18.54,52.47,76.38
2010,245395,0.01,0.81,0.5,15.23,5.0,59.39
2023,211850,0.54,0.4,0.76,39.29,15.09,48.96
2015,134068,0.42,0.63,0.45,33.42,45.57,77.12
2017,114020,0.02,0.63,0.56,54.54,49.77,79.29
2007,152356,0.16,0.72,0.95,14.84,42.42,70.83
2004,155055,0.95,0.75,0.77,5.0,37.44,59.0
2020,107718,0.86,0.15,0.16,50.11,60.28,70.87
2020,8089,0.24,0.98,0.3,75.77,94.94,90.11
2014,51179,0.48,0.56,0.62,38.23,79.78,79.86
2024,64801,0.77,0.04,0.07,69.35,77.12,81.6
2003,94472,0.61,0.6,0.6,7.01,67.95,67.63
2018,176256,0.84,0.78,0.23,22.56,31.03,52.31
2021,242595,0.18,0.55,0.15,37.05,10.06,50.86
2007,111770,0.15,0.28,0.84,24.55,61.47,68.98
2011,45385,0.31,0.17,0.19,44.62,82.5,89.86
2013,239494,0.26,0.25,0.82,24.72,13.4,55.94
2015,35613,0.84,0.33,0.59,44.83,77.41,84.88
2011,157656,0.74,0.05,0.02,25.12,46.43,58.37
2005,108042,0.71,0.92,0.42,8.76,57.66,70.18
2015,57811,0.06,0.6,0.39,60.96,81.61,80.22
2004,191071,0.11,0.65,0.77,5.0,19.3,61.68
2019,147619,0.56,0.08,0.46,44.69,49.24,56.38
2002,105169,0.34,0.31,0.12,22.96,66.48,77.76
2007,149141,0.43,0.09,0.14,15.83,49.75,58.08
2016,153953,0.54,0.5,0.62,38.55,43.99,62.41
2019,164427,0.21,0.49,0.21,48.81,46.21,70.19
2020,157064,0.32,0.8,0.11,39.6,46.42,67.29
2019,174409,0.46,0.25,0.22,42.01,28.67,61.89
2008,195778,0.95,0.07,0.76,5.0,29.85,58.7
2004,34767,0.14,0.16,0.8,35.99,77.98,99.11
2015,150722,0.38,0.77,0.96,27.52,46.84,63.38
2014,240712,0.67,0.36,0.15,14.84,19.79,49.26
2008,84675,0.96,0.63,0.01,14.74,78.02,67.7
2016,24089,0.48,0.43,0.4,59.75,98.17,92.77
2014,126302,0.77,0.0,0.19,37.0,61.6,67.14
2004,60464,0.94,0.59,0.37,7.25,72.84,72.08
2007,12850,0.05,0.41,0.4,53.61,94.91,91.13
2015,37695,0.79,0.65,0.39,46.1,88.05,83.99
2000,138924,0.35,0.62,0.36,5.0,48.65,71.68
2004,63714,0.04,0.0,0.89,35.54,70.17,91.39
2015,110198,0.79,0.93,0.87,25.57,49.44,62.55
2023,20915,0.0,0.06,0.86,85.68,81.14,92.89
2009,163713,0.99,0.51,0.67,7.5,47.52,55.18
2001,129323,0.4,0.06,0.53,6.31,41.18,72.39
2015,15696,0.56,0.77,0.63,54.28,87.47,94.74
2019,212060,0.99,0.56,1.0,20.42,14.66,42.45
2012,211878,0.51,0.5,0.94,14.87,16.87,51.38
2007,181452,0.39,0.63,0.32,13.48,46.08,56.48
2012,57054,0.54,0.06,0.83,35.96,64.45,95.29
2007,73487,0.38,0.48,0.26,30.34,75.63,78.03
2008,160322,0.9,0.19,0.55,17.85,40.49,59.47
2010,173574,0.49,0.44,0.5,19.04,29.97,47.71
2000,192875,0.5,0.27,0.68,5.0,25.89,60.67
2022,160105,0.46,0.33,0.58,50.59,37.3,55.15
2011,221420,0.24,0.04,0.23,18.63,15.51,52.27
2010,90760,0.97,0.99,0.91,16.64,64.64,76.06
2012,225586,0.15,0.44,0.83,13.4,8.21,50.29
2010,125442,0.88,0.12,0.86,23.6,48.51,69.12
2018,124735,0.49,0.58,0.61,47.81,53.5,69.83
2013,189868,0.01,0.29,0.94,39.58,41.5,54.9
2001,149960,0.12,0.7,0.86,7.17,41.01,74.3
2000,98382,0.06,0.48,0.75,11.95,66.66,73.63
2001,18756,0.93,0.93,0.1,5.0,90.48,79.31
2024,190479,0.16,0.0,0.98,58.1,20.91,62.11
2000,54473,0.83,0.09,0.32,21.26,78.67,77.11
2018,77151,0.19,0.51,0.5,56.12,64.64,75.43
2004,16203,0.86,0.97,0.52,14.49,80.98,91.21
2022,60917,0.85,0.3,0.45,68.39,73.74,78.01
2013,239574,0.15,0.18,0.84,22.72,8.91,52.62
2014,36407,0.06,0.02,0.14,58.95,89.02,92.26
2024,7495,0.82,0.39,0.39,76.38,93.93,83.29
2011,126188,0.97,0.96,0.72,7.96,47.7,62.31
2020,107742,0.56,0.84,0.55,45.7,55.62,72.46
2007,224337,0.29,0.61,0.07,5.0,31.23,40.14
2017,227248,0.81,0.79,0.38,14.38,15.43,44.55
2005,189960,0.41,0.14,0.53,6.55,32.19,52.74
2006,34766,0.56,0.11,0.11,28.23,92.87,87.54
2014,146894,0.88,0.88,0.04,19.77,56.83,62.13
2000,24838,0.75,0.1,0.91,14.89,77.95,88.35
2010,198878,0.4,0.12,0.61,9.58,28.88,69.08
2022,202172,0.06,0.58,0.71,49.76,22.16,62.92
2013,244884,0.41,0.6,0.43,11.17,11.27,45.18
2008,62158,0.25,0.09,0.83,38.5,60.85,77.13
2013,199680,0.12,0.43,0.56,20.31,30.13,56.0
2015,212118,0.48,0.89,0.04,20.91,27.26,59.14
2005,66443,1.0,0.56,0.7,6.56,78.64,82.17
2019,239824,0.12,0.37,0.1,36.75,17.2,55.09
2024,180512,0.8,0.78,0.47,33.84,40.71,59.27
2020,111623,0.58,0.36,0.63,51.14,53.51,81.44
2005,108667,0.5,0.69,0.9,15.89,55.21,79.5
2004,48966,0.52,0.32,0.09,32.37,82.46,82.74
2019,105819,0.88,0.77,0.62,44.8,58.86,73.94
2024,78676,0.05,0.83,0.44,62.95,68.0,84.43
2004,11017,0.89,0.25,0.7,23.79,88.25,87.35
2013,102484,0.84,0.47,0.22,24.79,67.09,68.59
2001,64865,0.72,0.33,0.73,6.29,70.86,71.04
2017,112528,0.79,0.84,0.61,43.24,53.14,76.12
2012,54306,0.29,0.67,0.2,47.54,89.81,92.78
2020,245014,0.48,0.33,0.81,33.78,13.96,50.3
2019,223092,0.38,0.32,0.72,36.35,18.18,44.76
2001,33153,0.8,0.28,0.24,14.29,86.55,75.64
2011,72404,0.64,0.52,0.96,27.4,64.58,87.28
2013,200650,0.23,0.82,0.95,20.42,17.2,65.49
2015,27164,0.81,0.8,0.11,41.44,99.62,91.06
2022,167494,0.77,0.83,0.41,40.27,42.94,58.41
2024,206152,0.83,0.9,0.71,37.92,20.67,46.45
2009,20953,0.46,0.91,0.09,34.87,92.49,100.0
2012,88845,0.35,0.86,0.23,38.12,67.8,88.72
2009,116864,0.45,0.36,0.5,31.32,50.03,78.37
2021,193336,0.0,0.7,0.95,59.23,26.36,60.77
2002,247556,0.17,0.29,0.01,5.0,20.79,46.08
2011,52773,0.59,0.8,0.76,30.54,67.05,84.77
2012,95985,0.58,1.0,0.84,25.64,50.73,74.45
2017,63030,0.01,0.9,0.8,49.4,68.79,90.78
2010,215794,0.85,0.79,0.46,10.45,19.62,49.73
2024,113692,0.26,0.96,0.69,52.29,57.79,78.2
2018,128790,0.46,0.74,0.35,45.68,59.87,72.17
2000,167985,0.25,0.65,0.62,5.0,32.44,60.59
2001,31528,0.01,0.84,0.98,20.78,78.56,96.14
2019,245398,0.11,0.49,0.38,36.32,14.28,50.28
2012,110429,0.88,0.08,0.11,29.09,63.86,81.82
2009,148111,0.24,0.55,0.79,20.46,32.96,60.18
2018,25615,0.15,0.1,0.24,82.65,90.9,95.7
2017,193875,0.22,0.59,0.76,31.62,23.73,62.79
2006,105586,0.6,0.02,0.03,27.41,72.2,66.95
2013,35663,0.49,0.74,0.35,41.86,78.54,90.11
2018,90617,0.02,0.17,0.92,59.48,68.29,83.28
2009,57861,0.91,0.48,0.2,13.27,78.2,93.19
2017,82391,0.5,0.1,0.14,53.01,72.16,73.83
2020,152763,0.65,0.54,0.02,33.5,44.66,54.75
2013,100135,0.64,0.82,0.59,39.46,63.33,79.69
2003,160650,0.13,0.61,0.82,5.0,42.94,73.75
2001,99260,0.54,0.82,0.28,9.93,63.4,75.19
2011,209976,0.25,0.04,0.26,21.13,25.18,51.18
2002,156986,0.08,0.2,0.4,15.43,43.84,65.92
2022,243729,0.34,0.9,0.57,31.29,13.61,51.92
2013,178996,0.6,0.87,0.88,16.34,25.18,50.27
2003,146264,0.54,0.37,0.69,5.0,37.38,73.84
2017,148107,0.67,0.25,0.77,34.58,41.44,64.98
2024,137238,0.48,0.26,0.76,73.35,54.43,67.95
2004,87791,0.85,0.76,0.42,10.76,64.5,74.2
2015,47342,0.42,0.67,0.21,40.1,89.19,90.61
2019,86800,0.01,0.87,0.96,61.58,59.84,81.15
2003,42076,0.6,0.93,0.69,8.06,85.94,77.33
2004,7139,0.91,0.83,0.85,19.61,78.94,86.16
2005,11659,0.12,0.99,0.38,27.19,88.09,100.0
2007,82901,0.34,0.99,0.72,25.26,67.43,81.25
2019,66197,0.83,0.72,0.61,49.99,82.91,75.24
2010,133279,0.26,0.27,0.82,25.43,46.65,75.81
2011,72950,0.52,0.39,0.09,37.86,74.95,85.51
2020,195169,0.33,0.98,0.17,44.23,24.41,57.52
2019,194755,0.27,0.15,0.67,37.12,26.25,58.83
2010,136319,0.41,0.07,0.83,26.94,40.19,59.38
2013,3818,0.57,0.64,0.76,49.45,90.98,92.82
2006,238192,0.94,0.82,0.24,5.0,21.23,39.14
2015,233595,0.51,0.95,0.58,19.93,13.84,50.93
2002,206921,0.02,0.94,0.68,5.0,15.81,52.35
2004,1174,0.66,1.0,0.41,16.69,93.83,94.29
2009,59788,0.58,0.9,0.63,28.91,80.11,86.24
2015,135939,0.75,0.4,0.57,28.58,47.99,63.5
2017,36896,0.58,0.48,0.36,52.43,83.5,91.51
2015,2578,0.28,0.73,0.74,60.16,85.57,97.35
2015,149435,0.03,0.6,0.17,45.87,45.06,69.38
2021,138764,0.95,0.39,0.18,42.82,56.55,68.58
2005,110471,0.58,0.6,0.54,16.19,51.32,76.51
2000,177349,0.53,0.53,0.31,5.0,39.71,50.85
2016,228362,0.8,0.59,0.56,25.17,15.67,50.31
2016,207664,0.57,0.58,0.02,26.81,39.06,52.0
2020,187028,0.14,0.0,0.08,52.05,35.22,66.13
2014,102538,0.63,0.54,0.73,36.5,54.18,65.43
2003,215513,0.81,0.07,0.91,5.0,17.04,46.14
2021,159333,0.06,0.12,0.63,60.75,37.0,63.26
2000,119434,0.28,0.62,0.59,7.68,54.93,69.65
2015,114771,0.32,0.34,0.88,39.52,50.32,71.45
2010,83851,0.85,0.96,0.19,14.46,73.9,69.05
2003,133599,0.19,0.74,0.72,5.0,54.09,77.77
2013,31689,0.18,0.18,0.56,60.23,89.15,90.72
2001,73526,0.29,0.87,0.76,12.14,61.25,86.35
2013,86296,0.69,0.76,0.63,27.14,66.51,80.34
2017,82233,0.07,0.31,0.24,60.38,75.36,87.72
2005,77285,0.4,0.71,0.24,17.77,75.1,77.87
2003,44967,0.92,0.58,0.37,12.45,84.5,83.06
2011,189451,0.44,0.7,0.41,12.01,27.97,51.3
2007,235062,0.02,0.75,0.96,16.73,5.0,45.84
2009,61476,0.81,0.07,0.39,31.87,74.48,85.33
2013,85619,0.46,0.4,0.93,44.82,53.48,89.82
2000,34918,0.94,0.63,0.87,5.0,76.39,78.15
2002,181137,0.19,0.82,0.53,5.0,35.93,71.98
2019,234454,0.37,0.75,0.72,29.67,8.81,49.24
2012,236480,0.56,0.54,0.54,5.0,12.25,55.63
2016,135657,0.8,0.39,0.28,33.86,43.92,70.47
2020,116632,0.38,0.21,0.82,60.23,48.98,69.15
2023,138250,0.27,0.02,0.88,62.25,51.98,66.42
2016,132666,0.78,0.88,0.96,26.41,52.1,59.56
2021,186463,0.43,0.95,0.24,38.21,38.4,59.91
2014,162844,0.65,0.67,0.39,15.45,41.31,59.48
2004,171229,0.69,0.29,0.54,5.0,30.11,58.23
2007,81763,0.56,0.84,0.6,24.06,63.97,88.04
2017,39136,0.96,0.63,0.4,47.24,81.43,71.6
2023,204772,0.68,0.78,0.39,24.78,32.54,54.7
2019,65487,0.08,0.11,0.86,68.52,75.39,94.13
2016,125920,0.76,0.18,0.77,34.84,47.55,61.09
2011,79207,0.79,0.25,0.7,28.94,64.72,89.17
2006,216736,0.92,0.3,0.37,5.0,32.42,58.38
2010,94182,0.46,0.89,0.24,24.75,69.1,72.2
2015,49890,0.55,0.39,0.73,47.83,82.62,77.1
2011,40062,0.13,0.27,0.08,56.7,79.59,89.82
2024,8942,0.24,0.47,0.31,83.47,94.54,99.65
2000,56409,0.92,0.24,0.09,5.0,87.87,89.77
2010,241643,0.46,0.92,0.02,5.0,26.63,51.65
2013,56885,0.88,0.45,0.14,39.3,84.76,77.2
2002,64158,0.74,0.67,1.0,6.24,69.97,86.71
2006,126548,0.5,0.75,0.15,8.3,55.66,66.22
2018,52639,0.6,0.21,0.47,52.68,82.02,78.73
2012,153580,0.41,0.28,0.5,31.24,43.79,60.39
2019,39290,0.71,0.6,0.48,48.87,87.12,87.75
2024,107038,0.19,0.28,0.88,71.96,56.69,85.34
2000,105013,0.5,0.6,0.57,5.0,50.75,67.8
2020,35641,0.79,0.64,0.87,58.98,82.34,85.29
2017,208186,0.59,0.51,0.21,31.7,26.46,62.4
2022,31652,0.45,0.66,0.3,68.69,85.85,94.02
2006,82040,0.08,0.42,0.54,29.73,65.3,76.41
2008,54456,0.05,0.79,0.91,37.27,78.18,88.02
2009,237104,0.59,0.43,0.16,5.0,16.36,54.58
2020,65520,0.53,0.42,0.82,12.89,74.31,86.07
2017,193791,0.94,0.87,0.72,18.97,23.67,53.41
2004,10796,0.29,0.63,0.41,30.32,93.13,100.0
2013,239347,0.62,0.16,0.96,12.89,5.0,46.63
2014,93607,0.98,0.15,0.27,23.48,62.09,74.03
2012,209667,0.77,0.49,0.39,17.86,34.34,47.32
2006,24137,0.52,0.79,0.97,28.23,84.42,97.8
2024,56065,0.43,0.88,0.28,60.39,81.64,88.03
2015,146205,0.81,0.66,0.3,29.14,44.9,55.73
2015,181661,0.35,0.16,0.07,41.52,40.39,58.52
2024,93728,0.04,0.62,0.22,79.02,67.11,86.7
2010,62560,0.5,0.94,0.88,37.43,75.54,81.3
2010,181916,0.06,0.73,0.89,14.74,33.22,68.91
2020,40802,0.79,0.01,0.38,64.3,83.95,85.74
2011,107683,0.51,0.22,0.74,24.76,54.76,80.34
2007,235726,0.15,0.4,0.64,5.0,6.56,57.19
2017,58895,0.48,0.7,0.57,43.13,71.08,86.05
2011,102730,0.52,0.58,0.13,34.82,65.76,68.81
2011,149692,0.13,0.12,0.58,33.6,44.06,67.68
2000,3279,0.36,0.74,0.78,25.19,89.37,97.32
2022,244547,0.33,0.62,0.7,37.06,5.0,48.22
2007,36481,0.44,0.09,0.03,36.43,84.25,86.1
2003,179926,0.04,0.09,0.06,13.24,36.19,60.72
2024,237487,0.61,0.87,0.02,35.16,19.88,52.45
2005,68066,0.42,0.2,0.09,28.05,80.93,78.71
2018,42608,0.75,0.56,0.96,54.65,75.25,85.94
2022,123568,0.71,0.8,0.47,49.6,51.11,69.0
2021,225146,0.23,0.59,0.2,33.53,23.43,55.51
2001,213106,0.76,0.68,0.89,5.0,22.34,46.96
2000,200920,0.16,0.43,0.62,5.0,28.2,57.64
2023,219581,0.19,0.53,0.59,45.86,16.32,49.26
2016,16364,0.83,0.12,0.68,54.8,87.66,90.9
2005,236307,0.47,0.03,0.95,5.0,8.53,48.39
2015,238369,0.93,0.02,0.11,11.29,19.83,46.52
2017,202604,0.14,0.3,0.65,42.26,21.33,58.62
2007,118818,0.14,0.8,0.09,22.47,71.89,77.15
2009,153570,0.53,0.43,0.83,16.7,35.01,72.29
2014,180555,0.97,0.0,0.59,14.55,29.52,59.58
2000,7374,0.99,0.87,0.57,5.0,82.56,93.48
2010,12002,0.1,0.76,0.4,46.12,86.79,95.48
2001,164006,0.85,0.18,0.82,5.0,37.15,64.48
2017,107331,0.37,0.04,0.01,50.79,65.78,74.0
2006,10388,0.24,0.97,0.11,39.48,90.42,97.47
2002,8077,0.35,0.75,0.82,30.83,94.0,94.87
2016,34794,0.83,0.44,0.27,45.84,94.08,84.76
2018,146019,0.29,0.06,0.21,53.04,51.92,67.68
2010,18831,0.75,0.69,0.18,27.69,87.41,90.55
2002,32185,0.83,0.89,0.88,13.73,75.49,89.29
2013,23505,0.27,0.82,0.73,54.5,86.66,94.12
2005,235269,0.14,0.57,0.64,5.0,17.67,46.62
2013,101992,0.87,0.18,0.91,35.69,50.13,74.67
2015,10020,0.1,0.05,0.85,66.92,73.54,96.86
2023,98723,0.7,0.41,0.6,55.83,63.28,68.94
2015,214710,0.1,0.4,0.23,32.0,21.42,60.34
2002,11385,0.28,0.86,0.12,19.57,97.96,86.8
2014,139984,0.22,0.49,0.53,35.29,49.74,64.8
2018,108517,0.23,0.04,0.87,47.37,53.21,80.29
2012,82078,0.58,0.04,0.4,43.98,63.63,89.0
2012,115197,0.58,0.71,0.76,30.29,53.13,68.31
2007,230579,0.73,0.12,0.71,5.0,20.52,53.51
2012,74783,0.13,0.28,0.19,46.83,69.68,85.93
2006,103666,0.36,0.37,0.9,27.63,56.0,77.94
2013,62918,0.87,0.9,0.85,36.32,65.38,88.66
2011,142609,0.27,0.23,0.93,29.26,40.88,64.69
2003,153043,0.96,0.93,0.4,5.0,48.65,63.27
2013,161794,0.71,0.26,0.08,30.01,46.33,63.01
2007,150342,0.01,0.68,0.84,7.62,36.35,71.69
2006,200990,0.04,0.35,0.35,13.62,31.51,58.82
2015,222688,0.59,0.84,0.12,8.75,26.03,50.44
2020,59427,0.67,0.73,0.91,69.16,65.1,71.65
2002,4763,0.57,0.41,0.24,20.63,99.25,86.04
2024,30850,0.06,0.75,0.05,78.24,88.7,91.56
2018,64974,0.46,0.78,0.01,51.39,82.31,85.32
2006,129756,0.48,0.48,0.47,17.53,46.93,70.73
2004,69748,0.9,0.66,0.77,7.86,67.53,72.71
2018,76331,0.2,0.53,0.15,50.48,68.46,79.35
2000,235154,0.89,0.11,0.48,5.0,22.35,46.87
2022,117311,0.12,0.88,0.36,58.83,55.4,67.78
2003,245294,0.92,0.26,0.7,5.0,5.43,44.52
2017,60434,0.12,0.13,0.12,69.1,71.53,80.02
2023,224839,0.64,0.07,0.49,37.43,16.34,33.95
2014,201028,0.84,0.55,0.55,21.13,31.03,49.01
2016,222130,0.61,0.4,0.32,24.96,26.7,48.0
2021,23949,0.53,0.54,0.93,73.05,76.5,91.38
2011,227426,0.37,0.42,0.98,11.42,15.75,56.41
2019,174502,0.27,0.76,0.72,41.19,32.95,66.38
2019,148190,0.88,0.84,0.72,37.19,45.35,58.37
2001,61706,0.82,0.18,0.55,15.21,80.35,72.59
2010,164908,0.8,0.4,0.2,5.83,46.29,46.8
2011,15036,0.66,0.15,0.02,44.06,94.57,82.22
2012,53057,0.79,0.78,0.99,33.14,68.93,82.03
2018,241580,0.43,0.29,0.67,36.89,16.56,54.06
2002,41595,0.22,0.46,0.85,29.57,75.8,86.12
2006,4722,0.85,0.04,0.97,32.24,87.33,92.34
2018,153481,0.84,0.68,0.4,31.38,44.6,54.63
2003,220183,0.34,0.88,0.44,5.0,20.52,52.15
2018,166681,0.79,0.18,0.89,35.78,34.87,61.73
2007,213593,0.08,0.55,0.1,14.62,32.41,49.31
2007,19355,0.99,0.14,0.25,35.77,100.0,85.97
2018,210341,0.24,0.37,0.22,39.64,26.51,50.91
2018,240063,0.56,0.94,0.34,24.31,18.45,51.77
2014,85881,0.84,0.53,0.95,35.48,64.08,74.32
2004,57983,0.8,0.82,0.05,5.0,76.13,76.34
2014,131882,0.36,0.81,0.81,36.34,53.69,70.02
2010,101005,0.91,0.07,0.58,7.77,61.97,72.27
2022,11625,0.52,0.64,0.55,72.7,93.44,97.14
2018,41143,0.44,0.59,0.58,66.53,75.16,88.2
2000,213481,0.53,0.63,0.17,5.0,32.56,55.44
2008,118226,0.26,0.88,0.56,21.31,49.88,75.39
2002,208764,0.1,0.87,0.97,5.0,18.21,60.2
2020,240973,0.06,0.54,0.38,32.8,22.06,49.47
2023,14482,0.41,0.25,0.69,73.9,96.87,100.0
2017,50961,0.07,0.18,0.24,68.91,85.22,96.96
2007,127784,0.21,0.91,0.74,23.6,46.54,65.24
2023,134079,0.81,0.72,0.04,47.7,53.43,63.13
2013,157500,0.11,0.78,0.37,31.21,39.7,72.7
2015,132976,0.96,0.56,0.49,30.75,49.76,75.71
2015,129115,0.07,0.1,0.29,41.44,54.23,73.62
2021,135785,0.6,0.12,0.04,51.29,55.08,62.15
2015,160777,0.7,0.76,0.91,28.73,34.13,58.49
2019,165052,0.37,0.43,0.08,47.7,41.81,69.03
2009,40123,0.21,0.0,0.47,48.11,80.66,83.02
2012,170500,0.67,0.41,0.63,18.89,35.32,60.68
2016,190518,0.16,0.92,0.63,28.18,30.03,59.1
2014,214003,0.38,0.61,0.34,26.59,17.13,52.39
2017,233364,0.67,0.06,0.94,19.8,21.52,45.69
2001,207929,0.86,0.05,0.98,5.0,15.2,50.26
2006,21980,0.47,0.03,0.58,37.24,93.19,96.07
2012,74533,0.84,0.76,0.64,31.41,64.56,71.44
2013,219936,0.39,0.03,0.79,19.28,14.75,47.15
2004,5595,0.65,0.84,0.79,14.43,91.03,95.67
2020,213101,0.33,0.9,0.47,32.62,19.71,59.19
2001,62844,0.57,0.74,0.23,5.0,81.41,80.8
2009,218740,0.74,0.85,0.06,5.0,19.91,50.68
2016,54299,0.59,0.58,0.57,48.21,78.18,84.51
2013,84520,0.24,0.49,0.09,47.06,71.38,80.21
2008,34062,0.44,0.83,0.75,25.15,81.53,84.72
2018,88690,0.8,0.31,0.73,45.06,65.48,69.43
2024,213294,0.79,0.42,0.13,40.49,22.22,52.59
2021,193469,0.48,0.69,0.2,43.79,35.44,49.59
2010,127131,0.82,0.41,0.83,10.19,42.14,67.31
2014,209663,0.38,0.4,0.53,29.68,20.39,47.06
2001,151547,0.5,0.82,0.33,5.0,44.32,54.33
2006,163653,0.19,0.6,0.3,12.81,38.42,69.63
2011,36731,0.54,0.58,0.3,44.47,86.83,90.19
2020,53527,0.92,0.88,0.87,44.18,69.57,71.29
2007,13120,0.52,0.74,0.12,31.67,100.0,95.81
2001,70753,0.19,0.87,0.15,10.81,68.86,89.77
2015,95468,0.81,0.46,0.52,41.17,64.54,68.67
2024,19862,0.86,0.82,0.5,70.43,87.3,98.57
2013,229117,0.64,0.56,0.14,11.45,20.64,43.13
2018,244875,0.56,0.05,0.57,29.76,17.86,52.46
2014,122997,0.23,0.66,0.91,32.14,42.81,77.15
2001,113247,0.96,0.22,0.79,5.0,55.16,75.54
2020,31691,0.76,0.99,0.19,57.78,83.7,77.63
2017,179350,0.68,0.42,0.6,29.45,37.01,52.16
2019,147689,0.72,0.35,0.53,39.2,47.4,62.85
2001,52301,0.91,0.78,0.16,5.0,78.22,75.9
2013,151579,0.06,0.49,0.63,36.48,47.11,67.07
2007,135593,0.41,0.4,0.22,17.12,52.7,68.72
2012,206995,0.68,0.51,0.39,11.98,30.57,53.46
2001,55209,0.62,0.88,0.62,7.12,67.12,90.27
2006,36762,0.84,0.72,0.77,18.31,78.93,84.19
2022,70024,0.72,0.51,0.02,57.6,68.66,75.02
2013,175312,0.59,0.56,0.86,20.59,31.86,55.96
2004,203924,0.4,0.11,0.17,9.82,27.42,58.09
2015,228930,0.96,0.22,0.37,10.75,14.84,42.83
2000,47976,0.52,0.21,0.68,24.73,68.54,95.18
2005,79043,0.32,0.08,0.76,25.55,64.78,87.37
2021,198790,0.07,0.17,0.73,53.26,19.59,58.3
2024,231530,0.09,0.03,0.56,53.07,26.6,63.21
2015,115764,0.35,0.9,0.46,35.65,62.87,68.5
2006,47944,0.81,0.91,0.84,10.91,72.81,79.2
2012,136497,0.55,0.54,0.39,27.5,52.27,69.6
2014,14721,0.06,0.17,0.01,69.76,95.73,91.78
2013,58717,0.23,0.96,0.08,47.92,79.7,83.3
2013,161268,0.38,0.67,0.03,20.91,54.44,68.22
2015,248344,0.65,0.92,0.63,12.51,5.0,36.44
2011,171756,0.85,0.33,0.24,17.03,44.04,57.02
2005,101037,0.92,0.37,0.47,5.0,54.26,70.01
2002,618,0.62,0.77,0.65,23.75,88.54,91.77
2003,143399,0.7,0.98,0.6,5.0,40.6,69.84
2015,99205,0.51,0.23,0.06,38.19,61.22,67.22
2003,120937,0.71,0.03,0.55,5.0,50.99,75.91
2023,49995,0.99,0.74,0.14,56.44,85.28,79.96
2009,179611,0.22,0.07,0.39,13.55,32.33,67.04
2016,63202,0.66,0.46,0.67,45.07,70.03,82.04
2008,149038,0.66,0.29,0.04,11.66,54.14,50.01
2002,124249,0.62,0.31,0.64,7.17,53.27,78.07
2015,120701,0.77,0.81,0.36,27.82,54.03,68.82
2011,165756,0.69,0.67,0.61,5.0,40.65,58.55
2015,215328,0.47,0.41,0.95,27.01,17.93,51.98
2001,200366,0.12,0.21,0.21,5.0,28.11,54.74
2019,157450,0.2,0.4,0.42,37.93,43.62,61.26
2009,117924,0.43,0.38,0.63,16.99,51.63,77.41
2015,106421,0.6,0.26,0.87,44.99,52.42,79.39
2021,183865,0.97,0.6,0.94,29.48,23.31,48.31
2007,3762,0.32,0.23,0.85,43.34,86.19,85.61
2003,197460,0.09,0.45,0.98,7.46,25.06,53.49
2008,170634,0.15,0.46,0.77,18.48,31.5,67.49
2014,182418,0.55,0.58,0.64,21.4,37.95,57.3
2009,178380,0.03,0.45,0.17,19.93,32.73,66.3
2013,180843,0.59,0.25,0.76,19.29,40.49,63.25
2004,248723,0.87,0.38,0.28,5.0,9.95,36.9
2002,185940,0.3,0.3,0.63,8.07,26.84,65.04
2009,131931,0.58,0.02,0.2,20.69,53.21,68.64
2019,163812,0.37,0.54,0.52,37.42,36.34,66.34
2016,130040,0.59,0.68,0.94,27.7,53.81,67.29
2018,184608,0.32,0.12,0.47,46.15,32.03,63.54
2016,155613,0.38,0.85,0.15,25.14,41.88,67.57
2006,233525,0.56,0.67,0.57,5.0,20.05,46.07
2018,108346,0.74,0.48,0.67,44.63,57.43,69.99
2005,192140,0.72,0.08,0.92,5.0,15.54,61.47
2002,191605,0.91,0.04,0.61,5.0,25.7,59.01
2007,183529,0.13,0.28,0.19,17.21,40.07,61.28
2010,206699,0.73,0.1,0.24,5.0,27.89,57.47
2019,11401,0.78,0.14,0.59,62.22,100.0,95.66
2020,12532,0.95,0.61,0.36,50.02,88.09,91.33
2007,221196,0.04,0.57,0.28,5.0,12.4,47.81
2014,127421,0.01,0.58,0.88,47.0,43.76,79.92
2021,245693,0.14,0.35,0.68,38.82,5.0,45.42
2011,164352,0.66,0.05,0.15,13.97,47.53,54.28
2022,27147,0.51,0.99,0.2,67.04,97.08,93.9
2009,231995,0.28,0.81,0.83,11.71,12.68,42.12
2001,185389,0.21,0.34,0.57,10.96,25.24,59.56
2010,223049,0.61,0.97,0.11,10.5,25.19,45.9
2011,159607,0.27,0.51,0.71,25.22,44.82,65.5
2012,35673,0.14,0.61,0.43,52.19,87.71,100.0
2009,44576,0.45,0.17,0.36,43.76,76.76,81.85
2019,109990,0.55,0.04,0.09,57.89,67.63,62.51
2022,248076,0.75,0.93,0.7,36.17,5.0,46.78
2004,137498,0.5,0.65,0.72,7.6,50.65,75.04
2006,168320,0.17,0.27,0.59,16.98,39.59,57.89
2005,230013,0.43,0.92,0.06,5.0,24.58,46.36
2012,97232,0.21,0.56,0.48,44.37,61.6,72.65
2023,112333,0.03,0.44,0.65,64.68,46.21,83.6
2019,82992,0.48,0.88,0.4,47.95,65.16,69.23
2011,249103,0.23,0.4,0.14,10.92,14.86,39.12
2015,882,0.63,0.19,0.96,60.85,92.33,91.58
2013,85712,0.25,0.34,0.06,42.4,67.32,70.65
2004,244329,0.61,0.69,0.4,5.0,16.89,50.34
2007,7294,0.97,0.03,0.95,35.55,87.99,89.16
2014,122290,0.73,0.57,0.59,26.13,51.61,83.97
2010,122314,0.52,0.48,0.6,19.13,46.76,65.85
2002,161298,0.53,0.62,0.09,5.0,48.33,53.56
2004,168058,0.28,0.27,0.32,11.34,46.34,62.11
2018,161884,0.55,0.01,0.84,43.12,35.54,53.18
2009,172438,0.56,0.48,0.94,9.47,38.57,58.25
2023,232028,0.64,0.04,0.03,39.15,17.57,48.25
2009,227215,0.8,0.84,0.8,5.0,13.64,46.28
2022,234107,0.1,0.03,0.01,44.88,24.21,42.56
2018,106922,0.79,0.21,0.03,48.91,60.13,73.34
2017,176180,0.74,0.65,0.6,5.55,29.78,59.37
2004,169405,0.75,0.98,0.7,5.0,29.48,57.32
2007,3655,0.26,0.45,0.41,39.25,92.36,96.67
2018,148670,0.5,0.72,0.67,34.19,39.64,57.9
2005,19777,0.35,0.64,0.34,20.47,95.58,100.0
2001,76314,0.27,0.75,0.28,10.69,81.71,80.27
2016,39796,0.96,0.91,0.35,45.75,83.8,75.42
2018,88656,0.8,0.71,0.81,39.66,66.03,73.63
2009,92092,0.94,0.56,0.1,22.25,64.31,71.78
2010,28785,0.07,0.76,0.25,55.14,82.49,94.66
2012,170182,0.92,0.67,0.37,9.88,31.79,63.37
2014,17275,0.51,0.01,0.15,56.29,89.28,96.21
2019,97782,0.27,0.87,0.11,53.69,63.87,76.82
2023,158769,0.12,0.3,0.67,54.82,35.49,67.94
2007,139036,0.58,0.3,0.62,23.19,42.23,69.6
2002,43105,0.35,0.93,0.67,12.15,82.55,96.87
2014,67966,0.73,0.92,0.34,42.42,67.92,85.44
2013,725,0.93,0.29,0.4,47.36,100.0,92.78
2005,83483,0.86,0.37,0.71,13.54,67.28,70.75
2009,26548,0.03,0.17,0.14,42.57,82.22,95.39
2000,49343,0.54,0.79,0.25,16.34,81.05,87.86
2006,194157,0.17,0.86,0.27,15.0,26.26,55.96
2019,31740,0.86,0.38,0.7,47.62,74.94,85.28
2000,161811,0.65,0.22,0.41,5.0,39.63,60.46
2011,140880,0.32,0.01,0.11,32.92,51.96,69.65
2007,143823,0.89,0.4,0.92,6.99,43.42,61.38
2000,177857,0.66,0.55,1.0,5.0,31.19,66.61
2009,154632,0.18,1.0,0.63,15.18,41.22,76.36
2014,161378,0.24,0.57,0.98,43.44,36.84,75.61
2013,170692,0.9,0.56,0.27,12.31,38.15,63.24
2024,216872,0.72,0.09,0.49,50.97,24.15,49.97
2021,166436,0.96,0.25,0.81,38.73,38.44,55.25
2004,36710,0.45,0.67,0.38,28.67,77.31,82.98
2004,179825,0.75,0.95,0.97,5.0,25.16,56.93
2019,81121,0.47,0.65,0.43,54.21,58.79,86.18
2014,107944,0.25,0.3,0.58,51.31,60.75,82.74
2003,10798,0.13,0.02,0.7,36.45,88.78,99.45
2008,224685,0.12,0.08,0.96,12.23,13.92,59.42
2009,235497,0.43,0.31,0.04,7.42,28.93,46.84
2000,117981,0.12,0.47,0.91,11.61,49.82,68.79
2020,123509,0.99,0.97,0.44,31.7,57.69,64.54
2024,172600,0.69,0.81,0.29,41.51,39.91,64.09
2003,154917,0.58,0.06,0.99,5.0,32.2,59.49
2022,208049,0.48,0.89,0.66,38.53,12.48,55.52
2016,16512,0.88,0.86,0.02,44.8,95.47,79.65
2009,2222,0.29,0.74,0.33,47.63,91.17,100.0
2020,124709,0.5,0.36,0.05,49.66,54.93,69.89
2021,15128,0.97,0.3,0.83,64.85,82.75,90.92
2010,114166,0.31,0.2,0.26,38.61,67.36,73.37
2001,44671,0.71,0.28,0.8,14.68,79.54,85.08
2008,179421,0.63,0.94,0.93,5.0,37.09,56.67
2011,182354,0.57,0.78,0.2,16.82,32.85,52.65
2015,95575,0.11,0.89,0.64,45.55,57.78,81.63
2000,154531,0.76,0.11,0.14,5.0,48.59,54.62
2006,217569,0.05,0.23,0.53,13.67,16.83,62.48
2021,215249,0.73,0.54,0.7,31.78,19.48,55.49
2014,89095,0.63,0.6,0.59,36.73,63.7,73.37
2022,58248,0.71,0.1,0.51,70.6,75.29,79.35
2022,185401,0.12,0.31,0.01,49.97,46.66,55.44
2001,148501,0.72,0.38,0.44,5.0,51.48,58.97
2002,155876,0.4,0.09,0.34,11.49,42.18,60.66
2010,91964,0.36,0.07,0.1,32.71,70.37,80.07
2020,238055,0.24,0.75,0.42,26.47,13.94,51.23
2012,8096,0.58,0.74,0.04,40.17,97.45,88.49
2024,53244,0.83,0.18,0.63,71.83,76.2,81.77
2016,229368,0.2,0.65,0.76,23.56,15.01,52.4
2017,151826,0.07,0.26,0.63,45.78,45.68,65.47
2014,51944,0.96,0.73,0.47,40.08,80.17,81.53
2021,67610,0.85,0.53,0.1,54.59,72.64,79.66
2006,206300,0.53,0.54,0.37,5.0,33.88,52.96
2017,231051,0.83,0.56,0.83,16.73,19.9,45.98
2006,242646,0.99,0.57,0.74,5.0,21.36,35.83
2018,77202,0.31,0.78,0.15,49.6,76.78,79.63
2021,224164,0.21,0.11,0.41,56.06,20.09,59.11
2000,167785,0.2,0.97,0.72,5.0,38.96,67.89
2001,198181,0.38,0.03,0.61,5.0,29.75,53.8
2017,231743,0.46,0.78,0.04,14.9,26.21,52.47
2007,123913,0.95,0.83,0.16,5.0,45.16,69.38
2005,59421,0.24,0.62,0.41,18.09,77.01,83.78
2007,122493,0.51,0.95,0.1,15.11,58.74,82.9
2017,72590,0.83,0.86,0.58,45.9,59.96,73.47
2023,193952,0.25,0.28,0.36,59.39,30.17,59.62
2006,70466,0.73,0.25,1.0,18.89,57.67,73.66
2020,57585,0.73,0.2,0.9,57.4,68.1,80.28
2010,224278,0.44,0.53,0.88,16.03,22.0,57.94
2005,241413,0.62,0.85,0.58,5.0,15.41,44.3
2010,23045,0.51,0.15,0.19,48.15,91.11,88.06
2017,62025,0.56,0.02,0.68,55.18,67.69,85.34
2010,172985,0.83,0.41,0.66,8.68,39.5,61.61
2006,224549,0.12,0.04,0.93,5.0,9.19,61.62
2011,34476,0.31,0.27,0.44,39.21,80.07,89.98
2012,74535,0.19,0.31,0.63,45.63,64.89,84.58
2014,190255,0.0,0.28,0.68,40.82,31.06,51.87
2009,190888,0.19,0.55,0.0,23.4,38.31,62.27
2003,168960,0.71,0.83,0.43,5.0,43.3,65.44
2008,178532,0.36,0.7,0.02,16.07,38.15,64.24
2023,95735,0.05,0.36,0.48,65.91,64.27,82.55
2016,57565,0.64,0.45,0.6,48.27,77.19,93.89
2023,152236,0.07,0.07,0.67,60.75,40.27,69.58
2021,215959,0.41,0.43,0.1,37.61,24.97,48.15
2024,192309,0.13,0.51,0.76,58.16,29.43,62.66
2004,156103,0.27,0.65,0.79,5.0,35.78,69.79
2010,131424,0.55,0.74,0.72,17.67,50.82,72.94
2015,2682,0.63,0.64,0.9,57.07,77.7,90.25
2013,186794,0.28,0.42,0.3,26.85,31.01,62.28
2008,26692,0.31,0.48,0.16,38.83,88.75,92.37
2006,67776,0.57,0.09,0.7,33.12,64.41,81.2
2011,150376,0.62,0.1,0.73,23.05,52.18,61.44
2016,62740,0.98,0.38,0.91,46.81,73.62,74.06
2011,237180,1.0,0.24,0.31,5.0,12.96,42.0
2000,52775,0.16,0.68,0.66,14.73,74.38,92.62
2001,6022,0.39,0.88,0.07,15.57,97.16,100.0
2009,144709,0.03,0.71,0.44,28.77,47.82,74.77
2004,69346,0.01,0.11,0.75,38.53,71.61,83.01
2011,218992,0.56,0.79,0.36,12.21,26.51,50.49
2014,175349,0.83,0.06,0.25,22.55,39.17,61.48
2009,187368,0.08,0.56,0.97,14.6,25.05,63.81
2000,189178,0.57,0.54,0.47,5.0,26.59,56.21
2020,25517,0.35,1.0,0.62,69.38,78.22,88.81
2016,188892,0.72,0.14,0.78,26.23,21.78,49.73
2002,239676,0.91,0.24,0.16,5.0,17.99,35.41
2004,156202,0.37,0.44,0.11,6.99,47.8,70.21
2005,218779,0.13,0.78,0.02,5.0,20.96,58.21
2017,122303,0.83,0.88,0.56,29.92,57.21,69.76
2010,58263,0.56,0.54,0.47,42.93,76.31,91.86
2016,207980,0.57,0.34,0.99,29.22,12.41,49.78
2002,214028,0.03,0.02,0.74,10.53,11.89,60.45
2014,86774,0.56,0.1,0.01,41.08,72.23,77.51
2007,143919,0.53,0.19,0.14,13.06,49.29,71.44
2017,172069,0.96,0.48,0.46,25.93,33.92,63.22
2007,180816,0.64,0.16,0.21,10.43,34.49,55.92
2023,134419,0.3,0.08,0.12,6.75,47.63,72.54
2021,241588,0.39,0.84,0.19,29.65,15.31,42.21
2021,164916,0.42,0.91,0.96,58.49,36.78,61.98
2007,157536,0.05,0.8,0.99,20.04,34.08,55.75
2005,188370,0.64,0.42,0.65,5.72,33.52,52.61
2024,64287,0.02,0.99,0.98,75.61,68.2,95.43
2003,112986,0.54,0.89,0.85,5.0,53.06,75.3
2012,81526,0.31,0.02,0.36,50.77,78.3,75.67
2007,9022,0.66,1.0,0.94,21.13,81.93,94.93
2021,184389,0.21,0.03,0.94,47.2,26.95,55.51
2000,167281,0.02,0.01,0.12,12.38,45.96,64.74
2024,144252,0.14,0.99,0.06,59.54,46.55,77.25
2010,84974,0.29,0.15,0.59,39.79,61.27,84.07
2006,148577,0.25,0.98,0.74,10.76,50.15,65.92
2022,67578,0.73,0.34,0.85,65.26,70.34,84.34
2002,206804,0.74,0.04,0.57,5.0,19.07,53.37
2007,139023,0.24,0.55,0.1,26.91,56.98,75.38
2003,7527,0.32,0.54,0.34,34.47,97.58,89.33
2022,167023,0.13,0.66,0.16,51.96,51.4,58.76
2001,145747,0.9,0.37,0.09,5.0,52.8,57.32
2011,169270,0.11,0.63,0.13,27.4,36.0,72.84
2004,199460,0.63,0.61,0.22,5.0,35.22,45.38
2016,166077,0.5,0.55,0.74,31.17,42.07,61.6
2007,213516,0.45,0.58,0.32,5.0,31.46,43.78
2008,101261,0.68,0.31,0.2,17.13,62.23,73.67
2001,18997,0.4,0.41,0.17,28.93,96.65,89.42
2004,141488,0.78,0.14,0.05,5.95,51.2,72.8
2002,173613,0.29,0.45,0.45,5.0,43.85,57.98
2021,189730,0.84,0.86,0.78,24.28,17.34,50.84
2009,148802,0.61,0.75,0.9,6.93,36.73,64.03
2009,12360,0.01,0.34,0.99,61.03,85.49,99.13
2018,188424,0.35,0.06,0.41,46.5,27.96,52.36
2017,89367,0.64,0.32,0.32,53.08,70.52,83.05
2011,138079,0.04,0.05,0.1,32.11,45.98,68.99
2006,80666,0.39,0.51,0.13,20.09,71.04,76.9
2005,155755,0.22,0.25,0.29,24.19,47.14,65.92
2010,117057,0.5,0.58,0.05,24.18,60.71,78.3
2021,124385,0.06,0.32,0.94,65.41,40.4,75.92
2002,190842,0.35,0.25,0.16,5.0,29.8,63.82
2015,89611,0.03,0.76,0.38,43.14,68.07,79.02
2017,110768,0.42,0.36,0.32,44.42,56.6,75.24
2012,66449,0.45,0.67,0.91,46.51,62.4,82.16
2022,241265,0.15,0.87,0.86,31.16,13.52,49.56
2019,95916,0.09,0.47,0.01,61.34,64.05,86.58
2008,83762,0.34,0.72,0.27,30.67,71.48,74.19
2000,202780,0.25,0.86,0.09,5.0,34.16,54.2
2010,230760,0.02,0.35,0.77,20.22,27.32,50.93
2015,141486,0.19,0.79,0.21,40.56,52.76,75.72
2001,218235,0.26,0.41,0.9,5.0,16.79,60.67
2022,230155,0.9,0.56,0.51,29.41,11.0,50.37
2012,75772,0.33,0.43,0.54,34.36,72.24,78.89
2015,195241,0.04,0.12,0.14,33.93,29.38,53.65
2002,14606,0.97,0.98,0.72,5.0,90.5,75.57
2004,93512,0.43,0.65,0.58,9.54,62.62,71.51
2015,204686,0.94,0.28,0.36,17.59,28.76,56.17
2016,81849,0.73,0.38,0.96,39.79,62.45,67.36
2003,165145,0.28,0.17,0.31,5.0,42.85,67.18
2009,21152,0.87,0.93,0.87,24.5,77.35,91.52
2018,19645,0.14,0.49,0.88,73.2,86.83,92.07
2016,3920,0.23,0.03,0.69,64.72,86.15,91.58
2023,113563,0.44,0.38,0.21,53.11,62.72,77.66
2009,131674,0.12,0.11,0.31,27.77,55.25,78.3
2014,106843,0.16,0.46,0.58,49.58,64.33,85.26
2019,195363,0.96,0.67,0.58,29.03,25.76,44.43
2021,157787,0.27,0.92,0.12,50.28,39.1,65.81
2004,9644,0.46,0.37,0.74,34.25,91.17,95.92
2004,89384,0.59,0.54,0.63,13.61,63.46,70.24
2005,41920,0.31,0.41,0.4,34.95,75.71,78.56
2000,239280,0.05,0.05,0.25,5.0,16.59,46.56
2013,191305,0.19,0.98,0.31,24.28,29.86,61.15
2001,130841,0.0,0.09,0.08,13.81,65.26,75.85
2000,208536,0.69,0.1,0.48,5.0,32.97,55.95
2007,37329,0.19,0.69,0.67,28.19,76.04,86.31
2007,105648,0.99,0.88,0.29,11.71,56.11,60.61
2003,241078,0.34,0.4,0.44,5.0,18.29,52.16
2006,221392,0.35,0.29,0.73,5.0,16.28,54.66
2020,180722,0.07,0.51,0.6,42.4,35.08,74.99
2019,105212,0.04,0.04,0.89,70.62,48.66,87.83
2015,209560,0.65,0.1,0.08,22.28,35.7,63.06
2012,242631,0.8,0.53,0.93,5.0,12.45,52.08
2023,137239,0.37,0.82,0.4,55.79,52.03,76.22
2012,70455,0.9,0.1,0.94,39.83,66.51,77.3
2012,61531,0.75,0.42,0.47,39.52,78.96,77.35
2018,194487,0.2,0.44,0.12,28.45,26.37,53.37
2000,241585,0.13,0.18,0.06,5.0,17.18,50.35
2017,43991,0.42,0.35,0.83,67.6,80.69,82.34
2016,99288,0.04,0.9,0.0,48.33,65.01,83.14
2002,57366,0.28,0.0,0.15,27.46,75.52,79.45
2007,203190,0.44,0.96,0.34,5.0,26.27,58.17
2000,125517,0.64,0.6,0.64,5.0,49.53,63.07
2023,161693,0.42,0.6,0.29,46.52,47.52,63.17
2008,134585,0.01,1.0,0.42,16.85,50.87,69.6
2012,247659,0.26,0.85,0.78,8.94,17.28,43.58
2007,36670,0.74,0.32,0.96,30.81,72.65,89.09
2017,136073,0.44,0.27,0.93,42.34,46.04,63.67
2013,191428,0.46,0.27,0.41,19.47,23.98,61.42
2011,126635,0.66,0.24,0.84,22.43,60.86,58.2
2014,5005,0.57,0.8,0.75,57.98,92.54,99.59
2018,72389,0.23,0.56,0.13,57.16,81.49,79.42
2002,168786,0.21,0.42,0.66,5.0,29.59,61.66
2019,113198,0.48,0.58,0.56,45.84,46.96,82.5
2010,186784,0.27,0.36,0.7,16.42,29.05,64.14
2018,101911,0.33,0.21,0.26,63.28,63.15,68.17
2006,201499,0.02,0.62,0.51,11.26,24.88,57.06
2001,146903,0.23,0.69,0.42,5.29,41.91,75.25
2006,88104,0.35,0.51,0.53,22.0,58.91,79.69
2011,158284,0.02,0.57,0.63,29.35,39.33,62.1
2011,226683,0.73,0.61,0.18,5.0,23.21,48.45
2007,80551,0.13,0.94,0.33,31.39,72.26,96.23
2006,248077,0.63,0.08,0.22,5.0,24.33,46.34
2014,175799,0.39,0.91,0.87,21.66,25.17,53.06
2018,61729,0.88,0.94,0.06,39.0,72.98,79.51
2004,29876,0.53,0.81,0.67,21.96,74.86,89.65
2016,53272,0.45,0.48,0.44,50.36,75.58,85.44
2004,168739,0.1,0.85,0.78,5.0,43.54,64.96
2011,172839,0.52,0.06,0.53,28.81,39.22,55.2
2005,104715,0.09,0.08,0.11,27.75,67.64,74.9
2014,152986,0.3,0.21,0.55,30.2,23.19,61.9
2008,221970,0.97,0.82,1.0,5.0,11.94,37.32
2023,206461,0.08,0.7,0.88,47.94,13.2,51.65
2022,204968,0.77,0.69,0.89,28.99,21.93,61.0
2007,132131,0.34,0.11,0.57,23.12,40.9,72.18
2019,103817,0.15,0.86,0.49,55.11,58.08,79.73
2016,9275,0.2,0.47,0.43,57.51,100.0,97.1
2002,151922,0.19,0.23,0.77,8.73,49.74,73.52
2012,69455,0.92,0.41,0.7,35.81,71.99,76.91
2008,65940,0.02,0.86,0.97,29.38,64.59,87.31
2019,63490,0.84,0.74,0.52,43.24,67.33,73.79
2001,97242,0.56,0.92,0.21,5.0,63.53,80.42
2012,107746,0.6,0.17,0.09,46.16,54.18,69.38
2012,4464,0.38,0.32,0.15,56.43,89.97,100.0
2009,199546,0.98,0.47,0.55,5.0,32.79,43.23
2009,17654,0.86,0.59,0.03,29.92,87.82,90.53
2012,92625,0.96,0.35,0.06,30.02,64.35,68.7
2020,151078,0.02,0.11,0.81,63.04,34.25,64.34
2019,173600,0.51,0.15,0.43,43.2,35.97,58.1
2006,102432,0.47,0.17,0.8,20.75,50.16,72.34
2012,23577,0.97,0.12,0.67,41.01,76.45,86.5
2014,106886,0.56,0.7,0.59,36.22,61.23,65.35
2008,204779,0.18,0.9,0.96,8.89,21.85,62.18
2015,124012,0.35,0.1,0.68,35.83,60.84,76.27
2004,46542,0.13,0.41,0.05,28.85,82.76,76.56
2024,43240,0.76,0.15,0.19,63.67,85.59,77.41
2013,194576,0.08,0.21,0.48,29.49,26.95,57.33
2017,91200,0.12,0.94,0.69,53.89,61.73,79.26
2012,119680,0.44,0.9,0.11,17.94,60.1,66.28
2017,128107,0.02,0.63,0.68,50.74,54.48,62.52
2016,41747,0.44,0.69,0.04,58.99,96.22,86.95
2006,236689,0.63,0.97,0.02,5.0,21.18,37.27
2008,245382,0.56,0.15,0.52,10.89,7.9,45.7
2021,211047,0.53,0.35,0.19,35.26,23.73,51.48
2018,61993,0.34,0.78,0.96,51.29,69.76,90.86
2013,48249,0.84,0.76,0.06,30.47,80.34,81.45
2014,63576,0.81,0.04,0.67,48.59,70.48,72.82
2001,13258,0.03,0.81,0.81,23.8,83.71,100.0
2000,100019,0.3,0.77,0.35,5.0,60.15,67.05
2020,242829,0.18,0.69,0.96,30.02,8.84,57.29
2011,114307,0.32,0.92,0.06,18.56,58.71,70.74
2013,195527,0.39,0.62,0.39,12.74,24.21,42.22
2021,223427,0.24,0.82,0.36,36.05,14.1,48.34
2001,91770,0.34,0.65,0.42,10.89,61.44,81.03
2021,204693,0.21,0.17,0.16,53.94,34.96,58.03
2010,82713,0.22,0.86,0.93,27.35,65.97,82.73
2003,169738,0.64,0.03,0.15,5.0,39.21,60.08
2012,102785,0.43,0.91,0.74,24.87,58.04,75.38
2021,218400,0.25,0.35,0.23,45.37,21.47,55.74
2003,145366,0.66,0.49,0.14,5.0,56.1,55.14
2002,167442,0.22,0.87,0.05,5.0,43.7,62.15
2008,208353,0.55,0.36,0.75,7.15,23.0,49.78
2010,88368,0.07,0.95,0.03,38.19,74.23,82.72
2009,203547,0.84,0.79,0.29,5.0,29.85,53.73
2024,219420,0.88,0.19,0.59,44.14,20.73,44.91
2005,32934,0.47,0.8,0.51,25.04,83.69,85.31
2017,101402,0.28,0.67,0.97,54.34,58.27,71.87
2018,1343,0.78,0.46,0.39,62.8,93.48,90.59
2012,79221,0.87,0.9,0.06,24.77,62.82,81.32
2014,148429,0.06,0.77,0.18,41.76,45.92,71.48
2020,16238,0.58,0.19,0.44,74.79,91.07,100.0
2014,44766,0.81,0.29,0.71,36.55,83.35,86.68
2001,11244,0.89,0.82,0.72,5.0,85.47,90.55
2023,181240,0.55,0.45,0.83,47.12,31.69,58.94
2007,64106,0.36,0.19,0.06,34.45,75.44,82.32
2011,211787,0.08,0.77,0.17,14.66,30.3,66.91
2020,74200,0.28,0.54,0.1,65.97,80.33,78.57
2017,102043,0.73,0.99,0.59,42.99,62.19,70.19
2021,234579,0.08,0.64,0.42,39.1,16.82,54.28
2013,242698,0.69,0.02,0.65,11.86,14.01,45.85
2018,220816,0.14,0.83,0.32,29.75,13.29,57.84
2013,191820,0.86,0.11,0.98,21.24,34.0,48.31
2013,231222,0.74,0.74,0.86,5.0,11.13,41.74
2010,95561,0.68,0.29,0.48,34.24,69.14,79.7
2004,88703,0.92,0.55,0.59,12.84,61.23,82.68
2017,205807,0.05,0.54,0.95,37.78,20.11,56.76
2014,103836,0.46,0.04,0.57,50.38,57.77,85.13
2014,119231,0.55,0.69,0.38,34.14,57.84,63.38
2012,187315,0.3,0.87,0.79,9.03,31.98,55.36
2020,30247,0.09,0.87,0.32,67.45,91.74,88.42
2012,88984,0.45,0.95,0.59,35.96,60.61,76.08
2010,169388,0.97,0.1,0.33,14.06,35.13,50.3
2001,14545,0.53,0.82,0.62,11.75,86.46,88.89
2024,102795,0.48,0.99,0.96,59.99,47.99,67.35
2012,132566,0.28,0.8,0.52,29.79,42.76,74.42
2014,20368,0.49,0.45,0.14,50.87,91.56,96.48
2021,33286,0.16,0.37,0.17,70.4,88.56,79.18
2023,237841,0.48,0.01,0.44,37.72,11.09,43.97
2005,77583,0.06,0.31,0.37,33.99,67.37,82.92
2001,81777,0.18,0.34,0.46,13.65,74.38,85.78
2019,40651,0.53,0.1,0.37,62.81,89.93,83.44
2005,21117,0.91,0.66,0.38,9.04,92.87,93.6
2008,73891,0.84,0.95,0.05,10.8,64.62,74.83
2005,227018,0.54,0.08,0.87,5.0,16.28,39.46
2005,19466,0.95,0.85,0.37,14.28,83.74,82.75
2016,99777,0.69,0.87,0.88,38.59,55.41,74.14
2018,197492,0.33,0.93,0.69,32.31,32.2,54.39
2010,137883,0.48,0.39,0.44,26.15,49.44,74.01
2018,174289,0.52,0.41,0.45,28.86,38.73,66.42
2018,233554,0.07,0.3,0.05,34.26,18.89,58.14
2006,120772,0.19,0.1,0.39,27.52,51.77,74.18
2013,204120,0.99,0.97,0.59,5.0,24.69,55.92
2023,194141,0.21,0.12,0.47,48.92,20.52,63.93
2024,170485,0.47,0.65,0.38,49.08,42.67,59.64
2008,146577,0.9,0.84,0.21,5.0,42.58,62.67
2009,230165,0.5,0.83,0.76,5.0,12.81,46.44
2001,178981,0.6,0.09,0.48,5.0,41.11,57.86
2007,87874,0.96,0.79,0.3,12.44,69.58,68.19
2012,27320,0.25,0.56,0.89,45.63,80.01,91.02
2003,230104,0.38,0.92,0.38,5.0,20.32,51.1
2011,236396,0.93,0.63,0.54,5.0,5.0,47.97
2007,180275,0.86,0.76,0.57,5.0,39.23,58.28
2010,36674,0.95,0.57,0.24,37.34,78.17,84.5
2022,12999,0.66,0.11,0.1,80.32,85.83,92.38
2000,131497,0.28,0.02,0.88,6.93,42.41,65.71
2000,140169,0.98,0.84,0.36,5.0,40.24,66.34
2014,166243,0.31,0.19,0.05,37.83,38.56,60.28
2022,164429,0.9,0.67,0.52,41.57,42.34,59.62
2024,133509,0.03,0.9,0.19,64.52,62.44,79.06
2013,234931,0.9,0.88,0.56,5.0,15.77,41.84
2011,44589,0.04,0.4,0.89,45.6,80.51,95.44
2017,218994,0.16,0.86,0.28,27.09,27.44,52.4
2019,155155,0.89,0.83,0.04,29.96,50.99,68.09
2019,119327,0.99,0.08,0.05,41.22,48.52,60.63
2001,20934,0.6,0.35,0.54,18.14,83.99,90.78
2016,189257,0.99,0.44,0.45,16.27,39.83,51.94
2013,157792,0.3,0.83,0.75,26.19,31.22,63.67
2006,120843,0.28,0.31,0.39,16.29,55.37,62.4
2019,128250,0.06,0.84,0.81,45.66,45.39,74.97
2010,11834,0.2,0.24,0.38,56.82,88.01,99.36
2013,226620,0.05,0.47,0.41,27.27,14.39,53.39
2020,36339,0.71,0.07,0.47,63.98,87.32,76.69
2004,210705,0.63,0.48,0.4,5.0,23.13,44.53
2009,88967,0.32,0.97,0.1,32.45,74.32,71.74
2011,201970,0.06,0.49,0.14,15.13,37.63,59.51
2011,138719,0.81,0.82,0.04,17.96,46.85,64.55
2014,174893,0.07,0.01,0.17,40.77,43.6,66.69
2022,20958,0.46,0.89,0.46,73.62,92.14,90.27
2003,117190,0.3,0.32,0.92,13.57,49.98,69.44
2002,112602,0.98,0.74,0.76,5.0,55.13,72.44
2014,172348,0.69,0.61,0.24,27.32,45.75,62.99
2000,243789,0.56,0.75,0.04,5.0,13.11,44.65
2011,117306,0.2,0.14,0.02,35.95,52.31,76.32
2006,228293,0.15,0.97,0.02,5.0,23.69,53.62
2023,210614,0.15,0.98,0.65,46.01,21.83,46.59
2016,172768,0.5,0.51,0.53,32.56,42.42,65.23
2005,70902,0.19,0.88,0.31,27.63,74.98,80.25
2021,242641,0.33,0.52,0.39,31.66,14.52,50.75
2017,246654,0.88,0.94,0.91,6.29,5.0,43.55
2003,166611,0.22,0.17,0.32,5.0,37.0,60.94
2005,172019,0.8,0.49,0.41,5.0,47.89,60.23
2021,166454,0.47,0.35,0.55,48.01,39.5,60.82
2001,122328,0.9,0.6,0.22,5.0,58.47,65.89
2008,200277,0.51,0.69,0.38,10.15,29.44,56.44
2019,4103,0.91,0.3,0.9,54.74,89.78,90.07
2006,239905,0.73,0.98,0.26,5.0,19.28,42.39
2019,174678,0.15,0.31,0.5,36.72,47.23,70.41
2000,198337,0.56,0.1,0.63,5.0,22.21,57.02
2010,83453,0.34,0.0,0.05,34.61,76.37,88.12
2001,188231,0.48,1.0,0.03,5.0,41.28,54.92
2012,186022,0.09,0.05,0.22,24.91,43.89,58.09
2004,40550,0.55,0.38,0.81,20.07,78.69,89.82
2023,68651,0.75,0.62,0.03,58.96,85.01,77.15
2020,153794,0.49,0.44,0.17,52.28,48.1,70.34
2020,69930,0.33,0.2,0.9,62.0,61.14,79.36
2001,178072,0.3,0.38,0.16,5.0,40.89,74.81
2023,206560,0.18,0.77,0.64,33.71,25.64,57.55
2001,92764,0.58,0.97,0.21,5.0,75.32,73.89
2010,213430,0.4,0.82,0.92,5.93,15.92,57.33
2000,36808,0.39,0.85,0.72,13.88,76.24,81.73
2009,209125,0.23,0.15,0.9,13.2,20.28,60.72
2012,2423,0.24,0.94,0.18,53.69,96.82,100.0
2023,97877,0.42,0.74,0.53,71.73,66.4,83.32
2001,54001,0.57,0.15,0.26,13.19,79.48,82.46
2018,206226,0.19,0.7,0.36,39.94,29.75,56.17
2018,125014,0.73,0.85,0.49,25.68,44.08,67.88
2009,72907,0.38,0.54,0.82,30.17,73.13,86.15
2009,9024,0.04,0.68,0.38,42.72,92.18,100.0
2022,15889,0.77,0.11,0.24,72.49,89.21,89.89
2010,195201,0.24,0.94,0.13,25.53,29.07,63.33
2017,118534,0.63,0.41,0.24,44.79,61.89,70.6
2023,238618,0.69,0.06,0.21,36.51,12.69,49.99
2005,142235,0.09,0.8,0.6,11.27,42.04,73.05
2017,117617,0.52,0.17,0.59,51.92,55.74,61.07
2017,112982,0.31,0.67,0.79,43.97,57.98,65.65
2017,29465,0.08,0.57,0.2,54.82,88.91,92.64
2005,4170,0.64,0.12,0.02,34.34,96.24,93.04
2013,64677,0.28,0.55,0.98,44.46,60.66,75.9
2018,207986,0.59,0.85,0.17,9.46,28.87,48.89
2017,227295,0.93,0.25,1.0,26.23,15.73,44.24
2024,216089,0.09,0.19,0.37,55.43,21.1,52.58
2019,100548,0.47,0.08,0.15,60.56,67.58,82.41
2001,10031,0.34,0.96,0.11,11.11,94.36,86.25
2021,89663,0.15,0.01,0.24,72.97,70.75,75.34
2021,185194,0.21,0.9,0.59,42.83,30.36,65.68
2024,193286,0.08,0.84,0.45,9.2,33.25,61.27
2003,181945,0.93,0.21,0.61,5.0,29.44,53.71
2019,119600,0.84,0.34,0.11,36.93,53.96,66.01
2007,53728,0.21,0.63,0.83,34.75,70.53,93.2
2012,6822,0.33,0.01,0.24,55.88,90.42,95.79
2018,42697,0.7,0.8,0.73,44.9,82.15,76.82
2015,102718,0.51,0.44,0.21,39.36,66.4,77.15
2018,148949,0.02,0.47,0.07,50.56,52.06,70.56
2015,160292,0.1,0.21,0.05,25.34,52.15,64.5
2002,11702,0.63,0.48,0.43,28.41,94.28,84.07
2010,192428,0.82,0.31,0.52,10.13,32.7,48.74
2013,74069,0.86,0.23,0.9,43.44,60.77,76.92
2006,60958,0.73,0.87,0.99,19.4,68.53,85.9
2020,247443,0.07,0.79,0.24,32.32,10.08,50.91
2020,50705,0.46,0.57,0.34,63.89,79.02,79.92
2007,64470,0.5,0.44,0.8,26.21,68.76,80.8
2017,35181,0.83,0.28,0.62,49.87,90.77,92.55
2024,239251,1.0,0.28,0.81,35.7,9.11,40.47
2024,122555,0.02,0.06,0.31,75.47,52.96,68.85
2024,86636,0.14,0.52,0.57,69.89,58.79,82.48
2022,78298,0.72,0.86,0.64,57.01,66.12,82.41
2012,86493,0.1,0.86,0.43,40.19,62.81,73.22
2008,130712,0.11,0.66,0.27,22.8,50.57,72.23
2022,93133,0.21,0.2,0.66,69.14,60.41,88.13
2017,77241,0.39,0.96,0.16,52.91,73.48,78.92
2007,100293,0.7,0.8,0.98,20.8,50.22,60.73
2022,156115,0.09,0.52,0.62,51.98,37.46,62.33
2009,105993,0.92,0.12,0.81,20.13,59.63,69.45
2017,20774,0.1,0.87,0.45,67.01,96.32,97.08
2008,106249,0.75,0.38,0.99,15.28,56.17,68.34
2019,148541,0.85,0.61,0.23,31.74,49.86,51.81
2015,165316,0.42,0.32,0.74,23.99,34.92,60.28
2005,229398,0.83,0.98,0.5,5.0,17.4,46.73
2005,169234,0.25,0.14,0.84,16.1,36.51,69.72
2016,223719,0.19,0.14,0.77,27.34,7.46,50.82
2022,221950,0.44,0.2,0.28,41.16,24.36,44.43
2018,224599,0.21,0.01,0.93,47.63,9.43,52.17
2019,192182,0.09,0.88,0.7,40.14,23.91,68.13
2015,146909,0.29,0.55,0.31,34.49,37.8,66.0
2010,233773,0.48,0.46,0.63,7.66,5.0,42.5
2009,153668,0.95,0.1,0.01,10.06,61.81,56.78
2003,24075,0.5,0.54,0.09,18.93,83.08,91.59
2013,67084,0.64,0.67,0.8,39.77,73.1,80.77
2024,81803,0.91,0.67,0.26,66.08,65.35,76.25
2010,118035,0.5,0.11,0.28,33.68,51.23,78.07
2024,228002,0.94,0.01,0.36,29.22,29.5,41.46
2006,57429,0.08,0.39,0.5,41.08,78.34,87.05
2010,163319,0.6,0.35,0.76,24.76,33.29,61.53
2021,249143,0.57,0.69,0.63,28.92,5.0,45.13
2006,34096,0.75,0.03,0.54,35.21,80.7,80.01
2006,87929,0.93,0.5,0.35,7.46,61.3,72.24
2022,112065,0.76,0.95,0.39,41.02,59.56,67.26
2021,74254,0.87,0.78,0.99,42.81,55.99,71.78
2016,201764,0.35,0.88,0.87,21.34,17.0,53.85
2024,70338,0.87,0.99,0.22,64.23,71.8,77.88
2001,178724,0.48,0.36,0.38,5.0,38.85,59.06
2024,135434,0.43,0.94,0.38,57.94,49.45,67.3
2000,145199,0.03,0.01,0.02,13.02,54.31,76.23
2019,179106,0.8,0.55,0.24,34.19,39.98,54.26
2002,177566,0.17,0.54,0.59,5.0,28.79,66.0
2007,25552,0.08,0.29,0.39,41.62,88.86,100.0
2024,213888,0.51,0.64,0.45,46.87,30.73,53.51
2024,133796,0.6,0.13,0.12,56.82,49.9,66.47
2003,103503,0.04,0.13,0.15,22.12,66.2,72.96
2010,55420,0.99,0.27,0.47,22.09,72.57,80.67
2004,152417,0.29,0.94,0.68,6.55,42.06,69.99
2016,89409,0.33,0.32,0.34,55.99,69.17,84.47
2000,167641,0.55,0.96,0.75,5.0,36.34,56.18
2013,45925,1.0,0.21,0.29,35.24,89.88,82.76
2021,23374,0.51,0.27,0.71,76.79,84.81,86.03
2017,129958,0.49,0.72,0.28,33.85,52.1,69.04
2024,176428,0.75,0.62,0.38,43.48,34.89,57.99
2002,148706,0.8,0.34,0.19,5.0,43.12,57.63
2023,22041,0.39,0.68,0.44,73.34,87.8,91.24
2019,179222,0.92,0.27,0.55,39.54,32.72,63.09
2013,99786,0.72,0.71,0.62,33.99,57.87,67.88
2005,109529,0.19,0.67,0.34,20.3,57.76,73.54
2003,121096,0.58,0.22,0.65,5.0,49.91,70.45
2009,204239,0.8,0.04,0.44,8.22,25.56,65.97
2011,106394,0.97,0.6,0.3,24.4,64.17,78.18
2004,247383,0.54,0.82,0.87,5.0,5.0,49.43
2002,173028,0.94,0.4,0.01,5.0,32.28,60.49
2007,152615,0.03,0.56,0.45,22.28,52.27,66.1
2010,192209,0.74,0.91,0.3,5.0,25.17,57.05
2014,214543,0.87,0.67,0.35,5.35,19.51,50.1
2017,120017,0.09,0.67,0.46,48.27,51.83,68.44
2012,249567,0.06,0.5,0.18,17.04,6.0,45.08
2009,236791,0.37,0.2,0.33,18.59,20.85,47.08
2006,233718,0.58,0.12,0.86,5.0,17.07,47.12
2005,75979,0.76,0.68,0.45,9.79,66.91,76.88
2004,68353,0.15,0.99,0.47,28.6,60.72,92.56
2014,196965,0.57,0.56,0.73,22.5,31.36,65.65
2013,72253,0.23,0.32,0.86,43.9,64.83,84.89
2000,121197,0.01,0.91,0.18,11.15,65.65,76.17
2015,141680,0.04,0.97,0.81,41.99,49.13,77.52
2009,6300,0.65,0.52,0.78,35.92,94.39,93.89
2017,162621,0.53,0.65,0.87,13.19,31.38,64.18
2020,127384,0.65,0.46,0.35,45.52,45.0,64.44
2007,192927,0.17,0.25,0.42,9.95,39.19,59.44
2014,241541,0.35,0.05,0.11,26.91,19.86,49.59
2020,82232,0.76,0.97,0.07,56.71,68.33,77.22
2015,200313,0.21,0.01,0.83,37.98,18.58,54.06
2005,245628,0.98,0.05,0.22,5.0,14.14,42.91
2018,174674,0.14,0.3,0.57,47.78,40.05,71.75
2005,43190,0.98,0.59,0.29,23.5,84.08,81.6
2007,38815,0.3,0.19,0.48,40.17,70.62,100.0
2001,24486,0.44,0.31,0.36,21.61,88.98,75.43
2004,95747,0.87,0.99,0.52,5.0,58.1,74.66
2013,84798,0.59,0.82,0.44,41.38,73.04,77.95
2024,124367,0.81,0.76,0.18,46.91,57.33,69.01
2022,104430,0.56,0.59,0.29,55.62,62.8,69.01
2002,37265,0.92,0.49,0.46,10.67,86.54,87.65
2009,168110,0.98,0.46,0.21,11.81,39.3,57.52
2017,78559,0.48,0.33,0.22,56.85,65.1,81.55
2000,212145,0.93,0.87,0.13,5.0,23.11,42.49
2007,72930,0.73,0.58,0.91,19.96,63.78,82.75
2017,165898,0.99,0.75,0.09,22.36,37.93,58.78
2011,183485,0.58,0.72,0.9,11.88,23.11,60.67
2017,169609,0.69,0.33,0.09,43.02,44.07,64.74
2009,102927,0.82,0.64,0.96,21.94,53.08,66.52
2016,187026,0.63,0.46,0.89,25.52,33.29,64.21
2007,33184,0.62,0.59,0.26,28.53,94.18,96.02
2006,119695,0.71,0.18,0.71,11.66,52.79,69.31
2004,223694,0.36,0.78,0.0,5.0,22.42,60.81
2005,142813,0.01,0.63,0.65,11.33,44.99,70.24
2023,2417,0.41,0.17,0.63,73.22,86.88,98.5
2017,167277,0.53,0.64,0.85,28.33,44.83,54.61
2015,179648,0.89,0.19,0.42,31.63,30.88,59.1
2004,143827,0.58,0.65,0.89,8.55,53.91,63.38
2005,139295,0.98,0.14,0.16,8.88,58.9,59.66
2002,112656,0.67,0.66,0.47,5.0,62.45,67.64
2020,230702,0.78,0.89,0.75,22.06,8.61,47.0
2018,230684,0.45,0.09,0.59,28.77,18.65,47.77
2002,91441,0.25,0.76,0.25,18.2,63.17,76.95
2021,243033,0.48,0.68,0.9,21.5,10.34,48.25
2010,142244,0.8,0.51,0.06,25.17,50.1,57.72
2001,144496,0.25,0.2,0.55,5.0,44.47,69.18
2017,35266,0.96,0.74,0.42,48.38,87.64,74.0
2004,217834,0.13,0.35,0.06,6.4,21.9,44.93
2013,29448,0.68,0.56,0.18,44.4,93.3,93.85
2018,2967,0.33,0.77,0.3,72.19,99.84,100.0
2005,152445,0.81,0.94,0.4,5.0,48.42,59.49
2012,239190,0.62,0.05,0.86,9.71,7.66,44.63
2005,197843,0.91,0.75,0.47,5.0,41.33,60.58
2021,8312,0.04,0.44,0.44,84.56,94.4,100.0
2002,220592,0.4,0.81,0.41,5.0,19.95,50.22
2022,169066,0.16,0.61,0.01,57.85,49.98,64.21
2012,232291,0.31,0.74,0.38,15.82,23.12,49.35
2015,42539,0.13,0.66,0.81,57.95,76.36,92.65
2011,63929,0.39,0.23,0.01,37.73,76.0,88.99
2002,32250,0.06,0.23,0.84,30.66,65.85,82.92
2010,74870,0.88,1.0,0.84,20.94,65.05,85.78
2023,190653,0.22,0.08,0.39,57.26,29.83,59.86
2024,67732,0.37,0.19,0.11,74.27,78.5,83.62
2018,109739,0.05,0.39,0.26,58.46,60.24,74.81
2015,207677,0.4,0.54,0.15,24.87,28.53,53.33
2009,22201,0.29,0.13,0.23,49.35,83.3,86.62
2000,170347,0.23,0.9,0.28,5.0,36.41,62.05
2023,212153,0.14,0.05,0.18,57.94,31.24,59.54
2015,103677,0.14,0.92,0.24,31.63,57.38,76.14
2018,154716,0.67,0.15,0.29,36.6,47.79,63.99
2005,202310,0.46,0.99,0.78,5.0,26.2,60.91
2019,171686,0.83,0.79,0.04,40.72,42.13,60.6
2007,100614,0.4,0.54,0.73,25.72,58.5,74.95
2024,26705,0.22,1.0,0.8,86.48,76.36,93.46
2007,37644,0.71,0.87,0.37,25.27,75.46,87.89
2016,206635,0.94,0.32,0.03,13.87,24.07,50.65
2009,9381,0.87,0.39,0.46,40.15,91.52,86.88
2004,146422,0.6,0.74,0.75,7.3,41.72,56.99
2020,151668,0.19,0.81,0.26,51.93,45.6,77.28
2008,35291,0.06,0.16,0.5,56.42,84.99,91.58
2003,72577,0.54,0.08,0.2,23.32,75.93,89.53
2024,22936,0.04,0.6,0.34,84.78,91.45,98.61
2014,172152,0.48,0.39,0.2,27.51,42.99,57.29
2002,84203,0.25,0.82,0.19,7.43,67.78,86.65
2003,34014,0.67,0.35,0.98,11.34,86.82,85.32
2010,207029,0.61,0.81,0.96,11.56,22.13,52.14
2019,171968,0.0,0.0,0.87,58.91,38.21,61.39
2003,117427,0.54,0.78,0.02,5.0,59.99,69.39
2006,103284,0.76,0.56,0.4,19.23,60.58,75.85
2023,202226,0.87,0.91,0.54,32.84,15.14,48.96
2000,193828,0.03,0.96,0.63,5.0,32.8,74.51
2020,60757,0.17,0.36,0.63,70.06,67.17,90.89
2015,61962,0.1,0.9,0.0,10.43,84.95,86.65
2009,59910,0.22,0.1,0.13,39.37,78.87,95.48
2006,17506,0.03,0.51,0.59,44.45,81.62,84.32
2010,200391,0.97,0.32,0.21,5.54,25.97,51.62
2018,70145,0.76,0.93,0.49,48.93,71.93,72.45
2021,223484,0.09,0.6,0.01,46.29,11.89,59.53
2024,227960,0.74,0.14,0.25,45.85,15.37,41.56
2011,190267,0.89,0.53,0.04,8.94,39.17,51.73
2013,116886,0.44,0.41,0.96,42.03,47.94,62.59
2021,200276,0.51,0.95,0.94,35.49,12.83,51.95
2000,4721,0.51,0.65,0.96,23.38,92.44,98.17
2015,219476,0.74,0.49,0.41,25.35,28.37,45.28
2010,46995,0.94,0.93,0.75,29.82,76.73,79.96
2011,38080,0.79,0.34,0.33,35.4,88.04,88.05
2002,211863,0.6,0.93,0.57,5.0,16.75,59.89
2006,101645,0.54,0.91,0.59,14.63,52.26,72.95
2013,174916,0.24,0.35,0.75,21.73,32.02,62.93
2012,138558,0.25,0.34,0.94,35.18,43.41,62.3
2021,221304,0.3,0.86,0.12,35.86,17.62,55.58
2008,75194,0.81,0.84,0.16,11.44,76.31,74.13
2014,12250,0.38,0.85,0.42,56.63,85.68,92.98
2006,80320,0.41,0.25,0.58,17.7,53.01,79.12
2008,175089,0.6,0.9,0.03,5.89,43.61,66.2
2000,16917,0.76,0.96,0.51,10.28,85.9,90.73
2007,12119,0.08,0.96,0.5,40.51,89.31,91.03
2010,96497,0.26,0.81,0.59,25.87,58.83,76.22
2023,191612,0.25,0.48,0.04,48.4,44.01,52.98
2017,29225,0.86,0.68,0.72,42.64,75.56,86.84
2007,55552,0.55,0.57,0.61,33.66,66.7,85.39
2016,22903,0.82,0.79,0.26,46.78,81.5,87.36
2016,248284,0.55,0.48,0.22,9.36,8.64,43.05
2016,132871,0.86,0.39,0.54,29.97,50.03,62.59
2000,214002,0.96,0.37,0.6,5.0,23.61,49.48
2013,72799,0.42,0.76,0.38,37.85,66.36,79.44
2015,158976,0.66,0.84,0.05,23.41,52.34,62.34
2020,232259,0.22,0.65,0.25,22.76,8.62,54.03
2014,68416,0.92,0.18,0.54,31.44,67.47,83.06
2005,184850,0.9,0.91,0.75,5.0,29.37,63.51
2005,41387,0.35,0.62,0.15,22.17,87.88,87.79
2009,197323,0.88,0.38,0.27,5.0,27.45,40.71
2009,49643,0.57,0.16,0.44,34.82,71.35,80.24
2004,25689,0.18,0.16,0.31,35.77,84.08,85.86
2008,75442,0.99,0.79,0.02,11.07,80.3,67.92
2015,232639,0.8,0.5,0.14,11.16,28.47,47.59
2000,133584,0.29,0.48,0.19,5.0,46.46,72.21
2020,144579,0.25,0.2,0.01,49.96,55.36,68.93
2002,41727,0.41,0.2,0.38,23.4,85.32,86.88
2005,166156,0.61,0.36,0.37,6.99,37.58,63.17
2007,193008,0.32,0.5,0.05,12.45,30.69,54.1
2018,31075,0.09,0.89,0.7,60.28,86.94,92.7
2003,23855,0.48,0.96,0.56,21.75,89.82,88.12
2003,66236,0.67,0.02,0.07,16.3,74.73,78.55
2012,233591,0.55,0.3,0.25,15.46,25.82,47.48
2004,61413,0.21,0.09,0.76,26.89,63.3,82.02
2001,202204,0.06,0.88,0.4,5.0,38.33,66.75
2008,129394,0.02,0.47,0.81,24.95,47.85,62.64
2009,80255,0.75,0.52,0.22,26.14,75.58,75.89
2015,175668,0.06,0.12,0.43,48.07,33.84,70.62
2008,42666,0.15,0.12,0.57,51.62,81.83,83.75
2008,195964,0.06,0.73,0.12,16.23,35.45,51.68
2001,197050,0.22,0.99,0.78,5.0,24.29,56.46
2006,209642,0.13,0.73,0.29,5.0,43.09,57.12
2020,175173,0.15,0.7,0.8,47.6,33.33,58.43
2010,147804,0.93,0.92,0.89,5.0,33.13,65.4
2009,144608,0.28,0.96,0.47,11.59,57.23,63.73
2022,51425,0.97,0.9,0.63,46.98,69.32,79.18
2016,170943,0.71,0.52,0.47,25.63,39.28,60.88
2007,137766,0.95,0.95,0.91,5.0,48.99,65.91
2003,66922,0.12,0.23,0.88,26.72,64.75,75.63
2012,64392,0.57,0.57,0.4,28.24,70.56,82.56
2010,28773,0.12,0.94,0.12,38.04,84.41,91.02
2000,189893,0.54,0.64,0.16,5.0,38.3,61.5
2002,189369,0.95,0.8,0.22,5.0,39.72,49.47
2012,123928,0.02,0.93,0.03,31.3,57.27,72.77
2007,227884,0.3,0.92,0.69,5.0,9.41,57.81
2022,225405,0.05,0.99,0.31,32.61,22.5,56.53
2017,37975,0.54,0.98,0.15,42.42,89.24,89.76
2003,40914,0.1,0.1,0.85,32.53,71.23,91.67
2016,150290,0.87,0.97,0.44,17.48,50.55,60.78
2020,137171,0.99,0.07,0.7,38.93,42.28,58.01
2018,146393,0.49,0.45,0.35,35.69,48.56,68.85
2019,63148,0.62,0.11,0.17,65.14,85.72,73.07
2013,151907,0.65,0.37,0.2,25.8,43.67,67.41
2014,124723,0.61,0.27,0.6,39.45,53.04,63.19
2006,245736,0.88,0.0,0.9,5.0,5.32,35.07
2019,149234,0.19,0.1,0.78,47.47,37.1,71.59
2020,135430,0.13,0.84,0.77,51.58,44.17,66.07
2003,152470,0.28,0.71,0.83,5.0,33.37,68.07
2016,197062,0.84,0.99,0.54,13.37,32.26,42.67
2015,90491,0.6,0.93,0.98,40.64,60.76,69.59
2021,189018,0.94,0.83,0.48,23.46,30.3,50.1
2015,182820,0.76,0.9,0.34,10.76,37.51,53.6
2006,188650,0.28,0.46,0.46,13.3,25.87,56.78
2003,238239,0.29,0.86,0.64,5.0,12.44,52.75
2014,66531,0.86,0.04,0.75,42.69,67.44,78.77
2010,162758,0.61,0.6,0.24,11.89,35.7,59.72
2018,176046,0.22,0.12,0.95,36.24,45.32,60.11
2016,120251,0.9,0.74,0.73,29.4,57.09,64.15
2014,65523,0.93,0.75,0.38,35.34,80.04,82.83
2012,113634,0.72,0.63,0.24,16.14,63.51,61.79
2014,12482,0.93,0.49,0.57,46.37,88.86,84.92
2016,90367,0.95,0.22,0.05,38.02,66.82,72.57
2019,199902,0.88,0.49,0.28,28.66,29.33,57.85
2013,87405,0.53,0.71,0.46,31.55,67.11,77.24
2024,42656,0.87,0.98,0.44,61.99,85.22,90.34
2000,226961,0.59,0.4,0.37,5.0,19.0,59.46
2012,59027,0.23,0.59,0.15,38.5,73.93,89.96
2014,203293,0.91,0.7,0.81,14.71,27.47,49.74
2003,171692,0.49,0.5,0.23,5.0,30.89,60.59
2008,124932,0.99,0.92,0.75,7.43,47.71,66.89
2003,174430,0.11,0.56,0.24,10.33,37.28,57.17
2010,96795,0.32,0.29,0.21,41.73,57.61,78.25
2014,195901,0.68,0.05,0.05,17.65,28.1,51.77
2003,206972,0.52,0.42,0.57,5.0,26.18,54.11
2015,85384,0.86,0.02,0.05,37.35,76.27,71.6
2018,168386,0.43,0.38,0.18,39.11,40.72,60.06
2010,238985,0.93,0.47,0.96,5.0,11.4,51.54
2013,18174,0.31,0.75,0.73,47.07,91.25,86.81
2013,235682,0.56,0.57,0.35,15.78,14.92,46.02
2020,175356,0.06,0.27,0.02,43.0,42.21,68.61
2024,103873,0.19,0.39,0.03,68.61,62.62,76.43
2022,180008,0.38,0.54,0.39,61.66,35.16,50.7
2001,147253,0.43,0.27,0.78,5.0,36.15,61.42
2024,22144,0.28,0.28,0.19,88.6,85.99,100.0
2008,166576,0.74,0.54,0.56,12.65,26.17,64.48
2014,88451,0.09,0.19,0.26,52.24,61.56,81.26
2010,89728,0.03,0.89,0.22,30.35,61.62,78.25
2008,158393,0.01,0.78,0.31,17.16,49.95,67.57
2019,178652,0.98,0.32,0.79,31.17,27.88,61.45
2006,144423,0.54,0.02,0.02,16.94,47.35,71.99
2004,189631,0.01,0.03,0.91,12.24,25.08,63.27
2007,249566,0.86,0.8,0.53,5.0,7.19,33.17
2023,25985,0.96,0.15,0.44,57.93,80.63,92.29
2014,108926,0.18,0.75,0.6,32.67,62.25,81.75
2015,91017,0.82,0.48,0.26,42.58,73.36,75.16
2013,214488,0.51,0.62,0.05,18.39,27.28,54.44
2007,85302,0.57,0.79,0.52,22.94,68.44,87.24
2022,13981,0.55,0.77,0.89,64.74,83.28,93.24
2014,125498,0.98,0.4,0.36,29.1,53.54,66.4
2005,28507,0.72,0.56,0.32,23.55,85.3,86.69
2016,13200,0.06,0.75,0.73,61.92,82.78,100.0
2015,154152,0.88,0.69,0.97,12.98,41.28,68.35
2012,110771,0.08,0.51,0.97,45.64,57.49,75.71
2009,9063,0.14,0.01,0.92,58.81,88.34,86.95
2004,188358,0.05,0.77,0.51,5.0,30.7,64.77
2014,226903,0.19,0.93,0.34,16.06,28.45,59.85
2003,38882,0.47,0.84,0.04,17.01,86.96,87.01
2001,143721,0.43,0.86,0.15,9.0,43.71,68.06
2000,147443,0.34,0.7,0.77,5.0,43.52,63.92
2007,181123,0.88,0.21,0.6,5.0,32.81,48.99
2021,132476,0.72,0.52,0.86,47.76,56.57,64.83
2018,120766,0.36,0.18,0.51,50.57,52.45,76.13
2011,155706,0.67,0.7,0.25,16.81,41.34,68.41
2005,226702,0.09,0.96,0.52,5.0,20.35,53.02
2018,214753,0.52,0.96,0.2,24.03,21.16,48.41
2010,97628,0.55,0.51,0.76,22.84,51.52,74.71
2002,89900,0.39,0.93,0.43,15.47,66.31,74.22
2015,195157,0.5,0.45,0.5,25.31,25.47,52.77
2005,31698,0.99,0.98,0.08,17.84,87.82,90.21
2019,146310,0.93,0.1,0.15,40.39,47.25,58.02
2019,47830,0.64,0.38,0.78,64.1,72.29,81.27
2023,97715,0.24,0.96,0.44,57.51,65.89,76.73
2024,222763,0.68,0.92,0.64,27.7,17.09,51.39
2018,197122,0.36,0.53,0.35,34.38,26.41,50.72
2006,24266,0.33,0.49,0.39,32.41,86.48,87.83
2012,173319,0.51,0.86,0.75,19.1,36.24,68.58
2013,69142,0.76,0.52,0.97,35.09,62.19,83.18
2011,189306,0.62,0.63,0.87,11.8,24.33,50.92
2009,84898,0.89,1.0,0.58,15.36,57.27,67.57
2017,109901,0.76,0.67,0.07,43.7,58.36,67.96
2022,62967,0.46,0.86,0.31,57.02,88.68,83.08
2014,22527,0.94,0.68,0.47,33.17,82.32,84.68
2024,10909,0.08,0.55,0.64,13.45,95.87,98.86
2024,200874,0.1,0.36,0.97,51.61,21.24,64.22
2017,5226,0.63,0.74,0.82,54.82,87.03,94.93
2012,219330,0.43,0.64,0.03,8.58,29.12,46.42
2020,209891,0.31,0.81,0.84,41.1,29.99,48.07
2016,111294,0.35,0.79,0.22,44.3,60.16,76.06
2017,99521,0.03,0.41,0.28,5.46,63.89,74.23
2008,177996,0.77,0.43,0.45,11.21,32.54,46.53
2020,52340,0.64,0.16,0.75,71.91,77.83,83.42
2000,61833,0.23,0.92,0.22,16.9,69.4,85.22
2023,197470,0.74,0.39,0.48,39.05,26.28,50.15
2014,33497,0.54,0.06,0.03,59.4,85.28,92.85
2014,208921,0.3,0.61,0.25,16.95,27.16,59.22
2005,194126,0.63,0.38,0.25,7.18,26.7,56.95
2005,112429,0.76,0.21,0.41,5.0,60.85,70.02
2005,30810,0.49,0.45,0.66,23.09,80.62,92.18
2008,162680,0.68,0.45,0.07,14.41,43.09,61.92
2017,171509,0.95,0.14,0.95,32.61,30.18,50.91
2004,51956,0.85,0.56,0.37,17.37,82.36,89.61
2004,18886,0.59,0.21,0.96,25.05,85.14,96.02
2018,248006,0.47,0.51,0.55,15.24,11.61,52.74
2006,111614,0.25,0.87,0.5,19.41,41.92,68.53
2004,217741,0.86,0.26,0.87,5.0,24.65,48.38
2010,39625,0.77,0.58,0.56,27.96,77.95,89.63
2015,52154,0.36,0.12,0.83,8.57,68.88,87.38
2022,73916,0.06,0.81,0.45,67.2,70.89,81.61
2019,115873,0.61,0.1,0.88,58.23,46.36,62.42
2023,170048,0.65,0.57,0.41,11.83,37.0,63.07
2013,249815,0.23,0.6,0.77,13.89,6.21,50.77
2009,218981,0.64,0.7,0.17,8.78,24.4,46.87
2021,247480,0.31,0.91,0.09,34.09,20.67,49.52
2008,170685,0.85,0.69,0.3,7.04,36.16,60.35
2019,26049,0.04,0.84,0.43,80.35,86.28,85.46
2022,46527,0.02,0.56,0.16,77.67,83.78,94.36
2003,194419,0.02,0.16,0.08,5.0,37.34,62.95
2009,80244,0.28,0.23,0.98,34.3,65.81,90.1
2011,92953,0.07,0.18,0.12,47.23,71.45,89.02
2006,36825,0.98,0.7,0.31,19.17,87.31,77.24
2000,200841,0.21,0.34,0.4,5.0,24.94,59.62
2005,205159,0.32,0.72,0.64,5.0,11.21,56.68
2023,33930,0.65,0.39,0.94,75.34,92.56,87.8
2024,217090,0.2,0.85,0.15,51.13,33.87,64.16
2000,46662,0.13,0.34,0.37,25.05,85.73,97.49
2017,156483,0.89,0.58,0.5,30.17,43.8,60.77
2021,53699,0.24,0.7,0.87,65.35,66.33,90.87
2013,54660,0.22,0.29,0.93,58.45,69.29,78.02
2009,96381,0.08,0.57,0.67,27.92,55.74,73.86
2004,39359,0.26,0.22,0.45,27.08,84.67,84.13
2013,248796,0.93,0.81,0.41,5.0,10.89,35.89
2002,58025,0.11,0.72,0.51,30.81,84.4,93.47
2016,33264,0.32,0.13,0.79,62.17,76.94,90.51
2013,19301,0.31,0.95,0.56,45.44,80.4,85.62
2022,29394,0.31,0.1,0.41,74.93,82.15,86.25
2004,237432,0.37,0.62,0.58,5.0,17.69,47.67
2008,142446,0.87,0.83,0.14,12.2,53.31,58.45
2018,72936,0.11,0.14,0.56,63.96,79.94,83.23
2009,248804,0.35,0.29,0.6,5.0,9.42,42.32
2001,83141,0.36,0.47,0.8,9.35,56.02,79.88
2013,58815,0.38,0.28,0.14,49.97,90.87,78.03
2015,9026,0.48,0.42,0.61,61.01,93.85,95.07
2008,123581,0.48,0.76,0.11,15.63,59.84,66.37
2007,128131,0.07,0.63,0.38,23.35,53.53,80.17
2021,165942,0.88,0.67,0.59,35.64,35.88,63.02
2004,226680,0.9,0.82,0.43,5.0,19.09,36.25
2023,168756,0.76,0.23,0.23,47.34,44.2,59.29
2002,12704,0.58,0.12,0.19,23.01,93.69,91.99
2006,214058,0.69,0.07,0.78,5.0,14.48,48.39
2016,213760,0.31,0.79,0.5,16.42,26.53,45.24
2014,249127,0.84,0.71,0.27,5.92,17.14,27.61
2004,48365,0.08,0.41,0.65,23.9,72.13,93.12
2008,181323,0.06,0.99,0.08,7.73,42.01,67.4
2010,164390,0.74,0.75,0.09,8.31,44.82,61.16
2010,24780,0.54,0.22,0.47,38.92,83.1,90.95
2023,131381,0.75,0.15,0.28,48.53,52.53,72.07
2008,45597,0.0,0.1,0.78,51.1,72.0,100.0
2004,101565,0.31,0.26,0.12,18.51,60.34,72.64
2003,16140,0.94,0.23,0.63,17.93,89.89,89.19
2018,95263,0.44,0.66,0.57,52.45,61.77,67.68
2024,196820,0.29,0.58,0.39,56.36,22.18,61.67
2001,126129,0.62,0.42,0.53,5.18,50.53,70.41
2017,212330,0.44,0.39,0.86,31.9,17.01,54.74
2008,142395,0.71,0.95,0.31,12.27,40.91,62.58
2024,185652,0.55,0.22,0.61,50.57,31.51,56.17
2019,144813,0.52,0.94,0.12,36.71,52.94,69.75
2011,134376,0.79,0.22,0.6,21.86,44.59,57.1
2002,55663,0.12,0.58,0.87,29.48,77.46,85.15
2017,113016,0.97,0.52,0.26,30.85,60.11,63.47
2022,9438,0.99,0.51,0.01,61.9,91.28,79.84
2011,37598,0.02,0.72,0.63,45.48,77.09,94.55
2019,19490,0.5,0.32,0.44,64.62,88.16,89.41
2008,79664,0.65,0.85,0.53,19.88,66.77,73.15
2008,17970,0.23,0.56,0.47,47.1,86.95,98.03
2017,20746,0.57,1.0,0.16,46.06,85.31,87.72
2020,41946,0.36,0.37,0.19,72.62,84.95,80.12
2015,111478,0.43,0.53,0.62,46.76,63.13,66.62
2024,35711,0.9,0.47,0.14,69.04,84.54,90.44
2012,24542,0.16,0.46,0.09,58.1,86.03,100.0
2005,144985,0.03,0.96,0.88,8.43,38.23,71.3
2008,235336,0.97,0.21,0.65,5.0,12.5,39.04
2022,117694,0.07,0.33,0.32,63.66,58.27,77.65
2001,196269,0.35,0.43,0.73,5.0,24.08,56.28
2019,230572,0.82,0.94,0.07,23.16,18.94,44.54
2018,216049,0.21,0.79,0.73,37.94,20.55,55.36
2019,249144,0.57,0.61,0.87,26.6,7.66,39.01
2000,224507,0.46,0.42,0.69,5.0,14.05,51.13
2013,53624,0.45,0.38,0.25,45.22,73.84,83.63
2021,102937,0.01,0.62,0.28,66.77,59.16,74.32
2017,39829,0.25,0.1,0.65,68.51,78.07,89.42
2024,47917,0.71,0.93,0.19,70.23,88.04,88.36
2003,134095,0.63,0.59,0.52,5.0,49.3,71.49
2010,126833,0.33,0.36,0.56,22.41,50.97,68.54
2011,153520,0.83,0.75,0.83,9.23,43.72,56.39
2014,29757,0.22,0.21,0.27,56.89,79.63,100.0
2017,159205,0.62,0.1,0.52,32.83,43.98,57.14
2013,30634,0.26,0.76,0.8,38.8,84.14,87.59
2010,121256,0.61,0.89,0.86,27.77,41.52,76.68
2007,116386,0.88,0.19,0.77,5.34,52.89,64.91
2018,180877,0.13,0.5,0.04,35.91,44.03,62.82
2015,1612,0.88,0.67,0.15,38.81,93.31,85.14
2000,51099,0.41,0.26,0.84,20.57,76.79,89.18
2002,56902,0.99,0.92,0.21,5.0,83.29,79.18
2005,47137,0.53,0.27,0.97,23.5,72.4,85.5
2009,2264,0.94,0.89,0.7,30.43,82.96,86.78
2024,89908,0.5,0.0,0.49,76.22,69.55,79.66
2010,241607,0.58,0.82,0.54,5.0,16.45,42.83
2003,40463,0.53,0.47,0.02,13.38,83.88,81.96
2012,213862,0.98,0.45,0.43,5.0,19.63,46.87
2009,198361,0.75,0.99,0.48,5.0,25.56,45.75
2016,159944,0.63,0.06,0.27,34.46,42.41,67.57
2020,139755,0.44,0.42,0.14,50.82,55.12,74.68
2023,53767,0.11,0.64,0.64,81.19,72.08,83.48
2015,59367,0.73,0.51,0.67,36.75,79.17,84.06
2020,17164,0.99,0.56,0.18,54.58,96.62,88.21
2000,124117,0.5,0.23,0.03,5.0,67.2,69.3
2013,232621,0.47,0.94,0.52,5.43,9.9,46.67
2003,24219,0.11,1.0,0.7,29.26,88.69,99.95
2014,130968,0.6,0.35,0.84,32.04,45.18,73.69
2016,146201,0.69,0.14,0.02,36.14,60.3,57.68
2011,205960,0.27,0.29,0.86,20.24,21.03,58.13
2000,92330,0.2,0.27,0.65,15.42,60.76,71.1
2019,88127,0.69,0.52,0.38,43.68,62.47,65.83
2008,12232,0.05,0.49,0.05,40.67,100.0,93.54
2023,139681,0.18,0.36,0.68,62.61,44.2,66.8
2014,156440,0.1,0.33,0.95,39.04,35.15,72.58
2021,203745,0.62,0.82,0.79,26.94,25.12,51.98
2018,169119,0.3,0.05,0.43,56.75,42.39,70.57
2022,229580,0.43,0.04,0.21,42.2,19.42,54.52
2020,157624,0.61,0.93,0.78,32.59,45.31,65.2
2002,116674,0.49,0.02,0.08,6.35,56.38,72.63
2013,230927,0.5,0.21,0.09,21.5,19.86,38.6
2012,149380,0.46,0.32,0.04,27.07,49.13,61.05
2023,175943,0.35,0.43,0.92,49.78,32.15,66.39
2013,125216,0.5,0.48,0.92,30.96,46.22,71.6
2003,164488,0.72,0.84,0.87,5.0,36.08,60.38
2017,10234,0.49,0.81,0.57,61.14,97.65,94.14
2004,78164,0.56,0.25,0.34,7.24,70.63,80.09
2009,63410,0.96,0.69,0.55,20.74,67.66,81.22
2001,188857,1.0,0.77,0.29,5.0,25.71,52.03
2008,139171,0.97,0.72,0.19,5.0,42.35,67.89
2016,87140,1.0,0.49,0.28,32.41,70.26,74.05
2001,236655,0.24,0.49,0.19,5.0,13.75,45.76
2005,62053,0.21,0.43,0.08,20.74,79.6,85.11
2021,210942,0.9,0.93,0.56,16.79,24.3,49.16
2018,199066,0.26,0.81,0.19,35.95,32.29,55.3
2001,148658,0.27,0.66,0.67,5.0,41.57,71.53
2017,52801,0.06,0.87,0.03,54.83,78.94,93.82
2024,9258,0.34,0.07,0.65,95.69,89.91,98.86
2016,132807,0.41,0.04,0.85,39.06,46.66,67.67
2020,154328,0.15,0.42,0.98,49.77,38.59,67.62
2001,187200,0.71,0.99,0.67,5.0,21.9,51.58
2016,209609,0.3,0.15,0.92,22.49,28.07,52.64
2001,98892,0.23,0.58,0.47,5.0,60.13,78.42
2020,19397,0.41,0.92,0.46,64.32,89.08,89.39
2009,205057,0.54,0.61,0.75,9.73,24.45,56.96
2004,62043,0.22,0.28,0.78,30.37,77.8,85.35
2011,44629,0.62,0.44,0.1,41.0,84.77,84.44
2005,42044,0.86,0.0,0.07,33.38,82.29,78.6
2005,163848,0.83,0.48,0.32,5.0,45.02,61.2
2023,4036,0.71,0.18,0.21,74.72,89.23,100.0
2020,97134,0.9,0.61,0.23,49.24,65.46,72.53
2013,146848,0.52,0.56,0.6,25.72,53.89,56.85
2007,155258,0.74,0.22,0.25,7.73,44.82,63.08
2001,135187,0.86,0.0,0.2,5.0,51.34,54.37
2016,12388,0.16,0.8,0.42,70.69,91.96,97.08
2018,76473,0.46,0.19,0.5,54.67,64.16,79.73
2005,15955,0.39,0.68,0.21,34.98,99.14,92.45
2024,216745,0.1,0.06,0.64,53.35,29.29,54.41
2004,198621,0.85,0.24,0.71,5.0,26.41,61.84
2011,49259,0.77,0.81,0.07,20.21,83.57,86.86
2004,12967,0.62,0.36,0.54,28.88,86.89,96.48
2017,55019,0.96,0.66,0.89,42.57,70.26,81.59
2014,58066,0.04,0.99,0.24,47.43,77.92,94.06
2021,30559,0.83,0.81,0.53,56.31,82.08,85.01
2004,43349,0.12,0.66,0.03,34.16,93.13,87.2
2020,82334,0.4,0.88,0.54,56.6,62.65,76.87
2008,202554,1.0,0.25,0.28,5.0,17.62,49.61
2001,98415,0.18,0.94,0.85,10.76,64.96,84.16
2024,35068,0.5,0.49,0.21,82.92,87.32,87.22
2019,83833,0.86,0.58,0.18,39.19,73.2,74.21
2002,214868,0.95,0.68,0.16,5.0,25.98,50.19
2017,10678,0.43,0.5,0.39,59.76,94.53,84.43
2016,209596,0.01,0.97,0.3,23.92,31.56,66.49
2005,119544,0.94,0.8,0.21,8.04,53.55,65.26
2008,246258,0.57,0.78,0.01,5.0,10.66,46.97
2000,208756,0.82,0.54,0.99,5.0,8.96,46.64
2002,130995,0.94,0.15,0.28,5.0,48.98,68.67
2018,217892,0.69,0.22,0.47,34.43,23.86,51.3
2014,52674,0.62,0.12,0.36,51.54,83.66,80.94
2015,182468,0.08,0.32,0.69,39.56,30.45,56.16
2022,169675,0.4,0.22,0.19,45.61,38.11,65.82
2006,176854,0.2,0.83,0.69,8.42,30.48,62.19
2014,79490,0.56,0.35,0.95,50.57,63.03,82.29
2017,146690,0.83,0.48,0.66,30.18,50.82,68.66
2015,125374,0.97,0.67,0.83,24.63,47.83,65.1
2010,82949,0.99,0.14,0.33,33.19,81.7,70.22
2002,126545,0.78,0.31,0.3,5.0,55.46,70.39
2006,105836,0.25,0.12,0.88,23.57,50.39,79.49
2016,118618,0.76,0.14,0.48,35.32,47.61,70.07
2023,97787,0.38,0.5,0.47,69.92,56.33,85.96
2008,65112,0.67,0.67,0.56,27.1,73.94,75.7
2005,31177,0.66,0.72,0.93,22.4,76.13,89.51
2003,149639,0.7,0.01,0.64,5.0,44.06,62.36
2021,64957,0.68,0.05,1.0,59.88,66.5,72.22
2002,223668,0.53,0.14,0.49,5.0,21.74,38.19
2003,46659,0.47,0.71,0.94,23.31,82.49,84.67
2013,18087,0.89,0.69,0.36,44.01,82.95,92.1
2016,226999,0.69,0.09,0.97,26.74,16.75,36.84
2009,164685,0.3,0.02,0.1,20.61,38.38,57.58
2007,188869,0.0,0.43,0.57,13.36,32.04,56.34
2000,6335,0.27,0.34,0.77,27.08,96.61,88.2
2018,210841,0.31,0.03,0.24,41.54,24.51,45.45
2004,185037,0.61,0.48,0.24,5.0,38.08,56.26
2011,128983,0.66,0.77,0.13,30.7,45.62,73.41
2002,23663,0.63,0.02,0.71,25.57,88.41,79.28
2007,119250,0.74,0.98,0.54,5.0,46.56,72.11
2017,50799,0.78,0.68,0.46,43.36,70.23,78.72
2000,233125,0.18,0.8,0.97,5.0,12.64,45.94
2011,202828,0.75,0.88,0.26,16.74,29.21,46.45
2024,78996,0.63,0.02,0.22,59.6,72.41,72.38
2000,106761,0.41,0.09,0.51,5.0,65.57,67.89
2022,122449,0.71,0.18,0.97,54.72,46.63,69.58
2022,622,0.68,0.88,0.07,58.24,100.0,87.57
2005,138469,0.01,0.18,0.89,23.69,47.52,70.14
2022,69658,0.1,0.26,0.8,79.14,60.36,86.74
2006,18947,0.59,0.2,0.92,33.73,84.06,89.96
2004,246872,0.54,0.16,0.96,5.0,5.0,49.45
2008,198915,0.55,0.58,0.65,11.62,26.72,54.2
2000,24418,0.49,0.58,0.99,10.08,76.62,88.67
2019,8659,0.8,0.54,0.44,56.06,91.81,92.12
2019,122239,0.94,0.42,0.86,38.0,38.24,66.79
2015,66663,0.19,0.36,0.31,54.04,72.52,87.54
2003,50959,0.15,0.79,0.75,24.68,66.43,93.38
2000,113322,1.0,0.52,0.29,5.0,56.18,73.89
2021,238760,0.27,0.31,0.08,34.25,21.51,50.64
2018,95994,0.46,0.33,0.54,52.0,56.42,75.04
2007,152025,0.46,0.67,0.36,10.28,42.01,69.15
2001,94533,0.15,0.02,0.71,8.58,60.13,77.6
2020,93854,0.45,0.46,0.83,57.08,56.78,87.58
2002,241159,0.69,0.03,0.57,5.0,16.52,45.21
2022,122287,0.07,0.04,0.51,67.05,52.19,73.83
2016,222522,0.01,0.42,0.24,38.07,17.34,70.19
2024,58742,0.95,0.23,0.08,60.43,83.53,73.14
2017,167756,0.72,0.37,0.46,27.09,43.34,62.54
2011,239784,0.77,0.18,0.26,11.82,20.99,49.29
2000,237746,0.44,0.11,0.13,5.0,21.24,47.88
2023,221782,0.59,0.63,0.8,42.87,19.81,52.87
2006,204120,0.62,0.12,0.39,5.0,26.1,55.68
2007,114978,0.58,0.21,0.92,14.85,50.52,73.54
2020,178627,0.2,0.87,0.2,50.35,50.05,61.95
2003,211644,0.74,0.45,0.34,5.0,21.03,56.13
2009,142500,0.09,0.12,0.64,36.27,47.5,75.83
2017,115853,0.01,0.29,0.12,64.3,61.71,72.11
2007,237626,0.43,0.27,0.53,5.0,9.95,56.53
2023,74704,0.55,0.24,0.76,58.18,61.61,82.49
2017,78074,0.77,0.72,0.41,29.77,64.59,67.71
2020,243541,0.36,0.65,0.23,43.45,18.93,51.95
2011,200255,0.17,0.76,0.77,10.92,23.41,54.45
2002,50931,0.87,0.02,0.22,24.87,83.92,82.52
2001,216349,0.41,0.37,0.84,5.0,19.31,56.5
2005,34541,0.6,0.67,0.81,29.9,84.41,88.05
2023,140717,0.11,0.44,0.21,72.56,46.64,70.13
2009,91540,0.68,0.4,0.67,34.23,64.53,65.98
2023,85909,0.19,0.48,0.43,74.69,72.23,78.37
2012,90119,0.63,0.82,0.93,36.08,57.12,72.84
2011,23420,0.68,0.89,0.15,33.26,88.28,91.23
2009,136612,0.95,0.22,0.21,12.49,50.9,61.28
2024,36990,0.72,0.37,1.0,71.05,73.96,90.37
2019,84824,0.78,0.28,0.24,45.96,66.81,72.87
2008,239554,0.85,0.53,0.66,5.0,9.76,48.93
2013,220871,0.81,0.29,0.15,11.01,28.84,50.76
2024,103699,0.94,0.0,0.59,63.06,58.73,64.4
2003,104269,0.66,0.0,0.2,20.82,66.82,73.04
2021,108503,0.22,0.53,0.51,50.25,58.73,79.69
2007,153913,0.55,0.75,0.41,12.43,41.82,71.02
2004,32816,0.03,0.81,0.46,28.11,76.45,92.16
2009,106097,0.39,0.42,0.04,26.52,67.82,64.11
2011,173279,0.4,0.8,0.13,12.98,42.75,55.12
2018,78838,0.13,0.37,0.38,65.88,65.91,81.56
2004,60998,0.7,0.06,0.41,15.14,71.22,85.74
2003,77434,0.04,0.77,0.79,24.15,61.85,90.65
2007,204150,0.34,0.07,0.94,17.44,23.07,68.97
2020,19930,0.01,0.59,0.71,67.43,82.2,97.68
2018,151321,0.04,0.11,0.03,62.13,49.28,68.29
2021,30924,0.15,0.29,0.88,71.08,78.42,97.28
2012,245535,0.74,0.29,0.88,7.41,5.0,45.04
2022,243845,0.11,0.06,0.36,42.04,15.61,51.07
2015,60006,0.01,0.56,0.39,51.62,68.62,89.81
2023,63265,0.73,0.43,0.69,58.84,69.61,84.65
2001,152365,0.23,0.26,0.65,5.0,43.8,64.7
2012,12039,0.2,0.05,0.98,60.15,84.53,100.0
2024,114078,0.48,0.0,0.23,68.75,52.92,69.47
2018,221211,0.45,0.79,0.72,27.84,16.83,56.45
2023,78954,0.54,0.14,0.04,64.86,80.55,73.8
2014,62112,0.8,0.24,0.35,49.7,71.21,80.76
2008,99775,0.53,0.68,0.81,21.68,49.57,77.96
2003,145958,0.18,0.58,0.81,6.06,46.63,65.5
2009,113232,0.45,0.95,0.13,23.77,62.95,70.19
2000,152424,0.74,0.54,0.41,5.0,25.56,72.82
2013,6472,0.0,0.27,0.74,63.03,97.38,92.56
2011,10216,0.34,0.41,0.95,47.5,83.65,93.57
2002,247309,0.84,0.78,0.5,5.0,5.0,51.58
2008,689,0.22,0.19,0.71,37.17,87.4,95.88
2003,195050,0.5,0.42,0.47,5.0,27.27,67.91
2012,20970,0.1,0.17,0.17,57.53,92.24,96.25
2011,229872,0.63,0.96,0.45,6.31,14.12,46.9
2010,130343,0.41,0.12,0.8,32.17,42.83,66.72
2017,114752,0.87,0.06,0.46,13.65,56.92,71.6
2007,38791,0.39,0.94,0.14,31.72,83.46,96.37
2010,230363,0.63,0.82,0.07,5.0,15.8,45.76
2010,148305,0.56,0.69,0.03,11.39,42.99,66.27
2005,167666,0.04,0.79,0.46,11.95,30.66,67.17
2003,151238,0.94,0.43,0.87,5.0,42.48,63.88
2008,8383,0.86,0.81,0.36,25.42,87.93,88.24
2010,155513,0.95,0.52,0.48,12.96,49.63,55.08
2024,247034,0.77,0.13,0.3,26.44,5.15,42.22
2010,247715,0.48,0.55,0.97,7.24,7.61,41.44
2006,69213,0.72,0.87,0.87,21.82,63.79,81.51
2002,177976,0.83,0.64,0.03,5.0,42.32,59.8
2010,189605,0.82,0.68,0.73,13.06,27.71,47.5
2011,163426,0.86,0.06,0.48,10.89,40.02,53.16
2006,58111,0.21,0.41,0.17,30.22,80.69,83.63
2003,209158,0.56,0.24,0.37,5.0,35.24,40.74
2006,28042,0.96,0.08,0.46,13.64,82.23,85.49
2024,141329,0.89,0.92,0.48,47.92,54.46,65.36
2021,110838,0.84,0.97,0.09,39.11,57.29,63.47
2010,175217,0.76,0.38,0.63,11.08,39.7,56.33
2023,102646,0.88,0.27,0.1,48.95,63.7,71.17
2018,12451,0.78,0.25,0.39,51.33,84.14,77.06
2016,89930,0.12,0.52,0.82,57.84,57.74,86.51
2012,12077,0.12,0.54,0.24,57.05,98.7,95.59
2024,65201,0.19,0.72,0.7,68.91,69.2,87.55
2021,217816,0.23,0.37,0.99,44.59,13.75,46.12
2001,111127,0.36,0.39,0.39,5.39,58.88,77.45
2024,56828,0.9,0.15,0.48,68.07,70.65,91.89
2000,43120,0.77,0.89,0.44,13.62,87.49,81.93
2019,102717,0.93,0.62,0.34,46.43,62.16,64.59
2015,2239,0.89,0.19,0.05,50.65,99.89,94.95
2006,191910,0.23,0.96,0.48,5.0,39.19,63.39
2022,5931,0.53,0.22,0.48,70.71,88.82,93.66
2017,222643,0.17,0.84,0.73,28.58,20.16,52.51
2016,197522,0.76,0.6,0.46,22.21,28.05,59.11
2006,34386,0.39,0.52,0.8,34.92,69.04,98.97
2010,206877,0.68,0.32,0.93,8.37,9.89,51.47
2010,94720,0.34,0.23,0.75,30.68,51.66,75.03
2022,188258,0.31,0.93,0.26,49.24,35.01,62.54
2020,127234,0.73,0.77,0.62,40.78,51.52,66.54
2014,15808,0.01,0.45,0.6,63.14,88.8,98.55
2020,246314,0.56,0.34,0.53,34.68,18.21,47.93
2001,152435,0.75,0.77,0.93,5.0,35.73,65.98
2014,157018,0.83,0.18,0.9,22.88,45.46,66.97
2009,173211,0.7,0.95,0.98,5.0,27.34,50.52
2017,101666,0.02,0.71,0.65,50.36,52.42,80.42
2022,71897,0.2,0.99,0.67,65.39,66.54,88.25
2012,7554,0.9,0.69,0.47,30.47,88.94,90.96
2000,152801,0.58,0.47,0.55,5.0,36.09,65.95
2014,49946,0.31,0.02,0.79,55.73,81.16,86.12
2003,118957,0.6,0.51,0.14,17.52,63.5,67.91
2011,187682,0.44,0.3,0.73,9.35,20.57,56.01
2017,89982,0.35,0.55,0.39,53.32,64.83,83.37
2009,176519,0.56,0.1,0.67,16.16,25.73,60.04
2009,55397,0.61,0.14,0.21,35.86,78.4,77.5
2010,48130,0.68,0.37,0.61,33.44,72.72,83.37
2012,61049,0.99,0.18,0.53,31.67,67.2,73.83
2024,54955,0.54,0.26,0.1,73.79,86.53,82.22
2017,231011,0.84,0.36,0.28,17.64,17.64,48.55
2010,217341,0.79,0.28,0.4,8.76,24.13,49.51
2022,158797,1.0,0.56,0.3,37.77,43.44,63.33
2010,214690,0.33,0.86,0.38,6.76,33.22,53.7
2018,183061,0.3,0.18,0.14,50.04,40.26,56.46
2017,178110,0.26,0.37,0.24,35.48,22.13,65.18
2008,185102,1.0,0.8,0.01,5.0,33.76,47.01
2013,114754,0.94,0.17,0.2,23.7,64.98,55.25
2008,101092,0.97,0.4,0.96,11.61,51.1,75.92
2024,247865,0.8,0.47,0.36,5.03,18.18,38.96
2011,173822,0.05,0.29,0.19,24.42,40.19,55.48
2019,53834,0.49,0.1,0.15,70.52,72.93,83.3
2011,158845,0.12,0.65,0.79,35.6,33.9,63.92
2013,35261,0.87,0.88,0.25,25.03,84.82,86.93
2007,46994,0.97,0.12,0.02,33.21,83.23,73.23
2014,18029,0.57,0.7,0.34,41.97,81.4,83.22
2022,62009,0.4,0.99,0.93,62.29,67.26,83.22
2007,91992,0.46,0.8,0.82,22.65,57.28,83.17
2015,185751,0.85,0.19,0.54,21.04,30.57,50.39
2023,126306,0.24,0.98,0.38,50.02,52.43,74.72
2000,104783,0.08,0.25,0.17,10.34,73.78,68.2
2021,208922,0.1,0.16,0.69,47.33,24.9,55.14
2020,29549,0.85,0.27,0.46,57.06,87.6,82.3
2010,79034,0.77,0.1,0.71,27.48,66.71,73.44
2011,39465,0.54,0.51,0.0,43.01,87.16,77.71
2014,6042,0.53,0.99,0.28,44.94,93.44,100.0
2014,234832,0.78,0.32,0.14,5.0,21.37,46.95
2014,226756,0.53,0.17,0.6,13.85,19.53,52.76
2018,172679,0.92,0.87,0.29,35.44,48.0,52.97
2006,53475,0.07,0.58,0.54,34.17,82.16,90.67
2009,20231,0.68,0.61,0.0,39.22,93.75,88.76
2018,134616,0.67,0.63,0.83,41.28,45.45,71.83
2024,247022,0.6,0.05,0.45,44.87,7.69,50.33
2010,171856,0.33,0.78,0.79,20.61,25.81,48.58
2023,78427,0.56,0.65,0.88,59.75,64.63,75.46
2000,25679,0.67,0.65,0.82,5.0,74.32,84.6
2004,70663,0.57,0.16,0.35,21.41,74.61,76.81
2001,54175,0.74,0.49,0.33,5.0,82.44,84.96
2020,164925,0.77,0.8,0.05,39.28,50.03,60.19
2000,231445,0.52,0.86,0.32,5.0,15.04,45.36
2010,230830,0.0,0.31,0.59,31.71,16.64,55.25
2015,245780,0.5,0.99,0.63,7.3,17.57,46.83
2007,147262,0.35,0.75,0.93,19.15,35.25,60.45
2010,217512,0.81,0.78,0.69,5.0,21.2,51.74
2018,169891,0.5,0.96,0.69,32.91,32.71,54.26
2022,181028,0.7,0.67,0.81,36.29,34.41,58.8
2024,94651,0.81,0.55,0.24,55.63,66.12,66.02
2020,60096,0.61,0.93,0.16,63.8,85.29,80.55
2006,77672,0.21,0.66,0.03,31.11,72.12,76.19
2013,22216,0.61,0.79,0.94,37.75,78.63,91.35
2024,155075,0.38,0.85,0.22,8.0,47.35,63.31
2019,76170,0.52,0.23,0.55,58.25,74.25,76.98
2022,132754,0.83,0.4,0.46,47.25,48.9,69.53
2005,29100,0.61,0.78,0.55,20.67,87.46,94.98
2018,36263,0.29,0.32,0.03,65.88,91.48,87.94
2000,18635,0.55,0.04,0.83,24.84,86.12,97.09
2008,43541,0.43,0.17,0.02,35.55,89.27,83.5
2004,49971,0.14,0.59,0.59,29.16,75.82,84.39
2022,53800,0.7,0.65,0.88,65.97,72.23,81.76
2020,228830,0.57,0.94,0.43,22.74,19.21,60.2
2019,92173,0.88,0.39,0.02,40.66,68.67,82.11
2014,175214,0.38,0.4,0.82,20.46,33.23,63.92
2004,55177,0.05,0.62,0.15,22.9,75.84,84.78
2018,198251,0.23,0.56,0.17,36.68,27.94,63.34
2019,165908,0.04,0.08,0.51,52.39,28.2,66.97
2018,166251,0.27,0.13,0.46,34.76,34.64,66.52
2010,28477,0.66,0.54,0.07,38.31,91.16,83.72
2010,218175,0.73,0.92,0.29,5.0,23.86,44.81
2002,113870,0.87,0.91,0.27,5.0,56.99,64.63
2023,233568,0.92,0.55,0.32,27.23,19.9,41.32
2012,185823,0.23,0.46,0.27,26.31,32.08,66.0
2003,174226,0.84,0.04,0.36,5.0,28.04,53.49
2006,149713,0.21,0.6,0.19,8.97,47.74,70.22
2024,102613,0.47,0.63,0.84,62.78,60.31,72.63
2010,51876,0.68,0.29,0.52,36.41,72.85,81.39
2001,160744,0.96,0.74,0.41,5.0,44.44,60.78
2013,249651,0.24,0.05,0.65,18.6,8.01,49.64
2022,141832,0.82,0.47,0.85,48.42,43.39,70.48
2012,89918,0.88,0.77,0.55,24.46,67.01,76.56
2004,234102,0.1,0.81,0.01,5.0,18.49,56.22
2014,246137,0.39,0.98,0.53,11.02,8.97,42.08
2010,127071,0.11,0.42,0.11,30.54,57.22,78.92
2001,167975,0.39,0.7,0.8,5.0,28.4,58.86
2009,155713,0.87,0.98,0.74,5.0,41.36,57.37
2019,41154,0.01,0.39,0.67,72.33,80.87,85.58
2010,41753,0.07,0.16,0.41,47.99,74.98,88.62
2020,196909,0.61,0.83,0.38,32.44,33.16,48.71
2006,44589,0.51,0.12,0.59,7.11,78.76,85.98
2016,223626,0.06,0.77,0.4,39.65,29.67,51.76
2003,225928,0.29,0.28,0.42,5.0,25.29,52.98
2023,126368,0.71,0.04,0.11,57.59,59.82,76.58
2019,189289,0.91,0.01,0.58,25.62,31.37,50.41
2006,195811,0.78,0.01,0.73,5.0,21.0,51.8
2020,48663,0.27,0.51,0.73,64.13,75.64,84.27
2014,194993,0.56,0.85,0.85,23.93,28.39,51.31
2002,118594,0.81,0.96,0.13,5.0,59.14,65.7
2011,37190,0.11,0.29,0.34,60.31,93.32,91.35
2000,3359,0.3,0.04,0.89,28.06,91.17,100.0
2022,171019,0.94,0.14,0.59,50.08,35.35,56.64
2016,160991,0.59,0.52,0.49,27.87,37.99,64.31
2004,94256,0.88,0.44,0.53,5.68,55.94,68.23
2010,149652,0.19,0.46,0.33,23.52,46.75,63.57
2021,156195,0.71,0.03,0.11,43.4,45.95,65.9
2017,1913,0.48,0.57,0.0,60.86,100.0,95.15
2007,44864,0.76,0.99,0.04,19.1,86.87,84.24
2022,21567,0.56,0.67,0.98,69.45,85.92,88.72
2012,150094,0.51,0.19,0.74,31.52,39.45,60.65
2016,246614,0.79,0.23,0.93,14.15,5.96,46.22
2008,215634,0.71,0.99,0.87,5.0,11.93,60.26
2010,232025,0.96,0.13,0.17,5.0,20.89,41.82
2009,68511,0.18,0.46,0.5,33.13,67.61,85.13
2003,33050,0.93,0.63,0.78,7.22,80.67,85.28
2001,29661,0.37,0.07,0.26,27.07,87.12,87.97
2016,238250,0.88,0.8,0.27,14.94,22.02,40.56
2020,64269,0.94,0.06,0.53,56.11,74.2,69.74
2023,60364,0.74,0.35,0.99,62.32,63.87,83.76
2021,118223,0.98,0.73,0.68,42.42,58.68,62.98
2009,44219,0.3,0.33,0.28,46.09,87.81,89.73
2011,218994,0.34,0.76,0.89,9.98,21.36,56.01
2005,202192,0.28,0.99,0.21,5.0,29.18,58.51
2001,133307,0.58,0.66,0.7,5.0,50.16,57.97
2001,107923,0.88,0.45,0.6,5.0,55.43,62.74
2015,189935,0.8,0.53,0.18,18.05,30.12,48.98
2005,13792,0.73,0.92,0.73,14.9,90.13,93.9
2015,138140,0.96,0.52,0.21,21.47,57.78,55.47
2013,144371,0.6,0.95,0.24,23.33,49.06,70.27
2007,28711,0.27,0.51,0.72,37.63,90.58,100.0
2006,14756,0.46,0.71,0.7,31.55,84.58,91.62
2017,15458,0.9,0.77,0.22,53.23,99.56,87.16
2006,226377,0.14,0.46,0.56,5.0,24.47,50.28
2010,118994,0.69,0.0,0.37,33.37,57.65,64.27
2012,209329,0.04,0.88,0.75,20.86,21.13,63.62
2015,55743,0.4,0.24,0.38,60.35,79.58,78.93
2018,126384,0.72,0.11,0.16,38.92,58.04,65.49
2015,208567,0.25,0.92,0.09,26.23,27.35,53.86
2022,206300,0.1,0.47,0.62,49.13,36.08,61.61
2002,165373,0.94,0.93,0.71,5.0,34.84,54.69
2011,216373,0.21,0.43,0.05,19.68,24.91,51.59
2008,60240,0.48,0.25,0.69,28.58,74.2,81.72
2005,171163,0.18,0.63,0.78,13.0,29.28,63.36
2003,50293,0.8,0.04,0.33,15.01,69.56,82.02
2014,152682,0.72,0.16,0.35,37.6,50.25,61.78
2005,158315,0.74,0.18,0.18,16.22,42.36,61.53
2007,4048,0.23,0.63,0.52,42.9,88.33,100.0
2000,178050,0.55,0.4,0.87,5.0,35.24,60.99
2022,248465,0.82,0.82,0.21,19.92,20.84,50.41
2011,231761,0.8,0.88,0.97,8.74,12.43,52.7
2002,235121,0.92,0.56,0.24,5.0,20.48,38.88
2001,99882,0.09,0.47,0.17,8.81,68.72,90.51
2005,177482,0.8,0.22,0.16,5.0,40.4,54.44
2008,150952,0.51,0.23,0.34,22.29,48.02,64.82
2011,106652,0.79,0.84,0.77,19.51,58.36,68.83
2004,82169,0.83,0.5,0.7,17.23,58.82,78.94
2010,48708,0.08,0.79,0.12,43.17,91.84,87.29
2017,41753,0.2,0.57,0.8,60.84,84.17,89.34
2003,22366,0.12,0.09,0.69,47.08,88.15,100.0
2010,51520,0.55,0.31,0.28,39.65,78.26,81.62
2002,24777,0.59,0.98,0.62,7.71,87.19,95.17
2004,68973,0.35,0.78,0.94,17.66,65.98,88.44
2012,77057,0.97,0.86,0.12,20.49,71.68,74.32
2010,162322,0.62,0.58,0.57,12.29,42.16,63.54
2006,39903,0.39,0.5,0.45,23.85,86.98,87.21
2022,183879,0.43,0.87,0.96,40.1,25.89,58.72
2017,61118,0.14,0.76,0.43,54.39,81.87,76.99
2015,114790,0.43,0.71,0.87,34.77,50.22,87.59
2004,60281,0.66,0.99,0.84,8.37,70.03,79.82
2011,105535,0.93,0.01,0.94,24.93,50.31,65.75
2013,105368,0.69,0.53,0.75,29.68,58.26,64.82
2007,193808,0.51,0.9,0.65,5.0,21.78,49.84
2015,79426,0.57,0.4,0.51,48.78,72.12,79.1
2008,181695,0.19,0.66,0.94,9.46,22.09,70.46
2022,71694,0.37,0.18,0.46,63.06,75.05,89.06
2022,139812,0.71,0.01,0.55,48.47,43.88,59.28
2000,181556,0.24,0.05,0.98,5.29,36.45,62.12
2012,199408,0.66,0.31,0.93,20.03,32.2,54.98
2016,75047,0.41,0.9,0.46,54.34,70.64,88.15
2011,180227,0.22,0.69,0.99,10.12,22.3,59.48
2012,190424,0.67,0.89,0.52,11.53,30.52,61.57
2022,58483,0.17,0.11,0.88,74.14,72.52,83.68
2016,147952,0.64,0.77,0.14,20.34,39.68,66.87
2014,131389,0.84,0.32,0.67,25.7,45.61,64.34
2020,246434,0.53,0.45,0.08,32.51,13.66,46.73
2021,67702,0.24,0.49,0.66,77.78,66.55,93.53
2003,221431,0.95,0.38,0.28,5.0,22.57,57.64
2013,216107,0.9,0.46,0.4,5.0,28.56,52.03
2006,123892,0.64,0.98,0.04,13.65,60.58,64.88
2019,191172,0.33,0.04,0.99,34.11,28.04,59.57
2006,158939,0.64,0.63,0.9,11.5,34.97,58.22
2017,61446,0.83,0.22,0.98,54.22,66.8,78.07
2020,106967,0.16,0.19,0.21,59.17,62.28,72.47
2020,83227,0.84,0.53,0.53,44.9,62.45,76.14
2011,201329,0.85,0.73,0.47,5.0,16.37,51.49
2000,41064,0.63,1.0,0.7,11.78,73.79,85.58
2001,58407,0.94,0.37,0.21,5.0,68.38,80.5
2022,122440,0.67,0.02,0.97,60.84,46.97,66.08
2020,129118,0.91,0.79,0.66,41.79,49.02,74.61
2015,174454,0.67,0.58,0.08,22.22,43.92,64.45
2003,107415,0.17,0.7,0.54,20.4,64.72,70.6
2023,127303,0.52,0.7,0.25,56.27,59.37,71.22
2011,163086,0.95,0.96,0.52,5.0,40.59,56.99
2002,50817,0.78,0.69,0.22,11.94,78.36,81.25
2022,78360,0.92,0.8,0.18,55.04,69.52,67.69
2012,118906,0.8,0.66,0.81,14.75,48.86,64.16
2011,54465,0.17,0.16,0.27,40.35,76.78,89.51
2007,128758,0.22,0.82,0.4,24.85,42.78,64.15
2021,107294,0.05,0.6,0.61,54.94,53.38,85.8
2012,68033,0.79,0.01,0.34,37.02,78.48,80.63
2004,181109,0.17,0.93,0.21,5.0,42.49,51.91
2002,18062,0.37,0.23,1.0,30.78,77.89,88.43
2008,139273,0.13,0.56,0.56,22.76,37.91,66.29
2007,215923,0.59,0.62,0.75,5.0,20.62,47.85
2011,125783,0.44,0.17,0.52,33.79,42.83,77.0
2009,221995,0.93,0.72,0.71,5.0,21.76,46.6
2023,182107,0.74,0.07,0.63,39.18,40.21,64.12
2020,42396,0.76,0.94,0.65,58.43,75.33,96.69
2007,5613,0.54,0.97,0.65,40.15,89.0,93.97
2008,206471,0.44,0.34,0.82,5.0,19.75,49.67
2010,235973,0.09,0.19,0.47,14.94,16.95,48.16
2023,32750,0.53,0.48,0.19,67.93,93.83,99.62
2012,196738,0.41,0.57,0.12,22.96,27.4,62.77
2019,45073,0.57,0.27,0.56,60.69,74.21,87.09
2001,234356,0.03,0.37,0.94,5.0,18.89,56.47
2001,116217,0.15,0.46,0.63,8.12,63.21,74.35
2003,34562,0.75,0.68,0.58,13.23,81.03,80.43
2006,245174,0.65,0.31,0.48,5.0,7.45,38.18
2011,17373,0.84,0.09,0.7,48.47,82.27,91.51
2014,15941,0.67,0.37,0.34,45.5,92.37,89.86
2013,68104,0.78,0.44,0.82,32.58,65.64,80.85
2006,82057,0.66,0.41,0.19,11.28,69.05,75.84
2003,169889,0.24,0.66,0.14,5.0,34.46,68.73
2013,35820,0.48,0.84,0.27,52.5,84.12,84.63
2024,133002,0.36,0.4,0.71,66.76,44.14,64.2
2006,84967,0.99,0.34,0.84,12.14,62.97,70.11
2020,214608,0.99,0.37,0.44,32.77,22.88,53.05
2010,78061,0.94,0.39,0.95,14.76,67.54,81.1
2010,26155,0.53,0.78,0.8,33.71,82.57,97.36
2014,167137,0.86,0.18,0.53,27.63,39.39,57.4
2023,186603,0.86,0.2,0.71,46.59,29.87,58.93
2015,136236,0.17,0.27,0.61,47.61,52.72,66.78
2018,177932,0.03,0.86,0.84,33.06,27.26,63.03
2001,150362,0.74,0.95,0.3,5.0,42.99,64.27
2015,216592,0.33,0.78,0.31,13.23,23.29,50.57
2001,108694,0.56,0.65,0.54,5.0,57.38,67.67
2019,71198,0.16,0.12,0.76,71.75,66.83,96.27
2006,102595,0.09,0.59,0.53,26.86,59.3,78.41
2009,92271,0.46,0.11,0.37,28.89,61.95,82.75
2023,130818,0.33,0.54,0.36,70.57,53.06,68.37
2002,60795,0.77,0.72,0.85,8.05,80.38,81.25
2014,231416,0.11,0.24,0.78,27.04,23.49,51.97
2006,94094,0.62,0.56,0.26,12.11,69.45,75.79
2014,172387,0.78,0.93,0.1,12.73,46.71,60.35
2015,55136,0.85,0.68,0.04,37.09,78.26,78.15
2018,124388,0.41,0.75,0.99,35.56,60.22,71.98
2014,200478,1.0,0.62,0.25,12.85,29.4,52.84
2006,24856,0.71,0.38,0.26,22.46,88.05,95.2
2009,216270,0.73,0.97,0.58,5.0,25.08,52.32
2009,61226,0.36,0.53,0.59,31.64,66.93,77.57
2017,234796,0.68,0.91,0.28,13.23,24.82,43.27
2014,124759,0.8,0.43,0.78,36.25,44.38,65.96
2022,245366,0.45,0.95,0.17,33.3,20.7,54.66
2012,192349,0.71,0.73,0.49,9.06,31.36,54.18
2000,211658,0.61,0.09,0.25,5.0,19.29,46.74
2010,230275,0.23,0.07,0.79,16.43,10.9,55.07
2011,107321,0.25,0.75,0.6,25.49,59.92,74.82
2002,115623,0.04,0.23,0.82,22.93,53.55,72.29
2002,160798,0.21,0.09,0.92,8.82,38.51,77.09
2016,180504,0.86,0.85,0.9,14.07,30.57,48.64
2002,191189,0.97,0.12,0.79,5.0,23.79,47.33
2015,150113,0.06,0.22,0.46,36.86,39.49,68.97
2021,232602,0.06,0.3,0.75,53.07,9.81,60.99
2024,5273,0.01,0.05,0.64,97.49,74.37,100.0
2011,215745,0.47,0.38,0.33,10.65,26.37,52.97
2015,69538,0.21,0.63,0.51,53.36,63.8,91.27
2013,53459,0.5,0.96,0.04,28.03,83.23,84.1
