slno,vehicle_type,brand,model,engine_type,make_year,region,mileage_range,mileage,oil_filter,engine_oil,washer_plug_drain,dust_and_pollen_filter,whell_alignment_and_balancing,air_clean_filter,fuel_filter,spark_plug,brake_fluid,brake_and_clutch_oil,transmission_fluid,brake_pads,clutch,coolant,cost,Maintenance_Type,volt_fluctuation,avg_temp,avg_rpm,avg_idle,alternator_wellness,battery_wellness,starter_motor_wellness,serpentine_belt_wellness,ignition_coils_wellness,cv_axle_wellness,wheel_bearings_wellness,fuel_pump_wellness,clutch_wellness,bushings_wellness,brake_pads_wellness,radiator_wellness,water_pump_wellness,spark_plugs_wellness,o2_sensor_wellness
1,car,honda,jazz,petrol,2017,chennai,10000,11400,1,1,0,0,1,0,0,0,0,0,0,0,0,0,2566,1,55.413514985681566,33.363510898043955,2237.431825451829,1.545976919349219,84.17045454545455,83.78181818181818,83.78181818181818,80.67272727272727,82.82517482517483,83.33766233766235,84.17045454545455,84.17045454545455,81.52066115702479,80.67272727272727,71.34545454545454,85.33636363636364,82.22727272727272,78.3409090909091,82.22727272727272
2,car,honda,jazz,petrol,2017,chennai,10000,11453,1,1,0,0,1,0,0,0,0,0,0,0,0,0,2633,1,55.413514985681566,33.363510898043955,2237.431825451829,1.545976919349219,84.14335227272727,83.75290909090909,83.75290909090909,80.62936363636365,82.79181818181817,83.30668831168832,84.14335227272727,84.14335227272727,81.48123966942148,80.62936363636365,71.25872727272728,85.31468181818182,82.19113636363637,78.28670454545454,82.19113636363637
3,car,honda,jazz,petrol,2017,chennai,10000,10706,1,1,0,0,0,0,0,0,0,0,0,0,0,0,2643,1,55.413514985681566,33.363510898043955,2237.431825451829,1.545976919349219,84.52534090909091,84.16036363636363,84.16036363636363,81.24054545454545,83.26195804195805,83.74324675324675,84.52534090909091,84.52534090909091,82.03685950413224,81.24054545454545,72.48109090909091,85.62027272727273,82.70045454545455,79.05068181818183,82.70045454545455
4,car,honda,jazz,petrol,2017,chennai,10000,11015,1,1,0,0,0,0,0,0,0,0,0,0,0,0,2532,1,55.413514985681566,33.363510898043955,2237.431825451829,1.545976919349219,84.36732954545454,83.99181818181818,83.99181818181818,80.98772727272728,83.06748251748252,83.56266233766233,84.36732954545454,84.36732954545454,81.80702479338842,80.98772727272728,71.97545454545454,85.49386363636363,82.48977272727274,78.73465909090908,82.48977272727274
5,car,honda,jazz,petrol,2017,chennai,10000,10039,1,1,0,0,0,0,0,0,0,0,0,0,0,0,2489,1,55.413514985681566,33.363510898043955,2237.431825451829,1.545976919349219,84.86642045454546,84.52418181818183,84.52418181818183,81.78627272727273,83.68174825174826,84.13305194805196,84.86642045454546,84.86642045454546,82.53297520661158,81.78627272727273,73.57254545454546,85.89313636363637,83.15522727272727,79.73284090909091,83.15522727272727
6,car,honda,jazz,petrol,2017,chennai,10000,10348,1,1,0,0,0,0,0,0,0,0,0,0,0,0,2578,1,55.413514985681566,33.363510898043955,2237.431825451829,1.545976919349219,84.7084090909091,84.35563636363636,84.35563636363636,81.53345454545455,83.48727272727272,83.95246753246752,84.7084090909091,84.7084090909091,82.30314049586778,81.53345454545455,73.06690909090909,85.76672727272728,82.94454545454546,79.41681818181819,82.94454545454546
7,car,honda,jazz,petrol,2017,chennai,10000,10936,1,1,0,0,1,0,0,0,0,0,0,0,0,0,2631,1,55.413514985681566,33.363510898043955,2237.431825451829,1.545976919349219,84.40772727272727,84.0349090909091,84.0349090909091,81.05236363636364,83.11720279720281,83.60883116883117,84.40772727272727,84.40772727272727,81.86578512396694,81.05236363636364,72.10472727272729,85.52618181818183,82.54363636363637,78.81545454545454,82.54363636363637
8,car,honda,jazz,petrol,2017,chennai,10000,10355,1,1,0,0,0,0,0,0,0,0,0,0,0,0,2639,1,55.413514985681566,33.363510898043955,2237.431825451829,1.545976919349219,84.70482954545454,84.35181818181817,84.35181818181817,81.52772727272726,83.48286713286714,83.94837662337662,84.70482954545454,84.70482954545454,82.29793388429752,81.52772727272726,73.05545454545455,85.76386363636364,82.93977272727273,79.40965909090909,82.93977272727273
9,car,honda,jazz,petrol,2017,chennai,10000,11028,1,1,0,0,0,0,0,0,0,0,0,0,0,0,2703,1,55.413514985681566,33.363510898043955,2237.431825451829,1.545976919349219,84.36068181818182,83.98472727272728,83.98472727272728,80.9770909090909,83.05930069930069,83.55506493506495,84.36068181818182,84.36068181818182,81.79735537190084,80.9770909090909,71.95418181818182,85.48854545454546,82.4809090909091,78.72136363636363,82.4809090909091
10,car,honda,jazz,petrol,2017,chennai,10000,10843,1,1,0,0,0,0,0,0,0,0,0,0,0,0,2539,1,55.413514985681566,33.363510898043955,2237.431825451829,1.545976919349219,84.4552840909091,84.08563636363637,84.08563636363637,81.12845454545455,83.17573426573426,83.66318181818183,84.4552840909091,84.4552840909091,81.93495867768596,81.12845454545455,72.25690909090909,85.56422727272728,82.60704545454546,78.91056818181819,82.60704545454546
11,car,honda,jazz,petrol,2017,chennai,10000,10686,1,1,0,0,0,0,0,0,0,0,0,0,0,0,2597,1,55.413514985681566,33.363510898043955,2237.431825451829,1.545976919349219,84.53556818181819,84.17127272727274,84.17127272727274,81.25690909090909,83.27454545454546,83.75493506493507,84.53556818181819,84.53556818181819,82.05173553719008,81.25690909090909,72.5138181818182,85.62845454545456,82.71409090909091,79.07113636363637,82.71409090909091
12,car,honda,jazz,petrol,2017,chennai,10000,10573,1,1,0,0,0,0,0,0,0,0,0,0,0,0,2583,1,55.413514985681566,33.363510898043955,2237.431825451829,1.545976919349219,84.59335227272729,84.23290909090909,84.23290909090909,81.34936363636363,83.34566433566434,83.82097402597404,84.59335227272729,84.59335227272729,82.13578512396695,81.34936363636363,72.69872727272728,85.67468181818182,82.79113636363637,79.18670454545455,82.79113636363637
13,car,honda,jazz,petrol,2017,chennai,10000,10992,1,1,1,0,0,0,0,0,0,0,0,0,0,0,2633,1,55.413514985681566,33.363510898043955,2237.431825451829,1.545976919349219,84.3790909090909,84.00436363636365,84.00436363636365,81.00654545454545,83.08195804195805,83.5761038961039,84.3790909090909,84.3790909090909,81.82413223140496,81.00654545454545,72.0130909090909,85.50327272727274,82.50545454545454,78.75818181818182,82.50545454545454
14,car,honda,jazz,petrol,2017,chennai,10000,10376,1,1,1,0,0,0,0,0,0,0,0,0,0,0,2643,1,55.413514985681566,33.363510898043955,2237.431825451829,1.545976919349219,84.6940909090909,84.34036363636363,84.34036363636363,81.51054545454545,83.46965034965035,83.93610389610389,84.6940909090909,84.6940909090909,82.28231404958677,81.51054545454545,73.02109090909092,85.75527272727273,82.92545454545454,79.38818181818182,82.92545454545454
15,car,honda,jazz,petrol,2017,chennai,10000,11009,1,1,1,0,1,0,0,0,0,0,0,0,0,0,2532,1,55.413514985681566,33.363510898043955,2237.431825451829,1.545976919349219,84.37039772727272,83.9950909090909,83.9950909090909,80.99263636363638,83.07125874125875,83.56616883116884,84.37039772727272,84.37039772727272,81.81148760330579,80.99263636363638,71.98527272727273,85.49631818181818,82.49386363636364,78.74079545454546,82.49386363636364
16,car,honda,jazz,petrol,2017,chennai,10000,10048,1,1,1,0,0,0,0,0,0,0,0,0,0,0,2489,1,55.413514985681566,33.363510898043955,2237.431825451829,1.545976919349219,84.8618181818182,84.51927272727272,84.51927272727272,81.7789090909091,83.67608391608393,84.12779220779221,84.8618181818182,84.8618181818182,82.52628099173553,81.7789090909091,73.55781818181819,85.88945454545454,83.14909090909092,79.72363636363636,83.14909090909092
17,car,honda,jazz,petrol,2017,chennai,10000,10623,1,1,1,0,0,0,0,0,0,0,0,0,0,0,2578,1,55.413514985681566,33.363510898043955,2237.431825451829,1.545976919349219,84.5677840909091,84.20563636363637,84.20563636363637,81.30845454545455,83.3141958041958,83.79175324675325,84.5677840909091,84.5677840909091,82.09859504132231,81.30845454545455,72.61690909090909,85.65422727272727,82.75704545454546,79.13556818181817,82.75704545454546
18,car,honda,jazz,petrol,2017,chennai,10000,10832,1,1,1,0,1,0,0,0,0,0,0,0,0,0,2631,1,55.413514985681566,33.363510898043955,2237.431825451829,1.545976919349219,84.4609090909091,84.09163636363637,84.09163636363637,81.13745454545455,83.18265734265734,83.66961038961038,84.4609090909091,84.4609090909091,81.94314049586777,81.13745454545455,72.2749090909091,85.56872727272727,82.61454545454546,78.92181818181818,82.61454545454546
19,car,honda,jazz,petrol,2017,chennai,10000,11034,1,1,1,0,1,0,0,0,0,0,0,0,0,0,2639,1,55.413514985681566,33.363510898043955,2237.431825451829,1.545976919349219,84.35761363636364,83.98145454545455,83.98145454545455,80.97218181818182,83.05552447552448,83.55155844155844,84.35761363636364,84.35761363636364,81.79289256198346,80.97218181818182,71.94436363636363,85.4860909090909,82.47681818181819,78.71522727272726,82.47681818181819
20,car,honda,jazz,petrol,2017,chennai,10000,10228,1,1,1,0,1,0,0,0,0,0,0,0,0,0,2703,1,55.413514985681566,33.363510898043955,2237.431825451829,1.545976919349219,84.76977272727272,84.4210909090909,84.4210909090909,81.63163636363636,83.5627972027972,84.02259740259741,84.76977272727272,84.76977272727272,82.39239669421488,81.63163636363636,73.26327272727274,85.81581818181817,83.02636363636364,79.53954545454546,83.02636363636364
21,car,honda,jazz,petrol,2017,chennai,20000,20679,1,1,1,1,0,0,0,0,0,0,0,0,0,0,3336,1,55.413514985681566,33.363510898043955,2237.431825451829,1.545976919349219,79.42551136363636,78.72054545454546,78.72054545454546,73.08081818181819,76.98524475524476,77.91487012987014,79.42551136363636,79.42551136363636,74.61892561983471,73.08081818181819,56.16163636363636,81.5404090909091,75.90068181818181,68.85102272727273,75.90068181818181
22,car,honda,jazz,petrol,2017,chennai,20000,20797,1,1,1,1,0,0,0,0,0,0,0,0,0,0,3418,1,55.413514985681566,33.363510898043955,2237.431825451829,1.545976919349219,79.36517045454545,78.65618181818182,78.65618181818182,72.98427272727272,76.91097902097903,77.84590909090909,79.36517045454545,79.36517045454545,74.53115702479339,72.98427272727272,55.96854545454546,81.49213636363636,75.82022727272727,68.73034090909091,75.82022727272727
23,car,honda,jazz,petrol,2017,chennai,20000,19646,1,1,1,1,0,0,0,0,0,0,0,0,0,0,3276,1,55.413514985681566,33.363510898043955,2237.431825451829,1.545976919349219,79.95375000000001,79.284,79.284,73.926,77.63538461538461,78.51857142857143,79.95375000000001,79.95375000000001,75.38727272727273,73.926,57.852000000000004,81.96300000000001,76.60499999999999,69.90750000000001,76.60499999999999
24,car,honda,jazz,petrol,2017,chennai,20000,20566,1,1,1,1,0,0,0,0,0,0,0,0,0,0,3134,1,55.413514985681566,33.363510898043955,2237.431825451829,1.545976919349219,79.48329545454546,78.78218181818181,78.78218181818181,73.17327272727273,77.05636363636363,77.9809090909091,79.48329545454546,79.48329545454546,74.70297520661157,73.17327272727273,56.34654545454546,81.58663636363636,75.97772727272728,68.96659090909091,75.97772727272728
25,car,honda,jazz,petrol,2017,chennai,20000,20478,1,1,1,1,0,0,0,0,0,0,0,0,0,0,3489,1,55.413514985681566,33.363510898043955,2237.431825451829,1.545976919349219,79.52829545454546,78.83018181818181,78.83018181818181,73.24527272727273,77.11174825174825,78.03233766233767,79.52829545454546,79.52829545454546,74.76842975206611,73.24527272727273,56.49054545454547,81.62263636363636,76.03772727272727,69.05659090909091,76.03772727272727
26,car,honda,jazz,petrol,2017,chennai,20000,20787,1,1,1,1,0,0,0,0,0,0,0,0,0,0,3578,1,55.413514985681566,33.363510898043955,2237.431825451829,1.545976919349219,79.3702840909091,78.66163636363638,78.66163636363638,72.99245454545454,76.91727272727273,77.85175324675325,79.3702840909091,79.3702840909091,74.53859504132232,72.99245454545454,55.9849090909091,81.49622727272727,75.82704545454546,68.74056818181818,75.82704545454546
27,car,honda,jazz,petrol,2017,chennai,20000,19899,1,1,1,1,0,0,0,0,0,0,0,0,0,0,3248,1,55.413514985681566,33.363510898043955,2237.431825451829,1.545976919349219,79.824375,79.146,79.146,73.71900000000001,77.47615384615384,78.37071428571429,79.824375,79.824375,75.19909090909091,73.71900000000001,57.43800000000001,81.8595,76.43250000000002,69.64875,76.43250000000002
28,car,honda,jazz,petrol,2017,chennai,20000,20575,1,1,1,1,0,0,0,0,0,0,0,0,0,0,3682,1,55.413514985681566,33.363510898043955,2237.431825451829,1.545976919349219,79.47869318181819,78.77727272727273,78.77727272727273,73.1659090909091,77.05069930069929,77.97564935064935,79.47869318181819,79.47869318181819,74.69628099173555,73.1659090909091,56.331818181818186,81.58295454545456,75.9715909090909,68.95738636363637,75.9715909090909
29,car,honda,jazz,petrol,2017,chennai,20000,21587,1,1,1,1,0,0,0,0,0,0,0,0,0,0,3418,1,55.413514985681566,33.363510898043955,2237.431825451829,1.545976919349219,78.96119318181819,78.22527272727272,78.22527272727272,72.3379090909091,76.41377622377622,77.38422077922078,78.96119318181819,78.96119318181819,73.94355371900826,72.3379090909091,54.67581818181819,81.16895454545455,75.28159090909092,67.92238636363636,75.28159090909092
30,car,honda,jazz,petrol,2017,chennai,20000,20689,1,1,1,1,0,0,0,0,0,0,0,0,0,0,3276,1,55.413514985681566,33.363510898043955,2237.431825451829,1.545976919349219,79.42039772727273,78.7150909090909,78.7150909090909,73.07263636363638,76.97895104895106,77.90902597402598,79.42039772727273,79.42039772727273,74.61148760330579,73.07263636363638,56.14527272727274,81.53631818181819,75.89386363636363,68.84079545454547,75.89386363636363
31,car,honda,jazz,petrol,2017,chennai,20000,20464,1,1,1,1,0,0,0,0,0,0,0,0,0,0,3134,1,55.413514985681566,33.363510898043955,2237.431825451829,1.545976919349219,79.53545454545456,78.8378181818182,78.8378181818182,73.25672727272729,77.12055944055945,78.04051948051949,79.53545454545456,79.53545454545456,74.77884297520662,73.25672727272729,56.51345454545455,81.62836363636364,76.04727272727273,69.07090909090908,76.04727272727273
32,car,honda,jazz,petrol,2017,chennai,20000,21567,1,1,1,1,1,0,0,0,0,0,0,0,0,0,3583,1,55.413514985681566,33.363510898043955,2237.431825451829,1.545976919349219,78.97142045454545,78.23618181818183,78.23618181818183,72.35427272727273,76.42636363636365,77.39590909090909,78.97142045454545,78.97142045454545,73.95842975206612,72.35427272727273,54.708545454545465,81.17713636363636,75.29522727272729,67.9428409090909,75.29522727272729
33,car,honda,jazz,petrol,2017,chennai,20000,22769,1,1,1,1,1,0,0,0,0,0,0,0,0,0,3365,1,55.413514985681566,33.363510898043955,2237.431825451829,1.545976919349219,78.35676136363637,77.58054545454546,77.58054545454546,71.3708181818182,75.66986013986013,76.69344155844158,78.35676136363637,78.35676136363637,73.06438016528926,71.3708181818182,52.741636363636374,80.6854090909091,74.47568181818183,66.71352272727273,74.47568181818183
34,car,honda,jazz,petrol,2017,chennai,20000,20312,1,1,1,1,1,0,0,0,0,0,0,0,0,0,3478,1,55.413514985681566,33.363510898043955,2237.431825451829,1.545976919349219,79.61318181818181,78.92072727272728,78.92072727272728,73.38109090909091,77.21622377622377,78.12935064935064,79.61318181818181,79.61318181818181,74.89190082644629,73.38109090909091,56.76218181818183,81.69054545454546,76.1509090909091,69.22636363636364,76.1509090909091
35,car,honda,jazz,petrol,2017,chennai,20000,20453,1,1,1,1,1,0,0,0,0,0,0,0,0,0,3336,1,55.413514985681566,33.363510898043955,2237.431825451829,1.545976919349219,79.54107954545455,78.8438181818182,78.8438181818182,73.26572727272728,77.12748251748252,78.04694805194806,79.54107954545455,79.54107954545455,74.78702479338844,73.26572727272728,56.531454545454544,81.63286363636364,76.05477272727273,69.08215909090909,76.05477272727273
36,car,honda,jazz,petrol,2017,chennai,20000,20564,1,1,1,1,0,1,0,0,0,0,0,0,0,0,3418,1,55.413514985681566,33.363510898043955,2237.431825451829,1.545976919349219,79.48431818181818,78.78327272727273,78.78327272727273,73.1749090909091,77.05762237762238,77.98207792207792,79.48431818181818,79.48431818181818,74.70446280991737,73.1749090909091,56.349818181818186,81.58745454545455,75.97909090909091,68.96863636363636,75.97909090909091
37,car,honda,jazz,petrol,2017,chennai,20000,20644,1,1,1,1,0,1,0,0,0,0,0,0,0,0,3276,1,55.413514985681566,33.363510898043955,2237.431825451829,1.545976919349219,79.44340909090909,78.73963636363636,78.73963636363636,73.10945454545455,77.00727272727273,77.93532467532468,79.44340909090909,79.44340909090909,74.64495867768595,73.10945454545455,56.2189090909091,81.55472727272728,75.92454545454545,68.88681818181819,75.92454545454545
38,car,honda,jazz,petrol,2017,chennai,20000,20768,1,1,1,1,1,1,0,0,0,0,0,0,0,0,3134,1,55.413514985681566,33.363510898043955,2237.431825451829,1.545976919349219,79.38000000000001,78.672,78.672,73.00800000000001,76.92923076923077,77.86285714285714,79.38000000000001,79.38000000000001,74.55272727272728,73.00800000000001,56.01600000000001,81.504,75.84,68.76,75.84
39,car,honda,jazz,petrol,2017,chennai,20000,20543,1,1,1,1,0,1,0,0,0,0,0,0,0,0,3215,1,55.413514985681566,33.363510898043955,2237.431825451829,1.545976919349219,79.49505681818182,78.79472727272727,78.79472727272727,73.19209090909091,77.07083916083917,77.99435064935065,79.49505681818182,79.49505681818182,74.7200826446281,73.19209090909091,56.38418181818183,81.59604545454546,75.9934090909091,68.99011363636365,75.9934090909091
40,car,honda,jazz,petrol,2017,chennai,20000,21056,1,1,1,1,0,1,0,0,0,0,0,0,0,0,8714,1,55.413514985681566,33.363510898043955,2237.431825451829,1.545976919349219,79.23272727272727,78.5149090909091,78.5149090909091,72.77236363636364,76.74797202797203,77.69454545454546,79.23272727272727,79.23272727272727,74.33851239669421,72.77236363636364,55.54472727272728,81.38618181818183,75.64363636363636,68.46545454545453,75.64363636363636
41,car,honda,jazz,petrol,2017,chennai,30000,30239,1,1,1,0,0,0,0,0,0,0,0,0,0,0,3143,1,55.413514985681566,33.363510898043955,2237.431825451829,1.545976919349219,74.536875,73.506,73.506,65.259,70.96846153846154,72.32785714285714,74.536875,74.536875,67.50818181818182,65.259,40.518,77.62950000000001,69.38250000000001,59.07374999999999,69.38250000000001
42,car,honda,jazz,petrol,2017,chennai,30000,30231,1,1,1,0,0,0,0,0,0,0,0,0,0,0,3273,1,55.413514985681566,33.363510898043955,2237.431825451829,1.545976919349219,74.54096590909091,73.51036363636364,73.51036363636364,65.26554545454546,70.9734965034965,72.33253246753247,74.54096590909091,74.54096590909091,67.51413223140496,65.26554545454546,40.53109090909091,77.63277272727274,69.38795454545456,59.081931818181815,69.38795454545456
43,car,honda,jazz,petrol,2017,chennai,30000,30783,1,1,1,0,0,0,0,0,0,0,0,0,0,0,3489,1,55.413514985681566,33.363510898043955,2237.431825451829,1.545976919349219,74.25869318181819,73.20927272727273,73.20927272727273,64.81390909090909,70.62608391608393,72.00993506493506,74.25869318181819,74.25869318181819,67.10355371900826,64.81390909090909,39.62781818181819,77.40695454545455,69.0115909090909,58.517386363636376,69.0115909090909
44,car,honda,jazz,petrol,2017,chennai,30000,30463,1,1,1,0,0,0,0,0,0,0,0,0,0,0,3323,1,55.413514985681566,33.363510898043955,2237.431825451829,1.545976919349219,74.42232954545455,73.38381818181819,73.38381818181819,65.07572727272728,70.82748251748252,72.19694805194806,74.42232954545455,74.42232954545455,67.3415702479339,65.07572727272728,40.151454545454556,77.53786363636364,69.22977272727273,58.8446590909091,69.22977272727273
45,car,honda,jazz,petrol,2017,chennai,30000,30463,1,1,1,0,0,0,0,0,0,0,0,0,0,0,3422,1,55.413514985681566,33.363510898043955,2237.431825451829,1.545976919349219,74.42232954545455,73.38381818181819,73.38381818181819,65.07572727272728,70.82748251748252,72.19694805194806,74.42232954545455,74.42232954545455,67.3415702479339,65.07572727272728,40.151454545454556,77.53786363636364,69.22977272727273,58.8446590909091,69.22977272727273
46,car,honda,jazz,petrol,2017,chennai,30000,29625,1,1,1,0,0,0,0,0,0,0,0,0,0,0,3232,1,55.413514985681566,33.363510898043955,2237.431825451829,1.545976919349219,74.85085227272728,73.8409090909091,73.8409090909091,65.76136363636364,71.3548951048951,72.68668831168831,74.85085227272728,74.85085227272728,67.96487603305786,65.76136363636364,41.52272727272728,77.88068181818181,69.80113636363637,59.70170454545454,69.80113636363637
47,car,honda,jazz,petrol,2017,chennai,30000,31833,1,1,1,0,0,0,0,0,0,0,0,0,0,0,3136,1,55.413514985681566,33.363510898043955,2237.431825451829,1.545976919349219,73.72176136363636,72.63654545454546,72.63654545454546,63.95481818181818,69.96524475524475,71.3962987012987,73.72176136363636,73.72176136363636,66.32256198347108,63.95481818181818,37.90963636363637,76.97740909090909,68.29568181818182,57.44352272727273,68.29568181818182
48,car,honda,jazz,petrol,2017,chennai,30000,30172,1,1,1,0,0,0,0,0,0,0,0,0,0,0,3193,1,55.413514985681566,33.363510898043955,2237.431825451829,1.545976919349219,74.57113636363637,73.54254545454546,73.54254545454546,65.31381818181819,71.01062937062937,72.367012987013,74.57113636363637,74.57113636363637,67.55801652892562,65.31381818181819,40.62763636363638,77.6569090909091,69.42818181818181,59.14227272727273,69.42818181818181
49,car,honda,jazz,petrol,2017,chennai,30000,30132,1,1,1,0,0,0,0,0,0,0,0,0,0,0,3344,1,55.413514985681566,33.363510898043955,2237.431825451829,1.545976919349219,74.59159090909091,73.56436363636364,73.56436363636364,65.34654545454546,71.0358041958042,72.39038961038962,74.59159090909091,74.59159090909091,67.58776859504133,65.34654545454546,40.69309090909092,77.67327272727272,69.45545454545454,59.18318181818182,69.45545454545454
50,car,honda,jazz,petrol,2017,chennai,30000,29234,1,1,1,0,0,0,0,0,0,0,0,0,0,0,3474,1,55.413514985681566,33.363510898043955,2237.431825451829,1.545976919349219,75.05079545454545,74.05418181818182,74.05418181818182,66.08127272727273,71.60097902097901,72.91519480519482,75.05079545454545,75.05079545454545,68.25570247933885,66.08127272727273,42.162545454545466,78.04063636363637,70.06772727272727,60.10159090909091,70.06772727272727
51,car,honda,jazz,petrol,2017,chennai,30000,30541,1,1,1,0,0,0,0,0,0,0,0,0,0,0,3750,1,55.413514985681566,33.363510898043955,2237.431825451829,1.545976919349219,74.38244318181819,73.34127272727272,73.34127272727272,65.01190909090909,70.77839160839162,72.15136363636364,74.38244318181819,74.38244318181819,67.28355371900827,65.01190909090909,40.023818181818186,77.50595454545456,69.1765909090909,58.764886363636364,69.1765909090909
52,car,honda,jazz,petrol,2017,chennai,30000,29689,1,1,1,0,0,0,0,0,0,0,0,0,0,0,3523,1,55.413514985681566,33.363510898043955,2237.431825451829,1.545976919349219,74.818125,73.80600000000001,73.80600000000001,65.70899999999999,71.31461538461538,72.64928571428571,74.818125,74.818125,67.91727272727273,65.70899999999999,41.418000000000006,77.8545,69.75750000000001,59.636250000000004,69.75750000000001
53,car,honda,jazz,petrol,2017,chennai,30000,30545,1,1,1,0,0,0,0,0,0,0,0,0,0,0,3263,1,55.413514985681566,33.363510898043955,2237.431825451829,1.545976919349219,74.38039772727272,73.33909090909091,73.33909090909091,65.00863636363637,70.77587412587414,72.14902597402597,74.38039772727272,74.38039772727272,67.2805785123967,65.00863636363637,40.01727272727273,77.50431818181819,69.17386363636363,58.76079545454545,69.17386363636363
54,car,honda,jazz,petrol,2017,chennai,30000,30432,1,1,1,0,0,0,0,0,0,0,0,0,0,0,3283,1,55.413514985681566,33.363510898043955,2237.431825451829,1.545976919349219,74.43818181818182,73.40072727272728,73.40072727272728,65.1010909090909,70.84699300699302,72.21506493506493,74.43818181818182,74.43818181818182,67.36462809917356,65.1010909090909,40.20218181818182,77.55054545454546,69.25090909090909,58.87636363636364,69.25090909090909
55,car,honda,jazz,petrol,2017,chennai,30000,30679,1,1,1,0,0,0,0,0,0,0,0,0,0,0,3384,1,55.413514985681566,33.363510898043955,2237.431825451829,1.545976919349219,74.31187500000001,73.266,73.266,64.89900000000002,70.69153846153846,72.07071428571429,74.31187500000001,74.31187500000001,67.1809090909091,64.89900000000002,39.79800000000001,77.44950000000001,69.0825,58.62375,69.0825
56,car,honda,jazz,petrol,2017,chennai,30000,30765,1,1,1,0,0,0,0,0,0,0,0,0,0,0,3680,1,55.413514985681566,33.363510898043955,2237.431825451829,1.545976919349219,74.26789772727273,73.21909090909091,73.21909090909091,64.82863636363636,70.63741258741258,72.02045454545456,74.26789772727273,74.26789772727273,67.11694214876033,64.82863636363636,39.65727272727273,77.41431818181819,69.02386363636364,58.53579545454545,69.02386363636364
57,car,honda,jazz,petrol,2017,chennai,30000,30758,1,1,1,0,0,0,0,0,0,0,0,0,0,0,4342,1,55.413514985681566,33.363510898043955,2237.431825451829,1.545976919349219,74.27147727272728,73.2229090909091,73.2229090909091,64.83436363636365,70.64181818181818,72.02454545454546,74.27147727272728,74.27147727272728,67.12214876033059,64.83436363636365,39.66872727272728,77.41718181818182,69.02863636363637,58.54295454545455,69.02863636363637
58,car,honda,jazz,petrol,2017,chennai,30000,31234,1,1,1,0,0,0,0,0,0,0,0,0,0,0,5342,1,55.413514985681566,33.363510898043955,2237.431825451829,1.545976919349219,74.02806818181818,72.96327272727272,72.96327272727272,64.44490909090909,70.34223776223777,71.74636363636364,74.02806818181818,74.02806818181818,66.76809917355372,64.44490909090909,38.88981818181819,77.22245454545455,68.70409090909092,58.05613636363636,68.70409090909092
59,car,honda,jazz,petrol,2017,chennai,30000,30272,1,1,1,0,0,0,0,0,0,0,0,0,0,0,4434,1,55.413514985681566,33.363510898043955,2237.431825451829,1.545976919349219,74.52000000000001,73.488,73.488,65.23200000000001,70.94769230769231,72.30857142857143,74.52000000000001,74.52000000000001,67.48363636363636,65.23200000000001,40.464000000000006,77.61600000000001,69.36,59.040000000000006,69.36
60,car,honda,jazz,petrol,2017,chennai,30000,30137,1,1,1,0,0,0,0,0,0,0,0,0,0,0,4343,1,55.413514985681566,33.363510898043955,2237.431825451829,1.545976919349219,74.5890340909091,73.56163636363637,73.56163636363637,65.34245454545456,71.03265734265734,72.38746753246754,74.5890340909091,74.5890340909091,67.58404958677686,65.34245454545456,40.684909090909095,77.67122727272726,69.45204545454546,59.17806818181819,69.45204545454546
61,car,honda,jazz,petrol,2017,chennai,40000,40231,1,1,1,1,0,0,0,1,0,0,0,0,0,1,4422,1,55.413514985681566,33.363510898043955,2237.431825451829,1.545976919349219,69.42732954545454,68.0558181818182,68.0558181818182,57.08372727272728,64.6797902097902,66.48837662337662,69.42732954545454,69.42732954545454,60.07611570247935,57.08372727272728,24.167454545454554,73.54186363636364,62.569772727272735,48.854659090909095,62.569772727272735
62,car,honda,jazz,petrol,2017,chennai,40000,40532,1,1,1,1,0,0,0,1,0,0,0,0,0,1,4372,1,55.413514985681566,33.363510898043955,2237.431825451829,1.545976919349219,69.2734090909091,67.89163636363637,67.89163636363637,56.83745454545454,64.49034965034964,66.31246753246754,69.2734090909091,69.2734090909091,59.85223140495868,56.83745454545454,23.6749090909091,73.41872727272728,62.36454545454546,48.54681818181819,62.36454545454546
63,car,honda,jazz,petrol,2017,chennai,40000,39163,1,1,1,1,0,0,0,1,0,0,0,0,0,1,4457,1,55.413514985681566,33.363510898043955,2237.431825451829,1.545976919349219,69.97346590909092,68.63836363636364,68.63836363636364,57.95754545454546,65.35195804195804,67.11253246753246,69.97346590909092,69.97346590909092,60.870495867768604,57.95754545454546,25.915090909090914,73.97877272727273,63.297954545454544,49.946931818181824,63.297954545454544
64,car,honda,jazz,petrol,2017,chennai,40000,40328,1,1,1,1,0,0,0,1,0,0,0,0,0,1,4322,1,55.413514985681566,33.363510898043955,2237.431825451829,1.545976919349219,69.37772727272727,68.0029090909091,68.0029090909091,57.00436363636364,64.61874125874125,66.43168831168832,69.37772727272727,69.37772727272727,60.00396694214875,57.00436363636364,24.008727272727278,73.50218181818182,62.50363636363637,48.75545454545455,62.50363636363637
65,car,honda,jazz,petrol,2017,chennai,40000,40368,1,1,1,1,0,0,0,1,0,0,0,0,0,1,4273,1,55.413514985681566,33.363510898043955,2237.431825451829,1.545976919349219,69.35727272727273,67.98109090909091,67.98109090909091,56.97163636363637,64.59356643356644,66.40831168831168,69.35727272727273,69.35727272727273,59.97421487603306,56.97163636363637,23.943272727272735,73.48581818181819,62.476363636363644,48.71454545454546,62.476363636363644
66,car,honda,jazz,petrol,2017,chennai,40000,39175,1,1,1,1,0,0,0,1,0,0,0,0,0,1,4282,1,55.413514985681566,33.363510898043955,2237.431825451829,1.545976919349219,69.96732954545455,68.63181818181818,68.63181818181818,57.94772727272728,65.3444055944056,67.10551948051949,69.96732954545455,69.96732954545455,60.861570247933884,57.94772727272728,25.895454545454555,73.97386363636365,63.289772727272734,49.93465909090909,63.289772727272734
67,car,honda,jazz,petrol,2017,chennai,40000,40613,1,1,1,1,0,0,0,1,0,0,0,0,0,1,4274,1,55.413514985681566,33.363510898043955,2237.431825451829,1.545976919349219,69.23198863636364,67.84745454545455,67.84745454545455,56.77118181818182,64.43937062937063,66.26512987012987,69.23198863636364,69.23198863636364,59.79198347107439,56.77118181818182,23.542363636363643,73.38559090909092,62.309318181818185,48.46397727272727,62.309318181818185
68,car,honda,jazz,petrol,2017,chennai,40000,40293,1,1,1,1,0,0,0,1,0,0,0,0,0,1,4272,1,55.413514985681566,33.363510898043955,2237.431825451829,1.545976919349219,69.39562500000001,68.022,68.022,57.03300000000001,64.64076923076924,66.45214285714286,69.39562500000001,69.39562500000001,60.03,57.03300000000001,24.06600000000001,73.51650000000001,62.527499999999996,48.79125,62.527499999999996
69,car,honda,jazz,petrol,2017,chennai,40000,40733,1,1,1,1,0,0,0,1,0,0,0,0,0,1,4548,1,55.413514985681566,33.363510898043955,2237.431825451829,1.545976919349219,69.170625,67.782,67.782,56.67300000000001,64.36384615384615,66.19500000000001,69.170625,69.170625,59.70272727272728,56.67300000000001,23.346000000000007,73.33650000000002,62.2275,48.34125000000001,62.2275
70,car,honda,jazz,petrol,2017,chennai,40000,41382,1,1,1,1,0,0,0,1,0,0,0,0,0,1,4482,1,55.413514985681566,33.363510898043955,2237.431825451829,1.545976919349219,68.83875,67.428,67.428,56.14200000000001,63.95538461538462,65.8157142857143,68.83875,68.83875,59.22,56.14200000000001,22.284000000000013,73.07100000000001,61.785000000000004,47.677499999999995,61.785000000000004
71,car,honda,jazz,petrol,2017,chennai,40000,40289,1,1,1,1,0,0,0,1,0,0,0,0,0,1,4372,1,55.413514985681566,33.363510898043955,2237.431825451829,1.545976919349219,69.39767045454546,68.02418181818182,68.02418181818182,57.036272727272745,64.64328671328673,66.45448051948053,69.39767045454546,69.39767045454546,60.032975206611574,57.036272727272745,24.072545454545466,73.51813636363637,62.53022727272728,48.79534090909091,62.53022727272728
72,car,honda,jazz,petrol,2017,chennai,40000,39236,1,1,1,1,0,0,0,1,0,0,0,0,0,1,4273,1,55.413514985681566,33.363510898043955,2237.431825451829,1.545976919349219,69.93613636363636,68.59854545454546,68.59854545454546,57.89781818181818,65.30601398601398,67.06987012987014,69.93613636363636,69.93613636363636,60.81619834710744,57.89781818181818,25.79563636363637,73.94890909090908,63.24818181818181,49.87227272727273,63.24818181818181
73,car,honda,jazz,petrol,2017,chennai,40000,40722,1,1,1,1,0,0,0,1,0,0,0,0,0,1,4373,1,55.413514985681566,33.363510898043955,2237.431825451829,1.545976919349219,69.17625,67.788,67.788,56.682,64.37076923076924,66.20142857142856,69.17625,69.17625,59.710909090909105,56.682,23.364000000000004,73.341,62.23500000000001,48.3525,62.23500000000001
74,car,honda,jazz,petrol,2017,chennai,40000,42232,1,1,1,1,0,0,0,1,0,0,0,0,0,1,4874,1,55.413514985681566,33.363510898043955,2237.431825451829,1.545976919349219,68.40409090909093,66.96436363636364,66.96436363636364,55.44654545454546,63.420419580419576,65.31896103896105,68.40409090909093,68.40409090909093,58.58776859504132,55.44654545454546,20.89309090909092,72.72327272727274,61.20545454545454,46.80818181818182,61.20545454545454
75,car,honda,jazz,petrol,2017,chennai,40000,40724,1,1,1,1,0,0,0,1,0,0,0,0,0,1,4836,1,55.413514985681566,33.363510898043955,2237.431825451829,1.545976919349219,69.17522727272727,67.78690909090909,67.78690909090909,56.680363636363644,64.36951048951049,66.20025974025974,69.17522727272727,69.17522727272727,59.70942148760331,56.680363636363644,23.36072727272728,73.34018181818182,62.23363636363636,48.35045454545455,62.23363636363636
76,car,honda,jazz,petrol,2017,chennai,40000,40283,1,1,1,1,0,0,0,1,0,0,0,0,0,1,4723,1,55.413514985681566,33.363510898043955,2237.431825451829,1.545976919349219,69.40073863636364,68.02745454545456,68.02745454545456,57.04118181818182,64.64706293706294,66.457987012987,69.40073863636364,69.40073863636364,60.03743801652893,57.04118181818182,24.08236363636364,73.52059090909091,62.534318181818186,48.80147727272727,62.534318181818186
77,car,honda,jazz,petrol,2017,chennai,40000,39328,1,1,1,1,0,0,0,1,0,0,0,0,0,1,4792,1,55.413514985681566,33.363510898043955,2237.431825451829,1.545976919349219,69.88909090909091,68.54836363636363,68.54836363636363,57.822545454545455,65.2481118881119,67.0161038961039,69.88909090909091,69.88909090909091,60.74776859504132,57.822545454545455,25.645090909090914,73.91127272727273,63.18545454545455,49.778181818181814,63.18545454545455
78,car,honda,jazz,petrol,2017,chennai,40000,41238,1,1,1,1,0,0,0,1,0,0,0,0,0,1,5292,1,55.413514985681566,33.363510898043955,2237.431825451829,1.545976919349219,68.91238636363636,67.50654545454545,67.50654545454545,56.25981818181819,64.04601398601397,65.89987012987012,68.91238636363636,68.91238636363636,59.32710743801654,56.25981818181819,22.519636363636373,73.1299090909091,61.883181818181825,47.82477272727272,61.883181818181825
79,car,honda,jazz,petrol,2017,chennai,40000,40278,1,1,1,1,0,0,0,1,0,0,0,0,0,1,5123,1,55.413514985681566,33.363510898043955,2237.431825451829,1.545976919349219,69.40329545454546,68.03018181818182,68.03018181818182,57.04527272727274,64.65020979020979,66.4609090909091,69.40329545454546,69.40329545454546,60.0411570247934,57.04527272727274,24.090545454545467,73.52263636363638,62.537727272727274,48.806590909090914,62.537727272727274
80,car,honda,jazz,petrol,2017,chennai,40000,40243,1,1,1,1,0,0,0,1,0,0,0,0,0,1,5163,1,55.413514985681566,33.363510898043955,2237.431825451829,1.545976919349219,69.42119318181818,68.04927272727272,68.04927272727272,57.0739090909091,64.67223776223776,66.48136363636364,69.42119318181818,69.42119318181818,60.06719008264463,57.0739090909091,24.147818181818195,73.53695454545456,62.56159090909091,48.842386363636365,62.56159090909091
81,car,honda,jazz,petrol,2017,chennai,50000,50234,1,1,1,0,0,0,0,0,0,0,0,0,0,0,3312,1,55.413514985681566,33.363510898043955,2237.431825451829,1.545976919349219,64.31215909090909,62.59963636363636,62.59963636363636,48.899454545454546,58.38419580419582,60.642467532467535,64.31215909090909,64.31215909090909,52.63586776859504,48.899454545454546,7.7989090909091,69.44972727272727,55.749545454545455,38.62431818181818,55.749545454545455
82,car,honda,jazz,petrol,2017,chennai,50000,50722,1,1,1,0,0,0,0,0,0,0,0,0,0,0,3464,1,55.413514985681566,33.363510898043955,2237.431825451829,1.545976919349219,64.06261363636365,62.333454545454536,62.333454545454536,48.50018181818182,58.077062937062934,60.35727272727273,64.06261363636365,64.06261363636365,52.27289256198348,48.50018181818182,7.0003636363636454,69.2500909090909,55.416818181818186,38.12522727272727,55.416818181818186
83,car,honda,jazz,petrol,2017,chennai,50000,50236,1,1,1,0,0,0,0,0,0,0,0,0,0,0,3253,1,55.413514985681566,33.363510898043955,2237.431825451829,1.545976919349219,64.31113636363636,62.59854545454545,62.59854545454545,48.89781818181819,58.38293706293706,60.64129870129871,64.31113636363636,64.31113636363636,52.634380165289265,48.89781818181819,7.7956363636363735,69.4489090909091,55.74818181818182,38.62227272727273,55.74818181818182
84,car,honda,jazz,petrol,2017,chennai,50000,50673,1,1,1,0,0,0,0,0,0,0,0,0,0,0,3323,1,55.413514985681566,33.363510898043955,2237.431825451829,1.545976919349219,64.08767045454545,62.36018181818183,62.36018181818183,48.540272727272736,58.10790209790209,60.38590909090909,64.08767045454545,64.08767045454545,52.30933884297521,48.540272727272736,7.0805454545454705,69.27013636363637,55.450227272727275,38.175340909090906,55.450227272727275
85,car,honda,jazz,petrol,2017,chennai,50000,50892,1,1,1,0,0,0,0,0,0,0,0,0,0,0,3422,1,55.413514985681566,33.363510898043955,2237.431825451829,1.545976919349219,63.975681818181826,62.24072727272728,62.24072727272728,48.36109090909091,57.970069930069926,60.25792207792208,63.975681818181826,63.975681818181826,52.14644628099173,48.36109090909091,6.7221818181818325,69.18054545454547,55.300909090909094,37.95136363636363,55.300909090909094
86,car,honda,jazz,petrol,2017,chennai,50000,51427,1,1,1,0,0,0,0,0,0,0,0,0,0,0,3232,1,55.413514985681566,33.363510898043955,2237.431825451829,1.545976919349219,63.70210227272726,61.94890909090909,61.94890909090909,47.923363636363646,57.63335664335665,59.94525974025975,63.70210227272726,63.70210227272726,51.748512396694224,47.923363636363646,5.84672727272728,68.96168181818182,54.93613636363637,37.40420454545454,54.93613636363637
87,car,honda,jazz,petrol,2017,chennai,50000,50237,1,1,1,0,0,0,0,0,0,0,0,0,0,0,3136,1,55.413514985681566,33.363510898043955,2237.431825451829,1.545976919349219,64.310625,62.598,62.598,48.89700000000001,58.38230769230769,60.64071428571428,64.310625,64.310625,52.63363636363637,48.89700000000001,7.794000000000011,69.44850000000001,55.7475,38.621249999999996,55.7475
88,car,honda,jazz,petrol,2017,chennai,50000,49622,1,1,1,0,0,0,0,0,0,0,0,0,0,0,3193,1,55.413514985681566,33.363510898043955,2237.431825451829,1.545976919349219,64.62511363636364,62.93345454545456,62.93345454545456,49.40018181818182,58.769370629370634,61.000129870129875,64.62511363636364,64.62511363636364,53.091074380165296,49.40018181818182,8.800363636363647,69.7000909090909,56.166818181818186,39.25022727272727,56.166818181818186
89,car,honda,jazz,petrol,2017,chennai,50000,49263,1,1,1,0,0,0,0,0,0,0,0,0,0,0,3344,1,55.413514985681566,33.363510898043955,2237.431825451829,1.545976919349219,64.80869318181817,63.12927272727273,63.12927272727273,49.6939090909091,58.99531468531468,61.20993506493507,64.80869318181817,64.80869318181817,53.35809917355373,49.6939090909091,9.387818181818192,69.84695454545455,56.41159090909092,39.61738636363636,56.41159090909092
90,car,honda,jazz,petrol,2017,chennai,50000,50268,1,1,1,0,0,0,0,0,0,0,0,1,0,1,3474,1,55.413514985681566,33.363510898043955,2237.431825451829,1.545976919349219,64.29477272727273,62.58109090909091,62.58109090909091,48.87163636363637,58.3627972027972,60.6225974025974,64.29477272727273,64.29477272727273,52.6105785123967,48.87163636363637,7.743272727272742,69.43581818181819,55.72636363636364,38.58954545454546,55.72636363636364
91,car,honda,jazz,petrol,2017,chennai,50000,51452,1,1,1,0,0,0,0,0,1,0,0,1,0,1,3364,1,55.413514985681566,33.363510898043955,2237.431825451829,1.545976919349219,63.68931818181818,61.935272727272725,61.935272727272725,47.9029090909091,57.61762237762238,59.93064935064935,63.68931818181818,63.68931818181818,51.7299173553719,47.9029090909091,5.805818181818196,68.95145454545455,54.91909090909091,37.37863636363637,54.91909090909091
92,car,honda,jazz,petrol,2017,chennai,50000,50823,1,1,1,0,0,0,0,0,1,0,1,1,0,1,3231,1,55.413514985681566,33.363510898043955,2237.431825451829,1.545976919349219,64.01096590909091,62.27836363636364,62.27836363636364,48.417545454545454,58.01349650349651,60.29824675324676,64.01096590909091,64.01096590909091,52.19776859504133,48.417545454545454,6.835090909090918,69.20877272727273,55.34795454545454,38.02193181818182,55.34795454545454
93,car,honda,jazz,petrol,2017,chennai,50000,50179,1,1,1,0,0,0,0,0,1,0,1,1,0,1,3532,1,55.413514985681566,33.363510898043955,2237.431825451829,1.545976919349219,64.3402840909091,62.62963636363637,62.62963636363637,48.944454545454555,58.41881118881118,60.6746103896104,64.3402840909091,64.3402840909091,52.67677685950414,48.944454545454555,7.888909090909099,69.47222727272728,55.787045454545456,38.68056818181818,55.787045454545456
94,car,honda,jazz,petrol,2017,chennai,50000,51102,1,1,1,0,0,1,0,0,0,0,0,1,0,0,3689,1,55.413514985681566,33.363510898043955,2237.431825451829,1.545976919349219,63.86829545454546,62.12618181818182,62.12618181818182,48.18927272727274,57.83790209790211,60.13519480519481,63.86829545454546,63.86829545454546,51.990247933884305,48.18927272727274,6.378545454545468,69.09463636363637,55.15772727272728,37.736590909090914,55.15772727272728
95,car,honda,jazz,petrol,2017,chennai,50000,51324,1,1,1,0,0,1,0,0,0,0,0,1,0,0,3730,1,55.413514985681566,33.363510898043955,2237.431825451829,1.545976919349219,63.75477272727273,62.00509090909091,62.00509090909091,48.00763636363637,57.69818181818182,60.00545454545455,63.75477272727273,63.75477272727273,51.82512396694216,48.00763636363637,6.015272727272743,69.0038181818182,55.00636363636364,37.50954545454546,55.00636363636364
96,car,honda,jazz,petrol,2017,chennai,50000,50822,1,1,1,0,0,1,0,0,0,0,1,1,0,0,3647,1,55.413514985681566,33.363510898043955,2237.431825451829,1.545976919349219,64.01147727272728,62.278909090909096,62.278909090909096,48.418363636363644,58.01412587412587,60.298831168831164,64.01147727272728,64.01147727272728,52.19851239669422,48.418363636363644,6.836727272727281,69.20918181818182,55.348636363636366,38.022954545454546,55.348636363636366
97,car,honda,jazz,petrol,2017,chennai,50000,50264,1,1,1,0,1,1,0,0,1,0,0,1,0,0,4123,1,55.413514985681566,33.363510898043955,2237.431825451829,1.545976919349219,64.29681818181818,62.58327272727272,62.58327272727272,48.87490909090909,58.36531468531468,60.624935064935066,64.29681818181818,64.29681818181818,52.613553719008266,48.87490909090909,7.749818181818192,69.43745454545456,55.729090909090914,38.59363636363636,55.729090909090914
98,car,honda,jazz,petrol,2017,chennai,50000,50012,1,1,1,0,1,0,0,0,1,0,0,1,0,0,4202,1,55.413514985681566,33.363510898043955,2237.431825451829,1.545976919349219,64.42568181818181,62.720727272727274,62.720727272727274,49.08109090909091,58.52391608391609,60.77220779220779,64.42568181818181,64.42568181818181,52.800991735537195,49.08109090909091,8.162181818181834,69.54054545454545,55.900909090909096,38.85136363636364,55.900909090909096
99,car,honda,jazz,petrol,2017,chennai,50000,50272,1,1,1,0,0,0,0,1,0,0,1,1,0,0,4822,1,55.413514985681566,33.363510898043955,2237.431825451829,1.545976919349219,64.29272727272728,62.57890909090909,62.57890909090909,48.86836363636364,58.36027972027971,60.62025974025974,64.29272727272728,64.29272727272728,52.607603305785126,48.86836363636364,7.736727272727282,69.43418181818183,55.72363636363637,38.585454545454546,55.72363636363637
100,car,honda,jazz,petrol,2017,chennai,50000,50327,1,1,1,0,1,0,0,1,0,0,0,1,0,0,4037,1,55.413514985681566,33.363510898043955,2237.431825451829,1.545976919349219,64.26460227272727,62.54890909090908,62.54890909090908,48.823363636363645,58.325664335664335,60.58811688311689,64.26460227272727,64.26460227272727,52.56669421487603,48.823363636363645,7.646727272727282,69.41168181818182,55.686136363636365,38.52920454545455,55.686136363636365
101,car,honda,jazz,petrol,2017,chennai,60000,60272,1,1,1,1,0,1,0,0,1,0,1,1,0,0,6135,1,55.413514985681566,33.363510898043955,2237.431825451829,1.545976919349219,59.17909090909091,57.12436363636363,57.12436363636363,40.68654545454546,52.066573426573434,54.7761038961039,59.17909090909091,59.17909090909091,45.16958677685951,40.68654545454546,0.0,65.34327272727272,48.90545454545454,28.35818181818182,48.90545454545454
102,car,honda,jazz,petrol,2017,chennai,60000,60347,1,1,1,1,0,1,0,0,1,0,1,1,0,0,6234,1,55.413514985681566,33.363510898043955,2237.431825451829,1.545976919349219,59.14073863636364,57.08345454545455,57.08345454545455,40.62518181818183,52.019370629370634,54.732272727272736,59.14073863636364,59.14073863636364,45.11380165289257,40.62518181818183,0.0,65.31259090909091,48.85431818181818,28.281477272727273,48.85431818181818
103,car,honda,jazz,petrol,2017,chennai,60000,60322,1,1,1,1,0,1,1,0,1,0,1,1,0,0,6163,1,55.413514985681566,33.363510898043955,2237.431825451829,1.545976919349219,59.15352272727272,57.09709090909091,57.09709090909091,40.64563636363637,52.0351048951049,54.74688311688312,59.15352272727272,59.15352272727272,45.13239669421488,40.64563636363637,0.0,65.32281818181819,48.87136363636364,28.307045454545452,48.87136363636364
104,car,honda,jazz,petrol,2017,chennai,60000,60347,1,1,1,1,0,1,1,0,1,0,1,1,0,0,6237,1,55.413514985681566,33.363510898043955,2237.431825451829,1.545976919349219,59.14073863636364,57.08345454545455,57.08345454545455,40.62518181818183,52.019370629370634,54.732272727272736,59.14073863636364,59.14073863636364,45.11380165289257,40.62518181818183,0.0,65.31259090909091,48.85431818181818,28.281477272727273,48.85431818181818
105,car,honda,jazz,petrol,2017,chennai,60000,60839,1,1,1,1,0,1,1,0,1,0,1,1,0,0,6088,1,55.413514985681566,33.363510898043955,2237.431825451829,1.545976919349219,58.889147727272736,56.815090909090905,56.815090909090905,40.22263636363637,51.70972027972027,54.444740259740264,58.889147727272736,58.889147727272736,44.74785123966942,40.22263636363637,0.0,65.11131818181819,48.518863636363626,27.778295454545454,48.518863636363626
106,car,honda,jazz,petrol,2017,chennai,60000,60321,1,1,1,1,0,1,1,0,1,0,1,1,0,0,6143,1,55.413514985681566,33.363510898043955,2237.431825451829,1.545976919349219,59.1540340909091,57.09763636363636,57.09763636363636,40.646454545454546,52.03573426573426,54.747467532467525,59.1540340909091,59.1540340909091,45.13314049586777,40.646454545454546,0.0,65.32322727272727,48.87204545454546,28.308068181818182,48.87204545454546
107,car,honda,jazz,petrol,2017,chennai,60000,61733,1,1,1,1,0,1,1,0,1,0,1,1,0,0,6228,1,55.413514985681566,33.363510898043955,2237.431825451829,1.545976919349219,58.431988636363634,56.32745454545454,56.32745454545454,39.49118181818182,51.14706293706295,53.92227272727272,58.431988636363634,58.431988636363634,44.08289256198348,39.49118181818182,0.0,64.74559090909092,47.909318181818186,26.86397727272727,47.909318181818186
108,car,honda,jazz,petrol,2017,chennai,60000,60977,1,1,1,1,0,1,1,0,1,0,1,1,0,0,6292,1,55.413514985681566,33.363510898043955,2237.431825451829,1.545976919349219,58.81857954545454,56.73981818181819,56.73981818181819,40.109727272727284,51.62286713286713,54.36409090909091,58.81857954545454,58.81857954545454,44.64520661157026,40.109727272727284,0.0,65.05486363636365,48.424772727272725,27.637159090909087,48.424772727272725
109,car,honda,jazz,petrol,2017,chennai,60000,60632,1,1,1,1,0,1,1,0,1,0,1,1,0,0,6183,1,55.413514985681566,33.363510898043955,2237.431825451829,1.545976919349219,58.995,56.928000000000004,56.928000000000004,40.39200000000001,51.84000000000001,54.56571428571429,58.995,58.995,44.901818181818186,40.39200000000001,0.0,65.196,48.66,27.990000000000006,48.66
110,car,honda,jazz,petrol,2017,chennai,60000,60872,1,1,1,1,0,1,1,0,1,0,1,0,0,0,6137,1,55.413514985681566,33.363510898043955,2237.431825451829,1.545976919349219,58.87227272727272,56.79709090909091,56.79709090909091,40.195636363636375,51.68895104895104,54.42545454545455,58.87227272727272,58.87227272727272,44.723305785123976,40.195636363636375,0.0,65.09781818181818,48.49636363636364,27.744545454545452,48.49636363636364
111,car,honda,jazz,petrol,2017,chennai,60000,60134,1,1,1,1,0,1,1,0,1,0,1,0,0,0,6099,1,55.413514985681566,33.363510898043955,2237.431825451829,1.545976919349219,59.24965909090909,57.19963636363637,57.19963636363637,40.79945454545456,52.15342657342658,54.85675324675325,59.24965909090909,59.24965909090909,45.27223140495868,40.79945454545456,0.0,65.39972727272728,48.99954545454545,28.499318181818186,48.99954545454545
112,car,honda,jazz,petrol,2017,chennai,60000,60427,1,1,1,1,0,1,1,0,1,0,1,0,0,0,6132,1,55.413514985681566,33.363510898043955,2237.431825451829,1.545976919349219,59.099829545454554,57.03981818181819,57.03981818181819,40.55972727272729,51.969020979020975,54.68551948051948,59.099829545454554,59.099829545454554,45.05429752066116,40.55972727272729,0.0,65.27986363636364,48.799772727272725,28.199659090909094,48.799772727272725
113,car,honda,jazz,petrol,2017,chennai,60000,60349,1,1,1,1,0,1,1,0,1,0,1,0,0,0,6487,1,55.413514985681566,33.363510898043955,2237.431825451829,1.545976919349219,59.13971590909092,57.08236363636364,57.08236363636364,40.623545454545464,52.01811188811189,54.7311038961039,59.13971590909092,59.13971590909092,45.112314049586786,40.623545454545464,0.0,65.31177272727274,48.852954545454544,28.279431818181823,48.852954545454544
114,car,honda,jazz,petrol,2017,chennai,60000,60374,1,1,1,1,0,1,1,0,1,0,1,0,0,0,6579,1,55.413514985681566,33.363510898043955,2237.431825451829,1.545976919349219,59.12693181818181,57.06872727272728,57.06872727272728,40.603090909090916,52.00237762237762,54.716493506493514,59.12693181818181,59.12693181818181,45.093719008264465,40.603090909090916,0.0,65.30154545454546,48.8359090909091,28.253863636363636,48.8359090909091
115,car,honda,jazz,petrol,2017,chennai,60000,60694,1,1,1,1,0,1,1,0,1,0,1,0,0,0,6693,1,55.413514985681566,33.363510898043955,2237.431825451829,1.545976919349219,58.96329545454546,56.89418181818181,56.89418181818181,40.34127272727273,51.80097902097902,54.52948051948052,58.96329545454546,58.96329545454546,44.855702479338845,40.34127272727273,0.0,65.17063636363638,48.61772727272728,27.926590909090915,48.61772727272728
116,car,honda,jazz,petrol,2017,chennai,60000,61379,1,1,1,1,0,1,0,0,1,0,1,0,0,0,6469,1,55.413514985681566,33.363510898043955,2237.431825451829,1.545976919349219,58.61301136363637,56.52054545454546,56.52054545454546,39.78081818181819,51.36986013986014,54.12915584415585,58.61301136363637,58.61301136363637,44.346198347107446,39.78081818181819,0.0,64.8904090909091,48.150681818181816,27.22602272727273,48.150681818181816
117,car,honda,jazz,petrol,2017,chennai,60000,59262,1,1,1,1,0,1,0,0,1,0,1,0,0,0,6367,1,55.413514985681566,33.363510898043955,2237.431825451829,1.545976919349219,59.69556818181818,57.67527272727273,57.67527272727273,41.51290909090909,52.70223776223776,55.36636363636364,59.69556818181818,59.69556818181818,45.920826446281005,41.51290909090909,0.0,65.75645454545455,49.594090909090916,29.391136363636363,49.594090909090916
118,car,honda,jazz,petrol,2017,chennai,60000,60347,1,1,1,1,0,1,0,0,1,0,1,0,0,0,6397,1,55.413514985681566,33.363510898043955,2237.431825451829,1.545976919349219,59.14073863636364,57.08345454545455,57.08345454545455,40.62518181818183,52.019370629370634,54.732272727272736,59.14073863636364,59.14073863636364,45.11380165289257,40.62518181818183,0.0,65.31259090909091,48.85431818181818,28.281477272727273,48.85431818181818
119,car,honda,jazz,petrol,2017,chennai,60000,61372,1,1,1,1,0,1,0,0,1,0,1,0,0,0,6495,1,55.413514985681566,33.363510898043955,2237.431825451829,1.545976919349219,58.61659090909091,56.52436363636364,56.52436363636364,39.78654545454547,51.374265734265734,54.13324675324676,58.61659090909091,58.61659090909091,44.3514049586777,39.78654545454547,0.0,64.89327272727273,48.15545454545454,27.233181818181823,48.15545454545454
120,car,honda,jazz,petrol,2017,chennai,60000,60437,1,1,1,1,0,1,0,0,1,0,1,0,0,0,6402,1,55.413514985681566,33.363510898043955,2237.431825451829,1.545976919349219,59.09471590909092,57.03436363636364,57.03436363636364,40.55154545454546,51.962727272727264,54.67967532467532,59.09471590909092,59.09471590909092,45.04685950413224,40.55154545454546,0.0,65.27577272727274,48.79295454545454,28.18943181818182,48.79295454545454
121,car,honda,jazz,petrol,2017,chennai,70000,70262,1,1,1,0,0,0,0,0,0,0,0,0,1,0,4633,1,55.413514985681566,33.363510898043955,2237.431825451829,1.545976919349219,54.07056818181818,51.675272727272734,51.675272727272734,32.5129090909091,45.77916083916084,48.937792207792214,54.07056818181818,54.07056818181818,37.73900826446282,32.5129090909091,0.0,61.256454545454545,42.09409090909091,18.141136363636363,42.09409090909091
122,car,honda,jazz,petrol,2017,chennai,70000,70373,1,1,1,0,0,0,0,0,0,0,0,0,1,0,4643,1,55.413514985681566,33.363510898043955,2237.431825451829,1.545976919349219,54.01380681818182,51.61472727272727,51.61472727272727,32.42209090909092,45.7093006993007,48.872922077922084,54.01380681818182,54.01380681818182,37.656446280991744,32.42209090909092,0.0,61.211045454545456,42.01840909090909,18.027613636363636,42.01840909090909
123,car,honda,jazz,petrol,2017,chennai,70000,70764,1,1,1,0,1,0,0,0,0,0,0,0,1,0,4532,1,55.413514985681566,33.363510898043955,2237.431825451829,1.545976919349219,53.813863636363635,51.40145454545454,51.40145454545454,32.102181818181826,45.46321678321679,48.64441558441558,53.813863636363635,53.813863636363635,37.36561983471075,32.102181818181826,0.0,61.05109090909092,41.75181818181818,17.627727272727274,41.75181818181818
124,car,honda,jazz,petrol,2017,chennai,70000,70384,1,1,1,0,1,0,0,0,0,0,1,0,1,0,4489,1,55.413514985681566,33.363510898043955,2237.431825451829,1.545976919349219,54.00818181818181,51.608727272727265,51.608727272727265,32.41309090909092,45.70237762237762,48.86649350649351,54.00818181818181,54.00818181818181,37.64826446280993,32.41309090909092,0.0,61.20654545454546,42.01090909090909,18.016363636363632,42.01090909090909
125,car,honda,jazz,petrol,2017,chennai,70000,70976,1,1,1,0,1,0,0,0,0,0,1,0,1,0,4578,1,55.413514985681566,33.363510898043955,2237.431825451829,1.545976919349219,53.70545454545455,51.285818181818186,51.285818181818186,31.928727272727286,45.32979020979021,48.52051948051948,53.70545454545455,53.70545454545455,37.20793388429753,31.928727272727286,0.0,60.96436363636365,41.60727272727273,17.41090909090909,41.60727272727273
126,car,honda,jazz,petrol,2017,chennai,70000,71253,1,1,1,0,1,0,0,0,0,0,1,0,1,0,4631,1,55.413514985681566,33.363510898043955,2237.431825451829,1.545976919349219,53.56380681818182,51.134727272727275,51.134727272727275,31.702090909090916,45.15545454545455,48.358636363636364,53.56380681818182,53.56380681818182,37.001900826446295,31.702090909090916,0.0,60.851045454545456,41.418409090909094,17.127613636363634,41.418409090909094
127,car,honda,jazz,petrol,2017,chennai,70000,70311,1,1,1,0,1,0,0,0,0,0,0,0,1,0,4639,1,55.413514985681566,33.363510898043955,2237.431825451829,1.545976919349219,54.045511363636365,51.648545454545456,51.648545454545456,32.472818181818184,45.74832167832169,48.90915584415585,54.045511363636365,54.045511363636365,37.70256198347108,32.472818181818184,0.0,61.2364090909091,42.06068181818182,18.09102272727273,42.06068181818182
128,car,honda,jazz,petrol,2017,chennai,70000,70789,1,1,1,0,1,0,0,0,0,0,0,0,1,0,4703,1,55.413514985681566,33.363510898043955,2237.431825451829,1.545976919349219,53.80107954545455,51.38781818181818,51.38781818181818,32.081727272727285,45.44748251748253,48.62980519480519,53.80107954545455,53.80107954545455,37.347024793388435,32.081727272727285,0.0,61.04086363636364,41.73477272727273,17.602159090909094,41.73477272727273
129,car,honda,jazz,petrol,2017,chennai,70000,70098,1,1,1,0,1,0,0,1,0,0,0,0,1,0,4539,1,55.413514985681566,33.363510898043955,2237.431825451829,1.545976919349219,54.15443181818182,51.76472727272727,51.76472727272727,32.64709090909091,45.882377622377625,49.03363636363637,54.15443181818182,54.15443181818182,37.8609917355372,32.64709090909091,0.0,61.32354545454546,42.20590909090909,18.30886363636364,42.20590909090909
130,car,honda,jazz,petrol,2017,chennai,70000,69432,1,1,1,0,1,0,0,1,0,0,0,0,1,0,4597,1,55.413514985681566,33.363510898043955,2237.431825451829,1.545976919349219,54.49499999999999,52.12799999999999,52.12799999999999,33.19200000000001,46.30153846153847,49.42285714285715,54.49499999999999,54.49499999999999,38.356363636363646,33.19200000000001,0.0,61.59600000000001,42.66,18.99,42.66
131,car,honda,jazz,petrol,2017,chennai,70000,70894,1,1,1,0,1,0,0,1,0,0,0,0,1,0,4583,1,55.413514985681566,33.363510898043955,2237.431825451829,1.545976919349219,53.747386363636366,51.33054545454545,51.33054545454545,31.99581818181819,45.38139860139861,48.56844155844156,53.747386363636366,53.747386363636366,37.26892561983471,31.99581818181819,0.0,60.9979090909091,41.663181818181826,17.49477272727273,41.663181818181826
132,car,honda,jazz,petrol,2017,chennai,70000,70753,1,1,1,0,0,0,0,1,0,0,0,0,1,0,4633,1,55.413514985681566,33.363510898043955,2237.431825451829,1.545976919349219,53.81948863636364,51.40745454545454,51.40745454545454,32.11118181818183,45.47013986013987,48.65084415584416,53.81948863636364,53.81948863636364,37.373801652892574,32.11118181818183,0.0,61.05559090909092,41.75931818181818,17.638977272727274,41.75931818181818
133,car,honda,jazz,petrol,2017,chennai,70000,70756,1,1,1,0,0,0,0,0,0,0,0,0,1,0,4643,1,55.413514985681566,33.363510898043955,2237.431825451829,1.545976919349219,53.81795454545455,51.405818181818184,51.405818181818184,32.10872727272728,45.46825174825175,48.64909090909091,53.81795454545455,53.81795454545455,37.371570247933896,32.10872727272728,0.0,61.05436363636364,41.75727272727272,17.635909090909095,41.75727272727272
134,car,honda,jazz,petrol,2017,chennai,70000,70890,1,1,1,0,0,0,0,0,1,0,0,0,1,0,4532,1,55.413514985681566,33.363510898043955,2237.431825451829,1.545976919349219,53.74943181818182,51.332727272727276,51.332727272727276,31.999090909090917,45.383916083916084,48.57077922077923,53.74943181818182,53.74943181818182,37.271900826446284,31.999090909090917,0.0,60.99954545454546,41.665909090909096,17.498863636363637,41.665909090909096
135,car,honda,jazz,petrol,2017,chennai,70000,70473,1,1,1,0,0,0,0,0,1,0,0,0,1,0,4489,1,55.413514985681566,33.363510898043955,2237.431825451829,1.545976919349219,53.96267045454547,51.56018181818182,51.56018181818182,32.34027272727273,45.64636363636364,48.81448051948052,53.96267045454547,53.96267045454547,37.58206611570249,32.34027272727273,0.0,61.17013636363637,41.950227272727275,17.92534090909091,41.950227272727275
136,car,honda,jazz,petrol,2017,chennai,70000,70985,1,1,1,0,0,1,0,0,1,0,0,0,1,0,4578,1,55.413514985681566,33.363510898043955,2237.431825451829,1.545976919349219,53.700852272727275,51.280909090909084,51.280909090909084,31.92136363636365,45.32412587412587,48.51525974025975,53.700852272727275,53.700852272727275,37.2012396694215,31.92136363636365,0.0,60.96068181818182,41.601136363636364,17.401704545454546,41.601136363636364
137,car,honda,jazz,petrol,2017,chennai,70000,70342,1,1,1,0,0,1,0,0,1,0,0,0,1,0,4631,1,55.413514985681566,33.363510898043955,2237.431825451829,1.545976919349219,54.02965909090909,51.63163636363636,51.63163636363636,32.447454545454555,45.72881118881119,48.89103896103897,54.02965909090909,54.02965909090909,37.679504132231415,32.447454545454555,0.0,61.22372727272728,42.039545454545454,18.059318181818185,42.039545454545454
138,car,honda,jazz,petrol,2017,chennai,70000,70033,1,1,1,0,0,1,0,0,0,0,0,0,1,0,4639,1,55.413514985681566,33.363510898043955,2237.431825451829,1.545976919349219,54.187670454545454,51.80018181818181,51.80018181818181,32.70027272727273,45.923286713286714,49.07162337662337,54.187670454545454,54.187670454545454,37.90933884297522,32.70027272727273,0.0,61.35013636363636,42.25022727272728,18.375340909090912,42.25022727272728
139,car,honda,jazz,petrol,2017,chennai,70000,70653,1,1,1,0,0,0,0,0,0,0,0,0,1,0,4703,1,55.413514985681566,33.363510898043955,2237.431825451829,1.545976919349219,53.870625000000004,51.462,51.462,32.19300000000001,45.533076923076926,48.70928571428571,53.870625000000004,53.870625000000004,37.44818181818182,32.19300000000001,0.0,61.096500000000006,41.8275,17.74125,41.8275
140,car,honda,jazz,petrol,2017,chennai,70000,70373,1,1,1,0,0,0,0,0,0,0,0,0,0,0,2789,1,55.413514985681566,33.363510898043955,2237.431825451829,1.545976919349219,54.01380681818182,51.61472727272727,51.61472727272727,32.42209090909092,45.7093006993007,48.872922077922084,54.01380681818182,54.01380681818182,37.656446280991744,32.42209090909092,0.0,61.211045454545456,42.01840909090909,18.027613636363636,42.01840909090909
141,car,honda,jazz,petrol,2017,chennai,80000,82238,1,1,1,0,0,0,1,1,0,0,0,0,0,0,4753,1,55.413514985681566,33.363510898043955,2237.431825451829,1.545976919349219,47.94647727272727,45.14290909090909,45.14290909090909,22.714363636363643,38.24181818181818,41.938831168831165,47.94647727272727,47.94647727272727,28.831239669421503,22.714363636363643,0.0,56.35718181818182,33.928636363636365,5.8929545454545496,33.928636363636365
142,car,honda,jazz,petrol,2017,chennai,80000,89843,1,1,1,0,0,0,1,1,0,0,0,0,0,0,4790,1,55.413514985681566,33.363510898043955,2237.431825451829,1.545976919349219,44.05755681818182,40.994727272727275,40.994727272727275,16.492090909090916,33.45545454545454,37.49435064935066,44.05755681818182,44.05755681818182,23.17462809917356,16.492090909090916,0.0,53.24604545454545,28.743409090909093,0.0,28.743409090909093
143,car,honda,jazz,petrol,2017,chennai,80000,85834,1,1,1,0,0,0,1,1,0,0,0,0,0,0,4230,1,55.413514985681566,33.363510898043955,2237.431825451829,1.545976919349219,46.10761363636364,43.18145454545455,43.18145454545455,19.772181818181824,35.9786013986014,39.837272727272726,46.10761363636364,46.10761363636364,26.156528925619842,19.772181818181824,0.0,54.88609090909091,31.476818181818178,2.2152272727272706,31.476818181818178
144,car,honda,jazz,petrol,2017,chennai,80000,88433,1,1,1,0,0,0,1,1,0,0,0,0,0,0,4875,1,55.413514985681566,33.363510898043955,2237.431825451829,1.545976919349219,44.77857954545454,41.76381818181819,41.76381818181819,17.645727272727278,34.342867132867134,38.31837662337662,44.77857954545454,44.77857954545454,24.22338842975207,17.645727272727278,0.0,53.82286363636364,29.70477272727273,0.0,29.70477272727273
145,car,honda,jazz,petrol,2017,chennai,80000,82363,1,1,1,0,0,0,1,1,0,0,0,0,0,0,4976,1,55.413514985681566,33.363510898043955,2237.431825451829,1.545976919349219,47.88255681818182,45.07472727272727,45.07472727272727,22.61209090909092,38.163146853146856,41.86577922077922,47.88255681818182,47.88255681818182,28.73826446280992,22.61209090909092,0.0,56.306045454545455,33.84340909090909,5.765113636363637,33.84340909090909
146,car,honda,jazz,petrol,2017,chennai,80000,83462,1,1,1,0,0,0,1,1,0,0,0,0,0,0,4679,1,55.413514985681566,33.363510898043955,2237.431825451829,1.545976919349219,47.32056818181819,44.475272727272724,44.475272727272724,21.712909090909104,37.47146853146853,41.22350649350649,47.32056818181819,47.32056818181819,27.920826446280998,21.712909090909104,0.0,55.856454545454554,33.09409090909091,4.641136363636361,33.09409090909091
147,car,honda,jazz,petrol,2017,chennai,80000,82346,1,1,1,0,0,0,1,1,0,0,0,0,0,0,4312,1,55.413514985681566,33.363510898043955,2237.431825451829,1.545976919349219,47.89125,45.084,45.084,22.62600000000001,38.17384615384615,41.87571428571429,47.89125,47.89125,28.7509090909091,22.62600000000001,0.0,56.313,33.855000000000004,5.782500000000002,33.855000000000004
148,car,honda,jazz,petrol,2017,chennai,80000,89437,1,1,1,1,0,0,1,1,0,0,0,0,0,0,4068,1,55.413514985681566,33.363510898043955,2237.431825451829,1.545976919349219,44.26517045454546,41.21618181818182,41.21618181818182,16.824272727272742,33.710979020979025,37.73162337662337,44.26517045454546,44.26517045454546,23.476611570247943,16.824272727272742,0.0,53.41213636363638,29.02022727272728,0.0,29.02022727272728
149,car,honda,jazz,petrol,2017,chennai,80000,90327,1,1,1,1,0,0,1,1,0,0,0,0,0,0,5084,1,55.413514985681566,33.363510898043955,2237.431825451829,1.545976919349219,43.81005681818182,40.73072727272727,40.73072727272727,16.09609090909092,33.15083916083916,37.211493506493504,43.81005681818182,43.81005681818182,22.81462809917356,16.09609090909092,0.0,53.04804545454545,28.413409090909088,0.0,28.413409090909088
150,car,honda,jazz,petrol,2017,chennai,80000,82462,1,1,1,0,0,0,1,1,0,0,0,0,0,0,5866,1,55.413514985681566,33.363510898043955,2237.431825451829,1.545976919349219,47.831931818181815,45.02072727272727,45.02072727272727,22.53109090909092,38.10083916083916,41.807922077922086,47.831931818181815,47.831931818181815,28.664628099173566,22.53109090909092,0.0,56.26554545454546,33.775909090909096,5.663863636363633,33.775909090909096
151,car,honda,jazz,petrol,2017,chennai,80000,81482,1,1,1,0,0,0,1,1,0,0,0,0,0,0,5238,1,55.413514985681566,33.363510898043955,2237.431825451829,1.545976919349219,48.333068181818184,45.55527272727272,45.55527272727272,23.332909090909098,38.71762237762238,42.38064935064936,48.333068181818184,48.333068181818184,29.39355371900827,23.332909090909098,0.0,56.66645454545454,34.4440909090909,6.666136363636368,34.4440909090909
152,car,honda,jazz,petrol,2017,chennai,100000,122342,1,1,1,0,0,0,0,0,0,0,0,0,0,0,3725,1,55.413514985681566,33.363510898043955,2237.431825451829,1.545976919349219,27.438750000000002,23.267999999999997,23.267999999999997,0.0,13.001538461538457,18.501428571428566,27.438750000000002,27.438750000000002,0.0,0.0,0.0,39.95100000000001,6.585000000000004,0.0,6.585000000000004
153,car,honda,jazz,petrol,2017,chennai,100000,102378,1,1,1,1,0,0,0,0,0,0,0,0,0,0,3248,1,55.413514985681566,33.363510898043955,2237.431825451829,1.545976919349219,37.64761363636364,34.15745454545455,34.15745454545455,6.2361818181818265,25.56629370629371,30.168701298701297,37.64761363636364,37.64761363636364,13.8510743801653,6.2361818181818265,0.0,48.11809090909092,20.19681818181818,0.0,20.19681818181818
154,car,honda,jazz,petrol,2017,chennai,100000,113247,1,1,1,0,0,0,0,0,0,0,0,0,0,0,3743,1,55.413514985681566,33.363510898043955,2237.431825451829,1.545976919349219,32.08960227272727,28.228909090909088,28.228909090909088,0.0,18.72566433566434,23.816688311688313,32.08960227272727,32.08960227272727,5.766694214876039,0.0,0.0,43.67168181818182,12.786136363636365,0.0,12.786136363636365
155,car,honda,jazz,petrol,2017,chennai,100000,137822,1,1,1,0,0,0,0,0,0,0,0,0,0,0,3469,1,55.413514985681566,33.363510898043955,2237.431825451829,1.545976919349219,19.522840909090906,14.824363636363634,14.824363636363634,0.0,3.2588811188811184,9.454675324675327,19.522840909090906,19.522840909090906,0.0,0.0,0.0,33.61827272727273,0.0,0.0,0.0
156,car,honda,jazz,petrol,2017,chennai,100000,129773,1,1,1,0,0,0,0,0,0,0,0,0,0,0,3468,1,55.413514985681566,33.363510898043955,2237.431825451829,1.545976919349219,23.638806818181816,19.214727272727277,19.214727272727277,0.0,8.324685314685317,14.158636363636363,23.638806818181816,23.638806818181816,0.0,0.0,0.0,36.911045454545466,1.5184090909090908,0.0,1.5184090909090908
157,car,honda,jazz,petrol,2017,chennai,100000,90239,1,1,1,1,0,0,0,0,0,0,0,0,0,0,3894,1,55.413514985681566,33.363510898043955,2237.431825451829,1.545976919349219,43.85505681818182,40.77872727272727,40.77872727272727,16.16809090909092,33.20622377622378,37.262922077922084,43.85505681818182,43.85505681818182,22.880082644628104,16.16809090909092,0.0,53.08404545454546,28.47340909090909,0.0,28.47340909090909
158,car,honda,jazz,petrol,2017,chennai,100000,94824,1,1,1,1,0,1,0,0,0,0,0,0,0,0,3725,1,55.413514985681566,33.363510898043955,2237.431825451829,1.545976919349219,41.51045454545454,38.277818181818176,38.277818181818176,12.416727272727286,30.320559440559443,34.58337662337663,41.51045454545454,41.51045454545454,19.46975206611571,12.416727272727286,0.0,51.20836363636364,25.34727272727273,0.0,25.34727272727273
159,car,honda,jazz,petrol,2017,chennai,100000,96348,1,1,1,1,0,1,1,0,0,0,0,0,0,0,3743,1,55.413514985681566,33.363510898043955,2237.431825451829,1.545976919349219,40.73113636363637,37.44654545454546,37.44654545454546,11.169818181818195,29.361398601398605,33.692727272727275,40.73113636363637,40.73113636363637,18.336198347107448,11.169818181818195,0.0,50.5849090909091,24.308181818181815,0.0,24.308181818181815
160,car,honda,jazz,petrol,2017,chennai,100000,94378,1,1,1,1,0,1,0,0,0,0,0,0,0,0,3804,1,55.413514985681566,33.363510898043955,2237.431825451829,1.545976919349219,41.73852272727273,38.52109090909091,38.52109090909091,12.781636363636375,30.601258741258746,34.844025974025975,41.73852272727273,41.73852272727273,19.801487603305798,12.781636363636375,0.0,51.39081818181819,25.65136363636364,0.0,25.65136363636364
161,car,honda,jazz,petrol,2017,chennai,100000,99947,1,1,1,1,0,1,0,0,0,0,0,0,0,0,3479,1,55.413514985681566,33.363510898043955,2237.431825451829,1.545976919349219,38.890738636363636,35.48345454545455,35.48345454545455,8.225181818181827,27.09629370629371,31.589415584415583,38.890738636363636,38.890738636363636,15.659256198347116,8.225181818181827,0.0,49.11259090909092,21.85431818181818,0.0,21.85431818181818
162,car,honda,amaze,diesel,2016,mumbai,10000,10021,1,1,0,0,0,0,0,0,0,0,0,0,0,0,2798,1,55.413514985681566,33.363510898043955,2237.431825451829,1.545976919349219,94.30625,93.92666666666668,93.92666666666668,90.89,92.99230769230769,93.49285714285715,94.30625,94.30625,91.71818181818182,90.89,81.78,95.44500000000001,92.40833333333333,88.61250000000001,92.40833333333333
163,car,honda,amaze,diesel,2016,mumbai,10000,10005,1,1,0,0,0,0,0,0,0,0,0,0,0,0,2680,1,55.413514985681566,33.363510898043955,2237.431825451829,1.545976919349219,94.3153409090909,93.93636363636364,93.93636363636364,90.90454545454546,93.0034965034965,93.50324675324674,94.3153409090909,94.3153409090909,91.73140495867769,90.90454545454546,81.80909090909091,95.45227272727273,92.42045454545455,88.63068181818183,92.42045454545455
164,car,honda,amaze,diesel,2016,mumbai,10000,9980,1,1,0,0,0,0,0,0,0,0,0,0,0,0,2750,1,55.413514985681566,33.363510898043955,2237.431825451829,1.545976919349219,94.32954545454547,93.95151515151515,93.95151515151515,90.92727272727272,93.02097902097903,93.51948051948051,94.32954545454547,94.32954545454547,91.75206611570248,90.92727272727272,81.85454545454546,95.46363636363637,92.43939393939394,88.6590909090909,92.43939393939394
165,car,honda,amaze,diesel,2016,mumbai,10000,10100,1,1,0,0,0,0,0,0,0,0,0,0,0,0,2700,1,55.413514985681566,33.363510898043955,2237.431825451829,1.545976919349219,94.26136363636364,93.87878787878789,93.87878787878789,90.81818181818181,92.93706293706295,93.44155844155844,94.26136363636364,94.26136363636364,91.65289256198346,90.81818181818181,81.63636363636364,95.4090909090909,92.34848484848484,88.52272727272728,92.34848484848484
166,car,honda,amaze,diesel,2016,mumbai,10000,11004,1,1,0,0,0,0,0,0,0,0,0,0,0,0,2800,1,55.413514985681566,33.363510898043955,2237.431825451829,1.545976919349219,93.74772727272727,93.33090909090909,93.33090909090909,89.99636363636364,92.3048951048951,92.85454545454546,93.74772727272727,93.74772727272727,90.90578512396694,89.99636363636364,79.99272727272728,94.99818181818182,91.66363636363637,87.49545454545455,91.66363636363637
167,car,honda,amaze,diesel,2016,mumbai,10000,10078,1,1,0,0,0,0,0,0,0,0,0,0,0,0,2500,1,55.413514985681566,33.363510898043955,2237.431825451829,1.545976919349219,94.27386363636363,93.89212121212121,93.89212121212121,90.83818181818182,92.95244755244755,93.45584415584416,94.27386363636363,94.27386363636363,91.67107438016528,90.83818181818182,81.67636363636363,95.41909090909091,92.36515151515151,88.54772727272727,92.36515151515151
168,car,honda,amaze,diesel,2016,mumbai,10000,12001,1,1,0,0,0,0,0,0,0,0,0,0,0,0,2750,1,55.413514985681566,33.363510898043955,2237.431825451829,1.545976919349219,93.18125,92.72666666666667,92.72666666666667,89.09,91.60769230769232,92.20714285714286,93.18125,93.18125,90.08181818181818,89.09,78.18,94.545,90.90833333333333,86.3625,90.90833333333333
169,car,honda,amaze,diesel,2016,mumbai,10000,10003,1,1,0,0,0,0,0,0,0,0,0,0,0,0,2700,1,55.413514985681566,33.363510898043955,2237.431825451829,1.545976919349219,94.31647727272727,93.93757575757576,93.93757575757576,90.90636363636364,93.0048951048951,93.50454545454545,94.31647727272727,94.31647727272727,91.73305785123968,90.90636363636364,81.81272727272729,95.45318181818182,92.4219696969697,88.63295454545454,92.4219696969697
170,car,honda,amaze,diesel,2016,mumbai,10000,9800,1,1,0,0,0,0,0,0,0,0,0,0,0,0,2702,1,55.413514985681566,33.363510898043955,2237.431825451829,1.545976919349219,94.43181818181819,94.06060606060606,94.06060606060606,91.0909090909091,93.14685314685315,93.63636363636364,94.43181818181819,94.43181818181819,91.90082644628099,91.0909090909091,82.18181818181817,95.54545454545455,92.57575757575758,88.86363636363637,92.57575757575758
171,car,honda,amaze,diesel,2016,mumbai,10000,10302,1,1,0,0,0,0,0,0,0,0,0,0,0,0,2720,1,55.413514985681566,33.363510898043955,2237.431825451829,1.545976919349219,94.1465909090909,93.75636363636363,93.75636363636363,90.63454545454546,92.7958041958042,93.3103896103896,94.1465909090909,94.1465909090909,91.48595041322314,90.63454545454546,81.26909090909092,95.31727272727272,92.19545454545455,88.29318181818182,92.19545454545455
172,car,honda,amaze,diesel,2016,mumbai,10000,10288,1,1,0,0,0,0,0,0,0,0,0,0,0,0,2800,1,55.413514985681566,33.363510898043955,2237.431825451829,1.545976919349219,94.15454545454546,93.76484848484849,93.76484848484849,90.64727272727274,92.8055944055944,93.3194805194805,94.15454545454546,94.15454545454546,91.49752066115703,90.64727272727274,81.29454545454547,95.32363636363637,92.2060606060606,88.30909090909091,92.2060606060606
173,car,honda,amaze,diesel,2016,mumbai,10000,10003,1,1,0,0,0,0,0,0,0,0,0,0,0,0,2770,1,55.413514985681566,33.363510898043955,2237.431825451829,1.545976919349219,94.31647727272727,93.93757575757576,93.93757575757576,90.90636363636364,93.0048951048951,93.50454545454545,94.31647727272727,94.31647727272727,91.73305785123968,90.90636363636364,81.81272727272729,95.45318181818182,92.4219696969697,88.63295454545454,92.4219696969697
174,car,honda,amaze,diesel,2016,mumbai,10000,10200,1,1,0,0,0,0,0,0,0,0,0,0,0,0,3300,1,55.413514985681566,33.363510898043955,2237.431825451829,1.545976919349219,94.20454545454545,93.81818181818183,93.81818181818183,90.72727272727272,92.86713286713287,93.37662337662339,94.20454545454545,94.20454545454545,91.5702479338843,90.72727272727272,81.45454545454545,95.36363636363636,92.27272727272727,88.4090909090909,92.27272727272727
175,car,honda,amaze,diesel,2016,mumbai,10000,10123,1,1,0,0,0,0,0,0,0,0,0,0,0,0,3450,1,55.413514985681566,33.363510898043955,2237.431825451829,1.545976919349219,94.24829545454546,93.86484848484848,93.86484848484848,90.79727272727273,92.92097902097902,93.42662337662337,94.24829545454546,94.24829545454546,91.63388429752067,90.79727272727273,81.59454545454545,95.39863636363637,92.3310606060606,88.49659090909091,92.3310606060606
176,car,honda,amaze,diesel,2016,mumbai,10000,9992,1,1,1,0,0,0,0,0,0,0,0,0,0,0,3250,1,55.413514985681566,33.363510898043955,2237.431825451829,1.545976919349219,94.32272727272726,93.94424242424242,93.94424242424242,90.91636363636364,93.01258741258741,93.51168831168832,94.32272727272726,94.32272727272726,91.74214876033058,90.91636363636364,81.83272727272728,95.45818181818181,92.43030303030302,88.64545454545456,92.43030303030302
177,car,honda,amaze,diesel,2016,mumbai,10000,10675,1,1,1,0,0,0,0,0,0,0,0,0,0,0,3500,1,55.413514985681566,33.363510898043955,2237.431825451829,1.545976919349219,93.9346590909091,93.53030303030303,93.53030303030303,90.29545454545455,92.53496503496504,93.06818181818181,93.9346590909091,93.9346590909091,91.17768595041322,90.29545454545455,80.5909090909091,95.14772727272728,91.9128787878788,87.86931818181817,91.9128787878788
178,car,honda,amaze,diesel,2016,mumbai,10000,13987,1,1,1,0,0,0,0,0,0,0,0,0,0,0,6500,1,55.413514985681566,33.363510898043955,2237.431825451829,1.545976919349219,92.0528409090909,91.52303030303031,91.52303030303031,87.28454545454547,90.21888111888113,90.91753246753247,92.0528409090909,92.0528409090909,88.4404958677686,87.28454545454547,74.56909090909092,93.64227272727273,89.40378787878788,84.10568181818182,89.40378787878788
179,car,honda,amaze,diesel,2016,mumbai,10000,14567,1,1,1,0,0,0,0,0,0,0,0,0,0,0,5500,1,55.413514985681566,33.363510898043955,2237.431825451829,1.545976919349219,91.72329545454545,91.17151515151515,91.17151515151515,86.75727272727272,89.81328671328671,90.5409090909091,91.72329545454545,91.72329545454545,87.9611570247934,86.75727272727272,73.51454545454546,93.37863636363637,88.96439393939394,83.44659090909092,88.96439393939394
180,car,honda,amaze,diesel,2016,mumbai,10000,11002,1,1,1,0,0,0,0,0,0,0,0,0,0,0,7000,1,55.413514985681566,33.363510898043955,2237.431825451829,1.545976919349219,93.74886363636364,93.33212121212121,93.33212121212121,89.99818181818182,92.3062937062937,92.85584415584415,93.74886363636364,93.74886363636364,90.90743801652893,89.99818181818182,79.99636363636364,94.99909090909091,91.6651515151515,87.49772727272726,91.6651515151515
181,car,honda,amaze,diesel,2016,mumbai,10000,12347,1,1,1,0,0,0,0,0,0,0,0,0,0,0,5500,1,55.413514985681566,33.363510898043955,2237.431825451829,1.545976919349219,92.98465909090909,92.5169696969697,92.5169696969697,88.77545454545455,91.36573426573426,91.98246753246752,92.98465909090909,92.98465909090909,89.79586776859504,88.77545454545455,77.55090909090909,94.38772727272728,90.64621212121212,85.96931818181818,90.64621212121212
182,car,honda,amaze,diesel,2016,mumbai,20000,20003,1,1,1,0,1,0,0,0,0,0,0,0,0,0,5300,1,55.413514985681566,33.363510898043955,2237.431825451829,1.545976919349219,88.63465909090908,87.8769696969697,87.8769696969697,81.81545454545454,86.01188811188811,87.01103896103896,88.63465909090908,88.63465909090908,83.46859504132232,81.81545454545454,63.63090909090909,90.90772727272727,84.84621212121213,77.26931818181818,84.84621212121213
183,car,honda,amaze,diesel,2016,mumbai,20000,17890,1,1,1,0,1,1,1,0,0,0,0,0,0,0,5500,1,55.413514985681566,33.363510898043955,2237.431825451829,1.545976919349219,89.83522727272727,89.15757575757576,89.15757575757576,83.73636363636365,87.4895104895105,88.38311688311688,89.83522727272727,89.83522727272727,85.21487603305785,83.73636363636365,67.47272727272728,91.86818181818181,86.4469696969697,79.67045454545453,86.4469696969697
184,car,honda,amaze,diesel,2016,mumbai,20000,23000,1,1,1,0,1,1,1,0,0,0,0,0,0,0,5200,1,55.413514985681566,33.363510898043955,2237.431825451829,1.545976919349219,86.93181818181819,86.06060606060606,86.06060606060606,79.0909090909091,83.91608391608392,85.06493506493507,86.93181818181819,86.93181818181819,80.99173553719008,79.0909090909091,58.18181818181819,89.54545454545455,82.57575757575756,73.86363636363636,82.57575757575756
185,car,honda,amaze,diesel,2016,mumbai,20000,21000,1,1,1,0,1,1,1,0,0,0,0,0,0,0,5350,1,55.413514985681566,33.363510898043955,2237.431825451829,1.545976919349219,88.06818181818181,87.27272727272728,87.27272727272728,80.9090909090909,85.3146853146853,86.36363636363636,88.06818181818181,88.06818181818181,82.64462809917356,80.9090909090909,61.81818181818181,90.45454545454545,84.0909090909091,76.13636363636364,84.0909090909091
186,car,honda,amaze,diesel,2016,mumbai,20000,18907,1,1,1,0,1,1,1,0,0,0,0,0,0,0,5400,1,55.413514985681566,33.363510898043955,2237.431825451829,1.545976919349219,89.25738636363636,88.54121212121213,88.54121212121213,82.81181818181818,86.77832167832167,87.72272727272727,89.25738636363636,89.25738636363636,84.37438016528927,82.81181818181818,65.62363636363638,91.40590909090909,85.67651515151515,78.51477272727273,85.67651515151515
187,car,honda,amaze,diesel,2016,mumbai,20000,21000,1,1,1,0,1,1,1,0,0,0,0,0,0,0,5500,1,55.413514985681566,33.363510898043955,2237.431825451829,1.545976919349219,88.06818181818181,87.27272727272728,87.27272727272728,80.9090909090909,85.3146853146853,86.36363636363636,88.06818181818181,88.06818181818181,82.64462809917356,80.9090909090909,61.81818181818181,90.45454545454545,84.0909090909091,76.13636363636364,84.0909090909091
188,car,honda,amaze,diesel,2016,mumbai,20000,19009,1,1,1,0,1,1,1,0,0,0,0,0,0,0,5500,1,55.413514985681566,33.363510898043955,2237.431825451829,1.545976919349219,89.19943181818182,88.47939393939393,88.47939393939393,82.71909090909091,86.706993006993,87.6564935064935,89.19943181818182,89.19943181818182,84.2900826446281,82.71909090909091,65.43818181818182,91.35954545454545,85.59924242424243,78.39886363636364,85.59924242424243
189,car,honda,amaze,diesel,2016,mumbai,20000,19998,1,1,1,0,1,1,1,0,0,0,0,0,0,0,5300,1,55.413514985681566,33.363510898043955,2237.431825451829,1.545976919349219,88.6375,87.88,87.88,81.82000000000001,86.01538461538462,87.0142857142857,88.6375,88.6375,83.47272727272727,81.82000000000001,63.64000000000001,90.91,84.85000000000001,77.275,84.85000000000001
190,car,honda,amaze,diesel,2016,mumbai,20000,23212,1,1,1,0,1,1,1,0,0,0,0,0,0,0,5250,1,55.413514985681566,33.363510898043955,2237.431825451829,1.545976919349219,86.81136363636364,85.93212121212122,85.93212121212122,78.89818181818183,83.76783216783217,84.92727272727272,86.81136363636364,86.81136363636364,80.81652892561983,78.89818181818183,57.796363636363644,89.44909090909091,82.41515151515152,73.62272727272727,82.41515151515152
191,car,honda,amaze,diesel,2016,mumbai,20000,18989,1,1,1,0,1,1,1,0,0,0,0,0,0,0,5350,1,55.413514985681566,33.363510898043955,2237.431825451829,1.545976919349219,89.21079545454546,88.49151515151516,88.49151515151516,82.73727272727272,86.72097902097902,87.66948051948052,89.21079545454546,89.21079545454546,84.30661157024794,82.73727272727272,65.47454545454545,91.36863636363637,85.61439393939393,78.42159090909091,85.61439393939393
192,car,honda,amaze,diesel,2016,mumbai,20000,19878,1,1,1,0,1,1,1,0,0,0,0,0,0,0,5200,1,55.413514985681566,33.363510898043955,2237.431825451829,1.545976919349219,88.70568181818182,87.95272727272727,87.95272727272727,81.9290909090909,86.0993006993007,87.09220779220779,88.70568181818182,88.70568181818182,83.57190082644628,81.9290909090909,63.858181818181826,90.96454545454546,84.94090909090909,77.41136363636365,84.94090909090909
193,car,honda,amaze,diesel,2016,mumbai,20000,22398,1,1,1,0,1,1,1,0,0,0,0,0,0,0,5300,1,55.413514985681566,33.363510898043955,2237.431825451829,1.545976919349219,87.27386363636363,86.42545454545454,86.42545454545454,79.63818181818182,84.33706293706294,85.45584415584415,87.27386363636363,87.27386363636363,81.4892561983471,79.63818181818182,59.27636363636364,89.81909090909092,83.03181818181818,74.54772727272727,83.03181818181818
194,car,honda,amaze,diesel,2016,mumbai,20000,24567,1,1,1,0,1,1,1,0,0,0,0,0,0,0,5420,1,55.413514985681566,33.363510898043955,2237.431825451829,1.545976919349219,86.04147727272728,85.11090909090909,85.11090909090909,77.66636363636363,82.82027972027973,84.0474025974026,86.04147727272728,86.04147727272728,79.69669421487605,77.66636363636363,55.332727272727276,88.83318181818181,81.38863636363635,72.08295454545454,81.38863636363635
195,car,honda,amaze,diesel,2016,mumbai,20000,21000,1,1,1,0,1,1,1,0,0,0,0,0,0,0,6500,1,55.413514985681566,33.363510898043955,2237.431825451829,1.545976919349219,88.06818181818181,87.27272727272728,87.27272727272728,80.9090909090909,85.3146853146853,86.36363636363636,88.06818181818181,88.06818181818181,82.64462809917356,80.9090909090909,61.81818181818181,90.45454545454545,84.0909090909091,76.13636363636364,84.0909090909091
196,car,honda,amaze,diesel,2016,mumbai,20000,22009,1,1,1,0,1,1,1,0,0,0,0,0,0,0,7100,1,55.413514985681566,33.363510898043955,2237.431825451829,1.545976919349219,87.49488636363635,86.66121212121212,86.66121212121212,79.99181818181819,84.60909090909091,85.70844155844156,87.49488636363635,87.49488636363635,81.81074380165289,79.99181818181819,59.98363636363637,89.9959090909091,83.32651515151514,74.98977272727274,83.32651515151514
197,car,honda,amaze,diesel,2016,mumbai,20000,20009,1,1,1,0,1,1,1,0,0,0,0,0,0,0,5900,1,55.413514985681566,33.363510898043955,2237.431825451829,1.545976919349219,88.63125000000001,87.87333333333333,87.87333333333333,81.81,86.00769230769231,87.00714285714287,88.63125000000001,88.63125000000001,83.46363636363637,81.81,63.62000000000001,90.905,84.84166666666667,77.2625,84.84166666666667
198,car,honda,amaze,diesel,2016,mumbai,20000,24509,1,1,1,0,1,1,1,0,0,0,0,0,0,0,6100,1,55.413514985681566,33.363510898043955,2237.431825451829,1.545976919349219,86.07443181818182,85.1460606060606,85.1460606060606,77.71909090909091,82.86083916083916,84.08506493506493,86.07443181818182,86.07443181818182,79.74462809917355,77.71909090909091,55.43818181818183,88.85954545454545,81.43257575757575,72.14886363636364,81.43257575757575
199,car,honda,amaze,diesel,2016,mumbai,20000,15559,1,1,1,0,1,1,1,0,0,0,0,0,0,0,8750,1,55.413514985681566,33.363510898043955,2237.431825451829,1.545976919349219,91.1596590909091,90.57030303030304,90.57030303030304,85.85545454545455,89.11958041958043,89.89675324675325,91.1596590909091,91.1596590909091,87.14132231404959,85.85545454545455,71.7109090909091,92.92772727272728,88.2128787878788,82.31931818181818,88.2128787878788
200,car,honda,amaze,diesel,2016,mumbai,20000,19000,1,1,1,0,1,1,1,0,0,0,0,0,0,0,8800,1,55.413514985681566,33.363510898043955,2237.431825451829,1.545976919349219,89.20454545454545,88.48484848484848,88.48484848484848,82.72727272727273,86.7132867132867,87.66233766233766,89.20454545454545,89.20454545454545,84.29752066115704,82.72727272727273,65.45454545454545,91.36363636363637,85.60606060606061,78.4090909090909,85.60606060606061
201,car,honda,amaze,diesel,2016,mumbai,20000,24500,1,1,1,0,1,1,1,0,0,0,0,0,0,0,7890,1,55.413514985681566,33.363510898043955,2237.431825451829,1.545976919349219,86.07954545454545,85.15151515151516,85.15151515151516,77.72727272727273,82.86713286713287,84.0909090909091,86.07954545454545,86.07954545454545,79.75206611570248,77.72727272727273,55.45454545454547,88.86363636363637,81.43939393939394,72.15909090909092,81.43939393939394
202,car,honda,amaze,diesel,2016,mumbai,20000,21000,1,1,1,0,1,1,1,0,0,0,0,0,0,0,9800,1,55.413514985681566,33.363510898043955,2237.431825451829,1.545976919349219,88.06818181818181,87.27272727272728,87.27272727272728,80.9090909090909,85.3146853146853,86.36363636363636,88.06818181818181,88.06818181818181,82.64462809917356,80.9090909090909,61.81818181818181,90.45454545454545,84.0909090909091,76.13636363636364,84.0909090909091
203,car,honda,amaze,diesel,2016,mumbai,30000,30002,1,1,1,0,0,0,0,0,0,1,0,0,0,0,7000,1,55.413514985681566,33.363510898043955,2237.431825451829,1.545976919349219,82.95340909090909,81.8169696969697,81.8169696969697,72.72545454545455,79.01958041958042,80.51818181818182,82.95340909090909,82.95340909090909,75.20495867768595,72.72545454545455,45.4509090909091,86.36272727272727,77.27121212121212,65.90681818181818,77.27121212121212
204,car,honda,amaze,diesel,2016,mumbai,30000,30102,1,1,1,0,0,0,0,0,0,1,0,0,0,0,7250,1,55.413514985681566,33.363510898043955,2237.431825451829,1.545976919349219,82.8965909090909,81.75636363636364,81.75636363636364,72.63454545454546,78.94965034965034,80.45324675324676,82.8965909090909,82.8965909090909,75.12231404958678,72.63454545454546,45.26909090909091,86.31727272727274,77.19545454545454,65.79318181818181,77.19545454545454
205,car,honda,amaze,diesel,2016,mumbai,30000,34543,1,1,1,0,0,0,0,0,0,1,0,0,0,0,7100,1,55.413514985681566,33.363510898043955,2237.431825451829,1.545976919349219,80.37329545454546,79.06484848484848,79.06484848484848,68.59727272727272,75.84405594405594,77.56948051948052,80.37329545454546,80.37329545454546,71.45206611570248,68.59727272727272,37.194545454545455,84.29863636363638,73.8310606060606,60.74659090909091,73.8310606060606
206,car,honda,amaze,diesel,2016,mumbai,30000,31289,1,1,1,0,0,0,0,0,0,1,0,0,0,0,7000,1,55.413514985681566,33.363510898043955,2237.431825451829,1.545976919349219,82.22215909090909,81.03696969696969,81.03696969696969,71.55545454545455,78.11958041958043,79.68246753246753,82.22215909090909,82.22215909090909,74.1413223140496,71.55545454545455,43.1109090909091,85.77772727272728,76.29621212121211,64.44431818181819,76.29621212121211
207,car,honda,amaze,diesel,2016,mumbai,30000,33298,1,1,1,0,0,0,0,0,0,1,0,0,0,0,7150,1,55.413514985681566,33.363510898043955,2237.431825451829,1.545976919349219,81.08068181818182,79.81939393939395,79.81939393939395,69.72909090909091,76.71468531468531,78.37792207792208,81.08068181818182,81.08068181818182,72.48099173553719,69.72909090909091,39.45818181818183,84.86454545454546,74.77424242424242,62.161363636363646,74.77424242424242
208,car,honda,amaze,diesel,2016,mumbai,30000,32987,1,1,1,0,0,0,0,0,0,1,0,0,0,0,7200,1,55.413514985681566,33.363510898043955,2237.431825451829,1.545976919349219,81.25738636363636,80.00787878787878,80.00787878787878,70.01181818181819,76.93216783216783,78.57987012987013,81.25738636363636,81.25738636363636,72.73801652892561,70.01181818181819,40.02363636363637,85.0059090909091,75.00984848484849,62.51477272727273,75.00984848484849
209,car,honda,amaze,diesel,2016,mumbai,30000,30007,1,1,1,0,0,0,0,0,0,1,0,0,0,0,7000,1,55.413514985681566,33.363510898043955,2237.431825451829,1.545976919349219,82.95056818181818,81.81393939393939,81.81393939393939,72.72090909090909,79.01608391608391,80.51493506493507,82.95056818181818,82.95056818181818,75.20082644628098,72.72090909090909,45.44181818181819,86.36045454545454,77.26742424242424,65.90113636363637,77.26742424242424
210,car,honda,amaze,diesel,2016,mumbai,30000,29998,1,1,1,0,0,0,0,0,0,1,0,0,0,0,7120,1,55.413514985681566,33.363510898043955,2237.431825451829,1.545976919349219,82.95568181818182,81.81939393939393,81.81939393939393,72.72909090909093,79.02237762237763,80.52077922077923,82.95568181818182,82.95568181818182,75.20826446280992,72.72909090909093,45.45818181818183,86.36454545454546,77.27424242424242,65.91136363636363,77.27424242424242
211,car,honda,amaze,diesel,2016,mumbai,30000,31980,1,1,1,0,0,0,0,0,0,1,0,0,0,0,6900,1,55.413514985681566,33.363510898043955,2237.431825451829,1.545976919349219,81.82954545454547,80.61818181818182,80.61818181818182,70.92727272727272,77.63636363636364,79.23376623376623,81.82954545454547,81.82954545454547,73.5702479338843,70.92727272727272,41.854545454545466,85.46363636363637,75.77272727272727,63.65909090909091,75.77272727272727
212,car,honda,amaze,diesel,2016,mumbai,30000,30009,1,1,1,0,0,0,0,0,0,1,0,0,0,0,7300,1,55.413514985681566,33.363510898043955,2237.431825451829,1.545976919349219,82.94943181818182,81.81272727272727,81.81272727272727,72.71909090909091,79.01468531468532,80.51363636363637,82.94943181818182,82.94943181818182,75.199173553719,72.71909090909091,45.438181818181825,86.35954545454545,77.26590909090909,65.89886363636364,77.26590909090909
213,car,honda,amaze,diesel,2016,mumbai,30000,34543,1,1,1,0,0,0,0,0,0,1,0,0,0,0,7250,1,55.413514985681566,33.363510898043955,2237.431825451829,1.545976919349219,80.37329545454546,79.06484848484848,79.06484848484848,68.59727272727272,75.84405594405594,77.56948051948052,80.37329545454546,80.37329545454546,71.45206611570248,68.59727272727272,37.194545454545455,84.29863636363638,73.8310606060606,60.74659090909091,73.8310606060606
214,car,honda,amaze,diesel,2016,mumbai,30000,34543,1,1,1,0,0,0,0,0,0,1,0,0,0,0,7000,1,55.413514985681566,33.363510898043955,2237.431825451829,1.545976919349219,80.37329545454546,79.06484848484848,79.06484848484848,68.59727272727272,75.84405594405594,77.56948051948052,80.37329545454546,80.37329545454546,71.45206611570248,68.59727272727272,37.194545454545455,84.29863636363638,73.8310606060606,60.74659090909091,73.8310606060606
215,car,honda,amaze,diesel,2016,mumbai,30000,28987,1,1,1,0,0,0,0,0,0,1,0,0,0,0,7100,1,55.413514985681566,33.363510898043955,2237.431825451829,1.545976919349219,83.53011363636364,82.43212121212122,82.43212121212122,73.64818181818183,79.72937062937064,81.17727272727274,83.53011363636364,83.53011363636364,76.04380165289257,73.64818181818183,47.29636363636365,86.82409090909091,78.0401515151515,67.06022727272727,78.0401515151515
216,car,honda,amaze,diesel,2016,mumbai,30000,31654,1,1,1,0,0,0,0,0,0,1,0,0,0,0,8300,1,55.413514985681566,33.363510898043955,2237.431825451829,1.545976919349219,82.01477272727273,80.81575757575757,80.81575757575757,71.22363636363637,77.86433566433566,79.44545454545454,82.01477272727273,82.01477272727273,73.83966942148761,71.22363636363637,42.44727272727273,85.61181818181818,76.01969696969697,64.02954545454546,76.01969696969697
217,car,honda,amaze,diesel,2016,mumbai,30000,31098,1,1,1,0,0,0,0,0,0,1,0,0,0,0,8250,1,55.413514985681566,33.363510898043955,2237.431825451829,1.545976919349219,82.33068181818182,81.15272727272728,81.15272727272728,71.72909090909091,78.25314685314686,79.80649350649351,82.33068181818182,82.33068181818182,74.29917355371902,71.72909090909091,43.45818181818183,85.86454545454546,76.44090909090909,64.66136363636363,76.44090909090909
218,car,honda,amaze,diesel,2016,mumbai,30000,26789,1,1,1,0,0,0,0,0,0,1,0,0,0,0,8400,1,55.413514985681566,33.363510898043955,2237.431825451829,1.545976919349219,84.77897727272727,83.76424242424243,83.76424242424243,75.64636363636363,81.26643356643358,82.60454545454546,84.77897727272727,84.77897727272727,77.8603305785124,75.64636363636363,51.29272727272728,87.82318181818182,79.70530303030303,69.55795454545455,79.70530303030303
219,car,honda,amaze,diesel,2016,mumbai,30000,32456,1,1,1,0,0,0,0,0,0,1,0,0,0,0,8150,1,55.413514985681566,33.363510898043955,2237.431825451829,1.545976919349219,81.5590909090909,80.32969696969697,80.32969696969697,70.49454545454546,77.3034965034965,78.92467532467533,81.5590909090909,81.5590909090909,73.17685950413224,70.49454545454546,40.98909090909092,85.24727272727273,75.4121212121212,63.11818181818182,75.4121212121212
220,car,honda,amaze,diesel,2016,mumbai,30000,27865,1,1,1,0,0,0,0,0,0,1,0,0,0,0,10000,1,55.413514985681566,33.363510898043955,2237.431825451829,1.545976919349219,84.16761363636364,83.11212121212121,83.11212121212121,74.66818181818182,80.51398601398601,81.90584415584415,84.16761363636364,84.16761363636364,76.97107438016529,74.66818181818182,49.33636363636364,87.33409090909092,78.89015151515152,68.33522727272727,78.89015151515152
221,car,honda,amaze,diesel,2016,mumbai,30000,29876,1,1,1,0,0,0,0,0,0,1,0,0,0,0,9500,1,55.413514985681566,33.363510898043955,2237.431825451829,1.545976919349219,83.02499999999999,81.89333333333333,81.89333333333333,72.84,79.1076923076923,80.60000000000001,83.02499999999999,83.02499999999999,75.30909090909091,72.84,45.68000000000001,86.42,77.36666666666667,66.05,77.36666666666667
222,car,honda,amaze,diesel,2016,mumbai,30000,31245,1,1,1,0,0,0,0,0,0,1,0,0,0,0,9870,1,55.413514985681566,33.363510898043955,2237.431825451829,1.545976919349219,82.2471590909091,81.06363636363636,81.06363636363636,71.59545454545454,78.15034965034965,79.71103896103897,82.2471590909091,82.2471590909091,74.17768595041323,71.59545454545454,43.1909090909091,85.79772727272727,76.32954545454545,64.49431818181819,76.32954545454545
223,car,honda,amaze,diesel,2016,mumbai,30000,33233,1,1,1,0,0,0,0,0,0,1,0,0,0,0,9100,1,55.413514985681566,33.363510898043955,2237.431825451829,1.545976919349219,81.11761363636364,79.85878787878788,79.85878787878788,69.78818181818183,76.76013986013986,78.42012987012987,81.11761363636364,81.11761363636364,72.53471074380165,69.78818181818183,39.576363636363645,84.89409090909092,74.82348484848484,62.23522727272728,74.82348484848484
224,car,honda,amaze,diesel,2016,mumbai,40000,40100,1,1,1,0,0,1,1,0,0,0,0,1,1,0,6000,1,55.413514985681566,33.363510898043955,2237.431825451829,1.545976919349219,77.2159090909091,75.6969696969697,75.6969696969697,63.54545454545455,71.95804195804196,73.96103896103897,77.2159090909091,77.2159090909091,66.85950413223141,63.54545454545455,27.0909090909091,81.77272727272728,69.62121212121212,54.43181818181818,69.62121212121212
225,car,honda,amaze,diesel,2016,mumbai,40000,43221,1,1,1,0,0,1,1,0,0,0,0,1,1,0,6950,1,55.413514985681566,33.363510898043955,2237.431825451829,1.545976919349219,75.44261363636365,73.80545454545455,73.80545454545455,60.70818181818183,69.77552447552448,71.93441558441558,75.44261363636365,75.44261363636365,64.2801652892562,60.70818181818183,21.416363636363645,80.35409090909091,67.25681818181819,50.88522727272727,67.25681818181819
226,car,honda,amaze,diesel,2016,mumbai,40000,41098,1,1,1,0,0,1,1,0,0,0,0,1,1,0,6250,1,55.413514985681566,33.363510898043955,2237.431825451829,1.545976919349219,76.64886363636364,75.09212121212121,75.09212121212121,62.63818181818181,71.26013986013986,73.31298701298701,76.64886363636364,76.64886363636364,66.03471074380165,62.63818181818181,25.27636363636364,81.3190909090909,68.86515151515151,53.29772727272728,68.86515151515151
227,car,honda,amaze,diesel,2016,mumbai,40000,42222,1,1,1,0,0,1,1,0,0,0,0,1,1,0,6000,1,55.413514985681566,33.363510898043955,2237.431825451829,1.545976919349219,76.01022727272728,74.41090909090909,74.41090909090909,61.616363636363644,70.47412587412587,72.58311688311689,76.01022727272728,76.01022727272728,65.10578512396694,61.616363636363644,23.23272727272728,80.80818181818182,68.01363636363637,52.02045454545454,68.01363636363637
228,car,honda,amaze,diesel,2016,mumbai,40000,43766,1,1,1,0,0,1,1,0,0,0,0,1,1,0,6100,1,55.413514985681566,33.363510898043955,2237.431825451829,1.545976919349219,75.13295454545454,73.47515151515151,73.47515151515151,60.212727272727285,69.3944055944056,71.58051948051948,75.13295454545454,75.13295454545454,63.82975206611571,60.212727272727285,20.425454545454556,80.10636363636364,66.8439393939394,50.26590909090909,66.8439393939394
229,car,honda,amaze,diesel,2016,mumbai,40000,41787,1,1,1,0,0,1,1,0,0,0,0,1,1,0,6200,1,55.413514985681566,33.363510898043955,2237.431825451829,1.545976919349219,76.25738636363637,74.67454545454547,74.67454545454547,62.01181818181818,70.77832167832167,72.86558441558442,76.25738636363637,76.25738636363637,65.46528925619835,62.01181818181818,24.02363636363637,81.00590909090909,68.34318181818182,52.51477272727273,68.34318181818182
230,car,honda,amaze,diesel,2016,mumbai,40000,42234,1,1,1,0,0,1,1,0,0,0,0,1,1,0,6150,1,55.413514985681566,33.363510898043955,2237.431825451829,1.545976919349219,76.00340909090909,74.40363636363637,74.40363636363637,61.60545454545455,70.46573426573426,72.57532467532468,76.00340909090909,76.00340909090909,65.09586776859504,61.60545454545455,23.210909090909105,80.80272727272728,68.00454545454546,52.00681818181818,68.00454545454546
231,car,honda,amaze,diesel,2016,mumbai,40000,42656,1,1,1,0,0,1,1,0,0,0,0,1,1,0,6100,1,55.413514985681566,33.363510898043955,2237.431825451829,1.545976919349219,75.76363636363637,74.14787878787878,74.14787878787878,61.221818181818186,70.17062937062937,72.3012987012987,75.76363636363637,75.76363636363637,64.74710743801653,61.221818181818186,22.443636363636376,80.61090909090909,67.68484848484849,51.52727272727273,67.68484848484849
232,car,honda,amaze,diesel,2016,mumbai,40000,43298,1,1,1,0,0,1,1,0,0,0,0,1,1,0,5900,1,55.413514985681566,33.363510898043955,2237.431825451829,1.545976919349219,75.39886363636363,73.75878787878789,73.75878787878789,60.63818181818183,69.72167832167833,71.88441558441558,75.39886363636363,75.39886363636363,64.21652892561984,60.63818181818183,21.276363636363648,80.3190909090909,67.19848484848485,50.797727272727265,67.19848484848485
233,car,honda,amaze,diesel,2016,mumbai,40000,42787,1,1,1,0,0,1,1,0,0,0,0,1,1,0,6000,1,55.413514985681566,33.363510898043955,2237.431825451829,1.545976919349219,75.68920454545454,74.06848484848484,74.06848484848484,61.10272727272728,70.07902097902098,72.21623376623376,75.68920454545454,75.68920454545454,64.63884297520661,61.10272727272728,22.20545454545455,80.55136363636363,67.58560606060607,51.378409090909095,67.58560606060607
234,car,honda,amaze,diesel,2016,mumbai,40000,40093,1,1,1,0,0,1,1,0,0,0,0,1,1,0,6250,1,55.413514985681566,33.363510898043955,2237.431825451829,1.545976919349219,77.21988636363636,75.70121212121212,75.70121212121212,63.551818181818184,71.96293706293706,73.96558441558442,77.21988636363636,77.21988636363636,66.86528925619835,63.551818181818184,27.103636363636376,81.7759090909091,69.62651515151515,54.439772727272725,69.62651515151515
235,car,honda,amaze,diesel,2016,mumbai,40000,41980,1,1,1,0,0,1,1,0,0,0,0,1,1,0,6000,1,55.413514985681566,33.363510898043955,2237.431825451829,1.545976919349219,76.14772727272727,74.55757575757576,74.55757575757576,61.83636363636364,70.64335664335664,72.74025974025975,76.14772727272727,76.14772727272727,65.30578512396694,61.83636363636364,23.67272727272728,80.91818181818182,68.19696969696969,52.29545454545455,68.19696969696969
236,car,honda,amaze,diesel,2016,mumbai,40000,40105,1,1,1,0,0,1,1,0,0,0,0,1,1,0,6100,1,55.413514985681566,33.363510898043955,2237.431825451829,1.545976919349219,77.21306818181817,75.69393939393939,75.69393939393939,63.5409090909091,71.95454545454545,73.95779220779221,77.21306818181817,77.21306818181817,66.85537190082644,63.5409090909091,27.081818181818196,81.77045454545456,69.61742424242424,54.42613636363636,69.61742424242424
237,car,honda,amaze,diesel,2016,mumbai,40000,43000,1,1,1,0,0,1,1,0,0,0,0,1,1,0,7300,1,55.413514985681566,33.363510898043955,2237.431825451829,1.545976919349219,75.56818181818181,73.93939393939394,73.93939393939394,60.909090909090914,69.93006993006993,72.07792207792207,75.56818181818181,75.56818181818181,64.46280991735537,60.909090909090914,21.818181818181827,80.45454545454545,67.42424242424244,51.13636363636363,67.42424242424244
238,car,honda,amaze,diesel,2016,mumbai,40000,38789,1,1,1,0,0,1,1,0,0,0,0,1,1,0,7250,1,55.413514985681566,33.363510898043955,2237.431825451829,1.545976919349219,77.96079545454545,76.49151515151516,76.49151515151516,64.73727272727274,72.87482517482518,74.81233766233765,77.96079545454545,77.96079545454545,67.94297520661156,64.73727272727274,29.474545454545463,82.36863636363636,70.61439393939393,55.9215909090909,70.61439393939393
239,car,honda,amaze,diesel,2016,mumbai,40000,44004,1,1,1,0,0,1,1,0,0,0,0,1,1,0,7100,1,55.413514985681566,33.363510898043955,2237.431825451829,1.545976919349219,74.99772727272726,73.33090909090909,73.33090909090909,59.99636363636365,69.22797202797203,71.42597402597403,74.99772727272726,74.99772727272726,63.63305785123967,59.99636363636365,19.992727272727283,79.99818181818182,66.66363636363637,49.99545454545454,66.66363636363637
240,car,honda,amaze,diesel,2016,mumbai,40000,43898,1,1,1,0,0,1,1,0,0,0,0,1,1,0,7450,1,55.413514985681566,33.363510898043955,2237.431825451829,1.545976919349219,75.05795454545454,73.39515151515151,73.39515151515151,60.092727272727274,69.3020979020979,71.4948051948052,75.05795454545454,75.05795454545454,63.72066115702479,60.092727272727274,20.18545454545455,80.04636363636364,66.74393939393939,50.115909090909085,66.74393939393939
241,car,honda,amaze,diesel,2016,mumbai,40000,41098,1,1,1,0,0,1,1,0,0,0,0,1,1,0,9500,1,55.413514985681566,33.363510898043955,2237.431825451829,1.545976919349219,76.64886363636364,75.09212121212121,75.09212121212121,62.63818181818181,71.26013986013986,73.31298701298701,76.64886363636364,76.64886363636364,66.03471074380165,62.63818181818181,25.27636363636364,81.3190909090909,68.86515151515151,53.29772727272728,68.86515151515151
242,car,honda,amaze,diesel,2016,mumbai,40000,42000,1,1,1,0,0,1,1,0,0,0,0,1,1,0,8500,1,55.413514985681566,33.363510898043955,2237.431825451829,1.545976919349219,76.13636363636364,74.54545454545455,74.54545454545455,61.81818181818181,70.62937062937063,72.72727272727273,76.13636363636364,76.13636363636364,65.28925619834712,61.81818181818181,23.636363636363644,80.9090909090909,68.18181818181819,52.27272727272727,68.18181818181819
243,car,honda,amaze,diesel,2016,mumbai,40000,39450,1,1,1,0,0,1,1,0,0,0,0,1,1,0,8250,1,55.413514985681566,33.363510898043955,2237.431825451829,1.545976919349219,77.58522727272728,76.0909090909091,76.0909090909091,64.13636363636364,72.41258741258741,74.38311688311688,77.58522727272728,77.58522727272728,67.39669421487604,64.13636363636364,28.272727272727284,82.06818181818181,70.11363636363637,55.17045454545455,70.11363636363637
244,car,honda,amaze,diesel,2016,mumbai,40000,40105,1,1,1,0,0,1,1,0,0,0,0,1,1,0,8300,1,55.413514985681566,33.363510898043955,2237.431825451829,1.545976919349219,77.21306818181817,75.69393939393939,75.69393939393939,63.5409090909091,71.95454545454545,73.95779220779221,77.21306818181817,77.21306818181817,66.85537190082644,63.5409090909091,27.081818181818196,81.77045454545456,69.61742424242424,54.42613636363636,69.61742424242424
245,car,honda,amaze,diesel,2016,mumbai,50000,50005,1,1,1,0,1,0,0,0,0,1,0,0,0,0,6950,1,55.413514985681566,33.363510898043955,2237.431825451829,1.545976919349219,71.58806818181817,69.6939393939394,69.6939393939394,54.540909090909096,65.03146853146853,67.52922077922078,71.58806818181817,71.58806818181817,58.67355371900827,54.540909090909096,9.081818181818191,77.27045454545454,62.117424242424235,43.17613636363637,62.117424242424235
246,car,honda,amaze,diesel,2016,mumbai,50000,50100,1,1,1,0,1,0,0,0,0,1,0,0,0,0,6950,1,55.413514985681566,33.363510898043955,2237.431825451829,1.545976919349219,71.5340909090909,69.63636363636363,69.63636363636363,54.45454545454547,64.96503496503496,67.46753246753246,71.5340909090909,71.5340909090909,58.59504132231406,54.45454545454547,8.909090909090922,77.22727272727273,62.04545454545455,43.06818181818181,62.04545454545455
247,car,honda,amaze,diesel,2016,mumbai,50000,51050,1,1,1,0,1,0,0,0,0,1,0,0,0,0,7200,1,55.413514985681566,33.363510898043955,2237.431825451829,1.545976919349219,70.99431818181819,69.06060606060606,69.06060606060606,53.590909090909086,64.3006993006993,66.85064935064935,70.99431818181819,70.99431818181819,57.80991735537191,53.590909090909086,7.181818181818189,76.79545454545455,61.32575757575758,41.98863636363637,61.32575757575758
248,car,honda,amaze,diesel,2016,mumbai,50000,52000,1,1,1,0,1,0,0,0,0,1,0,0,0,0,6900,1,55.413514985681566,33.363510898043955,2237.431825451829,1.545976919349219,70.45454545454545,68.48484848484848,68.48484848484848,52.727272727272734,63.63636363636363,66.23376623376623,70.45454545454545,70.45454545454545,57.024793388429764,52.727272727272734,5.4545454545454675,76.36363636363637,60.60606060606061,40.90909090909091,60.60606060606061
249,car,honda,amaze,diesel,2016,mumbai,50000,49850,1,1,1,0,1,0,0,0,0,1,0,0,0,0,7000,1,55.413514985681566,33.363510898043955,2237.431825451829,1.545976919349219,71.67613636363637,69.78787878787878,69.78787878787878,54.68181818181819,65.13986013986013,67.62987012987013,71.67613636363637,71.67613636363637,58.80165289256198,54.68181818181819,9.363636363636374,77.3409090909091,62.234848484848484,43.35227272727272,62.234848484848484
250,car,honda,amaze,diesel,2016,mumbai,50000,52500,1,1,1,0,1,0,0,0,0,1,0,0,0,0,7030,1,55.413514985681566,33.363510898043955,2237.431825451829,1.545976919349219,70.17045454545455,68.18181818181819,68.18181818181819,52.27272727272728,63.286713286713294,65.90909090909092,70.17045454545455,70.17045454545455,56.611570247933884,52.27272727272728,4.545454545454564,76.13636363636364,60.22727272727273,40.34090909090909,60.22727272727273
251,car,honda,amaze,diesel,2016,mumbai,50000,47500,1,1,1,0,1,0,0,0,0,1,0,0,0,0,6930,1,55.413514985681566,33.363510898043955,2237.431825451829,1.545976919349219,73.01136363636364,71.21212121212122,71.21212121212122,56.81818181818182,66.78321678321679,69.15584415584415,73.01136363636364,73.01136363636364,60.74380165289257,56.81818181818182,13.636363636363647,78.40909090909092,64.01515151515152,46.02272727272727,64.01515151515152
252,car,honda,amaze,diesel,2016,mumbai,50000,51250,1,1,1,0,1,0,0,0,0,1,0,0,0,0,6900,1,55.413514985681566,33.363510898043955,2237.431825451829,1.545976919349219,70.88068181818181,68.93939393939394,68.93939393939394,53.40909090909092,64.16083916083917,66.7207792207792,70.88068181818181,70.88068181818181,57.644628099173566,53.40909090909092,6.818181818181834,76.70454545454545,61.17424242424243,41.76136363636363,61.17424242424243
253,car,honda,amaze,diesel,2016,mumbai,50000,50090,1,1,1,0,1,0,0,0,0,1,0,0,0,0,6750,1,55.413514985681566,33.363510898043955,2237.431825451829,1.545976919349219,71.53977272727272,69.64242424242424,69.64242424242424,54.46363636363637,64.97202797202797,67.47402597402598,71.53977272727272,71.53977272727272,58.60330578512397,54.46363636363637,8.92727272727274,77.23181818181818,62.05303030303031,43.07954545454545,62.05303030303031
254,car,honda,amaze,diesel,2016,mumbai,50000,52100,1,1,1,0,1,0,0,0,0,1,0,0,0,0,6800,1,55.413514985681566,33.363510898043955,2237.431825451829,1.545976919349219,70.39772727272727,68.42424242424244,68.42424242424244,52.63636363636364,63.56643356643357,66.16883116883116,70.39772727272727,70.39772727272727,56.94214876033059,52.63636363636364,5.272727272727284,76.31818181818181,60.530303030303024,40.79545454545455,60.530303030303024
255,car,honda,amaze,diesel,2016,mumbai,50000,51023,1,1,1,0,1,0,0,0,0,1,0,0,0,0,7150,1,55.413514985681566,33.363510898043955,2237.431825451829,1.545976919349219,71.00965909090908,69.0769696969697,69.0769696969697,53.615454545454554,64.31958041958042,66.86818181818181,71.00965909090908,71.00965909090908,57.83223140495868,53.615454545454554,7.230909090909099,76.80772727272728,61.34621212121212,42.01931818181818,61.34621212121212
256,car,honda,amaze,diesel,2016,mumbai,50000,53909,1,1,1,0,1,0,0,0,0,1,0,0,0,0,7100,1,55.413514985681566,33.363510898043955,2237.431825451829,1.545976919349219,69.36988636363637,67.32787878787877,67.32787878787877,50.991818181818196,62.3013986013986,64.99415584415584,69.36988636363637,69.36988636363637,55.44710743801653,50.991818181818196,1.9836363636363763,75.4959090909091,59.15984848484849,38.73977272727272,59.15984848484849
257,car,honda,amaze,diesel,2016,mumbai,50000,54098,1,1,1,0,1,0,0,0,0,1,0,0,0,0,6950,1,55.413514985681566,33.363510898043955,2237.431825451829,1.545976919349219,69.2625,67.21333333333334,67.21333333333334,50.82,62.16923076923078,64.87142857142857,69.2625,69.2625,55.2909090909091,50.82,1.6400000000000081,75.41,59.01666666666667,38.525,59.01666666666667
258,car,honda,amaze,diesel,2016,mumbai,50000,52345,1,1,1,0,1,0,0,0,0,1,0,0,0,0,8050,1,55.413514985681566,33.363510898043955,2237.431825451829,1.545976919349219,70.25852272727273,68.27575757575758,68.27575757575758,52.413636363636364,63.39510489510489,66.00974025974025,70.25852272727273,70.25852272727273,56.739669421487605,52.413636363636364,4.827272727272735,76.20681818181818,60.344696969696976,40.51704545454545,60.344696969696976
259,car,honda,amaze,diesel,2016,mumbai,50000,51098,1,1,1,0,1,0,0,0,0,1,0,0,0,0,8100,1,55.413514985681566,33.363510898043955,2237.431825451829,1.545976919349219,70.96704545454546,69.03151515151515,69.03151515151515,53.547272727272734,64.26713286713286,66.81948051948052,70.96704545454546,70.96704545454546,57.7702479338843,53.547272727272734,7.0945454545454645,76.77363636363637,61.289393939393946,41.934090909090905,61.289393939393946
260,car,honda,amaze,diesel,2016,mumbai,50000,52342,1,1,1,0,1,0,0,0,0,1,0,0,0,0,8200,1,55.413514985681566,33.363510898043955,2237.431825451829,1.545976919349219,70.26022727272728,68.27757575757576,68.27757575757576,52.41636363636364,63.3972027972028,66.01168831168832,70.26022727272728,70.26022727272728,56.74214876033059,52.41636363636364,4.832727272727288,76.20818181818181,60.3469696969697,40.52045454545454,60.3469696969697
261,car,honda,amaze,diesel,2016,mumbai,50000,51098,1,1,1,0,1,0,0,0,0,1,0,0,0,0,8000,1,55.413514985681566,33.363510898043955,2237.431825451829,1.545976919349219,70.96704545454546,69.03151515151515,69.03151515151515,53.547272727272734,64.26713286713286,66.81948051948052,70.96704545454546,70.96704545454546,57.7702479338843,53.547272727272734,7.0945454545454645,76.77363636363637,61.289393939393946,41.934090909090905,61.289393939393946
262,car,honda,amaze,diesel,2016,mumbai,50000,51231,1,1,1,0,1,0,0,0,0,1,0,0,0,0,9250,1,55.413514985681566,33.363510898043955,2237.431825451829,1.545976919349219,70.89147727272727,68.95090909090908,68.95090909090908,53.42636363636364,64.17412587412588,66.73311688311688,70.89147727272727,70.89147727272727,57.66033057851241,53.42636363636364,6.852727272727288,76.71318181818182,61.18863636363636,41.782954545454544,61.18863636363636
263,car,honda,amaze,diesel,2016,mumbai,50000,50987,1,1,1,0,1,0,0,0,0,1,0,0,0,0,8900,1,55.413514985681566,33.363510898043955,2237.431825451829,1.545976919349219,71.03011363636364,69.09878787878787,69.09878787878787,53.648181818181826,64.34475524475525,66.89155844155844,71.03011363636364,71.03011363636364,57.86198347107438,53.648181818181826,7.296363636363646,76.82409090909091,61.37348484848485,42.06022727272727,61.37348484848485
264,car,honda,amaze,diesel,2016,mumbai,50000,49878,1,1,1,0,0,0,0,0,0,1,0,0,0,0,9250,1,55.413514985681566,33.363510898043955,2237.431825451829,1.545976919349219,71.66022727272727,69.77090909090909,69.77090909090909,54.656363636363636,65.12027972027971,67.61168831168831,71.66022727272727,71.66022727272727,58.778512396694225,54.656363636363636,9.312727272727283,77.32818181818182,62.21363636363637,43.320454545454545,62.21363636363637
265,car,honda,amaze,diesel,2016,mumbai,50000,50100,1,1,1,0,0,0,0,0,0,1,0,0,0,0,9000,1,55.413514985681566,33.363510898043955,2237.431825451829,1.545976919349219,71.5340909090909,69.63636363636363,69.63636363636363,54.45454545454547,64.96503496503496,67.46753246753246,71.5340909090909,71.5340909090909,58.59504132231406,54.45454545454547,8.909090909090922,77.22727272727273,62.04545454545455,43.06818181818181,62.04545454545455
266,car,honda,amaze,diesel,2016,mumbai,60000,61580,1,1,1,0,0,1,1,0,1,0,1,0,0,0,7400,1,55.413514985681566,33.363510898043955,2237.431825451829,1.545976919349219,65.01136363636364,62.67878787878788,62.67878787878788,44.01818181818182,56.93706293706293,60.012987012987004,65.01136363636364,65.01136363636364,49.10743801652894,44.01818181818182,0.0,72.00909090909092,53.348484848484844,30.022727272727266,53.348484848484844
267,car,honda,amaze,diesel,2016,mumbai,60000,60765,1,1,1,0,0,1,1,0,1,0,1,0,0,0,7250,1,55.413514985681566,33.363510898043955,2237.431825451829,1.545976919349219,65.47443181818183,63.17272727272727,63.17272727272727,44.759090909090915,57.506993006993,60.54220779220779,65.47443181818183,65.47443181818183,49.78099173553719,44.759090909090915,0.0,72.37954545454545,53.96590909090909,30.948863636363633,53.96590909090909
268,car,honda,amaze,diesel,2016,mumbai,60000,60272,1,1,1,0,0,1,1,0,1,0,1,0,0,0,7350,1,55.413514985681566,33.363510898043955,2237.431825451829,1.545976919349219,65.75454545454545,63.47151515151515,63.47151515151515,45.20727272727273,57.85174825174826,60.862337662337666,65.75454545454545,65.75454545454545,50.18842975206612,45.20727272727273,0.0,72.60363636363635,54.33939393939393,31.509090909090908,54.33939393939393
269,car,honda,amaze,diesel,2016,mumbai,60000,60347,1,1,1,0,0,1,1,0,1,0,1,0,0,0,7300,1,55.413514985681566,33.363510898043955,2237.431825451829,1.545976919349219,65.71193181818182,63.42606060606061,63.42606060606061,45.13909090909092,57.7993006993007,60.81363636363637,65.71193181818182,65.71193181818182,50.12644628099174,45.13909090909092,0.0,72.56954545454546,54.282575757575756,31.423863636363635,54.282575757575756
270,car,honda,amaze,diesel,2016,mumbai,60000,60322,1,1,1,0,0,1,1,0,1,0,1,0,0,0,7450,1,55.413514985681566,33.363510898043955,2237.431825451829,1.545976919349219,65.72613636363636,63.44121212121212,63.44121212121212,45.16181818181819,57.81678321678322,60.82987012987013,65.72613636363636,65.72613636363636,50.14710743801653,45.16181818181819,0.0,72.5809090909091,54.301515151515154,31.452272727272724,54.301515151515154
271,car,honda,amaze,diesel,2016,mumbai,60000,60347,1,1,1,0,0,1,1,0,1,0,1,0,0,0,7600,1,55.413514985681566,33.363510898043955,2237.431825451829,1.545976919349219,65.71193181818182,63.42606060606061,63.42606060606061,45.13909090909092,57.7993006993007,60.81363636363637,65.71193181818182,65.71193181818182,50.12644628099174,45.13909090909092,0.0,72.56954545454546,54.282575757575756,31.423863636363635,54.282575757575756
272,car,honda,amaze,diesel,2016,mumbai,60000,60473,1,1,1,0,0,1,1,0,1,0,1,0,0,0,7500,1,55.413514985681566,33.363510898043955,2237.431825451829,1.545976919349219,65.64034090909091,63.349696969696964,63.349696969696964,45.02454545454546,57.71118881118882,60.731818181818184,65.64034090909091,65.64034090909091,50.02231404958678,45.02454545454546,0.0,72.51227272727273,54.18712121212121,31.280681818181822,54.18712121212121
273,car,honda,amaze,diesel,2016,mumbai,60000,61009,1,1,1,0,0,1,1,0,1,0,1,0,0,0,7290,1,55.413514985681566,33.363510898043955,2237.431825451829,1.545976919349219,65.33579545454545,63.024848484848484,63.024848484848484,44.537272727272736,57.33636363636363,60.38376623376623,65.33579545454545,65.33579545454545,49.57933884297522,44.537272727272736,0.0,72.26863636363636,53.781060606060606,30.671590909090906,53.781060606060606
274,car,honda,amaze,diesel,2016,mumbai,60000,59498,1,1,1,0,0,1,1,0,1,0,1,0,0,0,7350,1,55.413514985681566,33.363510898043955,2237.431825451829,1.545976919349219,66.19431818181818,63.94060606060605,63.94060606060605,45.9109090909091,58.39300699300699,61.36493506493507,66.19431818181818,66.19431818181818,50.82809917355373,45.9109090909091,0.0,72.95545454545456,54.92575757575757,32.38863636363636,54.92575757575757
275,car,honda,amaze,diesel,2016,mumbai,60000,57976,1,1,1,0,0,1,1,0,1,0,1,0,0,0,7400,1,55.413514985681566,33.363510898043955,2237.431825451829,1.545976919349219,67.0590909090909,64.86303030303031,64.86303030303031,47.294545454545464,59.45734265734266,62.35324675324676,67.0590909090909,67.0590909090909,52.085950413223145,47.294545454545464,0.0,73.64727272727274,56.078787878787885,34.11818181818182,56.078787878787885
276,car,honda,amaze,diesel,2016,mumbai,60000,55789,1,1,1,0,0,1,1,0,1,0,1,0,0,0,7700,1,55.413514985681566,33.363510898043955,2237.431825451829,1.545976919349219,68.30170454545454,66.18848484848485,66.18848484848485,49.28272727272728,60.98671328671328,63.77337662337662,68.30170454545454,68.30170454545454,53.893388429752065,49.28272727272728,0.0,74.64136363636365,57.73560606060606,36.60340909090909,57.73560606060606
277,car,honda,amaze,diesel,2016,mumbai,60000,61075,1,1,1,0,0,1,1,0,1,0,1,0,0,0,7250,1,55.413514985681566,33.363510898043955,2237.431825451829,1.545976919349219,65.29829545454545,62.984848484848484,62.984848484848484,44.477272727272734,57.290209790209786,60.340909090909086,65.29829545454545,65.29829545454545,49.52479338842976,44.477272727272734,0.0,72.23863636363636,53.73106060606061,30.596590909090903,53.73106060606061
278,car,honda,amaze,diesel,2016,mumbai,60000,66098,1,1,1,0,0,1,1,0,1,0,1,0,0,0,7450,1,55.413514985681566,33.363510898043955,2237.431825451829,1.545976919349219,62.44431818181818,59.94060606060606,59.94060606060606,39.910909090909094,53.77762237762238,57.07922077922078,62.44431818181818,62.44431818181818,45.37355371900828,39.910909090909094,0.0,69.95545454545456,49.92575757575758,24.888636363636362,49.92575757575758
279,car,honda,amaze,diesel,2016,mumbai,60000,60975,1,1,1,0,0,1,1,0,1,0,1,0,0,0,8400,1,55.413514985681566,33.363510898043955,2237.431825451829,1.545976919349219,65.35511363636364,63.04545454545454,63.04545454545454,44.56818181818183,57.36013986013986,60.40584415584416,65.35511363636364,65.35511363636364,49.607438016528924,44.56818181818183,0.0,72.28409090909092,53.80681818181819,30.710227272727273,53.80681818181819
280,car,honda,amaze,diesel,2016,mumbai,60000,56094,1,1,1,0,0,1,1,0,1,0,1,0,0,0,8250,1,55.413514985681566,33.363510898043955,2237.431825451829,1.545976919349219,68.12840909090909,66.00363636363636,66.00363636363636,49.005454545454555,60.77342657342657,63.57532467532467,68.12840909090909,68.12840909090909,53.64132231404959,49.005454545454555,0.0,74.50272727272727,57.50454545454545,36.25681818181818,57.50454545454545
281,car,honda,amaze,diesel,2016,mumbai,60000,54986,1,1,1,0,0,1,1,0,1,0,1,0,0,0,8200,1,55.413514985681566,33.363510898043955,2237.431825451829,1.545976919349219,68.75795454545455,66.67515151515151,66.67515151515151,50.012727272727275,61.54825174825175,64.29480519480519,68.75795454545455,68.75795454545455,54.55702479338844,50.012727272727275,0.025454545454561828,75.00636363636363,58.343939393939394,37.51590909090909,58.343939393939394
282,car,honda,amaze,diesel,2016,mumbai,60000,58342,1,1,1,0,0,1,1,0,1,0,1,0,0,0,8300,1,55.413514985681566,33.363510898043955,2237.431825451829,1.545976919349219,66.85113636363637,64.64121212121212,64.64121212121212,46.961818181818195,59.2013986013986,62.11558441558442,66.85113636363637,66.85113636363637,51.783471074380174,46.961818181818195,0.0,73.4809090909091,55.80151515151515,33.70227272727273,55.80151515151515
283,car,honda,amaze,diesel,2016,mumbai,60000,58098,1,1,1,0,0,1,1,0,1,0,1,0,0,0,12000,1,55.413514985681566,33.363510898043955,2237.431825451829,1.545976919349219,66.98977272727274,64.7890909090909,64.7890909090909,47.183636363636374,59.37202797202797,62.27402597402598,66.98977272727274,66.98977272727274,51.98512396694215,47.183636363636374,0.0,73.5918181818182,55.986363636363635,33.97954545454546,55.986363636363635
284,car,honda,amaze,diesel,2016,mumbai,60000,65093,1,1,1,0,0,1,1,0,1,0,1,0,0,0,11050,1,55.413514985681566,33.363510898043955,2237.431825451829,1.545976919349219,63.01534090909091,60.54969696969697,60.54969696969697,40.82454545454546,54.48041958041958,57.731818181818184,63.01534090909091,63.01534090909091,46.20413223140496,40.82454545454546,0.0,70.41227272727272,50.68712121212121,26.030681818181822,50.68712121212121
285,car,honda,amaze,diesel,2016,mumbai,60000,60347,1,1,1,0,0,1,1,0,1,0,1,0,0,0,10500,1,55.413514985681566,33.363510898043955,2237.431825451829,1.545976919349219,65.71193181818182,63.42606060606061,63.42606060606061,45.13909090909092,57.7993006993007,60.81363636363637,65.71193181818182,65.71193181818182,50.12644628099174,45.13909090909092,0.0,72.56954545454546,54.282575757575756,31.423863636363635,54.282575757575756
286,car,honda,amaze,diesel,2016,mumbai,60000,61372,1,1,1,0,0,1,1,0,1,0,1,0,0,0,11000,1,55.413514985681566,33.363510898043955,2237.431825451829,1.545976919349219,65.12954545454545,62.804848484848485,62.804848484848485,44.20727272727274,57.08251748251748,60.14805194805195,65.12954545454545,65.12954545454545,49.27933884297522,44.20727272727274,0.0,72.10363636363637,53.5060606060606,30.259090909090915,53.5060606060606
287,car,honda,amaze,diesel,2016,mumbai,60000,60437,1,1,1,0,0,1,1,0,1,0,1,0,0,0,8200,1,55.413514985681566,33.363510898043955,2237.431825451829,1.545976919349219,65.66079545454546,63.371515151515155,63.371515151515155,45.05727272727273,57.73636363636363,60.755194805194805,65.66079545454546,65.66079545454546,50.05206611570249,45.05727272727273,0.0,72.52863636363637,54.214393939393936,31.32159090909091,54.214393939393936
288,car,honda,amaze,diesel,2016,mumbai,70000,70262,1,1,1,0,1,0,0,0,1,1,1,1,0,0,8205,1,55.413514985681566,33.363510898043955,2237.431825451829,1.545976919349219,60.07840909090909,57.4169696969697,57.4169696969697,36.12545454545455,50.86573426573426,54.37532467532468,60.07840909090909,60.07840909090909,41.932231404958685,36.12545454545455,0.0,68.06272727272727,46.77121212121212,20.15681818181818,46.77121212121212
289,car,honda,amaze,diesel,2016,mumbai,70000,70373,1,1,1,0,1,0,0,0,1,1,1,1,0,0,8350,1,55.413514985681566,33.363510898043955,2237.431825451829,1.545976919349219,60.01534090909091,57.349696969696964,57.349696969696964,36.02454545454547,50.788111888111885,54.30324675324676,60.01534090909091,60.01534090909091,41.8404958677686,36.02454545454547,0.0,68.01227272727273,46.687121212121205,20.03068181818182,46.687121212121205
290,car,honda,amaze,diesel,2016,mumbai,70000,70764,1,1,1,0,1,0,0,0,1,1,1,1,0,0,8400,1,55.413514985681566,33.363510898043955,2237.431825451829,1.545976919349219,59.793181818181814,57.11272727272727,57.11272727272727,35.66909090909092,50.514685314685316,54.04935064935065,59.793181818181814,59.793181818181814,41.517355371900834,35.66909090909092,0.0,67.83454545454546,46.39090909090909,19.586363636363636,46.39090909090909
291,car,honda,amaze,diesel,2016,mumbai,70000,70384,1,1,1,0,1,0,0,0,0,1,0,1,0,0,8200,1,55.413514985681566,33.363510898043955,2237.431825451829,1.545976919349219,60.0090909090909,57.3430303030303,57.3430303030303,36.01454545454546,50.780419580419576,54.2961038961039,60.0090909090909,60.0090909090909,41.831404958677695,36.01454545454546,0.0,68.00727272727273,46.67878787878787,20.018181818181812,46.67878787878787
292,car,honda,amaze,diesel,2016,mumbai,70000,70976,1,1,1,0,1,0,0,0,0,1,0,1,0,0,8200,1,55.413514985681566,33.363510898043955,2237.431825451829,1.545976919349219,59.67272727272728,56.984242424242424,56.984242424242424,35.47636363636365,50.366433566433564,53.91168831168831,59.67272727272728,59.67272727272728,41.34214876033059,35.47636363636365,0.0,67.73818181818183,46.230303030303034,19.345454545454544,46.230303030303034
293,car,honda,amaze,diesel,2016,mumbai,70000,71253,1,1,1,0,1,0,0,0,0,1,0,1,0,0,8250,1,55.413514985681566,33.363510898043955,2237.431825451829,1.545976919349219,59.51534090909091,56.81636363636364,56.81636363636364,35.22454545454546,50.17272727272728,53.731818181818184,59.51534090909091,59.51534090909091,41.11322314049588,35.22454545454546,0.0,67.61227272727272,46.02045454545455,19.030681818181815,46.02045454545455
294,car,honda,amaze,diesel,2016,mumbai,70000,70311,1,1,1,0,1,0,0,0,0,1,0,1,0,0,8230,1,55.413514985681566,33.363510898043955,2237.431825451829,1.545976919349219,60.05056818181818,57.38727272727273,57.38727272727273,36.080909090909095,50.83146853146854,54.343506493506496,60.05056818181818,60.05056818181818,41.89173553719009,36.080909090909095,0.0,68.04045454545455,46.73409090909091,20.101136363636364,46.73409090909091
295,car,honda,amaze,diesel,2016,mumbai,70000,70789,1,1,1,0,1,0,0,0,0,1,0,1,0,0,8100,1,55.413514985681566,33.363510898043955,2237.431825451829,1.545976919349219,59.778977272727275,57.09757575757576,57.09757575757576,35.646363636363645,50.4972027972028,54.03311688311688,59.778977272727275,59.778977272727275,41.49669421487604,35.646363636363645,0.0,67.82318181818182,46.37196969696969,19.55795454545455,46.37196969696969
296,car,honda,amaze,diesel,2016,mumbai,70000,70098,1,1,1,0,1,0,0,0,0,1,0,1,0,0,8250,1,55.413514985681566,33.363510898043955,2237.431825451829,1.545976919349219,60.17159090909091,57.516363636363636,57.516363636363636,36.27454545454546,50.98041958041958,54.481818181818184,60.17159090909091,60.17159090909091,42.06776859504133,36.27454545454546,0.0,68.13727272727273,46.89545454545454,20.343181818181822,46.89545454545454
297,car,honda,amaze,diesel,2016,mumbai,70000,69432,1,1,1,0,1,0,0,0,0,1,0,1,0,0,8300,1,55.413514985681566,33.363510898043955,2237.431825451829,1.545976919349219,60.54999999999999,57.919999999999995,57.919999999999995,36.88000000000001,51.446153846153855,54.91428571428572,60.54999999999999,60.54999999999999,42.618181818181824,36.88000000000001,0.0,68.44000000000001,47.4,21.099999999999998,47.4
298,car,honda,amaze,diesel,2016,mumbai,70000,70894,1,1,1,0,1,0,0,0,0,1,0,1,0,0,8100,1,55.413514985681566,33.363510898043955,2237.431825451829,1.545976919349219,59.71931818181818,57.03393939393939,57.03393939393939,35.5509090909091,50.42377622377623,53.96493506493507,59.71931818181818,59.71931818181818,41.4099173553719,35.5509090909091,0.0,67.77545454545455,46.29242424242425,19.438636363636363,46.29242424242425
299,car,honda,amaze,diesel,2016,mumbai,70000,70753,1,1,1,0,1,0,0,0,0,1,0,1,0,0,8250,1,55.413514985681566,33.363510898043955,2237.431825451829,1.545976919349219,59.799431818181816,57.11939393939394,57.11939393939394,35.67909090909092,50.522377622377626,54.05649350649351,59.799431818181816,59.799431818181816,41.52644628099175,35.67909090909092,0.0,67.83954545454546,46.39924242424242,19.59886363636364,46.39924242424242
300,car,honda,amaze,diesel,2016,mumbai,70000,70756,1,1,1,0,1,0,0,0,0,1,0,1,0,0,9750,1,55.413514985681566,33.363510898043955,2237.431825451829,1.545976919349219,59.79772727272727,57.11757575757576,57.11757575757576,35.67636363636364,50.520279720279724,54.054545454545455,59.79772727272727,59.79772727272727,41.523966942148775,35.67636363636364,0.0,67.83818181818182,46.39696969696969,19.59545454545455,46.39696969696969
301,car,honda,amaze,diesel,2016,mumbai,70000,70890,1,1,1,0,1,0,0,0,0,1,0,1,0,0,9300,1,55.413514985681566,33.363510898043955,2237.431825451829,1.545976919349219,59.72159090909091,57.03636363636364,57.03636363636364,35.55454545454546,50.42657342657343,53.96753246753248,59.72159090909091,59.72159090909091,41.41322314049587,35.55454545454546,0.0,67.77727272727273,46.295454545454554,19.44318181818182,46.295454545454554
302,car,honda,amaze,diesel,2016,mumbai,70000,70473,1,1,1,0,1,0,0,0,0,1,0,1,0,0,9250,1,55.413514985681566,33.363510898043955,2237.431825451829,1.545976919349219,59.95852272727274,57.28909090909091,57.28909090909091,35.93363636363637,50.71818181818182,54.23831168831168,59.95852272727274,59.95852272727274,41.75785123966943,35.93363636363637,0.0,67.96681818181818,46.611363636363635,19.917045454545455,46.611363636363635
303,car,honda,amaze,diesel,2016,mumbai,70000,70985,1,1,1,0,1,0,0,0,0,1,0,1,0,0,9500,1,55.413514985681566,33.363510898043955,2237.431825451829,1.545976919349219,59.66761363636364,56.97878787878787,56.97878787878787,35.46818181818183,50.36013986013985,53.905844155844164,59.66761363636364,59.66761363636364,41.334710743801665,35.46818181818183,0.0,67.73409090909091,46.22348484848485,19.335227272727273,46.22348484848485
304,car,honda,amaze,diesel,2016,mumbai,70000,70342,1,1,1,0,1,0,0,0,0,1,0,1,1,1,13250,1,55.413514985681566,33.363510898043955,2237.431825451829,1.545976919349219,60.032954545454544,57.36848484848485,57.36848484848485,36.05272727272728,50.809790209790215,54.32337662337663,60.032954545454544,60.032954545454544,41.86611570247935,36.05272727272728,0.0,68.02636363636364,46.71060606060606,20.065909090909095,46.71060606060606
305,car,honda,amaze,diesel,2016,mumbai,70000,70033,1,1,1,0,1,0,0,0,0,1,0,1,1,0,13450,1,55.413514985681566,33.363510898043955,2237.431825451829,1.545976919349219,60.20852272727273,57.55575757575757,57.55575757575757,36.333636363636366,51.025874125874125,54.52402597402597,60.20852272727273,60.20852272727273,42.121487603305795,36.333636363636366,0.0,68.16681818181817,46.94469696969698,20.41704545454546,46.94469696969698
306,car,honda,amaze,diesel,2016,mumbai,70000,70653,1,1,1,0,1,0,0,0,0,1,0,1,1,1,12500,1,55.413514985681566,33.363510898043955,2237.431825451829,1.545976919349219,59.85625,57.18,57.18,35.77000000000001,50.59230769230769,54.12142857142857,59.85625,59.85625,41.60909090909092,35.77000000000001,0.0,67.885,46.475,19.7125,46.475
307,car,honda,amaze,diesel,2016,mumbai,70000,70373,1,1,1,0,1,0,0,0,0,1,0,1,1,0,13000,1,55.413514985681566,33.363510898043955,2237.431825451829,1.545976919349219,60.01534090909091,57.349696969696964,57.349696969696964,36.02454545454547,50.788111888111885,54.30324675324676,60.01534090909091,60.01534090909091,41.8404958677686,36.02454545454547,0.0,68.01227272727273,46.687121212121205,20.03068181818182,46.687121212121205
308,car,honda,amaze,diesel,2016,mumbai,80000,82238,1,1,1,0,0,1,1,0,0,0,0,0,0,0,9400,1,55.413514985681566,33.363510898043955,2237.431825451829,1.545976919349219,53.273863636363636,50.158787878787884,50.158787878787884,25.238181818181825,42.49090909090909,46.59870129870129,53.273863636363636,53.273863636363636,32.03471074380167,25.238181818181825,0.0,62.619090909090914,37.698484848484846,6.547727272727277,37.698484848484846
309,car,honda,amaze,diesel,2016,mumbai,80000,89843,1,1,1,0,0,1,1,0,0,0,0,0,0,0,9550,1,55.413514985681566,33.363510898043955,2237.431825451829,1.545976919349219,48.95284090909091,45.549696969696974,45.549696969696974,18.32454545454546,37.17272727272727,41.660389610389615,48.95284090909091,48.95284090909091,25.749586776859513,18.32454545454546,0.0,59.16227272727272,31.937121212121212,0.0,31.937121212121212
310,car,honda,amaze,diesel,2016,mumbai,80000,85347,1,1,1,0,0,1,1,0,0,0,0,0,0,0,9450,1,55.413514985681566,33.363510898043955,2237.431825451829,1.545976919349219,51.507386363636364,48.27454545454546,48.27454545454546,22.411818181818187,40.316783216783215,44.57987012987012,51.507386363636364,51.507386363636364,29.465289256198357,22.411818181818187,0.0,61.205909090909095,35.343181818181826,3.01477272727273,35.343181818181826
311,car,honda,amaze,diesel,2016,mumbai,80000,82782,1,1,1,0,0,1,1,0,0,0,0,0,0,0,9350,1,55.413514985681566,33.363510898043955,2237.431825451829,1.545976919349219,52.96477272727274,49.82909090909091,49.82909090909091,24.74363636363638,42.110489510489515,46.24545454545454,52.96477272727274,52.96477272727274,31.585123966942152,24.74363636363638,0.0,62.371818181818185,37.28636363636364,5.92954545454546,37.28636363636364
312,car,honda,amaze,diesel,2016,mumbai,80000,80238,1,1,1,0,0,1,1,0,0,0,0,0,0,0,9500,1,55.413514985681566,33.363510898043955,2237.431825451829,1.545976919349219,54.410227272727276,51.37090909090909,51.37090909090909,27.056363636363645,43.889510489510485,47.897402597402596,54.410227272727276,54.410227272727276,33.68760330578513,27.056363636363645,0.0,63.52818181818183,39.21363636363636,8.820454545454549,39.21363636363636
313,car,honda,amaze,diesel,2016,mumbai,80000,88236,1,1,1,0,0,1,1,0,0,0,0,0,0,0,9700,1,55.413514985681566,33.363510898043955,2237.431825451829,1.545976919349219,49.865909090909085,46.52363636363637,46.52363636363637,19.785454545454563,38.2965034965035,42.7038961038961,49.865909090909085,49.865909090909085,27.077685950413233,19.785454545454563,0.0,59.89272727272728,33.154545454545456,0.0,33.154545454545456
314,car,honda,amaze,diesel,2016,mumbai,80000,86235,1,1,1,0,0,1,1,0,0,0,0,0,0,0,9850,1,55.413514985681566,33.363510898043955,2237.431825451829,1.545976919349219,51.00284090909091,47.736363636363635,47.736363636363635,21.604545454545466,39.69580419580419,44.00324675324675,51.00284090909091,51.00284090909091,28.731404958677697,21.604545454545466,0.0,60.80227272727273,34.67045454545455,2.005681818181815,34.67045454545455
315,car,honda,amaze,diesel,2016,mumbai,100000,117842,1,1,1,0,0,0,0,0,1,0,1,0,0,1,11250,1,55.413514985681566,33.363510898043955,2237.431825451829,1.545976919349219,33.04431818181818,28.580606060606062,28.580606060606062,0.0,17.593006993006988,23.47922077922078,33.04431818181818,33.04431818181818,2.6099173553719157,0.0,0.0,46.435454545454554,10.725757575757576,0.0,10.725757575757576
316,car,honda,amaze,diesel,2016,mumbai,100000,103282,1,1,1,0,0,0,0,0,1,0,1,0,0,1,11050,1,55.413514985681566,33.363510898043955,2237.431825451829,1.545976919349219,41.31704545454545,37.404848484848486,37.404848484848486,6.107272727272739,27.774825174825178,32.933766233766235,41.31704545454545,41.31704545454545,14.642975206611586,6.107272727272739,0.0,53.05363636363637,21.7560606060606,0.0,21.7560606060606
317,car,honda,amaze,diesel,2016,mumbai,100000,102392,1,1,1,0,0,0,0,0,1,0,1,0,0,1,10500,1,55.413514985681566,33.363510898043955,2237.431825451829,1.545976919349219,41.82272727272728,37.944242424242425,37.944242424242425,6.916363636363654,28.39720279720279,33.51168831168832,41.82272727272728,41.82272727272728,15.378512396694221,6.916363636363654,0.0,53.45818181818183,22.430303030303033,0.0,22.430303030303033
318,car,honda,amaze,diesel,2016,mumbai,100000,112722,1,1,1,0,0,0,0,0,1,0,1,0,0,1,10900,1,55.413514985681566,33.363510898043955,2237.431825451829,1.545976919349219,35.95340909090909,31.68363636363636,31.68363636363636,0.0,21.173426573426568,26.803896103896108,35.95340909090909,35.95340909090909,6.841322314049602,0.0,0.0,48.76272727272728,14.604545454545459,0.0,14.604545454545459
319,car,honda,amaze,diesel,2016,mumbai,100000,90327,1,1,1,0,1,0,0,0,0,1,0,0,0,0,13000,1,55.413514985681566,33.363510898043955,2237.431825451829,1.545976919349219,48.67784090909091,45.25636363636364,45.25636363636364,17.884545454545464,36.834265734265735,41.34610389610389,48.67784090909091,48.67784090909091,25.34958677685951,17.884545454545464,0.0,58.94227272727272,31.57045454545454,0.0,31.57045454545454
320,car,honda,amaze,diesel,2016,mumbai,100000,90272,1,1,1,0,1,0,0,0,0,1,0,0,0,1,13850,1,55.413514985681566,33.363510898043955,2237.431825451829,1.545976919349219,48.70909090909091,45.28969696969697,45.28969696969697,17.93454545454547,36.87272727272727,41.38181818181819,48.70909090909091,48.70909090909091,25.39504132231406,17.93454545454547,0.0,58.967272727272736,31.612121212121213,0.0,31.612121212121213
321,car,honda,amaze,diesel,2016,mumbai,100000,90322,1,1,1,0,1,0,0,0,0,1,0,0,0,1,13500,1,55.413514985681566,33.363510898043955,2237.431825451829,1.545976919349219,48.68068181818182,45.259393939393945,45.259393939393945,17.88909090909092,36.83776223776224,41.34935064935065,48.68068181818182,48.68068181818182,25.353719008264473,17.88909090909092,0.0,58.94454545454546,31.574242424242428,0.0,31.574242424242428
322,car,honda,amaze,diesel,2016,mumbai,100000,90998,1,1,1,0,1,0,0,0,0,1,0,0,0,0,14000,1,55.413514985681566,33.363510898043955,2237.431825451829,1.545976919349219,48.29659090909091,44.84969696969697,44.84969696969697,17.274545454545464,36.36503496503497,40.91038961038961,48.29659090909091,48.29659090909091,24.79504132231406,17.274545454545464,0.0,58.63727272727273,31.06212121212121,0.0,31.06212121212121
323,car,honda,amaze,petrol,2017,chennai,10000,10327,1,1,0,0,1,0,0,0,0,0,0,0,0,0,1410,1,55.413514985681566,33.363510898043955,2237.431825451829,1.545976919349219,84.71914772727274,84.36709090909092,84.36709090909092,81.55063636363636,83.50048951048952,83.96474025974027,84.71914772727274,84.71914772727274,82.31876033057851,81.55063636363636,73.10127272727273,85.7753181818182,82.95886363636363,79.43829545454545,82.95886363636363
324,car,honda,amaze,petrol,2017,chennai,10000,10469,1,1,0,0,1,0,0,0,0,0,0,0,0,0,1487,1,55.413514985681566,33.363510898043955,2237.431825451829,1.545976919349219,84.6465340909091,84.28963636363636,84.28963636363636,81.43445454545454,83.41111888111888,83.88175324675325,84.6465340909091,84.6465340909091,82.21314049586776,81.43445454545454,72.8689090909091,85.71722727272729,82.86204545454547,79.29306818181819,82.86204545454547
325,car,honda,amaze,petrol,2017,chennai,10000,10548,1,1,0,0,0,0,0,0,0,0,0,0,0,0,1497,1,55.413514985681566,33.363510898043955,2237.431825451829,1.545976919349219,84.60613636363637,84.24654545454545,84.24654545454545,81.36981818181819,83.3613986013986,83.8355844155844,84.60613636363637,84.60613636363637,82.15438016528927,81.36981818181819,72.73963636363636,85.68490909090909,82.80818181818181,79.21227272727273,82.80818181818181
326,car,honda,amaze,petrol,2017,chennai,10000,10639,1,1,0,0,0,0,0,0,0,0,0,0,0,0,1450,1,55.413514985681566,33.363510898043955,2237.431825451829,1.545976919349219,84.55960227272728,84.19690909090909,84.19690909090909,81.29536363636363,83.30412587412587,83.78240259740261,84.55960227272728,84.55960227272728,82.08669421487603,81.29536363636363,72.59072727272728,85.64768181818182,82.74613636363637,79.11920454545455,82.74613636363637
327,car,honda,amaze,petrol,2017,chennai,10000,10341,1,1,0,0,0,0,0,0,0,0,0,0,0,0,1479,1,55.413514985681566,33.363510898043955,2237.431825451829,1.545976919349219,84.71198863636364,84.35945454545455,84.35945454545455,81.53918181818182,83.49167832167832,83.95655844155844,84.71198863636364,84.71198863636364,82.30834710743802,81.53918181818182,73.07836363636363,85.76959090909091,82.94931818181819,79.42397727272727,82.94931818181819
328,car,honda,amaze,petrol,2017,chennai,10000,10534,1,1,0,0,0,0,0,0,0,0,0,0,0,0,1497,1,55.413514985681566,33.363510898043955,2237.431825451829,1.545976919349219,84.61329545454545,84.25418181818182,84.25418181818182,81.38127272727273,83.3702097902098,83.84376623376623,84.61329545454545,84.61329545454545,82.16479338842976,81.38127272727273,72.76254545454546,85.69063636363637,82.81772727272728,79.22659090909092,82.81772727272728
329,car,honda,amaze,petrol,2017,chennai,10000,10231,1,1,0,0,1,0,0,0,0,0,0,0,0,0,1500,1,55.413514985681566,33.363510898043955,2237.431825451829,1.545976919349219,84.76823863636363,84.41945454545454,84.41945454545454,81.62918181818182,83.56090909090909,84.02084415584416,84.76823863636363,84.76823863636363,82.3901652892562,81.62918181818182,73.25836363636363,85.81459090909092,83.02431818181819,79.53647727272728,83.02431818181819
330,car,honda,amaze,petrol,2017,chennai,10000,10659,1,1,0,0,0,0,0,0,0,0,0,0,0,0,1399,1,55.413514985681566,33.363510898043955,2237.431825451829,1.545976919349219,84.54937500000001,84.186,84.186,81.27900000000001,83.29153846153847,83.77071428571429,84.54937500000001,84.54937500000001,82.07181818181819,81.27900000000001,72.558,85.6395,82.7325,79.09875000000001,82.7325
331,car,honda,amaze,petrol,2017,chennai,10000,11236,1,1,0,0,0,0,0,0,0,0,0,0,0,0,1499,1,55.413514985681566,33.363510898043955,2237.431825451829,1.545976919349219,84.25431818181818,83.87127272727272,83.87127272727272,80.80690909090909,82.9283916083916,83.43350649350648,84.25431818181818,84.25431818181818,81.64264462809916,80.80690909090909,71.61381818181819,85.40345454545455,82.33909090909091,78.50863636363636,82.33909090909091
332,car,honda,amaze,petrol,2017,chennai,10000,10860,1,1,0,0,0,0,0,0,0,0,0,0,0,0,1510,1,55.413514985681566,33.363510898043955,2237.431825451829,1.545976919349219,84.44659090909092,84.07636363636364,84.07636363636364,81.11454545454545,83.16503496503496,83.65324675324675,84.44659090909092,84.44659090909092,81.92231404958677,81.11454545454545,72.22909090909091,85.55727272727273,82.59545454545454,78.89318181818182,82.59545454545454
333,car,honda,amaze,petrol,2017,chennai,10000,10457,1,1,0,0,0,0,0,0,0,0,0,0,0,0,1550,1,55.413514985681566,33.363510898043955,2237.431825451829,1.545976919349219,84.65267045454546,84.29618181818182,84.29618181818182,81.44427272727273,83.41867132867132,83.88876623376623,84.65267045454546,84.65267045454546,82.22206611570248,81.44427272727273,72.88854545454545,85.72213636363637,82.87022727272728,79.3053409090909,82.87022727272728
334,car,honda,amaze,petrol,2017,chennai,10000,11468,1,1,0,0,0,0,0,0,0,0,0,0,0,0,1523,1,55.413514985681566,33.363510898043955,2237.431825451829,1.545976919349219,84.13568181818182,83.74472727272727,83.74472727272727,80.61709090909092,82.78237762237762,83.29792207792208,84.13568181818182,84.13568181818182,81.4700826446281,80.61709090909092,71.23418181818182,85.30854545454547,82.1809090909091,78.27136363636365,82.1809090909091
335,car,honda,amaze,petrol,2017,chennai,10000,9075,1,1,0,0,0,0,0,0,0,0,0,0,0,0,1482,1,55.413514985681566,33.363510898043955,2237.431825451829,1.545976919349219,85.359375,85.05,85.05,82.575,84.28846153846155,84.69642857142858,85.359375,85.359375,83.25,82.575,75.15,86.28750000000001,83.8125,80.71875,83.8125
336,car,honda,amaze,petrol,2017,chennai,10000,10234,1,1,0,0,0,0,0,0,0,0,0,0,0,0,1482,1,55.413514985681566,33.363510898043955,2237.431825451829,1.545976919349219,84.76670454545454,84.41781818181818,84.41781818181818,81.62672727272728,83.55902097902099,84.01909090909092,84.76670454545454,84.76670454545454,82.38793388429752,81.62672727272728,73.25345454545455,85.81336363636363,83.02227272727274,79.5334090909091,83.02227272727274
337,car,honda,amaze,petrol,2017,chennai,10000,10647,1,1,0,0,1,0,0,0,0,0,0,0,0,0,1830,1,55.413514985681566,33.363510898043955,2237.431825451829,1.545976919349219,84.55551136363637,84.19254545454545,84.19254545454545,81.28881818181819,83.29909090909092,83.77772727272726,84.55551136363637,84.55551136363637,82.08074380165289,81.28881818181819,72.57763636363636,85.6444090909091,82.74068181818181,79.11102272727274,82.74068181818181
338,car,honda,amaze,petrol,2017,chennai,10000,9766,1,1,0,0,0,0,0,0,0,0,0,0,0,0,1910,1,55.413514985681566,33.363510898043955,2237.431825451829,1.545976919349219,85.00602272727274,84.6730909090909,84.6730909090909,82.00963636363637,83.85356643356644,84.29259740259741,85.00602272727274,85.00602272727274,82.73603305785124,82.00963636363637,74.01927272727274,86.00481818181818,83.34136363636364,80.01204545454546,83.34136363636364
339,car,honda,amaze,petrol,2017,chennai,10000,10647,1,1,1,0,0,0,0,0,0,0,0,0,0,0,1838,1,55.413514985681566,33.363510898043955,2237.431825451829,1.545976919349219,84.55551136363637,84.19254545454545,84.19254545454545,81.28881818181819,83.29909090909092,83.77772727272726,84.55551136363637,84.55551136363637,82.08074380165289,81.28881818181819,72.57763636363636,85.6444090909091,82.74068181818181,79.11102272727274,82.74068181818181
340,car,honda,amaze,petrol,2017,chennai,10000,10467,1,1,1,0,1,0,0,0,0,0,0,0,0,0,1847,1,55.413514985681566,33.363510898043955,2237.431825451829,1.545976919349219,84.64755681818181,84.29072727272728,84.29072727272728,81.43609090909091,83.41237762237762,83.88292207792207,84.64755681818181,84.64755681818181,82.21462809917357,81.43609090909091,72.87218181818182,85.71804545454545,82.8634090909091,79.29511363636362,82.8634090909091
341,car,honda,amaze,petrol,2017,chennai,10000,10654,1,1,1,0,1,0,0,0,0,0,0,0,0,0,1862,1,55.413514985681566,33.363510898043955,2237.431825451829,1.545976919349219,84.55193181818183,84.18872727272728,84.18872727272728,81.28309090909092,83.29468531468531,83.77363636363636,84.55193181818183,84.55193181818183,82.07553719008266,81.28309090909092,72.56618181818183,85.64154545454545,82.73590909090909,79.10386363636364,82.73590909090909
342,car,honda,amaze,petrol,2017,chennai,10000,11244,1,1,1,0,1,0,0,0,0,0,0,0,0,0,1899,1,55.413514985681566,33.363510898043955,2237.431825451829,1.545976919349219,84.25022727272729,83.86690909090909,83.86690909090909,80.80036363636364,82.92335664335664,83.42883116883118,84.25022727272729,84.25022727272729,81.63669421487603,80.80036363636364,71.60072727272728,85.40018181818182,82.33363636363637,78.50045454545455,82.33363636363637
343,car,honda,amaze,petrol,2017,chennai,10000,10326,1,1,1,0,0,0,0,0,0,0,0,0,0,0,1890,1,55.413514985681566,33.363510898043955,2237.431825451829,1.545976919349219,84.7196590909091,84.36763636363636,84.36763636363636,81.55145454545456,83.50111888111887,83.96532467532468,84.7196590909091,84.7196590909091,82.3195041322314,81.55145454545456,73.1029090909091,85.77572727272727,82.95954545454546,79.43931818181818,82.95954545454546
344,car,honda,amaze,petrol,2017,chennai,20000,20657,1,1,1,0,0,1,0,0,0,0,0,0,0,0,3860,1,55.413514985681566,33.363510898043955,2237.431825451829,1.545976919349219,79.43676136363636,78.73254545454546,78.73254545454546,73.09881818181819,76.99909090909092,77.92772727272728,79.43676136363636,79.43676136363636,74.63528925619836,73.09881818181819,56.19763636363637,81.5494090909091,75.91568181818181,68.87352272727273,75.91568181818181
345,car,honda,amaze,petrol,2017,chennai,20000,20732,1,1,1,0,0,1,0,0,0,0,0,0,0,0,3999,1,55.413514985681566,33.363510898043955,2237.431825451829,1.545976919349219,79.3984090909091,78.69163636363636,78.69163636363636,73.03745454545455,76.95188811188811,77.8838961038961,79.3984090909091,79.3984090909091,74.5795041322314,73.03745454545455,56.074909090909095,81.51872727272728,75.86454545454545,68.79681818181818,75.86454545454545
346,car,honda,amaze,petrol,2017,chennai,20000,20327,1,1,1,0,0,1,0,0,0,0,0,0,0,0,3899,1,55.413514985681566,33.363510898043955,2237.431825451829,1.545976919349219,79.60551136363637,78.91254545454545,78.91254545454545,73.3688181818182,77.20678321678322,78.12058441558442,79.60551136363637,79.60551136363637,74.8807438016529,73.3688181818182,56.73763636363637,81.6844090909091,76.14068181818183,69.21102272727272,76.14068181818183
347,car,honda,amaze,petrol,2017,chennai,20000,20474,1,1,1,0,0,1,0,0,0,0,0,0,0,0,3821,1,55.413514985681566,33.363510898043955,2237.431825451829,1.545976919349219,79.53034090909092,78.83236363636364,78.83236363636364,73.24854545454546,77.11426573426574,78.03467532467533,79.53034090909092,79.53034090909092,74.77140495867769,73.24854545454546,56.497090909090915,81.62427272727273,76.04045454545455,69.06068181818182,76.04045454545455
348,car,honda,amaze,petrol,2017,chennai,20000,20473,1,1,1,0,0,1,0,0,0,0,0,0,0,0,3932,1,55.413514985681566,33.363510898043955,2237.431825451829,1.545976919349219,79.53085227272729,78.8329090909091,78.8329090909091,73.24936363636364,77.11489510489511,78.03525974025975,79.53085227272729,79.53085227272729,74.77214876033058,73.24936363636364,56.49872727272728,81.62468181818181,76.04113636363635,69.06170454545455,76.04113636363635
349,car,honda,amaze,petrol,2017,chennai,20000,20436,1,1,1,0,0,1,0,0,0,0,0,0,0,0,3829,1,55.413514985681566,33.363510898043955,2237.431825451829,1.545976919349219,79.54977272727272,78.85309090909091,78.85309090909091,73.27963636363637,77.13818181818183,78.05688311688311,79.54977272727272,79.54977272727272,74.79966942148761,73.27963636363637,56.559272727272734,81.63981818181817,76.06636363636363,69.09954545454546,76.06636363636363
350,car,honda,amaze,petrol,2017,chennai,20000,20859,1,1,1,0,0,1,0,0,0,0,0,0,0,0,3997,1,55.413514985681566,33.363510898043955,2237.431825451829,1.545976919349219,79.33346590909092,78.62236363636364,78.62236363636364,72.93354545454545,76.87195804195805,77.80967532467533,79.33346590909092,79.33346590909092,74.48504132231406,72.93354545454545,55.86709090909091,81.46677272727273,75.77795454545455,68.66693181818182,75.77795454545455
351,car,honda,amaze,petrol,2017,chennai,20000,20908,1,1,1,0,0,1,0,0,0,0,0,0,0,0,3964,1,55.413514985681566,33.363510898043955,2237.431825451829,1.545976919349219,79.30840909090908,78.59563636363637,78.59563636363637,72.89345454545455,76.84111888111889,77.78103896103896,79.30840909090908,79.30840909090908,74.44859504132232,72.89345454545455,55.78690909090909,81.44672727272727,75.74454545454546,68.61681818181819,75.74454545454546
352,car,honda,amaze,petrol,2017,chennai,20000,21382,1,1,1,0,0,1,0,0,0,0,0,0,0,0,4100,1,55.413514985681566,33.363510898043955,2237.431825451829,1.545976919349219,79.06602272727272,78.3370909090909,78.3370909090909,72.50563636363637,76.5427972027972,77.50402597402596,79.06602272727272,79.06602272727272,74.09603305785124,72.50563636363637,55.01127272727273,81.25281818181818,75.42136363636364,68.13204545454546,75.42136363636364
353,car,honda,amaze,petrol,2017,chennai,20000,19732,1,1,1,0,0,1,0,0,0,0,0,0,0,0,3973,1,55.413514985681566,33.363510898043955,2237.431825451829,1.545976919349219,79.90977272727272,79.23709090909091,79.23709090909091,73.85563636363636,77.58125874125875,78.4683116883117,79.90977272727272,79.90977272727272,75.32330578512398,73.85563636363636,57.71127272727273,81.92781818181818,76.54636363636364,69.81954545454546,76.54636363636364
354,car,honda,amaze,petrol,2017,chennai,20000,20823,1,1,1,0,1,1,0,0,0,0,0,0,0,0,3974,1,55.413514985681566,33.363510898043955,2237.431825451829,1.545976919349219,79.35187499999999,78.642,78.642,72.963,76.89461538461539,77.8307142857143,79.35187499999999,79.35187499999999,74.51181818181819,72.963,55.92600000000001,81.4815,75.8025,68.70375000000001,75.8025
355,car,honda,amaze,petrol,2017,chennai,20000,20373,1,1,1,0,1,1,0,0,0,0,0,0,0,0,3982,1,55.413514985681566,33.363510898043955,2237.431825451829,1.545976919349219,79.58198863636363,78.88745454545455,78.88745454545455,73.33118181818182,77.17783216783218,78.0937012987013,79.58198863636363,79.58198863636363,74.84652892561984,73.33118181818182,56.662363636363644,81.66559090909091,76.10931818181818,69.16397727272728,76.10931818181818
356,car,honda,amaze,petrol,2017,chennai,20000,20472,1,1,1,0,1,1,0,0,0,0,0,0,0,0,3836,1,55.413514985681566,33.363510898043955,2237.431825451829,1.545976919349219,79.53136363636365,78.83345454545454,78.83345454545454,73.25018181818182,77.11552447552447,78.03584415584416,79.53136363636365,79.53136363636365,74.77289256198348,73.25018181818182,56.50036363636364,81.6250909090909,76.04181818181819,69.06272727272727,76.04181818181819
357,car,honda,amaze,petrol,2017,chennai,20000,19236,1,1,1,0,1,1,0,0,0,0,0,0,0,0,3897,1,55.413514985681566,33.363510898043955,2237.431825451829,1.545976919349219,80.1634090909091,79.50763636363637,79.50763636363637,74.26145454545455,77.89342657342657,78.75818181818182,80.1634090909091,80.1634090909091,75.69223140495869,74.26145454545455,58.52290909090908,82.13072727272727,76.88454545454546,70.32681818181818,76.88454545454546
358,car,honda,amaze,petrol,2017,chennai,20000,20274,1,1,1,0,0,1,0,0,0,0,0,0,0,0,3977,1,55.413514985681566,33.363510898043955,2237.431825451829,1.545976919349219,79.63261363636364,78.94145454545455,78.94145454545455,73.41218181818182,77.24013986013986,78.15155844155845,79.63261363636364,79.63261363636364,74.9201652892562,73.41218181818182,56.82436363636364,81.7060909090909,76.17681818181818,69.26522727272727,76.17681818181818
359,car,honda,amaze,petrol,2017,chennai,20000,20769,1,1,1,0,0,1,0,0,0,0,0,0,0,0,3999,1,55.413514985681566,33.363510898043955,2237.431825451829,1.545976919349219,79.37948863636365,78.67145454545455,78.67145454545455,73.00718181818182,76.9286013986014,77.86227272727272,79.37948863636365,79.37948863636365,74.55198347107438,73.00718181818182,56.01436363636365,81.50359090909092,75.83931818181819,68.75897727272726,75.83931818181819
360,car,honda,amaze,petrol,2017,chennai,20000,20579,1,1,1,0,1,1,0,0,0,0,0,0,0,0,4030,1,55.413514985681566,33.363510898043955,2237.431825451829,1.545976919349219,79.47664772727273,78.77509090909092,78.77509090909092,73.16263636363637,77.04818181818182,77.97331168831168,79.47664772727273,79.47664772727273,74.69330578512397,73.16263636363637,56.32527272727274,81.58131818181819,75.96886363636364,68.95329545454545,75.96886363636364
361,car,honda,amaze,petrol,2017,chennai,20000,21732,1,1,1,0,0,1,0,0,0,0,0,0,0,0,4020,1,55.413514985681566,33.363510898043955,2237.431825451829,1.545976919349219,78.88704545454546,78.14618181818182,78.14618181818182,72.21927272727272,76.32251748251748,77.29948051948053,78.88704545454546,78.88704545454546,73.83570247933885,72.21927272727272,54.43854545454546,81.10963636363637,75.18272727272728,67.77409090909092,75.18272727272728
362,car,honda,amaze,petrol,2017,chennai,20000,20437,1,1,1,0,0,1,0,0,0,0,0,0,0,0,4099,1,55.413514985681566,33.363510898043955,2237.431825451829,1.545976919349219,79.54926136363636,78.85254545454546,78.85254545454546,73.27881818181818,77.13755244755245,78.0562987012987,79.54926136363636,79.54926136363636,74.7989256198347,73.27881818181818,56.55763636363637,81.63940909090908,76.06568181818182,69.09852272727272,76.06568181818182
363,car,honda,amaze,petrol,2017,chennai,20000,20756,1,1,1,0,0,1,0,0,0,0,0,0,0,0,4074,1,55.413514985681566,33.363510898043955,2237.431825451829,1.545976919349219,79.38613636363637,78.67854545454546,78.67854545454546,73.01781818181819,76.93678321678321,77.86987012987014,79.38613636363637,79.38613636363637,74.561652892562,73.01781818181819,56.03563636363637,81.50890909090909,75.84818181818183,68.77227272727272,75.84818181818183
364,car,honda,amaze,petrol,2017,chennai,30000,30832,1,1,1,0,0,0,1,0,0,0,0,0,0,0,4410,1,55.413514985681566,33.363510898043955,2237.431825451829,1.545976919349219,74.23363636363636,73.18254545454546,73.18254545454546,64.7738181818182,70.59524475524475,71.98129870129871,74.23363636363636,74.23363636363636,67.06710743801652,64.7738181818182,39.54763636363637,77.38690909090909,68.97818181818182,58.46727272727272,68.97818181818182
365,car,honda,amaze,petrol,2017,chennai,30000,30272,1,1,1,0,0,0,1,0,0,0,0,0,0,0,4500,1,55.413514985681566,33.363510898043955,2237.431825451829,1.545976919349219,74.52000000000001,73.488,73.488,65.23200000000001,70.94769230769231,72.30857142857143,74.52000000000001,74.52000000000001,67.48363636363636,65.23200000000001,40.464000000000006,77.61600000000001,69.36,59.040000000000006,69.36
366,car,honda,amaze,petrol,2017,chennai,30000,30597,1,1,1,0,0,0,1,0,0,0,0,0,0,0,4489,1,55.413514985681566,33.363510898043955,2237.431825451829,1.545976919349219,74.35380681818181,73.31072727272728,73.31072727272728,64.96609090909091,70.74314685314685,72.11863636363636,74.35380681818181,74.35380681818181,67.24190082644628,64.96609090909091,39.932181818181824,77.48304545454546,69.1384090909091,58.707613636363625,69.1384090909091
367,car,honda,amaze,petrol,2017,chennai,30000,31820,1,1,1,0,0,0,1,0,0,0,0,0,0,0,4799,1,55.413514985681566,33.363510898043955,2237.431825451829,1.545976919349219,73.7284090909091,72.64363636363638,72.64363636363638,63.96545454545455,69.97342657342658,71.4038961038961,73.7284090909091,73.7284090909091,66.33223140495868,63.96545454545455,37.930909090909104,76.98272727272727,68.30454545454545,57.456818181818186,68.30454545454545
368,car,honda,amaze,petrol,2017,chennai,30000,30317,1,1,1,0,0,0,1,0,0,0,0,0,0,0,4599,1,55.413514985681566,33.363510898043955,2237.431825451829,1.545976919349219,74.49698863636362,73.46345454545455,73.46345454545455,65.19518181818182,70.91937062937063,72.28227272727273,74.49698863636362,74.49698863636362,67.45016528925619,65.19518181818182,40.390363636363645,77.59759090909091,69.32931818181818,58.99397727272727,69.32931818181818
369,car,honda,amaze,petrol,2017,chennai,30000,30328,1,1,1,0,0,0,1,0,0,0,0,0,0,0,4399,1,55.413514985681566,33.363510898043955,2237.431825451829,1.545976919349219,74.49136363636363,73.45745454545454,73.45745454545454,65.18618181818182,70.91244755244756,72.27584415584415,74.49136363636363,74.49136363636363,67.44198347107438,65.18618181818182,40.37236363636365,77.59309090909092,69.32181818181819,58.98272727272727,69.32181818181819
370,car,honda,amaze,petrol,2017,chennai,30000,30372,1,1,1,0,0,0,1,0,0,0,0,0,0,0,4389,1,55.413514985681566,33.363510898043955,2237.431825451829,1.545976919349219,74.46886363636365,73.43345454545455,73.43345454545455,65.15018181818182,70.88475524475524,72.25012987012988,74.46886363636365,74.46886363636365,67.40925619834711,65.15018181818182,40.30036363636365,77.57509090909092,69.29181818181817,58.93772727272729,69.29181818181817
371,car,honda,amaze,petrol,2017,chennai,30000,29633,1,1,1,0,0,0,1,0,0,0,0,0,0,0,4454,1,55.413514985681566,33.363510898043955,2237.431825451829,1.545976919349219,74.84676136363636,73.83654545454544,73.83654545454544,65.75481818181818,71.34986013986014,72.68201298701298,74.84676136363636,74.84676136363636,67.95892561983472,65.75481818181818,41.50963636363637,77.8774090909091,69.79568181818182,59.693522727272715,69.79568181818182
372,car,honda,amaze,petrol,2017,chennai,30000,30286,1,1,1,0,0,0,1,0,0,0,0,0,0,0,4487,1,55.413514985681566,33.363510898043955,2237.431825451829,1.545976919349219,74.51284090909091,73.48036363636363,73.48036363636363,65.22054545454546,70.93888111888113,72.30038961038962,74.51284090909091,74.51284090909091,67.47322314049586,65.22054545454546,40.44109090909091,77.61027272727273,69.35045454545455,59.025681818181816,69.35045454545455
373,car,honda,amaze,petrol,2017,chennai,30000,30382,1,1,1,0,0,0,1,0,0,0,0,0,0,0,4483,1,55.413514985681566,33.363510898043955,2237.431825451829,1.545976919349219,74.46375,73.428,73.428,65.142,70.87846153846154,72.24428571428572,74.46375,74.46375,67.40181818181819,65.142,40.28400000000001,77.571,69.285,58.927499999999995,69.285
374,car,honda,amaze,petrol,2017,chennai,30000,30211,1,1,1,0,0,0,1,0,0,0,0,0,0,0,4478,1,55.413514985681566,33.363510898043955,2237.431825451829,1.545976919349219,74.55119318181818,73.52127272727273,73.52127272727273,65.2819090909091,70.98608391608391,72.34422077922079,74.55119318181818,74.55119318181818,67.52900826446282,65.2819090909091,40.56381818181819,77.64095454545455,69.40159090909091,59.10238636363637,69.40159090909091
375,car,honda,amaze,petrol,2017,chennai,30000,30742,1,1,1,0,0,0,1,0,0,0,0,0,0,0,4449,1,55.413514985681566,33.363510898043955,2237.431825451829,1.545976919349219,74.27965909090909,73.23163636363635,73.23163636363635,64.84745454545454,70.65188811188811,72.03389610389611,74.27965909090909,74.27965909090909,67.13404958677687,64.84745454545454,39.69490909090909,77.42372727272728,69.03954545454545,58.55931818181818,69.03954545454545
376,car,honda,amaze,petrol,2017,chennai,30000,30986,1,1,1,0,0,0,1,0,0,0,0,0,0,0,4920,1,55.413514985681566,33.363510898043955,2237.431825451829,1.545976919349219,74.15488636363636,73.09854545454546,73.09854545454546,64.6478181818182,70.49832167832167,71.89129870129871,74.15488636363636,74.15488636363636,66.95256198347109,64.6478181818182,39.295636363636376,77.3239090909091,68.8731818181818,58.30977272727274,68.8731818181818
377,car,honda,amaze,petrol,2017,chennai,30000,30238,1,1,1,0,0,0,1,0,0,0,0,0,0,0,4910,1,55.413514985681566,33.363510898043955,2237.431825451829,1.545976919349219,74.53738636363636,73.50654545454546,73.50654545454546,65.25981818181819,70.96909090909091,72.32844155844157,74.53738636363636,74.53738636363636,67.50892561983471,65.25981818181819,40.519636363636366,77.6299090909091,69.38318181818182,59.07477272727273,69.38318181818182
378,car,honda,amaze,petrol,2017,chennai,30000,30328,1,1,1,0,0,0,1,0,0,0,0,0,0,0,4999,1,55.413514985681566,33.363510898043955,2237.431825451829,1.545976919349219,74.49136363636363,73.45745454545454,73.45745454545454,65.18618181818182,70.91244755244756,72.27584415584415,74.49136363636363,74.49136363636363,67.44198347107438,65.18618181818182,40.37236363636365,77.59309090909092,69.32181818181819,58.98272727272727,69.32181818181819
379,car,honda,amaze,petrol,2017,chennai,30000,30248,1,1,1,0,0,0,1,0,0,0,0,0,0,0,4899,1,55.413514985681566,33.363510898043955,2237.431825451829,1.545976919349219,74.53227272727273,73.50109090909092,73.50109090909092,65.25163636363636,70.9627972027972,72.32259740259741,74.53227272727273,74.53227272727273,67.50148760330579,65.25163636363636,40.50327272727273,77.62581818181819,69.37636363636365,59.06454545454547,69.37636363636365
380,car,honda,amaze,petrol,2017,chennai,30000,31722,1,1,1,0,0,0,1,0,0,0,0,0,0,0,5100,1,55.413514985681566,33.363510898043955,2237.431825451829,1.545976919349219,73.77852272727273,72.69709090909092,72.69709090909092,64.04563636363638,70.0351048951049,71.46116883116883,73.77852272727273,73.77852272727273,66.40512396694216,64.04563636363638,38.09127272727274,77.0228181818182,68.37136363636364,57.55704545454546,68.37136363636364
381,car,honda,amaze,petrol,2017,chennai,30000,30827,1,1,1,0,0,0,1,0,0,0,0,0,0,0,5099,1,55.413514985681566,33.363510898043955,2237.431825451829,1.545976919349219,74.23619318181818,73.18527272727273,73.18527272727273,64.7779090909091,70.59839160839161,71.98422077922079,74.23619318181818,74.23619318181818,67.07082644628099,64.7779090909091,39.55581818181818,77.38895454545455,68.98159090909091,58.47238636363637,68.98159090909091
382,car,honda,amaze,petrol,2017,chennai,30000,30238,1,1,1,0,0,0,1,0,0,0,0,0,0,0,5189,1,55.413514985681566,33.363510898043955,2237.431825451829,1.545976919349219,74.53738636363636,73.50654545454546,73.50654545454546,65.25981818181819,70.96909090909091,72.32844155844157,74.53738636363636,74.53738636363636,67.50892561983471,65.25981818181819,40.519636363636366,77.6299090909091,69.38318181818182,59.07477272727273,69.38318181818182
383,car,honda,amaze,petrol,2017,chennai,30000,30278,1,1,1,0,0,0,1,0,0,0,0,0,0,0,5149,1,55.413514985681566,33.363510898043955,2237.431825451829,1.545976919349219,74.51693181818182,73.48472727272728,73.48472727272728,65.22709090909092,70.94391608391608,72.30506493506493,74.51693181818182,74.51693181818182,67.47917355371901,65.22709090909092,40.45418181818182,77.61354545454546,69.3559090909091,59.03386363636364,69.3559090909091
384,car,honda,amaze,petrol,2017,chennai,40000,40279,1,1,1,0,0,1,0,1,0,1,0,0,0,0,5200,1,55.413514985681566,33.363510898043955,2237.431825451829,1.545976919349219,69.4027840909091,68.02963636363637,68.02963636363637,57.044454545454556,64.64958041958043,66.46032467532467,69.4027840909091,69.4027840909091,60.04041322314049,57.044454545454556,24.088909090909105,73.52222727272728,62.537045454545456,48.80556818181818,62.537045454545456
385,car,honda,amaze,petrol,2017,chennai,40000,40379,1,1,1,0,0,1,0,1,0,1,0,0,0,0,5199,1,55.413514985681566,33.363510898043955,2237.431825451829,1.545976919349219,69.35164772727272,67.97509090909091,67.97509090909091,56.96263636363638,64.58664335664335,66.40188311688313,69.35164772727272,69.35164772727272,59.96603305785125,56.96263636363638,23.925272727272738,73.4813181818182,62.468863636363636,48.703295454545454,62.468863636363636
386,car,honda,amaze,petrol,2017,chennai,40000,42082,1,1,1,0,0,1,0,1,0,1,0,0,0,0,5299,1,55.413514985681566,33.363510898043955,2237.431825451829,1.545976919349219,68.48079545454546,67.04618181818181,67.04618181818181,55.56927272727273,63.51482517482517,65.40662337662337,68.48079545454546,68.48079545454546,58.69933884297521,55.56927272727273,21.13854545454546,72.78463636363637,61.30772727272728,46.961590909090916,61.30772727272728
387,car,honda,amaze,petrol,2017,chennai,40000,40272,1,1,1,0,0,1,0,1,0,1,0,0,0,0,5289,1,55.413514985681566,33.363510898043955,2237.431825451829,1.545976919349219,69.40636363636365,68.03345454545455,68.03345454545455,57.05018181818181,64.65398601398601,66.46441558441559,69.40636363636365,69.40636363636365,60.045619834710756,57.05018181818181,24.100363636363642,73.5250909090909,62.54181818181819,48.81272727272727,62.54181818181819
388,car,honda,amaze,petrol,2017,chennai,40000,40733,1,1,1,0,0,1,0,1,0,1,0,0,0,0,5249,1,55.413514985681566,33.363510898043955,2237.431825451829,1.545976919349219,69.170625,67.782,67.782,56.67300000000001,64.36384615384615,66.19500000000001,69.170625,69.170625,59.70272727272728,56.67300000000001,23.346000000000007,73.33650000000002,62.2275,48.34125000000001,62.2275
389,car,honda,amaze,petrol,2017,chennai,40000,41382,1,1,1,0,0,1,0,1,0,1,0,0,0,0,5399,1,55.413514985681566,33.363510898043955,2237.431825451829,1.545976919349219,68.83875,67.428,67.428,56.14200000000001,63.95538461538462,65.8157142857143,68.83875,68.83875,59.22,56.14200000000001,22.284000000000013,73.07100000000001,61.785000000000004,47.677499999999995,61.785000000000004
390,car,honda,amaze,petrol,2017,chennai,40000,40289,1,1,1,0,0,1,0,1,0,1,0,0,0,0,5310,1,55.413514985681566,33.363510898043955,2237.431825451829,1.545976919349219,69.39767045454546,68.02418181818182,68.02418181818182,57.036272727272745,64.64328671328673,66.45448051948053,69.39767045454546,69.39767045454546,60.032975206611574,57.036272727272745,24.072545454545466,73.51813636363637,62.53022727272728,48.79534090909091,62.53022727272728
391,car,honda,amaze,petrol,2017,chennai,40000,39236,1,1,1,0,0,1,0,1,0,1,0,0,0,0,5329,1,55.413514985681566,33.363510898043955,2237.431825451829,1.545976919349219,69.93613636363636,68.59854545454546,68.59854545454546,57.89781818181818,65.30601398601398,67.06987012987014,69.93613636363636,69.93613636363636,60.81619834710744,57.89781818181818,25.79563636363637,73.94890909090908,63.24818181818181,49.87227272727273,63.24818181818181
392,car,honda,amaze,petrol,2017,chennai,40000,40722,1,1,1,0,0,1,0,1,0,1,0,0,0,0,5392,1,55.413514985681566,33.363510898043955,2237.431825451829,1.545976919349219,69.17625,67.788,67.788,56.682,64.37076923076924,66.20142857142856,69.17625,69.17625,59.710909090909105,56.682,23.364000000000004,73.341,62.23500000000001,48.3525,62.23500000000001
393,car,honda,amaze,petrol,2017,chennai,40000,40283,1,1,1,0,0,1,0,1,0,1,0,0,0,0,5374,1,55.413514985681566,33.363510898043955,2237.431825451829,1.545976919349219,69.40073863636364,68.02745454545456,68.02745454545456,57.04118181818182,64.64706293706294,66.457987012987,69.40073863636364,69.40073863636364,60.03743801652893,57.04118181818182,24.08236363636364,73.52059090909091,62.534318181818186,48.80147727272727,62.534318181818186
394,car,honda,amaze,petrol,2017,chennai,40000,40287,1,1,1,0,0,1,0,1,0,1,0,0,0,0,5399,1,55.413514985681566,33.363510898043955,2237.431825451829,1.545976919349219,69.39869318181819,68.02527272727272,68.02527272727272,57.03790909090909,64.64454545454545,66.45564935064935,69.39869318181819,69.39869318181819,60.03446280991736,57.03790909090909,24.075818181818196,73.51895454545455,62.531590909090916,48.797386363636356,62.531590909090916
395,car,honda,amaze,petrol,2017,chennai,40000,39723,1,1,1,0,0,1,0,1,0,1,0,0,0,0,5319,1,55.413514985681566,33.363510898043955,2237.431825451829,1.545976919349219,69.68710227272729,68.33290909090908,68.33290909090908,57.49936363636364,64.99951048951048,66.78525974025975,69.68710227272729,69.68710227272729,60.45396694214877,57.49936363636364,24.99872727272728,73.74968181818183,62.91613636363636,49.37420454545455,62.91613636363636
396,car,honda,amaze,petrol,2017,chennai,40000,41372,1,1,1,0,0,1,0,1,0,1,0,0,0,0,5378,1,55.413514985681566,33.363510898043955,2237.431825451829,1.545976919349219,68.84386363636365,67.43345454545454,67.43345454545454,56.15018181818183,63.96167832167833,65.82155844155845,68.84386363636365,68.84386363636365,59.22743801652893,56.15018181818183,22.30036363636365,73.0750909090909,61.79181818181818,47.68772727272728,61.79181818181818
397,car,honda,amaze,petrol,2017,chennai,40000,40427,1,1,1,0,0,1,0,1,0,1,0,0,0,0,5400,1,55.413514985681566,33.363510898043955,2237.431825451829,1.545976919349219,69.32710227272727,67.9489090909091,67.9489090909091,56.923363636363646,64.55643356643357,66.37383116883117,69.32710227272727,69.32710227272727,59.930330578512404,56.923363636363646,23.846727272727286,73.46168181818182,62.436136363636365,48.654204545454554,62.436136363636365
398,car,honda,amaze,petrol,2017,chennai,40000,40282,1,1,1,0,0,1,0,1,0,1,0,0,0,0,5789,1,55.413514985681566,33.363510898043955,2237.431825451829,1.545976919349219,69.40125000000002,68.028,68.028,57.042,64.64769230769231,66.45857142857143,69.40125000000002,69.40125000000002,60.038181818181826,57.042,24.084000000000007,73.521,62.53500000000002,48.8025,62.53500000000002
399,car,honda,amaze,petrol,2017,chennai,40000,40797,1,1,1,0,0,1,0,1,0,1,0,0,0,0,5699,1,55.413514985681566,33.363510898043955,2237.431825451829,1.545976919349219,69.13789772727273,67.74709090909091,67.74709090909091,56.62063636363637,64.32356643356643,66.1575974025974,69.13789772727273,69.13789772727273,59.655123966942156,56.62063636363637,23.241272727272733,73.31031818181819,62.18386363636364,48.27579545454546,62.18386363636364
400,car,honda,amaze,petrol,2017,chennai,40000,40775,1,1,1,0,0,1,0,1,0,1,0,0,0,0,5719,1,55.413514985681566,33.363510898043955,2237.431825451829,1.545976919349219,69.14914772727272,67.75909090909092,67.75909090909092,56.63863636363637,64.33741258741259,66.17045454545455,69.14914772727272,69.14914772727272,59.67148760330578,56.63863636363637,23.27727272727274,73.31931818181819,62.19886363636364,48.29829545454545,62.19886363636364
401,car,honda,amaze,petrol,2017,chennai,40000,40487,1,1,1,0,0,1,0,1,0,1,0,0,0,0,5723,1,55.413514985681566,33.363510898043955,2237.431825451829,1.545976919349219,69.29642045454545,67.91618181818183,67.91618181818183,56.87427272727274,64.51867132867133,66.33876623376624,69.29642045454545,69.29642045454545,59.88570247933885,56.87427272727274,23.748545454545464,73.43713636363637,62.395227272727276,48.59284090909091,62.395227272727276
402,car,honda,amaze,petrol,2017,chennai,40000,40795,1,1,1,0,0,1,0,1,0,1,0,0,0,0,5800,1,55.413514985681566,33.363510898043955,2237.431825451829,1.545976919349219,69.13892045454546,67.74818181818182,67.74818181818182,56.62227272727272,64.32482517482518,66.15876623376624,69.13892045454546,69.13892045454546,59.65661157024794,56.62227272727272,23.24454545454546,73.31113636363636,62.185227272727275,48.27784090909091,62.185227272727275
403,car,honda,amaze,petrol,2017,chennai,40000,40479,1,1,1,0,0,1,0,1,0,1,0,0,0,0,5749,1,55.413514985681566,33.363510898043955,2237.431825451829,1.545976919349219,69.30051136363636,67.92054545454546,67.92054545454546,56.880818181818185,64.5237062937063,66.34344155844157,69.30051136363636,69.30051136363636,59.89165289256199,56.880818181818185,23.761636363636374,73.4404090909091,62.400681818181816,48.601022727272735,62.400681818181816
404,car,honda,amaze,petrol,2017,chennai,50000,50392,1,1,1,0,0,0,0,0,0,0,0,0,0,0,4560,1,55.413514985681566,33.363510898043955,2237.431825451829,1.545976919349219,64.23136363636364,62.51345454545454,62.51345454545454,48.77018181818183,58.28475524475525,60.550129870129865,64.23136363636364,64.23136363636364,52.518347107438025,48.77018181818183,7.540363636363646,69.3850909090909,55.64181818181819,38.46272727272728,55.64181818181819
405,car,honda,amaze,petrol,2017,chennai,50000,52100,1,1,1,0,0,0,0,0,0,0,0,0,0,0,4600,1,55.413514985681566,33.363510898043955,2237.431825451829,1.545976919349219,63.35795454545454,61.58181818181819,61.58181818181819,47.372727272727275,57.209790209790214,59.551948051948045,63.35795454545454,63.35795454545454,51.24793388429753,47.372727272727275,4.745454545454556,68.68636363636364,54.47727272727272,36.71590909090909,54.47727272727272
406,car,honda,amaze,petrol,2017,chennai,50000,51023,1,1,1,0,0,0,0,0,0,0,0,0,0,0,4599,1,55.413514985681566,33.363510898043955,2237.431825451829,1.545976919349219,63.90869318181817,62.16927272727273,62.16927272727273,48.2539090909091,57.88762237762238,60.18136363636363,63.90869318181817,63.90869318181817,52.04900826446281,48.2539090909091,6.507818181818189,69.12695454545455,55.21159090909091,37.81738636363636,55.21159090909091
407,car,honda,amaze,petrol,2017,chennai,50000,53909,1,1,1,0,0,0,0,0,0,0,0,0,0,0,4589,1,55.413514985681566,33.363510898043955,2237.431825451829,1.545976919349219,62.43289772727273,60.5950909090909,60.5950909090909,45.89263636363638,56.071258741258745,58.49474025974026,62.43289772727273,62.43289772727273,49.90239669421488,45.89263636363638,1.7852727272727387,67.94631818181819,53.24386363636364,34.86579545454545,53.24386363636364
408,car,honda,amaze,petrol,2017,chennai,50000,54098,1,1,1,0,0,0,0,0,0,0,0,0,0,0,4579,1,55.413514985681566,33.363510898043955,2237.431825451829,1.545976919349219,62.33625000000001,60.492000000000004,60.492000000000004,45.738,55.952307692307706,58.38428571428571,62.33625000000001,62.33625000000001,49.76181818181819,45.738,1.4760000000000073,67.869,53.11500000000001,34.6725,53.11500000000001
409,car,honda,amaze,petrol,2017,chennai,50000,50438,1,1,1,0,0,0,0,0,0,0,0,0,0,0,4569,1,55.413514985681566,33.363510898043955,2237.431825451829,1.545976919349219,64.20784090909092,62.488363636363644,62.488363636363644,48.732545454545466,58.255804195804195,60.52324675324676,64.20784090909092,64.20784090909092,52.48413223140496,48.732545454545466,7.465090909090919,69.36627272727273,55.61045454545454,38.415681818181824,55.61045454545454
410,car,honda,amaze,petrol,2017,chennai,50000,51832,1,1,1,0,0,0,0,0,0,0,0,0,0,0,4559,1,55.413514985681566,33.363510898043955,2237.431825451829,1.545976919349219,63.495,61.727999999999994,61.727999999999994,47.592000000000006,57.37846153846154,59.70857142857143,63.495,63.495,51.44727272727273,47.592000000000006,5.184000000000009,68.796,54.66,36.99,54.66
411,car,honda,amaze,petrol,2017,chennai,50000,49732,1,1,1,0,0,0,0,0,0,0,0,0,0,0,4579,1,55.413514985681566,33.363510898043955,2237.431825451829,1.545976919349219,64.56886363636364,62.873454545454535,62.873454545454535,49.31018181818183,58.70013986013986,60.935844155844165,64.56886363636364,64.56886363636364,53.00925619834711,49.31018181818183,8.620363636363647,69.65509090909092,56.091818181818184,39.137727272727275,56.091818181818184
412,car,honda,amaze,petrol,2017,chennai,50000,49028,1,1,1,0,0,0,0,0,0,0,0,1,0,0,4584,1,55.413514985681566,33.363510898043955,2237.431825451829,1.545976919349219,64.92886363636364,63.25745454545454,63.25745454545454,49.886181818181825,59.14321678321678,61.347272727272724,64.92886363636364,64.92886363636364,53.53289256198348,49.886181818181825,9.77236363636365,69.94309090909091,56.57181818181819,39.85772727272727,56.57181818181819
413,car,honda,amaze,petrol,2017,chennai,50000,50373,1,1,1,0,0,0,0,0,0,0,0,1,0,0,4597,1,55.413514985681566,33.363510898043955,2237.431825451829,1.545976919349219,64.24107954545454,62.52381818181818,62.52381818181818,48.78572727272728,58.296713286713285,60.56123376623377,64.24107954545454,64.24107954545454,52.53247933884298,48.78572727272728,7.5714545454545545,69.39286363636364,55.65477272727272,38.48215909090909,55.65477272727272
414,car,honda,amaze,petrol,2017,chennai,50000,50342,1,1,1,0,0,0,0,0,0,0,0,1,0,0,4573,1,55.413514985681566,33.363510898043955,2237.431825451829,1.545976919349219,64.25693181818181,62.54072727272727,62.54072727272727,48.81109090909092,58.31622377622378,60.579350649350644,64.25693181818181,64.25693181818181,52.55553719008265,48.81109090909092,7.622181818181834,69.40554545454546,55.67590909090909,38.51386363636363,55.67590909090909
415,car,honda,amaze,petrol,2017,chennai,50000,50384,1,1,1,0,0,0,0,0,0,0,0,1,0,0,4586,1,55.413514985681566,33.363510898043955,2237.431825451829,1.545976919349219,64.23545454545454,62.517818181818186,62.517818181818186,48.77672727272728,58.289790209790205,60.55480519480519,64.23545454545454,64.23545454545454,52.52429752066116,48.77672727272728,7.5534545454545565,69.38836363636364,55.647272727272735,38.47090909090909,55.647272727272735
416,car,honda,amaze,petrol,2017,chennai,50000,50878,1,1,1,0,0,0,0,0,0,0,0,1,0,0,4588,1,55.413514985681566,33.363510898043955,2237.431825451829,1.545976919349219,63.98284090909091,62.24836363636364,62.24836363636364,48.37254545454546,57.97888111888112,60.26610389610389,63.98284090909091,63.98284090909091,52.156859504132235,48.37254545454546,6.745090909090918,69.18627272727274,55.310454545454554,37.96568181818182,55.310454545454554
417,car,honda,amaze,petrol,2017,chennai,50000,50754,1,1,1,0,0,0,0,0,0,0,0,1,0,0,4799,1,55.413514985681566,33.363510898043955,2237.431825451829,1.545976919349219,64.04625,62.315999999999995,62.315999999999995,48.474000000000004,58.05692307692308,60.338571428571434,64.04625,64.04625,52.24909090909092,48.474000000000004,6.948000000000015,69.23700000000001,55.394999999999996,38.0925,55.394999999999996
418,car,honda,amaze,petrol,2017,chennai,50000,51437,1,1,1,0,0,0,0,0,0,0,0,1,0,0,4789,1,55.413514985681566,33.363510898043955,2237.431825451829,1.545976919349219,63.69698863636363,61.94345454545455,61.94345454545455,47.91518181818182,57.62706293706294,59.93941558441559,63.69698863636363,63.69698863636363,51.741074380165294,47.91518181818182,5.830363636363645,68.95759090909091,54.92931818181818,37.39397727272727,54.92931818181818
419,car,honda,amaze,petrol,2017,chennai,50000,50347,1,1,1,0,1,0,0,0,0,0,0,1,0,0,4800,1,55.413514985681566,33.363510898043955,2237.431825451829,1.545976919349219,64.254375,62.53800000000001,62.53800000000001,48.807,58.31307692307692,60.576428571428565,64.254375,64.254375,52.551818181818184,48.807,7.6140000000000105,69.4035,55.67249999999999,38.50875,55.67249999999999
420,car,honda,amaze,petrol,2017,chennai,50000,50354,1,1,1,0,1,0,0,0,0,0,0,1,0,0,4796,1,55.413514985681566,33.363510898043955,2237.431825451829,1.545976919349219,64.25079545454545,62.53418181818181,62.53418181818181,48.801272727272725,58.30867132867133,60.572337662337674,64.25079545454545,64.25079545454545,52.54661157024794,48.801272727272725,7.602545454545463,69.40063636363637,55.66772727272728,38.501590909090915,55.66772727272728
421,car,honda,amaze,petrol,2017,chennai,50000,50578,1,1,1,0,0,0,0,0,0,0,0,1,0,0,5899,1,55.413514985681566,33.363510898043955,2237.431825451829,1.545976919349219,64.13625,62.412,62.412,48.618,58.16769230769231,60.441428571428574,64.13625,64.13625,52.38000000000001,48.618,7.236000000000012,69.30900000000001,55.51500000000001,38.2725,55.51500000000001
422,car,honda,amaze,petrol,2017,chennai,50000,50896,1,1,1,0,1,0,0,0,0,0,0,1,0,0,5799,1,55.413514985681566,33.363510898043955,2237.431825451829,1.545976919349219,63.97363636363636,62.23854545454546,62.23854545454546,48.35781818181819,57.967552447552436,60.25558441558441,63.97363636363636,63.97363636363636,52.14347107438018,48.35781818181819,6.7156363636363725,69.1789090909091,55.298181818181824,37.947272727272725,55.298181818181824
423,car,honda,amaze,petrol,2017,chennai,50000,50373,1,1,1,0,0,0,0,0,0,0,0,1,0,0,5749,1,55.413514985681566,33.363510898043955,2237.431825451829,1.545976919349219,64.24107954545454,62.52381818181818,62.52381818181818,48.78572727272728,58.296713286713285,60.56123376623377,64.24107954545454,64.24107954545454,52.53247933884298,48.78572727272728,7.5714545454545545,69.39286363636364,55.65477272727272,38.48215909090909,55.65477272727272
424,car,honda,amaze,petrol,2017,chennai,60000,60292,1,1,1,0,0,1,0,0,1,0,1,1,1,0,6890,1,55.413514985681566,33.363510898043955,2237.431825451829,1.545976919349219,59.168863636363646,57.113454545454545,57.113454545454545,40.670181818181824,52.05398601398601,54.76441558441558,59.168863636363646,59.168863636363646,45.154710743801665,40.670181818181824,0.0,65.33509090909091,48.89181818181819,28.33772727272727,48.89181818181819
425,car,honda,amaze,petrol,2017,chennai,60000,60383,1,1,1,0,0,1,0,0,1,0,1,1,1,0,6899,1,55.413514985681566,33.363510898043955,2237.431825451829,1.545976919349219,59.12232954545454,57.063818181818185,57.063818181818185,40.59572727272728,51.99671328671329,54.71123376623376,59.12232954545454,59.12232954545454,45.08702479338844,40.59572727272728,0.0,65.29786363636364,48.82977272727274,28.244659090909092,48.82977272727274
426,car,honda,amaze,petrol,2017,chennai,60000,60437,1,1,1,0,0,1,0,0,1,0,1,1,1,0,6800,1,55.413514985681566,33.363510898043955,2237.431825451829,1.545976919349219,59.09471590909092,57.03436363636364,57.03436363636364,40.55154545454546,51.962727272727264,54.67967532467532,59.09471590909092,59.09471590909092,45.04685950413224,40.55154545454546,0.0,65.27577272727274,48.79295454545454,28.18943181818182,48.79295454545454
427,car,honda,amaze,petrol,2017,chennai,60000,60232,1,1,1,0,0,1,0,0,1,0,1,1,1,0,6799,1,55.413514985681566,33.363510898043955,2237.431825451829,1.545976919349219,59.19954545454546,57.14618181818182,57.14618181818182,40.71927272727274,52.09174825174826,54.79948051948051,59.19954545454546,59.19954545454546,45.19933884297521,40.71927272727274,0.0,65.35963636363637,48.93272727272727,28.399090909090912,48.93272727272727
428,car,honda,amaze,petrol,2017,chennai,60000,60383,1,1,1,0,0,1,0,0,1,0,1,1,1,0,6820,1,55.413514985681566,33.363510898043955,2237.431825451829,1.545976919349219,59.12232954545454,57.063818181818185,57.063818181818185,40.59572727272728,51.99671328671329,54.71123376623376,59.12232954545454,59.12232954545454,45.08702479338844,40.59572727272728,0.0,65.29786363636364,48.82977272727274,28.244659090909092,48.82977272727274
429,car,honda,amaze,petrol,2017,chennai,60000,60332,1,1,1,0,0,1,0,0,1,0,1,1,1,0,6830,1,55.413514985681566,33.363510898043955,2237.431825451829,1.545976919349219,59.14840909090909,57.09163636363636,57.09163636363636,40.63745454545455,52.02881118881118,54.74103896103896,59.14840909090909,59.14840909090909,45.124958677685946,40.63745454545455,0.0,65.31872727272727,48.86454545454546,28.29681818181818,48.86454545454546
430,car,honda,amaze,petrol,2017,chennai,60000,60427,1,1,1,0,0,1,0,0,1,0,1,1,1,0,6859,1,55.413514985681566,33.363510898043955,2237.431825451829,1.545976919349219,59.099829545454554,57.03981818181819,57.03981818181819,40.55972727272729,51.969020979020975,54.68551948051948,59.099829545454554,59.099829545454554,45.05429752066116,40.55972727272729,0.0,65.27986363636364,48.799772727272725,28.199659090909094,48.799772727272725
431,car,honda,amaze,petrol,2017,chennai,60000,60349,1,1,1,0,0,1,0,0,1,0,1,1,1,0,6849,1,55.413514985681566,33.363510898043955,2237.431825451829,1.545976919349219,59.13971590909092,57.08236363636364,57.08236363636364,40.623545454545464,52.01811188811189,54.7311038961039,59.13971590909092,59.13971590909092,45.112314049586786,40.623545454545464,0.0,65.31177272727274,48.852954545454544,28.279431818181823,48.852954545454544
432,car,honda,amaze,petrol,2017,chennai,60000,60374,1,1,1,0,0,1,0,0,1,0,1,0,1,0,6900,1,55.413514985681566,33.363510898043955,2237.431825451829,1.545976919349219,59.12693181818181,57.06872727272728,57.06872727272728,40.603090909090916,52.00237762237762,54.716493506493514,59.12693181818181,59.12693181818181,45.093719008264465,40.603090909090916,0.0,65.30154545454546,48.8359090909091,28.253863636363636,48.8359090909091
433,car,honda,amaze,petrol,2017,chennai,60000,60694,1,1,1,0,0,1,0,0,1,0,1,0,1,0,6888,1,55.413514985681566,33.363510898043955,2237.431825451829,1.545976919349219,58.96329545454546,56.89418181818181,56.89418181818181,40.34127272727273,51.80097902097902,54.52948051948052,58.96329545454546,58.96329545454546,44.855702479338845,40.34127272727273,0.0,65.17063636363638,48.61772727272728,27.926590909090915,48.61772727272728
434,car,honda,amaze,petrol,2017,chennai,60000,61379,1,1,1,0,0,1,0,0,1,0,1,0,1,0,6789,1,55.413514985681566,33.363510898043955,2237.431825451829,1.545976919349219,58.61301136363637,56.52054545454546,56.52054545454546,39.78081818181819,51.36986013986014,54.12915584415585,58.61301136363637,58.61301136363637,44.346198347107446,39.78081818181819,0.0,64.8904090909091,48.150681818181816,27.22602272727273,48.150681818181816
435,car,honda,amaze,petrol,2017,chennai,60000,59262,1,1,1,0,0,1,0,0,1,0,1,0,1,0,6839,1,55.413514985681566,33.363510898043955,2237.431825451829,1.545976919349219,59.69556818181818,57.67527272727273,57.67527272727273,41.51290909090909,52.70223776223776,55.36636363636364,59.69556818181818,59.69556818181818,45.920826446281005,41.51290909090909,0.0,65.75645454545455,49.594090909090916,29.391136363636363,49.594090909090916
436,car,honda,amaze,petrol,2017,chennai,60000,60347,1,1,1,0,0,1,0,0,1,0,1,0,1,0,6949,1,55.413514985681566,33.363510898043955,2237.431825451829,1.545976919349219,59.14073863636364,57.08345454545455,57.08345454545455,40.62518181818183,52.019370629370634,54.732272727272736,59.14073863636364,59.14073863636364,45.11380165289257,40.62518181818183,0.0,65.31259090909091,48.85431818181818,28.281477272727273,48.85431818181818
437,car,honda,amaze,petrol,2017,chennai,60000,60544,1,1,1,0,0,1,0,0,1,0,1,0,1,0,6899,1,55.413514985681566,33.363510898043955,2237.431825451829,1.545976919349219,59.040000000000006,56.976,56.976,40.464000000000006,51.895384615384614,54.61714285714286,59.040000000000006,59.040000000000006,44.967272727272736,40.464000000000006,0.0,65.23200000000001,48.72,28.080000000000005,48.72
438,car,honda,amaze,petrol,2017,chennai,60000,61322,1,1,1,0,0,1,0,0,1,0,1,0,1,0,6890,1,55.413514985681566,33.363510898043955,2237.431825451829,1.545976919349219,58.64215909090909,56.55163636363636,56.55163636363636,39.82745454545455,51.40573426573427,54.16246753246753,58.64215909090909,58.64215909090909,44.388595041322326,39.82745454545455,0.0,64.91372727272729,48.18954545454546,27.28431818181818,48.18954545454546
439,car,honda,amaze,petrol,2017,chennai,60000,60548,1,1,1,0,0,1,1,0,1,0,1,0,1,0,6910,1,55.413514985681566,33.363510898043955,2237.431825451829,1.545976919349219,59.037954545454554,56.973818181818174,56.973818181818174,40.460727272727276,51.89286713286714,54.61480519480519,59.037954545454554,59.037954545454554,44.96429752066116,40.460727272727276,0.0,65.23036363636365,48.71727272727272,28.075909090909093,48.71727272727272
440,car,honda,amaze,petrol,2017,chennai,60000,62289,1,1,1,0,0,1,1,0,1,0,1,0,1,0,6999,1,55.413514985681566,33.363510898043955,2237.431825451829,1.545976919349219,58.147670454545455,56.02418181818182,56.02418181818182,39.03627272727274,50.797132867132866,53.59733766233766,58.147670454545455,58.147670454545455,43.669338842975215,39.03627272727274,0.0,64.51813636363637,47.53022727272727,26.295340909090907,47.53022727272727
441,car,honda,amaze,petrol,2017,chennai,60000,60343,1,1,1,0,0,1,1,0,1,0,1,0,1,0,6989,1,55.413514985681566,33.363510898043955,2237.431825451829,1.545976919349219,59.142784090909096,57.08563636363636,57.08563636363636,40.62845454545455,52.02188811188812,54.734610389610395,59.142784090909096,59.142784090909096,45.116776859504135,40.62845454545455,0.0,65.31422727272728,48.85704545454546,28.285568181818185,48.85704545454546
442,car,honda,amaze,petrol,2017,chennai,60000,60437,1,1,1,0,0,1,1,0,1,0,1,0,1,0,6900,1,55.413514985681566,33.363510898043955,2237.431825451829,1.545976919349219,59.09471590909092,57.03436363636364,57.03436363636364,40.55154545454546,51.962727272727264,54.67967532467532,59.09471590909092,59.09471590909092,45.04685950413224,40.55154545454546,0.0,65.27577272727274,48.79295454545454,28.18943181818182,48.79295454545454
443,car,honda,amaze,petrol,2017,chennai,60000,60353,1,1,1,0,0,1,0,0,1,0,1,0,1,0,6910,1,55.413514985681566,33.363510898043955,2237.431825451829,1.545976919349219,59.13767045454545,57.08018181818181,57.08018181818181,40.62027272727274,52.0155944055944,54.728766233766244,59.13767045454545,59.13767045454545,45.10933884297522,40.62027272727274,0.0,65.31013636363636,48.85022727272728,28.27534090909091,48.85022727272728
444,car,honda,amaze,petrol,2017,chennai,70000,70347,1,1,1,0,0,0,0,0,0,0,0,0,0,0,1499,1,55.413514985681566,33.363510898043955,2237.431825451829,1.545976919349219,54.02710227272728,51.62890909090909,51.62890909090909,32.44336363636364,45.725664335664334,48.88811688311688,54.02710227272728,54.02710227272728,37.675785123966946,32.44336363636364,0.0,61.22168181818183,42.03613636363636,18.054204545454546,42.03613636363636
445,car,honda,amaze,petrol,2017,chennai,70000,70547,1,1,1,0,1,0,0,0,0,0,0,0,0,0,1469,1,55.413514985681566,33.363510898043955,2237.431825451829,1.545976919349219,53.92482954545455,51.51981818181818,51.51981818181818,32.27972727272728,45.599790209790214,48.77123376623377,53.92482954545455,53.92482954545455,37.527024793388435,32.27972727272728,0.0,61.13986363636364,41.899772727272726,17.849659090909096,41.899772727272726
446,car,honda,amaze,petrol,2017,chennai,70000,70483,1,1,1,0,1,0,0,0,0,0,0,0,0,0,1450,1,55.413514985681566,33.363510898043955,2237.431825451829,1.545976919349219,53.95755681818182,51.55472727272727,51.55472727272727,32.33209090909092,45.640069930069934,48.80863636363637,53.95755681818182,53.95755681818182,37.574628099173566,32.33209090909092,0.0,61.16604545454546,41.9434090909091,17.91511363636364,41.9434090909091
447,car,honda,amaze,petrol,2017,chennai,70000,70785,1,1,1,0,1,0,0,0,0,0,0,0,0,0,1479,1,55.413514985681566,33.363510898043955,2237.431825451829,1.545976919349219,53.80312500000001,51.38999999999999,51.38999999999999,32.08500000000001,45.45,48.63214285714286,53.80312500000001,53.80312500000001,37.35,32.08500000000001,0.0,61.042500000000004,41.737500000000004,17.606250000000003,41.737500000000004
448,car,honda,amaze,petrol,2017,chennai,70000,71032,1,1,1,0,1,0,0,0,0,0,0,0,0,0,1497,1,55.413514985681566,33.363510898043955,2237.431825451829,1.545976919349219,53.676818181818184,51.255272727272725,51.255272727272725,31.882909090909095,45.29454545454546,48.48779220779221,53.676818181818184,53.676818181818184,37.16628099173555,31.882909090909095,0.0,60.941454545454555,41.56909090909091,17.35363636363636,41.56909090909091
449,car,honda,amaze,petrol,2017,chennai,70000,71372,1,1,1,0,1,0,0,0,0,0,0,0,0,0,1500,1,55.413514985681566,33.363510898043955,2237.431825451829,1.545976919349219,53.50295454545454,51.069818181818185,51.069818181818185,31.60472727272728,45.08055944055944,48.28909090909091,53.50295454545454,53.50295454545454,36.913388429752075,31.60472727272728,0.0,60.802363636363644,41.337272727272726,17.005909090909093,41.337272727272726
450,car,honda,amaze,petrol,2017,chennai,70000,70321,1,1,1,0,1,0,0,0,0,0,0,0,0,0,1399,1,55.413514985681566,33.363510898043955,2237.431825451829,1.545976919349219,54.04039772727273,51.64309090909091,51.64309090909091,32.46463636363637,45.74202797202798,48.90331168831169,54.04039772727273,54.04039772727273,37.695123966942155,32.46463636363637,0.0,61.232318181818194,42.05386363636363,18.080795454545452,42.05386363636363
451,car,honda,amaze,petrol,2017,chennai,70000,70232,1,1,1,0,1,0,0,0,0,0,0,0,0,0,1499,1,55.413514985681566,33.363510898043955,2237.431825451829,1.545976919349219,54.0859090909091,51.69163636363637,51.69163636363637,32.53745454545456,45.798041958041956,48.955324675324675,54.0859090909091,54.0859090909091,37.7613223140496,32.53745454545456,0.0,61.26872727272729,42.11454545454546,18.171818181818182,42.11454545454546
452,car,honda,amaze,petrol,2017,chennai,70000,69322,1,1,1,0,1,0,0,0,0,0,0,0,0,0,1510,1,55.413514985681566,33.363510898043955,2237.431825451829,1.545976919349219,54.55125,52.188,52.188,33.28200000000001,46.37076923076923,49.48714285714286,54.55125,54.55125,38.438181818181825,33.28200000000001,0.0,61.64100000000001,42.735,19.102500000000006,42.735
453,car,honda,amaze,petrol,2017,chennai,70000,70237,1,1,1,0,1,0,0,0,0,0,0,0,0,0,1550,1,55.413514985681566,33.363510898043955,2237.431825451829,1.545976919349219,54.083352272727275,51.68890909090909,51.68890909090909,32.533363636363646,45.79489510489511,48.952402597402596,54.083352272727275,54.083352272727275,37.75760330578513,32.533363636363646,0.0,61.26668181818182,42.11113636363636,18.166704545454543,42.11113636363636
454,car,honda,amaze,petrol,2017,chennai,70000,70327,1,1,1,0,0,0,0,0,0,0,0,0,0,0,1523,1,55.413514985681566,33.363510898043955,2237.431825451829,1.545976919349219,54.03732954545455,51.639818181818185,51.639818181818185,32.45972727272728,45.73825174825174,48.8998051948052,54.03732954545455,54.03732954545455,37.6906611570248,32.45972727272728,0.0,61.22986363636364,42.04977272727273,18.07465909090909,42.04977272727273
455,car,honda,amaze,petrol,2017,chennai,70000,71326,1,1,1,0,0,0,0,0,0,0,0,0,0,0,1600,1,55.413514985681566,33.363510898043955,2237.431825451829,1.545976919349219,53.526477272727284,51.094909090909084,51.094909090909084,31.64236363636364,45.109510489510484,48.31597402597403,53.526477272727284,53.526477272727284,36.94760330578513,31.64236363636364,0.0,60.82118181818182,41.36863636363636,17.05295454545455,41.36863636363636
456,car,honda,amaze,petrol,2017,chennai,70000,70237,1,1,1,0,0,0,0,0,0,0,0,0,0,0,1599,1,55.413514985681566,33.363510898043955,2237.431825451829,1.545976919349219,54.083352272727275,51.68890909090909,51.68890909090909,32.533363636363646,45.79489510489511,48.952402597402596,54.083352272727275,54.083352272727275,37.75760330578513,32.533363636363646,0.0,61.26668181818182,42.11113636363636,18.166704545454543,42.11113636363636
457,car,honda,amaze,petrol,2017,chennai,70000,70895,1,1,1,0,0,0,0,0,0,0,0,0,0,0,1610,1,55.413514985681566,33.363510898043955,2237.431825451829,1.545976919349219,53.746875,51.330000000000005,51.330000000000005,31.995000000000005,45.38076923076923,48.567857142857136,53.746875,53.746875,37.26818181818183,31.995000000000005,0.0,60.99750000000001,41.6625,17.49375,41.6625
458,car,honda,amaze,petrol,2017,chennai,70000,69923,1,1,1,0,0,0,0,0,0,0,0,0,0,0,1620,1,55.413514985681566,33.363510898043955,2237.431825451829,1.545976919349219,54.24392045454546,51.86018181818182,51.86018181818182,32.79027272727273,45.99251748251748,49.13590909090909,54.24392045454546,54.24392045454546,37.991157024793395,32.79027272727273,0.0,61.39513636363637,42.32522727272727,18.48784090909091,42.32522727272727
459,car,honda,amaze,petrol,2017,chennai,70000,69090,1,1,1,0,0,0,0,1,0,1,0,0,0,0,1623,1,55.413514985681566,33.363510898043955,2237.431825451829,1.545976919349219,54.669886363636365,52.31454545454545,52.31454545454545,33.471818181818186,46.51678321678322,49.622727272727275,54.669886363636365,54.669886363636365,38.6107438016529,33.471818181818186,0.0,61.73590909090909,42.893181818181816,19.339772727272724,42.893181818181816
460,car,honda,amaze,petrol,2017,chennai,70000,70327,1,1,1,0,0,0,0,1,0,1,0,0,0,0,1799,1,55.413514985681566,33.363510898043955,2237.431825451829,1.545976919349219,54.03732954545455,51.639818181818185,51.639818181818185,32.45972727272728,45.73825174825174,48.8998051948052,54.03732954545455,54.03732954545455,37.6906611570248,32.45972727272728,0.0,61.22986363636364,42.04977272727273,18.07465909090909,42.04977272727273
461,car,honda,amaze,petrol,2017,chennai,70000,70328,1,1,1,0,0,0,0,1,0,1,0,0,0,0,1800,1,55.413514985681566,33.363510898043955,2237.431825451829,1.545976919349219,54.036818181818184,51.63927272727273,51.63927272727273,32.4589090909091,45.73762237762237,48.899220779220784,54.036818181818184,54.036818181818184,37.68991735537192,32.4589090909091,0.0,61.229454545454544,42.04909090909091,18.07363636363636,42.04909090909091
462,car,honda,amaze,petrol,2017,chennai,70000,70685,1,1,1,0,0,0,0,1,0,0,0,0,0,0,1899,1,55.413514985681566,33.363510898043955,2237.431825451829,1.545976919349219,53.85426136363636,51.44454545454546,51.44454545454546,32.16681818181819,45.51293706293706,48.69058441558442,53.85426136363636,53.85426136363636,37.42438016528927,32.16681818181819,0.0,61.08340909090909,41.80568181818182,17.70852272727273,41.80568181818182
463,car,honda,amaze,petrol,2017,chennai,70000,70745,1,1,1,0,0,0,0,0,0,0,0,0,0,0,1910,1,55.413514985681566,33.363510898043955,2237.431825451829,1.545976919349219,53.82357954545455,51.411818181818184,51.411818181818184,32.117727272727286,45.47517482517483,48.65551948051949,53.82357954545455,53.82357954545455,37.37975206611571,32.117727272727286,0.0,61.058863636363654,41.764772727272735,17.64715909090909,41.764772727272735
464,car,honda,amaze,petrol,2017,chennai,80000,82028,1,1,1,0,0,1,1,1,0,0,0,0,0,0,5399,1,55.413514985681566,33.363510898043955,2237.431825451829,1.545976919349219,48.053863636363644,45.25745454545454,45.25745454545454,22.886181818181832,38.37398601398601,42.06155844155845,48.053863636363644,48.053863636363644,28.98743801652893,22.886181818181832,0.0,56.44309090909092,34.07181818181819,6.107727272727272,34.07181818181819
465,car,honda,amaze,petrol,2017,chennai,80000,84722,1,1,1,0,0,1,1,1,0,0,0,0,0,0,5319,1,55.413514985681566,33.363510898043955,2237.431825451829,1.545976919349219,46.676249999999996,43.788000000000004,43.788000000000004,20.68200000000001,36.67846153846154,40.48714285714286,46.676249999999996,46.676249999999996,26.983636363636368,20.68200000000001,0.0,55.341,32.235,3.3525000000000005,32.235
466,car,honda,amaze,petrol,2017,chennai,80000,88431,1,1,1,0,0,1,1,1,0,0,0,0,0,0,5378,1,55.413514985681566,33.363510898043955,2237.431825451829,1.545976919349219,44.77960227272727,41.76490909090909,41.76490909090909,17.647363636363643,34.34412587412588,38.319545454545455,44.77960227272727,44.77960227272727,24.22487603305786,17.647363636363643,0.0,53.82368181818182,29.70613636363637,0.0,29.70613636363637
467,car,honda,amaze,petrol,2017,chennai,80000,86222,1,1,1,0,0,1,1,1,0,0,0,0,0,0,5400,1,55.413514985681566,33.363510898043955,2237.431825451829,1.545976919349219,45.90920454545454,42.969818181818184,42.969818181818184,19.45472727272728,35.7344055944056,39.61051948051948,45.90920454545454,45.90920454545454,25.86793388429753,19.45472727272728,0.0,54.727363636363634,31.212272727272726,1.8184090909090878,31.212272727272726
468,car,honda,amaze,petrol,2017,chennai,80000,89233,1,1,1,0,0,1,1,1,0,1,0,0,0,0,5789,1,55.413514985681566,33.363510898043955,2237.431825451829,1.545976919349219,44.369488636363634,41.32745454545454,41.32745454545454,16.991181818181833,33.83937062937063,37.85084415584416,44.369488636363634,44.369488636363634,23.628347107438028,16.991181818181833,0.0,53.495590909090915,29.159318181818183,0.0,29.159318181818183
469,car,honda,amaze,petrol,2017,chennai,80000,81362,1,1,1,0,0,1,1,1,0,1,0,0,0,0,5699,1,55.413514985681566,33.363510898043955,2237.431825451829,1.545976919349219,48.39443181818183,45.620727272727265,45.620727272727265,23.43109090909092,38.79314685314686,42.450779220779225,48.39443181818183,48.39443181818183,29.482809917355382,23.43109090909092,0.0,56.71554545454546,34.525909090909096,6.788863636363639,34.525909090909096
470,car,honda,amaze,petrol,2017,chennai,80000,89237,1,1,1,0,0,1,1,1,0,0,0,0,0,0,5719,1,55.413514985681566,33.363510898043955,2237.431825451829,1.545976919349219,44.36744318181818,41.32527272727273,41.32527272727273,16.9879090909091,33.836853146853144,37.8485064935065,44.36744318181818,44.36744318181818,23.62537190082645,16.9879090909091,0.0,53.49395454545455,29.156590909090912,0.0,29.156590909090912
471,car,honda,amaze,petrol,2017,chennai,80000,85322,1,1,1,0,0,1,1,1,0,0,0,0,0,0,5723,1,55.413514985681566,33.363510898043955,2237.431825451829,1.545976919349219,46.36943181818182,43.460727272727276,43.460727272727276,20.191090909090917,36.30083916083917,40.13649350649351,46.36943181818182,46.36943181818182,26.537355371900837,20.191090909090917,0.0,55.09554545454546,31.82590909090909,2.7388636363636354,31.82590909090909
472,car,honda,amaze,petrol,2017,chennai,80000,83842,1,1,1,0,0,1,1,1,0,0,0,0,0,0,5555,1,55.413514985681566,33.363510898043955,2237.431825451829,1.545976919349219,47.12625,44.268,44.268,21.40200000000001,37.23230769230769,41.00142857142857,47.12625,47.12625,27.638181818181828,21.40200000000001,0.0,55.701,32.835,4.252500000000001,32.835
473,car,honda,amaze,petrol,2017,chennai,80000,87322,1,1,1,0,0,1,1,1,0,0,0,0,0,0,5599,1,55.413514985681566,33.363510898043955,2237.431825451829,1.545976919349219,45.34670454545454,42.36981818181819,42.36981818181819,18.55472727272728,35.0420979020979,38.96766233766234,45.34670454545454,45.34670454545454,25.049752066115705,18.55472727272728,0.0,54.277363636363646,30.462272727272726,0.6934090909090918,30.462272727272726
474,car,honda,amaze,petrol,2017,chennai,80000,80469,1,1,1,0,0,1,1,1,0,0,0,0,0,0,5499,1,55.413514985681566,33.363510898043955,2237.431825451829,1.545976919349219,48.85107954545455,46.10781818181819,46.10781818181819,24.16172727272728,39.35517482517483,42.97266233766234,48.85107954545455,48.85107954545455,30.14702479338844,24.16172727272728,0.0,57.08086363636365,35.134772727272725,7.7021590909090945,35.134772727272725
475,car,honda,amaze,petrol,2017,chennai,100000,103723,1,1,1,0,0,1,0,0,1,0,1,0,0,0,3821,1,55.413514985681566,33.363510898043955,2237.431825451829,1.545976919349219,36.95982954545455,33.423818181818184,33.423818181818184,5.135727272727289,24.71979020979021,29.38266233766234,36.95982954545455,36.95982954545455,12.850661157024799,5.135727272727289,0.0,47.56786363636364,19.279772727272732,0.0,19.279772727272732
476,car,honda,amaze,petrol,2017,chennai,100000,113244,1,1,1,0,0,0,0,0,1,0,1,0,0,0,3932,1,55.413514985681566,33.363510898043955,2237.431825451829,1.545976919349219,32.091136363636366,28.23054545454546,28.23054545454546,0.0,18.727552447552448,23.818441558441563,32.091136363636366,32.091136363636366,5.768925619834717,0.0,0.0,43.672909090909094,12.788181818181814,0.0,12.788181818181814
477,car,honda,amaze,petrol,2017,chennai,100000,127229,1,1,1,0,0,0,0,0,1,0,1,0,0,0,3829,1,55.413514985681566,33.363510898043955,2237.431825451829,1.545976919349219,24.93971590909091,20.602363636363638,20.602363636363638,0.0,9.925804195804192,15.645389610389609,24.93971590909091,24.93971590909091,0.0,0.0,0.0,37.95177272727273,3.2529545454545405,0.0,3.2529545454545405
478,car,honda,amaze,petrol,2017,chennai,100000,109931,1,1,1,0,0,0,0,0,0,0,1,0,0,0,3997,1,55.413514985681566,33.363510898043955,2237.431825451829,1.545976919349219,33.78528409090909,30.037636363636363,30.037636363636363,0.05645454545455286,20.81265734265734,25.75461038961039,33.78528409090909,33.78528409090909,8.23314049586778,0.05645454545455286,0.0,45.02822727272728,15.04704545454545,0.0,15.04704545454545
479,car,honda,amaze,petrol,2017,chennai,100000,90327,1,1,1,0,0,0,0,0,0,0,0,0,1,0,3899,1,55.413514985681566,33.363510898043955,2237.431825451829,1.545976919349219,43.81005681818182,40.73072727272727,40.73072727272727,16.09609090909092,33.15083916083916,37.211493506493504,43.81005681818182,43.81005681818182,22.81462809917356,16.09609090909092,0.0,53.04804545454545,28.413409090909088,0.0,28.413409090909088
480,car,honda,amaze,petrol,2017,chennai,100000,99323,1,1,1,0,0,0,0,0,0,0,0,0,0,0,1800,1,55.413514985681566,33.363510898043955,2237.431825451829,1.545976919349219,39.20982954545455,35.823818181818176,35.823818181818176,8.735727272727281,27.48902097902098,31.95409090909091,39.20982954545455,39.20982954545455,16.123388429752072,8.735727272727281,0.0,49.36786363636364,22.27977272727273,0.0,22.27977272727273
481,car,honda,amaze,petrol,2017,chennai,100000,93642,1,1,1,0,0,0,0,0,0,0,0,0,0,0,1899,1,55.413514985681566,33.363510898043955,2237.431825451829,1.545976919349219,42.114886363636366,38.92254545454545,38.92254545454545,13.383818181818192,31.064475524475522,35.27415584415584,42.114886363636366,42.114886363636366,20.348925619834723,13.383818181818192,0.0,51.6919090909091,26.15318181818182,0.0,26.15318181818182
482,car,honda,amaze,petrol,2017,chennai,100000,96482,1,1,1,0,0,0,0,0,0,0,0,0,0,0,1820,1,55.413514985681566,33.363510898043955,2237.431825451829,1.545976919349219,40.662613636363645,37.37345454545455,37.37345454545455,11.060181818181825,29.277062937062936,33.61441558441559,40.662613636363645,40.662613636363645,18.236528925619847,11.060181818181825,0.0,50.530090909090916,24.216818181818176,0.0,24.216818181818176
483,car,honda,jazz,diesel,2018,mumbai,10000,10923,1,1,1,0,0,0,0,0,0,0,0,0,0,0,2000,1,55.413514985681566,33.363510898043955,2237.431825451829,1.545976919349219,93.79375,93.38,93.38,90.07000000000001,92.36153846153846,92.90714285714286,93.79375,93.79375,90.97272727272727,90.07000000000001,80.14,95.035,91.725,87.58749999999999,91.725
484,car,honda,jazz,diesel,2016,mumbai,10000,10438,1,1,1,0,0,0,0,0,0,0,0,0,0,0,2348,1,55.413514985681566,33.363510898043955,2237.431825451829,1.545976919349219,94.06931818181819,93.67393939393939,93.67393939393939,90.51090909090908,92.7006993006993,93.22207792207793,94.06931818181819,94.06931818181819,91.37355371900826,90.51090909090908,81.02181818181819,95.25545454545454,92.09242424242424,88.13863636363637,92.09242424242424
485,car,honda,jazz,diesel,2016,mumbai,10000,11004,1,1,1,0,0,0,0,0,0,0,0,0,0,0,2449,1,55.413514985681566,33.363510898043955,2237.431825451829,1.545976919349219,93.74772727272727,93.33090909090909,93.33090909090909,89.99636363636364,92.3048951048951,92.85454545454546,93.74772727272727,93.74772727272727,90.90578512396694,89.99636363636364,79.99272727272728,94.99818181818182,91.66363636363637,87.49545454545455,91.66363636363637
486,car,honda,jazz,diesel,2016,mumbai,10000,10078,1,1,1,0,0,0,0,0,0,0,0,0,0,0,2399,1,55.413514985681566,33.363510898043955,2237.431825451829,1.545976919349219,94.27386363636363,93.89212121212121,93.89212121212121,90.83818181818182,92.95244755244755,93.45584415584416,94.27386363636363,94.27386363636363,91.67107438016528,90.83818181818182,81.67636363636363,95.41909090909091,92.36515151515151,88.54772727272727,92.36515151515151
487,car,honda,jazz,diesel,2016,mumbai,10000,12001,1,1,1,0,0,0,0,0,0,0,0,0,0,0,2389,1,55.413514985681566,33.363510898043955,2237.431825451829,1.545976919349219,93.18125,92.72666666666667,92.72666666666667,89.09,91.60769230769232,92.20714285714286,93.18125,93.18125,90.08181818181818,89.09,78.18,94.545,90.90833333333333,86.3625,90.90833333333333
488,car,honda,jazz,diesel,2016,mumbai,10000,10003,1,1,1,0,0,0,0,0,0,0,0,0,0,0,2310,1,55.413514985681566,33.363510898043955,2237.431825451829,1.545976919349219,94.31647727272727,93.93757575757576,93.93757575757576,90.90636363636364,93.0048951048951,93.50454545454545,94.31647727272727,94.31647727272727,91.73305785123968,90.90636363636364,81.81272727272729,95.45318181818182,92.4219696969697,88.63295454545454,92.4219696969697
489,car,honda,jazz,diesel,2016,mumbai,10000,9800,1,1,1,0,0,0,0,0,0,0,0,0,0,0,2379,1,55.413514985681566,33.363510898043955,2237.431825451829,1.545976919349219,94.43181818181819,94.06060606060606,94.06060606060606,91.0909090909091,93.14685314685315,93.63636363636364,94.43181818181819,94.43181818181819,91.90082644628099,91.0909090909091,82.18181818181817,95.54545454545455,92.57575757575758,88.86363636363637,92.57575757575758
490,car,honda,jazz,diesel,2016,mumbai,10000,10302,1,1,1,0,0,0,0,0,0,0,0,0,0,0,2369,1,55.413514985681566,33.363510898043955,2237.431825451829,1.545976919349219,94.1465909090909,93.75636363636363,93.75636363636363,90.63454545454546,92.7958041958042,93.3103896103896,94.1465909090909,94.1465909090909,91.48595041322314,90.63454545454546,81.26909090909092,95.31727272727272,92.19545454545455,88.29318181818182,92.19545454545455
491,car,honda,jazz,diesel,2016,mumbai,10000,10288,1,1,1,0,0,0,0,0,0,0,0,0,0,0,2399,1,55.413514985681566,33.363510898043955,2237.431825451829,1.545976919349219,94.15454545454546,93.76484848484849,93.76484848484849,90.64727272727274,92.8055944055944,93.3194805194805,94.15454545454546,94.15454545454546,91.49752066115703,90.64727272727274,81.29454545454547,95.32363636363637,92.2060606060606,88.30909090909091,92.2060606060606
492,car,honda,jazz,diesel,2016,mumbai,10000,10003,1,1,1,0,0,0,0,0,0,0,0,0,0,0,2469,1,55.413514985681566,33.363510898043955,2237.431825451829,1.545976919349219,94.31647727272727,93.93757575757576,93.93757575757576,90.90636363636364,93.0048951048951,93.50454545454545,94.31647727272727,94.31647727272727,91.73305785123968,90.90636363636364,81.81272727272729,95.45318181818182,92.4219696969697,88.63295454545454,92.4219696969697
493,car,honda,jazz,diesel,2016,mumbai,10000,10200,1,1,1,0,0,0,0,0,0,0,0,0,0,0,2400,1,55.413514985681566,33.363510898043955,2237.431825451829,1.545976919349219,94.20454545454545,93.81818181818183,93.81818181818183,90.72727272727272,92.86713286713287,93.37662337662339,94.20454545454545,94.20454545454545,91.5702479338843,90.72727272727272,81.45454545454545,95.36363636363636,92.27272727272727,88.4090909090909,92.27272727272727
494,car,honda,jazz,diesel,2016,mumbai,10000,11328,1,1,1,0,0,0,0,0,0,0,0,0,0,0,2349,1,55.413514985681566,33.363510898043955,2237.431825451829,1.545976919349219,93.56363636363636,93.13454545454546,93.13454545454546,89.70181818181818,92.07832167832169,92.64415584415585,93.56363636363636,93.56363636363636,90.63801652892562,89.70181818181818,79.40363636363637,94.8509090909091,91.41818181818182,87.12727272727273,91.41818181818182
495,car,honda,jazz,diesel,2016,mumbai,10000,10327,1,1,1,0,0,0,0,0,0,0,0,0,0,0,2700,1,55.413514985681566,33.363510898043955,2237.431825451829,1.545976919349219,94.13238636363637,93.74121212121213,93.74121212121213,90.61181818181818,92.77832167832167,93.29415584415585,94.13238636363637,94.13238636363637,91.46528925619835,90.61181818181818,81.22363636363636,95.3059090909091,92.17651515151515,88.26477272727273,92.17651515151515
496,car,honda,jazz,diesel,2016,mumbai,10000,10374,1,1,1,0,0,0,0,0,0,0,0,0,0,0,2689,1,55.413514985681566,33.363510898043955,2237.431825451829,1.545976919349219,94.10568181818182,93.71272727272726,93.71272727272726,90.5690909090909,92.74545454545454,93.26363636363637,94.10568181818182,94.10568181818182,91.42644628099174,90.5690909090909,81.13818181818182,95.28454545454545,92.14090909090909,88.21136363636364,92.14090909090909
497,car,honda,jazz,diesel,2016,mumbai,10000,10211,1,1,1,0,0,0,0,0,0,0,0,0,0,0,2694,1,55.413514985681566,33.363510898043955,2237.431825451829,1.545976919349219,94.19829545454546,93.81151515151515,93.81151515151515,90.71727272727273,92.85944055944056,93.36948051948052,94.19829545454546,94.19829545454546,91.56115702479339,90.71727272727273,81.43454545454546,95.35863636363636,92.26439393939394,88.39659090909092,92.26439393939394
498,car,honda,jazz,diesel,2016,mumbai,10000,10232,1,1,1,0,0,0,0,0,0,0,0,0,0,0,2800,1,55.413514985681566,33.363510898043955,2237.431825451829,1.545976919349219,94.18636363636364,93.79878787878788,93.79878787878788,90.69818181818182,92.84475524475523,93.35584415584415,94.18636363636364,94.18636363636364,91.54380165289257,90.69818181818182,81.39636363636365,95.3490909090909,92.24848484848485,88.37272727272727,92.24848484848485
499,car,honda,jazz,diesel,2016,mumbai,10000,10978,1,1,1,0,0,0,0,0,0,0,0,0,0,0,2749,1,55.413514985681566,33.363510898043955,2237.431825451829,1.545976919349219,93.7625,93.34666666666666,93.34666666666666,90.02,92.32307692307693,92.87142857142857,93.7625,93.7625,90.92727272727272,90.02,80.04,95.01,91.68333333333334,87.52499999999999,91.68333333333334
500,car,honda,jazz,diesel,2016,mumbai,10000,10759,1,1,1,0,0,0,0,0,0,0,0,0,0,0,2973,1,55.413514985681566,33.363510898043955,2237.431825451829,1.545976919349219,93.88693181818182,93.47939393939394,93.47939393939394,90.21909090909091,92.47622377622378,93.01363636363637,93.88693181818182,93.88693181818182,91.10826446280991,90.21909090909091,80.43818181818182,95.10954545454545,91.84924242424243,87.77386363636364,91.84924242424243
501,car,honda,jazz,diesel,2016,mumbai,10000,10659,1,1,1,0,0,0,0,0,0,0,0,0,0,0,2900,1,55.413514985681566,33.363510898043955,2237.431825451829,1.545976919349219,93.94375000000001,93.54,93.54,90.31,92.54615384615384,93.07857142857144,93.94375000000001,93.94375000000001,91.19090909090909,90.31,80.62,95.155,91.925,87.8875,91.925
502,car,honda,jazz,diesel,2016,mumbai,10000,9038,1,1,1,0,0,0,0,0,0,0,0,0,0,0,2949,1,55.413514985681566,33.363510898043955,2237.431825451829,1.545976919349219,94.86477272727272,94.52242424242424,94.52242424242424,91.78363636363636,93.67972027972029,94.13116883116884,94.86477272727272,94.86477272727272,92.5305785123967,91.78363636363636,83.56727272727274,95.89181818181818,93.1530303030303,89.72954545454546,93.1530303030303
503,car,honda,jazz,diesel,2016,mumbai,10000,9021,1,1,1,0,1,0,0,0,0,0,0,0,0,0,2899,1,55.413514985681566,33.363510898043955,2237.431825451829,1.545976919349219,94.87443181818182,94.53272727272727,94.53272727272727,91.7990909090909,93.6916083916084,94.14220779220778,94.87443181818182,94.87443181818182,92.54462809917355,91.7990909090909,83.59818181818181,95.89954545454546,93.1659090909091,89.74886363636364,93.1659090909091
504,car,honda,jazz,diesel,2016,mumbai,20000,20978,1,1,1,0,1,0,0,0,0,0,0,0,0,0,6534,1,55.413514985681566,33.363510898043955,2237.431825451829,1.545976919349219,88.08068181818182,87.28606060606062,87.28606060606062,80.9290909090909,85.33006993006993,86.37792207792208,88.08068181818182,88.08068181818182,82.66280991735537,80.9290909090909,61.858181818181826,90.46454545454546,84.10757575757576,76.16136363636363,84.10757575757576
505,car,honda,jazz,diesel,2016,mumbai,20000,20908,1,1,1,1,1,1,1,0,0,0,0,0,0,0,6699,1,55.413514985681566,33.363510898043955,2237.431825451829,1.545976919349219,88.12045454545454,87.32848484848486,87.32848484848486,80.99272727272727,85.37902097902098,86.42337662337663,88.12045454545454,88.12045454545454,82.7206611570248,80.99272727272727,61.985454545454544,90.49636363636364,84.16060606060606,76.2409090909091,84.16060606060606
506,car,honda,jazz,diesel,2016,mumbai,20000,21382,1,1,1,1,1,1,1,0,0,0,0,0,0,0,6589,1,55.413514985681566,33.363510898043955,2237.431825451829,1.545976919349219,87.85113636363636,87.04121212121211,87.04121212121211,80.56181818181818,85.04755244755245,86.11558441558441,87.85113636363636,87.85113636363636,82.32892561983472,80.56181818181818,61.12363636363637,90.28090909090909,83.80151515151515,75.70227272727273,83.80151515151515
507,car,honda,jazz,diesel,2016,mumbai,20000,19732,1,1,1,1,1,1,1,0,0,0,0,0,0,0,6489,1,55.413514985681566,33.363510898043955,2237.431825451829,1.545976919349219,88.78863636363636,88.04121212121213,88.04121212121213,82.06181818181818,86.20139860139861,87.18701298701299,88.78863636363636,88.78863636363636,83.69256198347108,82.06181818181818,64.12363636363636,91.03090909090909,85.05151515151515,77.57727272727273,85.05151515151515
508,car,honda,jazz,diesel,2016,mumbai,20000,20823,1,1,1,1,1,1,1,0,0,0,0,0,0,0,6599,1,55.413514985681566,33.363510898043955,2237.431825451829,1.545976919349219,88.16874999999999,87.38,87.38,81.07,85.43846153846154,86.47857142857143,88.16874999999999,88.16874999999999,82.7909090909091,81.07,62.14000000000001,90.535,84.225,76.3375,84.225
509,car,honda,jazz,diesel,2016,mumbai,20000,20373,1,1,1,1,1,1,1,0,0,0,0,0,0,0,6622,1,55.413514985681566,33.363510898043955,2237.431825451829,1.545976919349219,88.42443181818182,87.65272727272728,87.65272727272728,81.47909090909091,85.75314685314686,86.77077922077923,88.42443181818182,88.42443181818182,83.16280991735537,81.47909090909091,62.95818181818183,90.73954545454545,84.56590909090909,76.84886363636365,84.56590909090909
510,car,honda,jazz,diesel,2016,mumbai,20000,20472,1,1,1,1,1,1,1,0,0,0,0,0,0,0,6499,1,55.413514985681566,33.363510898043955,2237.431825451829,1.545976919349219,88.36818181818182,87.59272727272727,87.59272727272727,81.38909090909091,85.68391608391607,86.70649350649352,88.36818181818182,88.36818181818182,83.0809917355372,81.38909090909091,62.77818181818182,90.69454545454545,84.4909090909091,76.73636363636363,84.4909090909091
511,car,honda,jazz,diesel,2016,mumbai,20000,19236,1,1,1,1,1,1,1,0,0,0,0,0,0,0,6521,1,55.413514985681566,33.363510898043955,2237.431825451829,1.545976919349219,89.07045454545455,88.34181818181818,88.34181818181818,82.51272727272728,86.54825174825174,87.50909090909092,89.07045454545455,89.07045454545455,84.10247933884298,82.51272727272728,65.02545454545454,91.25636363636363,85.42727272727274,78.14090909090909,85.42727272727274
512,car,honda,jazz,diesel,2016,mumbai,20000,20274,1,1,1,1,1,1,1,0,0,0,0,0,0,0,6599,1,55.413514985681566,33.363510898043955,2237.431825451829,1.545976919349219,88.48068181818182,87.71272727272728,87.71272727272728,81.56909090909092,85.82237762237762,86.83506493506493,88.48068181818182,88.48068181818182,83.24462809917355,81.56909090909092,63.13818181818183,90.78454545454545,84.64090909090909,76.96136363636363,84.64090909090909
513,car,honda,jazz,diesel,2016,mumbai,20000,20768,1,1,1,1,1,1,1,0,0,0,0,0,0,0,6322,1,55.413514985681566,33.363510898043955,2237.431825451829,1.545976919349219,88.2,87.41333333333333,87.41333333333333,81.12,85.47692307692307,86.5142857142857,88.2,88.2,82.83636363636364,81.12,62.24000000000001,90.56,84.26666666666667,76.4,84.26666666666667
514,car,honda,jazz,diesel,2016,mumbai,20000,21867,1,1,1,1,1,1,1,0,0,0,0,0,0,0,6423,1,55.413514985681566,33.363510898043955,2237.431825451829,1.545976919349219,87.57556818181818,86.74727272727273,86.74727272727273,80.1209090909091,84.70839160839161,85.80064935064935,87.57556818181818,87.57556818181818,81.92809917355373,80.1209090909091,60.24181818181818,90.06045454545455,83.43409090909091,75.15113636363637,83.43409090909091
515,car,honda,jazz,diesel,2016,mumbai,20000,21688,1,1,1,1,1,1,1,0,0,0,0,0,0,0,6522,1,55.413514985681566,33.363510898043955,2237.431825451829,1.545976919349219,87.67727272727272,86.85575757575758,86.85575757575758,80.28363636363636,84.83356643356643,85.91688311688311,87.67727272727272,87.67727272727272,82.07603305785123,80.28363636363636,60.56727272727274,90.14181818181818,83.56969696969698,75.35454545454544,83.56969696969698
516,car,honda,jazz,diesel,2016,mumbai,20000,20766,1,1,1,1,1,1,1,0,0,0,0,0,0,0,4500,1,55.413514985681566,33.363510898043955,2237.431825451829,1.545976919349219,88.20113636363637,87.41454545454546,87.41454545454546,81.12181818181818,85.47832167832168,86.51558441558441,88.20113636363637,88.20113636363637,82.83801652892562,81.12181818181818,62.24363636363637,90.56090909090909,84.26818181818182,76.40227272727273,84.26818181818182
517,car,honda,jazz,diesel,2016,mumbai,20000,20987,1,1,1,1,1,1,1,0,0,0,0,0,0,0,6859,1,55.413514985681566,33.363510898043955,2237.431825451829,1.545976919349219,88.07556818181818,87.28060606060606,87.28060606060606,80.9209090909091,85.32377622377622,86.37207792207792,88.07556818181818,88.07556818181818,82.65537190082645,80.9209090909091,61.841818181818184,90.46045454545455,84.10075757575758,76.15113636363637,84.10075757575758
518,car,honda,jazz,diesel,2016,mumbai,20000,20243,1,1,1,1,1,1,1,0,0,0,0,0,0,0,6849,1,55.413514985681566,33.363510898043955,2237.431825451829,1.545976919349219,88.49829545454546,87.73151515151515,87.73151515151515,81.59727272727272,85.84405594405594,86.8551948051948,88.49829545454546,88.49829545454546,83.2702479338843,81.59727272727272,63.19454545454546,90.79863636363636,84.66439393939393,76.99659090909091,84.66439393939393
519,car,honda,jazz,diesel,2016,mumbai,20000,20657,1,1,1,1,1,1,1,0,0,0,0,0,0,0,6900,1,55.413514985681566,33.363510898043955,2237.431825451829,1.545976919349219,88.26306818181818,87.48060606060606,87.48060606060606,81.22090909090909,85.55454545454546,86.58636363636364,88.26306818181818,88.26306818181818,82.92809917355373,81.22090909090909,62.441818181818185,90.61045454545454,84.35075757575757,76.52613636363637,84.35075757575757
520,car,honda,jazz,diesel,2016,mumbai,20000,20124,1,1,1,1,1,1,1,0,0,0,0,0,0,0,6888,1,55.413514985681566,33.363510898043955,2237.431825451829,1.545976919349219,88.56590909090909,87.80363636363636,87.80363636363636,81.70545454545454,85.92727272727274,86.93246753246753,88.56590909090909,88.56590909090909,83.36859504132231,81.70545454545454,63.410909090909094,90.85272727272728,84.75454545454546,77.13181818181818,84.75454545454546
521,car,honda,jazz,diesel,2016,mumbai,20000,20870,1,1,1,1,1,1,1,0,0,0,0,0,0,0,7110,1,55.413514985681566,33.363510898043955,2237.431825451829,1.545976919349219,88.14204545454545,87.35151515151516,87.35151515151516,81.02727272727273,85.40559440559441,86.44805194805195,88.14204545454545,88.14204545454545,82.75206611570248,81.02727272727273,62.05454545454546,90.51363636363637,84.18939393939394,76.2840909090909,84.18939393939394
522,car,honda,jazz,diesel,2016,mumbai,20000,19076,1,1,1,1,1,1,1,0,0,0,0,0,0,0,7100,1,55.413514985681566,33.363510898043955,2237.431825451829,1.545976919349219,89.16136363636363,88.43878787878788,88.43878787878788,82.65818181818182,86.66013986013986,87.612987012987,89.16136363636363,89.16136363636363,84.23471074380166,82.65818181818182,65.31636363636363,91.32909090909092,85.54848484848485,78.32272727272726,85.54848484848485
523,car,honda,jazz,diesel,2016,mumbai,20000,20475,1,1,1,1,1,1,1,0,0,0,0,0,0,0,6999,1,55.413514985681566,33.363510898043955,2237.431825451829,1.545976919349219,88.36647727272727,87.5909090909091,87.5909090909091,81.38636363636364,85.68181818181819,86.70454545454545,88.36647727272727,88.36647727272727,83.07851239669421,81.38636363636364,62.77272727272728,90.69318181818183,84.48863636363636,76.73295454545455,84.48863636363636
524,car,honda,jazz,diesel,2016,mumbai,30000,30867,1,1,1,0,0,0,0,0,0,0,0,0,0,0,4600,1,55.413514985681566,33.363510898043955,2237.431825451829,1.545976919349219,82.46193181818182,81.29272727272728,81.29272727272728,71.93909090909092,78.41468531468531,79.95649350649352,82.46193181818182,82.46193181818182,74.4900826446281,71.93909090909092,43.87818181818183,85.96954545454545,76.6159090909091,64.92386363636365,76.6159090909091
525,car,honda,jazz,diesel,2016,mumbai,30000,31820,1,1,1,0,0,0,0,0,0,0,0,0,0,0,4599,1,55.413514985681566,33.363510898043955,2237.431825451829,1.545976919349219,81.92045454545455,80.71515151515152,80.71515151515152,71.07272727272728,77.74825174825175,79.33766233766234,81.92045454545455,81.92045454545455,73.70247933884298,71.07272727272728,42.145454545454555,85.53636363636363,75.89393939393939,63.84090909090909,75.89393939393939
526,car,honda,jazz,diesel,2016,mumbai,30000,30317,1,1,1,0,0,0,0,0,0,0,0,0,0,0,4589,1,55.413514985681566,33.363510898043955,2237.431825451829,1.545976919349219,82.77443181818181,81.6260606060606,81.6260606060606,72.43909090909091,78.7993006993007,80.31363636363636,82.77443181818181,82.77443181818181,74.94462809917354,72.43909090909091,44.87818181818183,86.21954545454545,77.03257575757576,65.54886363636363,77.03257575757576
527,car,honda,jazz,diesel,2016,mumbai,30000,30328,1,1,1,0,0,0,0,0,0,0,0,0,0,0,4579,1,55.413514985681566,33.363510898043955,2237.431825451829,1.545976919349219,82.76818181818182,81.61939393939393,81.61939393939393,72.42909090909092,78.79160839160839,80.30649350649351,82.76818181818182,82.76818181818182,74.93553719008264,72.42909090909092,44.85818181818183,86.21454545454546,77.02424242424243,65.53636363636363,77.02424242424243
528,car,honda,jazz,diesel,2016,mumbai,30000,30372,1,1,1,0,0,0,0,0,0,0,0,0,0,0,4569,1,55.413514985681566,33.363510898043955,2237.431825451829,1.545976919349219,82.74318181818182,81.59272727272727,81.59272727272727,72.38909090909091,78.76083916083915,80.27792207792209,82.74318181818182,82.74318181818182,74.89917355371901,72.38909090909091,44.77818181818183,86.19454545454546,76.99090909090908,65.48636363636365,76.99090909090908
529,car,honda,jazz,diesel,2016,mumbai,30000,29633,1,1,1,0,0,0,0,0,0,0,0,0,0,0,4559,1,55.413514985681566,33.363510898043955,2237.431825451829,1.545976919349219,83.16306818181818,82.04060606060605,82.04060606060605,73.06090909090909,79.27762237762238,80.7577922077922,83.16306818181818,83.16306818181818,75.5099173553719,73.06090909090909,46.121818181818185,86.53045454545455,77.55075757575757,66.32613636363635,77.55075757575757
530,car,honda,jazz,diesel,2016,mumbai,30000,30286,1,1,1,0,0,0,0,0,0,0,0,0,0,0,4579,1,55.413514985681566,33.363510898043955,2237.431825451829,1.545976919349219,82.79204545454546,81.64484848484848,81.64484848484848,72.46727272727273,78.82097902097902,80.33376623376624,82.79204545454546,82.79204545454546,74.9702479338843,72.46727272727273,44.93454545454546,86.23363636363636,77.05606060606061,65.5840909090909,77.05606060606061
531,car,honda,jazz,diesel,2016,mumbai,30000,30382,1,1,1,0,0,0,0,0,0,0,0,0,0,0,4584,1,55.413514985681566,33.363510898043955,2237.431825451829,1.545976919349219,82.7375,81.58666666666666,81.58666666666666,72.38,78.75384615384615,80.27142857142857,82.7375,82.7375,74.89090909090909,72.38,44.76000000000001,86.19,76.98333333333333,65.475,76.98333333333333
532,car,honda,jazz,diesel,2016,mumbai,30000,30211,1,1,1,0,0,0,0,0,0,0,0,0,0,0,4597,1,55.413514985681566,33.363510898043955,2237.431825451829,1.545976919349219,82.83465909090908,81.69030303030303,81.69030303030303,72.53545454545454,78.87342657342657,80.38246753246754,82.83465909090908,82.83465909090908,75.03223140495868,72.53545454545454,45.0709090909091,86.26772727272727,77.11287878787878,65.66931818181818,77.11287878787878
533,car,honda,jazz,diesel,2016,mumbai,30000,30783,1,1,1,0,0,0,0,0,0,0,0,0,0,0,4573,1,55.413514985681566,33.363510898043955,2237.431825451829,1.545976919349219,82.5096590909091,81.34363636363636,81.34363636363636,72.01545454545455,78.47342657342658,80.01103896103896,82.5096590909091,82.5096590909091,74.5595041322314,72.01545454545455,44.0309090909091,86.00772727272728,76.67954545454545,65.01931818181819,76.67954545454545
534,car,honda,jazz,diesel,2016,mumbai,30000,30463,1,1,1,0,0,0,0,0,0,0,0,0,0,0,4586,1,55.413514985681566,33.363510898043955,2237.431825451829,1.545976919349219,82.69147727272727,81.53757575757577,81.53757575757577,72.30636363636364,78.6972027972028,80.21883116883117,82.69147727272727,82.69147727272727,74.82396694214877,72.30636363636364,44.612727272727284,86.15318181818182,76.9219696969697,65.38295454545455,76.9219696969697
535,car,honda,jazz,diesel,2016,mumbai,30000,30463,1,1,1,0,0,0,0,0,0,0,0,0,0,0,4588,1,55.413514985681566,33.363510898043955,2237.431825451829,1.545976919349219,82.69147727272727,81.53757575757577,81.53757575757577,72.30636363636364,78.6972027972028,80.21883116883117,82.69147727272727,82.69147727272727,74.82396694214877,72.30636363636364,44.612727272727284,86.15318181818182,76.9219696969697,65.38295454545455,76.9219696969697
536,car,honda,jazz,diesel,2016,mumbai,30000,29625,1,1,1,0,0,0,0,0,0,0,0,0,0,0,4647,1,55.413514985681566,33.363510898043955,2237.431825451829,1.545976919349219,83.16761363636364,82.04545454545455,82.04545454545455,73.06818181818183,79.28321678321679,80.76298701298701,83.16761363636364,83.16761363636364,75.51652892561984,73.06818181818183,46.13636363636364,86.5340909090909,77.55681818181819,66.33522727272727,77.55681818181819
537,car,honda,jazz,diesel,2016,mumbai,30000,31833,1,1,1,0,0,0,0,0,0,0,0,0,0,0,4732,1,55.413514985681566,33.363510898043955,2237.431825451829,1.545976919349219,81.91306818181818,80.70727272727272,80.70727272727272,71.06090909090909,77.73916083916083,79.32922077922078,81.91306818181818,81.91306818181818,73.69173553719008,71.06090909090909,42.12181818181819,85.53045454545455,75.8840909090909,63.826136363636365,75.8840909090909
538,car,honda,jazz,diesel,2016,mumbai,30000,30172,1,1,1,0,0,0,0,0,0,0,0,0,0,0,4523,1,55.413514985681566,33.363510898043955,2237.431825451829,1.545976919349219,82.85681818181818,81.7139393939394,81.7139393939394,72.5709090909091,78.9006993006993,80.40779220779221,82.85681818181818,82.85681818181818,75.06446280991736,72.5709090909091,45.141818181818195,86.28545454545456,77.14242424242424,65.71363636363637,77.14242424242424
539,car,honda,jazz,diesel,2016,mumbai,30000,30132,1,1,1,0,0,0,0,0,0,0,0,0,0,0,4723,1,55.413514985681566,33.363510898043955,2237.431825451829,1.545976919349219,82.87954545454545,81.73818181818181,81.73818181818181,72.60727272727273,78.92867132867133,80.43376623376624,82.87954545454545,82.87954545454545,75.09752066115702,72.60727272727273,45.214545454545465,86.30363636363636,77.17272727272727,65.75909090909092,77.17272727272727
540,car,honda,jazz,diesel,2016,mumbai,30000,30342,1,1,1,0,0,0,0,0,0,0,0,0,0,0,4622,1,55.413514985681566,33.363510898043955,2237.431825451829,1.545976919349219,82.76022727272728,81.61090909090909,81.61090909090909,72.41636363636363,78.78181818181818,80.2974025974026,82.76022727272728,82.76022727272728,74.92396694214875,72.41636363636363,44.83272727272728,86.20818181818181,77.01363636363637,65.52045454545454,77.01363636363637
541,car,honda,jazz,diesel,2016,mumbai,30000,30435,1,1,1,0,0,0,0,0,0,0,0,0,0,0,4629,1,55.413514985681566,33.363510898043955,2237.431825451829,1.545976919349219,82.70738636363637,81.55454545454546,81.55454545454546,72.33181818181819,78.71678321678321,80.23701298701299,82.70738636363637,82.70738636363637,74.84710743801652,72.33181818181819,44.66363636363637,86.16590909090908,76.94318181818181,65.41477272727273,76.94318181818181
542,car,honda,jazz,diesel,2016,mumbai,30000,30980,1,1,1,0,0,0,0,0,0,0,0,0,0,0,4583,1,55.413514985681566,33.363510898043955,2237.431825451829,1.545976919349219,82.39772727272727,81.22424242424242,81.22424242424242,71.83636363636364,78.33566433566433,79.88311688311688,82.39772727272727,82.39772727272727,74.39669421487604,71.83636363636364,43.672727272727286,85.91818181818182,76.53030303030303,64.79545454545455,76.53030303030303
543,car,honda,jazz,diesel,2016,mumbai,30000,30437,1,1,1,0,0,0,0,0,0,0,0,0,0,0,4479,1,55.413514985681566,33.363510898043955,2237.431825451829,1.545976919349219,82.70625,81.55333333333333,81.55333333333333,72.33000000000001,78.71538461538461,80.2357142857143,82.70625,82.70625,74.84545454545454,72.33000000000001,44.66000000000001,86.165,76.94166666666666,65.41250000000001,76.94166666666666
544,car,honda,jazz,diesel,2016,mumbai,30000,30766,1,1,1,0,0,0,0,0,0,0,0,0,0,0,4480,1,55.413514985681566,33.363510898043955,2237.431825451829,1.545976919349219,82.51931818181818,81.3539393939394,81.3539393939394,72.0309090909091,78.48531468531469,80.02207792207791,82.51931818181818,82.51931818181818,74.57355371900827,72.0309090909091,44.06181818181819,86.01545454545455,76.69242424242424,65.03863636363636,76.69242424242424
545,car,honda,jazz,diesel,2016,mumbai,30000,30647,1,1,1,0,0,0,0,0,0,0,0,0,0,0,4830,1,55.413514985681566,33.363510898043955,2237.431825451829,1.545976919349219,82.58693181818182,81.42606060606062,81.42606060606062,72.13909090909092,78.56853146853146,80.09935064935065,82.58693181818182,82.58693181818182,74.67190082644628,72.13909090909092,44.27818181818183,86.06954545454546,76.78257575757576,65.17386363636363,76.78257575757576
546,car,honda,jazz,diesel,2016,mumbai,30000,30142,1,1,1,0,0,0,0,0,0,0,0,0,0,0,4428,1,55.413514985681566,33.363510898043955,2237.431825451829,1.545976919349219,82.87386363636364,81.73212121212121,81.73212121212121,72.59818181818183,78.92167832167833,80.42727272727272,82.87386363636364,82.87386363636364,75.08925619834712,72.59818181818183,45.19636363636364,86.29909090909092,77.1651515151515,65.74772727272727,77.1651515151515
547,car,honda,jazz,diesel,2016,mumbai,30000,30544,1,1,1,0,0,0,0,0,0,0,0,0,0,0,5099,1,55.413514985681566,33.363510898043955,2237.431825451829,1.545976919349219,82.64545454545454,81.48848484848486,81.48848484848486,72.23272727272727,78.64055944055944,80.16623376623376,82.64545454545454,82.64545454545454,74.75702479338844,72.23272727272727,44.465454545454556,86.11636363636363,76.86060606060606,65.29090909090908,76.86060606060606
548,car,honda,jazz,diesel,2016,mumbai,30000,31243,1,1,1,0,0,0,0,0,0,0,0,0,0,0,5100,1,55.413514985681566,33.363510898043955,2237.431825451829,1.545976919349219,82.24829545454546,81.06484848484848,81.06484848484848,71.59727272727274,78.15174825174826,79.71233766233766,82.24829545454546,82.24829545454546,74.17933884297521,71.59727272727274,43.19454545454546,85.79863636363636,76.3310606060606,64.49659090909091,76.3310606060606
549,car,honda,jazz,diesel,2016,mumbai,30000,32292,1,1,1,0,0,0,0,0,0,0,0,0,0,0,5149,1,55.413514985681566,33.363510898043955,2237.431825451829,1.545976919349219,81.65227272727272,80.4290909090909,80.4290909090909,70.64363636363638,77.41818181818182,79.03116883116883,81.65227272727272,81.65227272727272,73.31239669421488,70.64363636363638,41.287272727272736,85.32181818181819,75.53636363636363,63.30454545454545,75.53636363636363
550,car,honda,jazz,diesel,2016,mumbai,30000,30438,1,1,1,0,0,0,0,0,0,0,0,0,0,0,5200,1,55.413514985681566,33.363510898043955,2237.431825451829,1.545976919349219,82.70568181818182,81.55272727272728,81.55272727272728,72.32909090909092,78.71468531468531,80.23506493506494,82.70568181818182,82.70568181818182,74.84462809917356,72.32909090909092,44.65818181818183,86.16454545454546,76.94090909090909,65.41136363636365,76.94090909090909
551,car,honda,jazz,diesel,2016,mumbai,30000,30897,1,1,1,0,0,0,0,0,0,0,0,0,0,0,5199,1,55.413514985681566,33.363510898043955,2237.431825451829,1.545976919349219,82.44488636363636,81.27454545454546,81.27454545454546,71.91181818181819,78.3937062937063,79.93701298701299,82.44488636363636,82.44488636363636,74.46528925619835,71.91181818181819,43.823636363636375,85.95590909090909,76.59318181818182,64.88977272727271,76.59318181818182
552,car,honda,jazz,diesel,2016,mumbai,30000,30573,1,1,1,0,0,0,0,0,0,0,0,0,0,0,5299,1,55.413514985681566,33.363510898043955,2237.431825451829,1.545976919349219,82.62897727272727,81.47090909090909,81.47090909090909,72.20636363636363,78.62027972027971,80.14740259740259,82.62897727272727,82.62897727272727,74.73305785123966,72.20636363636363,44.41272727272728,86.10318181818182,76.83863636363637,65.25795454545454,76.83863636363637
553,car,honda,jazz,diesel,2016,mumbai,30000,29473,1,1,1,0,0,0,0,0,0,0,0,0,0,0,5289,1,55.413514985681566,33.363510898043955,2237.431825451829,1.545976919349219,83.25397727272727,82.13757575757576,82.13757575757576,73.20636363636363,79.38951048951049,80.86168831168831,83.25397727272727,83.25397727272727,75.64214876033058,73.20636363636363,46.41272727272728,86.60318181818182,77.6719696969697,66.50795454545455,77.6719696969697
554,car,honda,jazz,diesel,2016,mumbai,30000,30437,1,1,1,0,0,0,0,0,0,0,0,0,0,0,5249,1,55.413514985681566,33.363510898043955,2237.431825451829,1.545976919349219,82.70625,81.55333333333333,81.55333333333333,72.33000000000001,78.71538461538461,80.2357142857143,82.70625,82.70625,74.84545454545454,72.33000000000001,44.66000000000001,86.165,76.94166666666666,65.41250000000001,76.94166666666666
555,car,honda,jazz,diesel,2016,mumbai,30000,30987,1,1,1,0,0,0,0,0,0,0,0,0,0,0,5399,1,55.413514985681566,33.363510898043955,2237.431825451829,1.545976919349219,82.39375,81.22,81.22,71.83,78.33076923076922,79.87857142857143,82.39375,82.39375,74.39090909090909,71.83,43.66000000000001,85.915,76.525,64.7875,76.525
556,car,honda,jazz,diesel,2016,mumbai,30000,30909,1,1,1,0,0,0,0,0,0,0,0,0,0,0,5310,1,55.413514985681566,33.363510898043955,2237.431825451829,1.545976919349219,82.43806818181818,81.26727272727273,81.26727272727273,71.9009090909091,78.38531468531468,79.92922077922077,82.43806818181818,82.43806818181818,74.45537190082645,71.9009090909091,43.801818181818184,85.95045454545455,76.5840909090909,64.87613636363636,76.5840909090909
557,car,honda,jazz,diesel,2016,mumbai,30000,30829,1,1,1,0,0,0,0,0,0,0,0,0,0,0,5329,1,55.413514985681566,33.363510898043955,2237.431825451829,1.545976919349219,82.48352272727273,81.31575757575757,81.31575757575757,71.97363636363636,78.44125874125874,79.98116883116883,82.48352272727273,82.48352272727273,74.52148760330579,71.97363636363636,43.94727272727273,85.98681818181818,76.64469696969697,64.96704545454546,76.64469696969697
558,car,honda,jazz,diesel,2016,mumbai,30000,30121,1,1,1,0,0,0,0,0,0,0,0,0,0,0,5392,1,55.413514985681566,33.363510898043955,2237.431825451829,1.545976919349219,82.88579545454546,81.74484848484849,81.74484848484849,72.61727272727273,78.93636363636364,80.44090909090909,82.88579545454546,82.88579545454546,75.10661157024794,72.61727272727273,45.23454545454546,86.30863636363637,77.1810606060606,65.7715909090909,77.1810606060606
559,car,honda,jazz,diesel,2016,mumbai,30000,30980,1,1,1,0,0,0,0,0,0,0,0,0,0,0,5374,1,55.413514985681566,33.363510898043955,2237.431825451829,1.545976919349219,82.39772727272727,81.22424242424242,81.22424242424242,71.83636363636364,78.33566433566433,79.88311688311688,82.39772727272727,82.39772727272727,74.39669421487604,71.83636363636364,43.672727272727286,85.91818181818182,76.53030303030303,64.79545454545455,76.53030303030303
560,car,honda,jazz,diesel,2016,mumbai,30000,30012,1,1,1,0,0,0,0,0,0,0,0,0,0,0,5399,1,55.413514985681566,33.363510898043955,2237.431825451829,1.545976919349219,82.94772727272728,81.81090909090909,81.81090909090909,72.71636363636364,79.01258741258741,80.51168831168832,82.94772727272728,82.94772727272728,75.19669421487603,72.71636363636364,45.43272727272728,86.35818181818182,77.26363636363637,65.89545454545454,77.26363636363637
561,car,honda,jazz,diesel,2016,mumbai,30000,30282,1,1,1,0,0,0,0,0,0,0,0,0,0,0,5248,1,55.413514985681566,33.363510898043955,2237.431825451829,1.545976919349219,82.79431818181818,81.64727272727272,81.64727272727272,72.4709090909091,78.82377622377622,80.33636363636364,82.79431818181818,82.79431818181818,74.97355371900827,72.4709090909091,44.94181818181819,86.23545454545454,77.05909090909091,65.58863636363637,77.05909090909091
562,car,honda,jazz,diesel,2016,mumbai,30000,30382,1,1,1,0,0,0,0,0,0,0,0,0,0,0,5149,1,55.413514985681566,33.363510898043955,2237.431825451829,1.545976919349219,82.7375,81.58666666666666,81.58666666666666,72.38,78.75384615384615,80.27142857142857,82.7375,82.7375,74.89090909090909,72.38,44.76000000000001,86.19,76.98333333333333,65.475,76.98333333333333
563,car,honda,jazz,diesel,2016,mumbai,30000,30238,1,1,1,0,0,0,0,0,0,0,0,0,0,0,5374,1,55.413514985681566,33.363510898043955,2237.431825451829,1.545976919349219,82.81931818181818,81.67393939393939,81.67393939393939,72.5109090909091,78.85454545454546,80.36493506493507,82.81931818181818,82.81931818181818,75.0099173553719,72.5109090909091,45.02181818181818,86.25545454545454,77.09242424242424,65.63863636363637,77.09242424242424
564,car,honda,jazz,diesel,2016,mumbai,40000,40976,1,1,1,1,0,1,1,0,0,0,0,1,0,0,6534,1,55.413514985681566,33.363510898043955,2237.431825451829,1.545976919349219,76.71818181818182,75.1660606060606,75.1660606060606,62.74909090909091,71.34545454545454,73.39220779220778,76.71818181818182,76.71818181818182,66.13553719008264,62.74909090909091,25.49818181818183,81.37454545454545,68.95757575757575,53.43636363636364,68.95757575757575
565,car,honda,jazz,diesel,2016,mumbai,40000,40733,1,1,1,1,0,1,1,0,0,0,0,1,0,0,6699,1,55.413514985681566,33.363510898043955,2237.431825451829,1.545976919349219,76.85625,75.31333333333333,75.31333333333333,62.970000000000006,71.51538461538462,73.55000000000001,76.85625,76.85625,66.33636363636364,62.970000000000006,25.94000000000001,81.48500000000001,69.14166666666667,53.712500000000006,69.14166666666667
566,car,honda,jazz,diesel,2016,mumbai,40000,41382,1,1,1,1,1,1,1,0,0,0,0,1,0,0,6589,1,55.413514985681566,33.363510898043955,2237.431825451829,1.545976919349219,76.4875,74.92,74.92,62.38000000000001,71.06153846153846,73.12857142857143,76.4875,76.4875,65.8,62.38000000000001,24.760000000000016,81.19000000000001,68.65,52.974999999999994,68.65
567,car,honda,jazz,diesel,2016,mumbai,40000,40289,1,1,1,1,1,1,1,0,0,0,0,1,0,0,6489,1,55.413514985681566,33.363510898043955,2237.431825451829,1.545976919349219,77.10852272727273,75.58242424242424,75.58242424242424,63.37363636363638,71.82587412587414,73.83831168831169,77.10852272727273,77.10852272727273,66.70330578512397,63.37363636363638,26.74727272727274,81.68681818181818,69.47803030303031,54.217045454545456,69.47803030303031
568,car,honda,jazz,diesel,2016,mumbai,40000,39236,1,1,1,1,1,1,1,0,0,0,0,1,0,0,6599,1,55.413514985681566,33.363510898043955,2237.431825451829,1.545976919349219,77.70681818181818,76.22060606060606,76.22060606060606,64.33090909090909,72.56223776223776,74.52207792207793,77.70681818181818,77.70681818181818,67.57355371900826,64.33090909090909,28.661818181818187,82.16545454545454,70.27575757575757,55.413636363636364,70.27575757575757
569,car,honda,jazz,diesel,2016,mumbai,40000,40722,1,1,1,1,1,1,1,0,0,0,0,1,0,0,6622,1,55.413514985681566,33.363510898043955,2237.431825451829,1.545976919349219,76.8625,75.32,75.32,62.980000000000004,71.52307692307693,73.55714285714285,76.8625,76.8625,66.34545454545456,62.980000000000004,25.960000000000004,81.49,69.15,53.725,69.15
570,car,honda,jazz,diesel,2016,mumbai,40000,40283,1,1,1,1,1,1,1,0,0,0,0,1,0,0,6499,1,55.413514985681566,33.363510898043955,2237.431825451829,1.545976919349219,77.11193181818182,75.58606060606061,75.58606060606061,63.379090909090905,71.83006993006993,73.84220779220779,77.11193181818182,77.11193181818182,66.70826446280992,63.379090909090905,26.758181818181825,81.68954545454545,69.48257575757576,54.22386363636363,69.48257575757576
571,car,honda,jazz,diesel,2016,mumbai,40000,40287,1,1,1,1,1,1,1,0,0,0,0,1,0,0,6521,1,55.413514985681566,33.363510898043955,2237.431825451829,1.545976919349219,77.10965909090909,75.58363636363636,75.58363636363636,63.375454545454545,71.82727272727273,73.83961038961039,77.10965909090909,77.10965909090909,66.70495867768595,63.375454545454545,26.750909090909104,81.68772727272727,69.47954545454546,54.219318181818174,69.47954545454546
572,car,honda,jazz,diesel,2016,mumbai,40000,39723,1,1,1,1,1,1,1,0,0,0,0,1,0,0,6599,1,55.413514985681566,33.363510898043955,2237.431825451829,1.545976919349219,77.43011363636364,75.92545454545454,75.92545454545454,63.88818181818182,72.22167832167831,74.20584415584416,77.43011363636364,77.43011363636364,67.1710743801653,63.88818181818182,27.776363636363644,81.94409090909092,69.90681818181818,54.86022727272728,69.90681818181818
573,car,honda,jazz,diesel,2016,mumbai,40000,41372,1,1,1,1,1,1,1,0,0,0,0,1,0,0,6322,1,55.413514985681566,33.363510898043955,2237.431825451829,1.545976919349219,76.49318181818182,74.9260606060606,74.9260606060606,62.38909090909092,71.06853146853148,73.13506493506495,76.49318181818182,76.49318181818182,65.80826446280992,62.38909090909092,24.77818181818183,81.19454545454545,68.65757575757576,52.98636363636364,68.65757575757576
574,car,honda,jazz,diesel,2016,mumbai,40000,40282,1,1,1,1,1,1,1,0,0,0,0,1,0,0,6423,1,55.413514985681566,33.363510898043955,2237.431825451829,1.545976919349219,77.11250000000001,75.58666666666667,75.58666666666667,63.38,71.83076923076923,73.84285714285714,77.11250000000001,77.11250000000001,66.70909090909092,63.38,26.760000000000005,81.69,69.48333333333335,54.225,69.48333333333335
575,car,honda,jazz,diesel,2016,mumbai,40000,40483,1,1,1,1,1,1,1,0,0,0,0,1,0,0,6522,1,55.413514985681566,33.363510898043955,2237.431825451829,1.545976919349219,76.99829545454546,75.46484848484849,75.46484848484849,63.19727272727273,71.69020979020979,73.71233766233767,76.99829545454546,76.99829545454546,66.54297520661157,63.19727272727273,26.394545454545458,81.59863636363637,69.3310606060606,53.996590909090905,69.3310606060606
576,car,honda,jazz,diesel,2016,mumbai,40000,40984,1,1,1,1,1,1,1,0,0,0,0,1,0,0,6500,1,55.413514985681566,33.363510898043955,2237.431825451829,1.545976919349219,76.71363636363637,75.16121212121212,75.16121212121212,62.74181818181819,71.33986013986014,73.387012987013,76.71363636363637,76.71363636363637,66.12892561983472,62.74181818181819,25.483636363636375,81.3709090909091,68.95151515151515,53.42727272727272,68.95151515151515
577,car,honda,jazz,diesel,2016,mumbai,40000,40932,1,1,1,1,1,1,1,0,0,0,0,1,0,0,6859,1,55.413514985681566,33.363510898043955,2237.431825451829,1.545976919349219,76.74318181818181,75.19272727272728,75.19272727272728,62.789090909090916,71.37622377622377,73.42077922077922,76.74318181818181,76.74318181818181,66.17190082644629,62.789090909090916,25.578181818181832,81.39454545454545,68.99090909090908,53.486363636363635,68.99090909090908
578,car,honda,jazz,diesel,2016,mumbai,40000,40282,1,1,1,1,1,1,1,0,0,0,0,1,0,0,6849,1,55.413514985681566,33.363510898043955,2237.431825451829,1.545976919349219,77.11250000000001,75.58666666666667,75.58666666666667,63.38,71.83076923076923,73.84285714285714,77.11250000000001,77.11250000000001,66.70909090909092,63.38,26.760000000000005,81.69,69.48333333333335,54.225,69.48333333333335
579,car,honda,jazz,diesel,2016,mumbai,40000,40221,1,1,1,1,1,1,1,0,0,0,0,1,0,0,6900,1,55.413514985681566,33.363510898043955,2237.431825451829,1.545976919349219,77.14715909090908,75.62363636363636,75.62363636363636,63.43545454545455,71.87342657342657,73.88246753246753,77.14715909090908,77.14715909090908,66.75950413223141,63.43545454545455,26.8709090909091,81.71772727272727,69.52954545454546,54.29431818181818,69.52954545454546
580,car,honda,jazz,diesel,2016,mumbai,40000,40899,1,1,1,1,1,1,1,0,0,0,0,1,0,0,6888,1,55.413514985681566,33.363510898043955,2237.431825451829,1.545976919349219,76.76193181818182,75.21272727272728,75.21272727272728,62.81909090909091,71.3993006993007,73.4422077922078,76.76193181818182,76.76193181818182,66.199173553719,62.81909090909091,25.638181818181828,81.40954545454547,69.01590909090909,53.523863636363636,69.01590909090909
581,car,honda,jazz,diesel,2016,mumbai,40000,40382,1,1,1,1,1,1,1,0,0,0,0,1,0,0,7110,1,55.413514985681566,33.363510898043955,2237.431825451829,1.545976919349219,77.05568181818182,75.52606060606061,75.52606060606061,63.289090909090916,71.76083916083917,73.77792207792207,77.05568181818182,77.05568181818182,66.62644628099174,63.289090909090916,26.57818181818182,81.64454545454547,69.40757575757576,54.11136363636364,69.40757575757576
582,car,honda,jazz,diesel,2016,mumbai,40000,39023,1,1,1,1,1,1,1,0,0,0,0,1,0,0,7100,1,55.413514985681566,33.363510898043955,2237.431825451829,1.545976919349219,77.82784090909091,76.34969696969696,76.34969696969696,64.52454545454546,72.7111888111888,74.66038961038961,77.82784090909091,77.82784090909091,67.74958677685952,64.52454545454546,29.049090909090914,82.26227272727273,70.43712121212121,55.65568181818181,70.43712121212121
583,car,honda,jazz,diesel,2016,mumbai,40000,41383,1,1,1,1,1,1,1,0,0,0,0,1,0,0,6999,1,55.413514985681566,33.363510898043955,2237.431825451829,1.545976919349219,76.48693181818183,74.91939393939394,74.91939393939394,62.379090909090905,71.06083916083917,73.12792207792208,76.48693181818183,76.48693181818183,65.79917355371902,62.379090909090905,24.758181818181825,81.18954545454545,68.64924242424242,52.97386363636364,68.64924242424242
584,car,honda,jazz,diesel,2016,mumbai,50000,50978,1,1,1,0,1,0,0,0,0,0,0,0,0,0,5348,1,55.413514985681566,33.363510898043955,2237.431825451829,1.545976919349219,71.03522727272727,69.10424242424243,69.10424242424243,53.656363636363636,64.35104895104895,66.8974025974026,71.03522727272727,71.03522727272727,57.86942148760331,53.656363636363636,7.312727272727281,76.82818181818182,61.38030303030303,42.07045454545455,61.38030303030303
585,car,honda,jazz,diesel,2016,mumbai,50000,50722,1,1,1,0,0,0,0,0,0,0,0,0,0,0,5449,1,55.413514985681566,33.363510898043955,2237.431825451829,1.545976919349219,71.18068181818182,69.25939393939393,69.25939393939393,53.88909090909091,64.53006993006993,67.06363636363636,71.18068181818182,71.18068181818182,58.080991735537204,53.88909090909091,7.778181818181828,76.94454545454545,61.57424242424243,42.361363636363635,61.57424242424243
586,car,honda,jazz,diesel,2016,mumbai,50000,50236,1,1,1,0,0,0,0,0,0,0,0,0,0,0,5399,1,55.413514985681566,33.363510898043955,2237.431825451829,1.545976919349219,71.45681818181818,69.55393939393939,69.55393939393939,54.330909090909095,64.86993006993006,67.37922077922079,71.45681818181818,71.45681818181818,58.48264462809918,54.330909090909095,8.661818181818193,77.16545454545455,61.942424242424245,42.913636363636364,61.942424242424245
587,car,honda,jazz,diesel,2016,mumbai,50000,50673,1,1,1,0,0,0,0,0,0,0,0,0,0,0,5389,1,55.413514985681566,33.363510898043955,2237.431825451829,1.545976919349219,71.20852272727272,69.28909090909092,69.28909090909092,53.933636363636374,64.56433566433566,67.09545454545454,71.20852272727272,71.20852272727272,58.12148760330579,53.933636363636374,7.867272727272745,76.96681818181818,61.611363636363635,42.41704545454545,61.611363636363635
588,car,honda,jazz,diesel,2016,mumbai,50000,50892,1,1,1,0,0,0,0,0,0,0,0,0,0,0,5310,1,55.413514985681566,33.363510898043955,2237.431825451829,1.545976919349219,71.08409090909092,69.15636363636364,69.15636363636364,53.734545454545454,64.41118881118881,66.95324675324676,71.08409090909092,71.08409090909092,57.94049586776859,53.734545454545454,7.469090909090925,76.86727272727273,61.445454545454545,42.168181818181814,61.445454545454545
589,car,honda,jazz,diesel,2016,mumbai,50000,51427,1,1,1,0,0,0,0,0,0,0,0,0,0,0,5379,1,55.413514985681566,33.363510898043955,2237.431825451829,1.545976919349219,70.78011363636362,68.83212121212121,68.83212121212121,53.24818181818183,64.03706293706294,66.60584415584417,70.78011363636362,70.78011363636362,57.49834710743802,53.24818181818183,6.496363636363645,76.62409090909091,61.04015151515152,41.56022727272727,61.04015151515152
590,car,honda,jazz,diesel,2016,mumbai,50000,50237,1,1,1,0,0,0,0,0,0,0,0,0,0,0,5369,1,55.413514985681566,33.363510898043955,2237.431825451829,1.545976919349219,71.45625,69.55333333333333,69.55333333333333,54.33000000000001,64.86923076923077,67.37857142857142,71.45625,71.45625,58.48181818181819,54.33000000000001,8.660000000000013,77.165,61.94166666666667,42.912499999999994,61.94166666666667
591,car,honda,jazz,diesel,2016,mumbai,50000,49622,1,1,1,0,0,0,0,0,0,0,0,0,0,0,5399,1,55.413514985681566,33.363510898043955,2237.431825451829,1.545976919349219,71.80568181818181,69.92606060606062,69.92606060606062,54.88909090909091,65.2993006993007,67.77792207792209,71.80568181818181,71.80568181818181,58.9900826446281,54.88909090909091,9.77818181818183,77.44454545454545,62.40757575757576,43.611363636363635,62.40757575757576
592,car,honda,jazz,diesel,2016,mumbai,50000,49263,1,1,1,0,0,0,0,0,0,0,0,0,0,0,5469,1,55.413514985681566,33.363510898043955,2237.431825451829,1.545976919349219,72.00965909090908,70.14363636363636,70.14363636363636,55.215454545454556,65.55034965034965,68.01103896103896,72.00965909090908,72.00965909090908,59.286776859504144,55.215454545454556,10.430909090909102,77.60772727272727,62.67954545454546,44.01931818181818,62.67954545454546
593,car,honda,jazz,diesel,2016,mumbai,50000,50268,1,1,1,0,0,0,0,0,0,0,0,0,0,0,5400,1,55.413514985681566,33.363510898043955,2237.431825451829,1.545976919349219,71.43863636363636,69.53454545454545,69.53454545454545,54.301818181818184,64.84755244755245,67.35844155844156,71.43863636363636,71.43863636363636,58.456198347107446,54.301818181818184,8.60363636363638,77.1509090909091,61.918181818181814,42.87727272727273,61.918181818181814
594,car,honda,jazz,diesel,2016,mumbai,50000,51452,1,1,1,0,0,0,0,0,0,0,0,0,0,0,5349,1,55.413514985681566,33.363510898043955,2237.431825451829,1.545976919349219,70.76590909090909,68.8169696969697,68.8169696969697,53.225454545454554,64.01958041958042,66.58961038961039,70.76590909090909,70.76590909090909,57.477685950413225,53.225454545454554,6.450909090909107,76.61272727272728,61.02121212121212,41.53181818181818,61.02121212121212
595,car,honda,jazz,diesel,2016,mumbai,50000,50348,1,1,1,0,0,0,0,0,0,0,0,0,0,0,5700,1,55.413514985681566,33.363510898043955,2237.431825451829,1.545976919349219,71.39318181818182,69.4860606060606,69.4860606060606,54.229090909090914,64.79160839160839,67.30649350649351,71.39318181818182,71.39318181818182,58.39008264462811,54.229090909090914,8.458181818181831,77.11454545454546,61.85757575757576,42.78636363636363,61.85757575757576
596,car,honda,jazz,diesel,2016,mumbai,50000,50888,1,1,1,0,0,0,0,0,0,0,0,0,0,0,5689,1,55.413514985681566,33.363510898043955,2237.431825451829,1.545976919349219,71.08636363636364,69.15878787878789,69.15878787878789,53.738181818181815,64.41398601398602,66.95584415584416,71.08636363636364,71.08636363636364,57.94380165289257,53.738181818181815,7.476363636363647,76.86909090909091,61.44848484848484,42.17272727272727,61.44848484848484
597,car,honda,jazz,diesel,2016,mumbai,50000,50232,1,1,1,0,0,0,0,0,0,0,0,0,0,0,5694,1,55.413514985681566,33.363510898043955,2237.431825451829,1.545976919349219,71.4590909090909,69.55636363636364,69.55636363636364,54.334545454545456,64.87272727272727,67.38181818181819,71.4590909090909,71.4590909090909,58.48595041322315,54.334545454545456,8.669090909090926,77.16727272727273,61.945454545454545,42.91818181818182,61.945454545454545
598,car,honda,jazz,diesel,2016,mumbai,50000,50900,1,1,1,0,0,0,0,0,0,0,0,0,0,0,5310,1,55.413514985681566,33.363510898043955,2237.431825451829,1.545976919349219,71.07954545454545,69.15151515151516,69.15151515151516,53.727272727272734,64.40559440559441,66.94805194805194,71.07954545454545,71.07954545454545,57.93388429752066,53.727272727272734,7.454545454545469,76.86363636363637,61.43939393939394,42.159090909090914,61.43939393939394
599,car,honda,jazz,diesel,2016,mumbai,50000,50322,1,1,1,0,0,0,0,0,0,0,0,0,0,0,5379,1,55.413514985681566,33.363510898043955,2237.431825451829,1.545976919349219,71.40795454545454,69.50181818181818,69.50181818181818,54.25272727272728,64.80979020979021,67.32337662337662,71.40795454545454,71.40795454545454,58.41157024793389,54.25272727272728,8.50545454545456,77.12636363636364,61.877272727272725,42.81590909090909,61.877272727272725
600,car,honda,jazz,diesel,2016,mumbai,50000,50348,1,1,1,0,0,0,0,0,0,0,0,0,0,0,5369,1,55.413514985681566,33.363510898043955,2237.431825451829,1.545976919349219,71.39318181818182,69.4860606060606,69.4860606060606,54.229090909090914,64.79160839160839,67.30649350649351,71.39318181818182,71.39318181818182,58.39008264462811,54.229090909090914,8.458181818181831,77.11454545454546,61.85757575757576,42.78636363636363,61.85757575757576
601,car,honda,jazz,diesel,2016,mumbai,50000,50922,1,1,1,0,0,0,0,0,0,0,0,0,0,0,5399,1,55.413514985681566,33.363510898043955,2237.431825451829,1.545976919349219,71.06704545454545,69.13818181818182,69.13818181818182,53.70727272727274,64.3902097902098,66.93376623376624,71.06704545454545,71.06704545454545,57.91570247933885,53.70727272727274,7.414545454545463,76.85363636363637,61.42272727272727,42.1340909090909,61.42272727272727
602,car,honda,jazz,diesel,2016,mumbai,50000,50379,1,1,1,0,0,0,0,0,0,0,0,0,0,0,5377,1,55.413514985681566,33.363510898043955,2237.431825451829,1.545976919349219,71.37556818181818,69.46727272727273,69.46727272727273,54.2009090909091,64.76993006993007,67.28636363636365,71.37556818181818,71.37556818181818,58.36446280991736,54.2009090909091,8.4018181818182,77.10045454545455,61.83409090909091,42.75113636363636,61.83409090909091
603,car,honda,jazz,diesel,2016,mumbai,50000,50242,1,1,1,0,0,0,0,0,0,0,0,0,0,0,5365,1,55.413514985681566,33.363510898043955,2237.431825451829,1.545976919349219,71.45340909090909,69.55030303030303,69.55030303030303,54.32545454545454,64.86573426573426,67.37532467532468,71.45340909090909,71.45340909090909,58.477685950413225,54.32545454545454,8.650909090909098,77.16272727272727,61.93787878787879,42.90681818181818,61.93787878787879
604,car,honda,jazz,diesel,2016,mumbai,60000,60987,1,1,1,1,0,1,1,0,1,0,1,0,1,0,9020,1,55.413514985681566,33.363510898043955,2237.431825451829,1.545976919349219,65.34829545454545,63.03818181818181,63.03818181818181,44.55727272727273,57.35174825174825,60.39805194805194,65.34829545454545,65.34829545454545,49.597520661157034,44.55727272727273,0.0,72.27863636363637,53.79772727272727,30.696590909090904,53.79772727272727
605,car,honda,jazz,diesel,2016,mumbai,60000,60383,1,1,1,1,0,1,1,0,1,0,1,1,1,0,9999,1,55.413514985681566,33.363510898043955,2237.431825451829,1.545976919349219,65.69147727272727,63.404242424242426,63.404242424242426,45.106363636363646,57.77412587412587,60.790259740259735,65.69147727272727,65.69147727272727,50.09669421487604,45.106363636363646,0.0,72.55318181818183,54.25530303030304,31.382954545454545,54.25530303030304
606,car,honda,jazz,diesel,2016,mumbai,60000,60332,1,1,1,1,0,1,1,0,1,0,1,0,1,0,9000,1,55.413514985681566,33.363510898043955,2237.431825451829,1.545976919349219,65.72045454545454,63.43515151515151,63.43515151515151,45.152727272727276,57.8097902097902,60.823376623376625,65.72045454545454,65.72045454545454,50.13884297520661,45.152727272727276,0.0,72.57636363636364,54.2939393939394,31.440909090909088,54.2939393939394
607,car,honda,jazz,diesel,2016,mumbai,60000,60427,1,1,1,1,0,1,1,0,1,0,1,1,1,0,9428,1,55.413514985681566,33.363510898043955,2237.431825451829,1.545976919349219,65.66647727272728,63.37757575757577,63.37757575757577,45.06636363636365,57.743356643356634,60.76168831168831,65.66647727272728,65.66647727272728,50.0603305785124,45.06636363636365,0.0,72.53318181818183,54.221969696969694,31.332954545454548,54.221969696969694
608,car,honda,jazz,diesel,2016,mumbai,60000,60349,1,1,1,1,0,1,1,0,1,0,1,0,1,0,9247,1,55.413514985681566,33.363510898043955,2237.431825451829,1.545976919349219,65.71079545454546,63.42484848484848,63.42484848484848,45.13727272727274,57.797902097902096,60.81233766233767,65.71079545454546,65.71079545454546,50.12479338842976,45.13727272727274,0.0,72.56863636363637,54.281060606060606,31.421590909090913,54.281060606060606
609,car,honda,jazz,diesel,2016,mumbai,60000,60374,1,1,1,1,1,1,1,0,1,0,1,0,1,0,9373,1,55.413514985681566,33.363510898043955,2237.431825451829,1.545976919349219,65.6965909090909,63.409696969696974,63.409696969696974,45.114545454545464,57.780419580419576,60.7961038961039,65.6965909090909,65.6965909090909,50.10413223140496,45.114545454545464,0.0,72.55727272727273,54.262121212121215,31.393181818181816,54.262121212121215
610,car,honda,jazz,diesel,2016,mumbai,60000,59993,1,1,1,1,1,1,1,0,1,0,1,0,1,0,9473,1,55.413514985681566,33.363510898043955,2237.431825451829,1.545976919349219,65.91306818181818,63.64060606060606,63.64060606060606,45.4609090909091,58.04685314685314,61.04350649350649,65.91306818181818,65.91306818181818,50.41900826446282,45.4609090909091,0.0,72.73045454545455,54.55075757575758,31.82613636363636,54.55075757575758
611,car,honda,jazz,diesel,2016,mumbai,60000,61379,1,1,1,1,1,1,1,0,1,0,1,0,1,0,9211,1,55.413514985681566,33.363510898043955,2237.431825451829,1.545976919349219,65.12556818181818,62.80060606060607,62.80060606060607,44.2009090909091,57.077622377622376,60.14350649350649,65.12556818181818,65.12556818181818,49.27355371900827,44.2009090909091,0.0,72.10045454545455,53.500757575757575,30.251136363636366,53.500757575757575
612,car,honda,jazz,diesel,2016,mumbai,60000,60342,1,1,1,1,1,1,1,0,1,0,1,0,1,0,9088,1,55.413514985681566,33.363510898043955,2237.431825451829,1.545976919349219,65.71477272727273,63.4290909090909,63.4290909090909,45.143636363636375,57.802797202797194,60.81688311688311,65.71477272727273,65.71477272727273,50.13057851239671,45.143636363636375,0.0,72.57181818181819,54.28636363636363,31.429545454545462,54.28636363636363
613,car,honda,jazz,diesel,2016,mumbai,60000,60930,1,1,1,1,1,1,1,0,1,0,1,0,1,0,9099,1,55.413514985681566,33.363510898043955,2237.431825451829,1.545976919349219,65.38068181818181,63.07272727272728,63.07272727272728,44.609090909090924,57.39160839160839,60.43506493506494,65.38068181818181,65.38068181818181,49.64462809917356,44.609090909090924,0.0,72.30454545454546,53.840909090909086,30.761363636363637,53.840909090909086
614,car,honda,jazz,diesel,2016,mumbai,60000,60432,1,1,1,1,1,1,1,0,1,0,1,0,1,0,9438,1,55.413514985681566,33.363510898043955,2237.431825451829,1.545976919349219,65.66363636363637,63.37454545454546,63.37454545454546,45.06181818181819,57.73986013986014,60.758441558441554,65.66363636363637,65.66363636363637,50.05619834710744,45.06181818181819,0.0,72.53090909090909,54.21818181818182,31.327272727272724,54.21818181818182
615,car,honda,jazz,diesel,2016,mumbai,60000,60465,1,1,1,1,1,1,1,0,1,0,1,0,1,0,9237,1,55.413514985681566,33.363510898043955,2237.431825451829,1.545976919349219,65.64488636363637,63.35454545454545,63.35454545454545,45.03181818181818,57.71678321678322,60.737012987012996,65.64488636363637,65.64488636363637,50.028925619834716,45.03181818181818,0.0,72.51590909090909,54.19318181818183,31.289772727272723,54.19318181818183
616,car,honda,jazz,diesel,2016,mumbai,60000,60765,1,1,1,1,1,1,1,0,1,0,1,0,1,0,9236,1,55.413514985681566,33.363510898043955,2237.431825451829,1.545976919349219,65.47443181818183,63.17272727272727,63.17272727272727,44.759090909090915,57.506993006993,60.54220779220779,65.47443181818183,65.47443181818183,49.78099173553719,44.759090909090915,0.0,72.37954545454545,53.96590909090909,30.948863636363633,53.96590909090909
617,car,honda,jazz,diesel,2016,mumbai,60000,59433,1,1,1,1,1,1,1,0,1,0,1,1,1,0,9797,1,55.413514985681566,33.363510898043955,2237.431825451829,1.545976919349219,66.23125,63.97999999999999,63.97999999999999,45.97000000000001,58.43846153846154,61.40714285714286,66.23125,66.23125,50.88181818181818,45.97000000000001,0.0,72.98500000000001,54.974999999999994,32.462500000000006,54.974999999999994
618,car,honda,jazz,diesel,2016,mumbai,60000,60875,1,1,1,1,1,1,1,0,1,0,1,1,1,0,9933,1,55.413514985681566,33.363510898043955,2237.431825451829,1.545976919349219,65.41193181818181,63.10606060606061,63.10606060606061,44.659090909090914,57.43006993006994,60.470779220779214,65.41193181818181,65.41193181818181,49.690082644628106,44.659090909090914,0.0,72.32954545454547,53.88257575757576,30.823863636363637,53.88257575757576
619,car,honda,jazz,diesel,2016,mumbai,60000,60080,1,1,1,1,1,1,1,0,1,0,1,1,1,0,9893,1,55.413514985681566,33.363510898043955,2237.431825451829,1.545976919349219,65.86363636363637,63.58787878787879,63.58787878787879,45.38181818181819,57.98601398601399,60.98701298701299,65.86363636363637,65.86363636363637,50.347107438016536,45.38181818181819,0.0,72.69090909090909,54.48484848484849,31.727272727272727,54.48484848484849
620,car,honda,jazz,diesel,2016,mumbai,60000,60909,1,1,1,1,1,1,1,0,1,0,1,1,1,0,9693,1,55.413514985681566,33.363510898043955,2237.431825451829,1.545976919349219,65.39261363636363,63.085454545454546,63.085454545454546,44.62818181818182,57.40629370629371,60.4487012987013,65.39261363636363,65.39261363636363,49.661983471074386,44.62818181818182,0.0,72.31409090909091,53.85681818181818,30.785227272727276,53.85681818181818
621,car,honda,jazz,diesel,2016,mumbai,60000,60223,1,1,1,1,1,1,1,0,1,0,1,1,1,0,9743,1,55.413514985681566,33.363510898043955,2237.431825451829,1.545976919349219,65.78238636363636,63.50121212121211,63.50121212121211,45.251818181818194,57.886013986013985,60.89415584415585,65.78238636363636,65.78238636363636,50.22892561983472,45.251818181818194,0.0,72.62590909090909,54.37651515151516,31.56477272727273,54.37651515151516
622,car,honda,jazz,diesel,2016,mumbai,60000,59343,1,1,1,1,1,1,1,0,1,0,1,0,1,0,9232,1,55.413514985681566,33.363510898043955,2237.431825451829,1.545976919349219,66.28238636363636,64.03454545454545,64.03454545454545,46.05181818181819,58.501398601398606,61.465584415584416,66.28238636363636,66.28238636363636,50.95619834710745,46.05181818181819,0.0,73.0259090909091,55.04318181818182,32.564772727272725,55.04318181818182
623,car,honda,jazz,diesel,2016,mumbai,60000,60433,1,1,1,1,1,1,1,0,1,0,1,0,1,0,9138,1,55.413514985681566,33.363510898043955,2237.431825451829,1.545976919349219,65.66306818181818,63.373939393939395,63.373939393939395,45.06090909090909,57.73916083916084,60.75779220779221,65.66306818181818,65.66306818181818,50.05537190082645,45.06090909090909,0.0,72.53045454545455,54.21742424242424,31.32613636363636,54.21742424242424
624,car,honda,jazz,diesel,2016,mumbai,70000,70435,1,1,1,0,1,0,0,0,1,0,1,0,0,0,4700,1,55.413514985681566,33.363510898043955,2237.431825451829,1.545976919349219,59.98011363636364,57.31212121212121,57.31212121212121,35.96818181818182,50.74475524475525,54.26298701298702,59.98011363636364,59.98011363636364,41.78925619834711,35.96818181818182,0.0,67.98409090909091,46.640151515151516,19.96022727272727,46.640151515151516
625,car,honda,jazz,diesel,2016,mumbai,70000,70976,1,1,1,0,1,0,0,0,1,0,0,0,0,0,4689,1,55.413514985681566,33.363510898043955,2237.431825451829,1.545976919349219,59.67272727272728,56.984242424242424,56.984242424242424,35.47636363636365,50.366433566433564,53.91168831168831,59.67272727272728,59.67272727272728,41.34214876033059,35.47636363636365,0.0,67.73818181818183,46.230303030303034,19.345454545454544,46.230303030303034
626,car,honda,jazz,diesel,2016,mumbai,70000,71253,1,1,1,0,1,0,0,0,1,0,0,0,0,0,4694,1,55.413514985681566,33.363510898043955,2237.431825451829,1.545976919349219,59.51534090909091,56.81636363636364,56.81636363636364,35.22454545454546,50.17272727272728,53.731818181818184,59.51534090909091,59.51534090909091,41.11322314049588,35.22454545454546,0.0,67.61227272727272,46.02045454545455,19.030681818181815,46.02045454545455
627,car,honda,jazz,diesel,2016,mumbai,70000,70311,1,1,1,0,1,0,0,0,1,0,0,0,0,0,4843,1,55.413514985681566,33.363510898043955,2237.431825451829,1.545976919349219,60.05056818181818,57.38727272727273,57.38727272727273,36.080909090909095,50.83146853146854,54.343506493506496,60.05056818181818,60.05056818181818,41.89173553719009,36.080909090909095,0.0,68.04045454545455,46.73409090909091,20.101136363636364,46.73409090909091
628,car,honda,jazz,diesel,2016,mumbai,70000,70789,1,1,1,0,1,0,0,0,1,0,0,0,0,0,4654,1,55.413514985681566,33.363510898043955,2237.431825451829,1.545976919349219,59.778977272727275,57.09757575757576,57.09757575757576,35.646363636363645,50.4972027972028,54.03311688311688,59.778977272727275,59.778977272727275,41.49669421487604,35.646363636363645,0.0,67.82318181818182,46.37196969696969,19.55795454545455,46.37196969696969
629,car,honda,jazz,diesel,2016,mumbai,70000,70098,1,1,1,0,0,0,0,0,1,0,0,0,0,0,4743,1,55.413514985681566,33.363510898043955,2237.431825451829,1.545976919349219,60.17159090909091,57.516363636363636,57.516363636363636,36.27454545454546,50.98041958041958,54.481818181818184,60.17159090909091,60.17159090909091,42.06776859504133,36.27454545454546,0.0,68.13727272727273,46.89545454545454,20.343181818181822,46.89545454545454
630,car,honda,jazz,diesel,2016,mumbai,70000,69432,1,1,1,0,0,0,0,0,1,0,0,0,0,0,4545,1,55.413514985681566,33.363510898043955,2237.431825451829,1.545976919349219,60.54999999999999,57.919999999999995,57.919999999999995,36.88000000000001,51.446153846153855,54.91428571428572,60.54999999999999,60.54999999999999,42.618181818181824,36.88000000000001,0.0,68.44000000000001,47.4,21.099999999999998,47.4
631,car,honda,jazz,diesel,2016,mumbai,70000,70894,1,1,1,0,0,0,0,0,0,0,0,0,0,0,4846,1,55.413514985681566,33.363510898043955,2237.431825451829,1.545976919349219,59.71931818181818,57.03393939393939,57.03393939393939,35.5509090909091,50.42377622377623,53.96493506493507,59.71931818181818,59.71931818181818,41.4099173553719,35.5509090909091,0.0,67.77545454545455,46.29242424242425,19.438636363636363,46.29242424242425
632,car,honda,jazz,diesel,2016,mumbai,70000,70753,1,1,1,0,0,0,0,0,0,0,0,0,0,0,4535,1,55.413514985681566,33.363510898043955,2237.431825451829,1.545976919349219,59.799431818181816,57.11939393939394,57.11939393939394,35.67909090909092,50.522377622377626,54.05649350649351,59.799431818181816,59.799431818181816,41.52644628099175,35.67909090909092,0.0,67.83954545454546,46.39924242424242,19.59886363636364,46.39924242424242
633,car,honda,jazz,diesel,2016,mumbai,70000,70756,1,1,1,0,0,0,0,0,0,0,0,0,0,0,4989,1,55.413514985681566,33.363510898043955,2237.431825451829,1.545976919349219,59.79772727272727,57.11757575757576,57.11757575757576,35.67636363636364,50.520279720279724,54.054545454545455,59.79772727272727,59.79772727272727,41.523966942148775,35.67636363636364,0.0,67.83818181818182,46.39696969696969,19.59545454545455,46.39696969696969
634,car,honda,jazz,diesel,2016,mumbai,70000,70432,1,1,1,0,0,0,0,0,0,0,0,0,0,0,5033,1,55.413514985681566,33.363510898043955,2237.431825451829,1.545976919349219,59.981818181818184,57.31393939393939,57.31393939393939,35.970909090909096,50.74685314685314,54.26493506493506,59.981818181818184,59.981818181818184,41.79173553719009,35.970909090909096,0.0,67.98545454545454,46.64242424242424,19.96363636363636,46.64242424242424
635,car,honda,jazz,diesel,2016,mumbai,70000,69422,1,1,1,0,0,0,0,0,0,0,0,0,0,0,4183,1,55.413514985681566,33.363510898043955,2237.431825451829,1.545976919349219,60.55568181818182,57.9260606060606,57.9260606060606,36.88909090909092,51.45314685314686,54.920779220779224,60.55568181818182,60.55568181818182,42.62644628099175,36.88909090909092,0.0,68.44454545454546,47.407575757575756,21.111363636363635,47.407575757575756
636,car,honda,jazz,diesel,2016,mumbai,70000,70438,1,1,1,0,0,0,0,0,0,0,0,0,0,0,5000,1,55.413514985681566,33.363510898043955,2237.431825451829,1.545976919349219,59.97840909090909,57.310303030303025,57.310303030303025,35.965454545454556,50.74265734265735,54.261038961038956,59.97840909090909,59.97840909090909,41.78677685950414,35.965454545454556,0.0,67.98272727272727,46.63787878787878,19.956818181818182,46.63787878787878
637,car,honda,jazz,diesel,2016,mumbai,70000,70233,1,1,1,0,0,0,0,0,0,0,0,0,0,0,4889,1,55.413514985681566,33.363510898043955,2237.431825451829,1.545976919349219,60.094886363636355,57.43454545454545,57.43454545454545,36.151818181818186,50.88601398601398,54.39415584415585,60.094886363636355,60.094886363636355,41.956198347107446,36.151818181818186,0.0,68.0759090909091,46.793181818181814,20.189772727272725,46.793181818181814
638,car,honda,jazz,diesel,2016,mumbai,70000,70499,1,1,1,0,0,0,0,0,0,0,0,0,0,0,4999,1,55.413514985681566,33.363510898043955,2237.431825451829,1.545976919349219,59.94375000000001,57.27333333333333,57.27333333333333,35.91000000000001,50.7,54.221428571428575,59.94375000000001,59.94375000000001,41.736363636363635,35.91000000000001,0.0,67.95500000000001,46.59166666666666,19.887500000000003,46.59166666666666
639,car,honda,jazz,diesel,2016,mumbai,70000,70824,1,1,1,0,0,0,0,0,0,0,0,0,0,0,4100,1,55.413514985681566,33.363510898043955,2237.431825451829,1.545976919349219,59.75909090909091,57.07636363636364,57.07636363636364,35.614545454545464,50.47272727272727,54.01038961038961,59.75909090909091,59.75909090909091,41.467768595041335,35.614545454545464,0.0,67.80727272727273,46.345454545454544,19.518181818181823,46.345454545454544
640,car,honda,jazz,diesel,2016,mumbai,70000,73283,1,1,1,0,1,0,0,0,0,0,0,0,0,0,4120,1,55.413514985681566,33.363510898043955,2237.431825451829,1.545976919349219,58.36193181818181,55.586060606060606,55.586060606060606,33.37909090909091,48.75314685314686,52.413636363636364,58.36193181818181,58.36193181818181,39.43553719008265,33.37909090909091,0.0,66.68954545454547,44.48257575757576,16.723863636363635,44.48257575757576
641,car,honda,jazz,diesel,2016,mumbai,70000,71938,1,1,1,0,1,0,0,0,0,0,0,0,0,0,4199,1,55.413514985681566,33.363510898043955,2237.431825451829,1.545976919349219,59.12613636363636,56.40121212121212,56.40121212121212,34.60181818181819,49.6937062937063,53.28701298701299,59.12613636363636,59.12613636363636,40.54710743801654,34.60181818181819,0.0,67.30090909090909,45.50151515151515,18.25227272727272,45.50151515151515
642,car,honda,jazz,diesel,2016,mumbai,70000,70438,1,1,1,0,1,0,0,0,0,0,0,0,0,0,4180,1,55.413514985681566,33.363510898043955,2237.431825451829,1.545976919349219,59.97840909090909,57.310303030303025,57.310303030303025,35.965454545454556,50.74265734265735,54.261038961038956,59.97840909090909,59.97840909090909,41.78677685950414,35.965454545454556,0.0,67.98272727272727,46.63787878787878,19.956818181818182,46.63787878787878
643,car,honda,jazz,diesel,2016,mumbai,80000,82078,1,1,1,1,1,1,1,0,0,0,0,0,0,0,4200,1,55.413514985681566,33.363510898043955,2237.431825451829,1.545976919349219,53.36477272727272,50.25575757575758,50.25575757575758,25.383636363636374,42.602797202797206,46.7025974025974,53.36477272727272,53.36477272727272,32.166942148760334,25.383636363636374,0.0,62.69181818181819,37.81969696969697,6.729545454545449,37.81969696969697
644,car,honda,jazz,diesel,2016,mumbai,80000,84473,1,1,1,1,0,1,1,0,0,0,0,0,0,0,5200,1,55.413514985681566,33.363510898043955,2237.431825451829,1.545976919349219,52.003977272727276,48.804242424242425,48.804242424242425,23.206363636363648,40.927972027972025,45.147402597402596,52.003977272727276,52.003977272727276,30.18760330578514,23.206363636363648,0.0,61.60318181818183,36.005303030303025,4.007954545454551,36.005303030303025
645,car,honda,jazz,diesel,2016,mumbai,80000,85743,1,1,1,1,0,1,1,0,0,0,0,0,0,0,5199,1,55.413514985681566,33.363510898043955,2237.431825451829,1.545976919349219,51.282386363636355,48.03454545454545,48.03454545454545,22.051818181818195,40.03986013986014,44.32272727272727,51.282386363636355,51.282386363636355,29.138016528925625,22.051818181818195,0.0,61.0259090909091,35.04318181818182,2.564772727272724,35.04318181818182
646,car,honda,jazz,diesel,2016,mumbai,80000,85739,1,1,1,1,0,1,1,0,0,0,0,0,0,0,5299,1,55.413514985681566,33.363510898043955,2237.431825451829,1.545976919349219,51.28465909090909,48.0369696969697,48.0369696969697,22.055454545454555,40.04265734265734,44.32532467532467,51.28465909090909,51.28465909090909,29.1413223140496,22.055454545454555,0.0,61.027727272727276,35.046212121212115,2.569318181818181,35.046212121212115
647,car,honda,jazz,diesel,2016,mumbai,80000,86839,1,1,1,1,0,1,1,0,0,0,0,0,0,0,5289,1,55.413514985681566,33.363510898043955,2237.431825451829,1.545976919349219,50.659659090909095,47.37030303030303,47.37030303030303,21.055454545454555,39.273426573426576,43.611038961038965,50.659659090909095,50.659659090909095,28.232231404958686,21.055454545454555,0.0,60.52772727272728,34.212878787878786,1.3193181818181854,34.212878787878786
648,car,honda,jazz,diesel,2016,mumbai,80000,87347,1,1,1,1,0,1,1,0,0,0,0,0,0,0,5249,1,55.413514985681566,33.363510898043955,2237.431825451829,1.545976919349219,50.37102272727273,47.06242424242424,47.06242424242424,20.59363636363637,38.91818181818182,43.28116883116883,50.37102272727273,50.37102272727273,27.81239669421488,20.59363636363637,0.0,60.29681818181818,33.828030303030296,0.7420454545454591,33.828030303030296
649,car,honda,jazz,diesel,2016,mumbai,80000,88347,1,1,1,1,0,1,1,0,0,0,0,0,0,0,5399,1,55.413514985681566,33.363510898043955,2237.431825451829,1.545976919349219,49.802840909090904,46.45636363636364,46.45636363636364,19.684545454545464,38.21888111888112,42.63181818181818,49.802840909090904,49.802840909090904,26.985950413223147,19.684545454545464,0.0,59.842272727272736,33.07045454545454,0.0,33.07045454545454
650,car,honda,jazz,diesel,2016,mumbai,80000,90382,1,1,1,0,0,0,0,0,0,0,0,0,0,0,5310,1,55.413514985681566,33.363510898043955,2237.431825451829,1.545976919349219,48.64659090909092,45.2230303030303,45.2230303030303,17.83454545454547,36.795804195804195,41.310389610389606,48.64659090909092,48.64659090909092,25.304132231404964,17.83454545454547,0.0,58.91727272727274,31.528787878787877,0.0,31.528787878787877
651,car,honda,jazz,diesel,2016,mumbai,100000,99442,1,1,1,0,0,0,0,0,0,0,0,0,0,0,5329,1,55.413514985681566,33.363510898043955,2237.431825451829,1.545976919349219,43.49886363636364,39.73212121212121,39.73212121212121,9.598181818181828,30.460139860139858,35.42727272727273,43.49886363636364,43.49886363636364,17.816528925619846,9.598181818181828,0.0,54.79909090909092,24.665151515151518,0.0,24.665151515151518
652,car,honda,jazz,diesel,2016,mumbai,100000,94632,1,1,1,0,0,0,0,0,0,0,0,0,0,0,5392,1,55.413514985681566,33.363510898043955,2237.431825451829,1.545976919349219,46.231818181818184,42.64727272727272,42.64727272727272,13.9709090909091,33.82377622377623,38.550649350649344,46.231818181818184,46.231818181818184,21.791735537190092,13.9709090909091,0.0,56.98545454545455,28.309090909090905,0.0,28.309090909090905
653,car,honda,jazz,diesel,2016,mumbai,100000,93648,1,1,1,0,0,0,0,0,0,0,0,0,0,0,5437,1,55.413514985681566,33.363510898043955,2237.431825451829,1.545976919349219,46.790909090909096,43.24363636363636,43.24363636363636,14.86545454545456,34.51188811188811,39.18961038961039,46.790909090909096,46.790909090909096,22.60495867768596,14.86545454545456,0.0,57.43272727272728,29.054545454545455,0.0,29.054545454545455
654,car,honda,jazz,diesel,2016,mumbai,100000,103382,1,1,1,0,1,0,0,0,0,0,0,0,0,0,5382,1,55.413514985681566,33.363510898043955,2237.431825451829,1.545976919349219,41.26022727272727,37.344242424242424,37.344242424242424,6.0163636363636535,27.7048951048951,32.86883116883117,41.26022727272727,41.26022727272727,14.560330578512403,6.0163636363636535,0.0,53.00818181818183,21.680303030303026,0.0,21.680303030303026
655,car,honda,jazz,diesel,2016,mumbai,100000,118310,1,1,1,0,1,0,0,0,0,0,0,0,0,1,6283,1,55.413514985681566,33.363510898043955,2237.431825451829,1.545976919349219,32.778409090909086,28.296969696969697,28.296969696969697,0.0,17.265734265734267,23.17532467532467,32.778409090909086,32.778409090909086,2.2231404958677814,0.0,0.0,46.22272727272728,10.371212121212125,0.0,10.371212121212125
656,car,honda,jazz,diesel,2016,mumbai,100000,128320,1,1,1,0,1,0,0,0,0,0,0,0,0,1,6239,1,55.413514985681566,33.363510898043955,2237.431825451829,1.545976919349219,27.090909090909086,22.230303030303034,22.230303030303034,0.0,10.265734265734261,16.675324675324678,27.090909090909086,27.090909090909086,0.0,0.0,0.0,41.672727272727286,2.7878787878787836,0.0,2.7878787878787836
657,car,honda,jazz,diesel,2016,mumbai,100000,103832,1,1,1,0,1,0,0,0,0,0,0,0,0,1,6249,1,55.413514985681566,33.363510898043955,2237.431825451829,1.545976919349219,41.00454545454545,37.07151515151516,37.07151515151516,5.607272727272738,27.390209790209784,32.57662337662338,41.00454545454545,41.00454545454545,14.188429752066122,5.607272727272738,0.0,52.803636363636365,21.339393939393936,0.0,21.339393939393936
658,car,honda,jazz,diesel,2016,mumbai,100000,118292,1,1,1,0,1,0,0,0,0,0,0,0,0,1,6240,1,55.413514985681566,33.363510898043955,2237.431825451829,1.545976919349219,32.78863636363636,28.307878787878792,28.307878787878792,0.0,17.278321678321674,23.187012987012988,32.78863636363636,32.78863636363636,2.238016528925635,0.0,0.0,46.2309090909091,10.384848484848487,0.0,10.384848484848487
659,car,honda,jazz,diesel,2016,mumbai,100000,121921,1,1,1,0,1,0,0,0,0,0,0,0,0,1,6334,1,55.413514985681566,33.363510898043955,2237.431825451829,1.545976919349219,30.72670454545454,26.10848484848485,26.10848484848485,0.0,14.740559440559442,20.830519480519484,30.72670454545454,30.72670454545454,0.0,0.0,0.0,44.58136363636365,7.63560606060606,0.0,7.63560606060606
660,car,honda,jazz,diesel,2016,mumbai,100000,112833,1,1,1,0,1,0,0,0,0,0,0,0,0,1,6132,1,55.413514985681566,33.363510898043955,2237.431825451829,1.545976919349219,35.89034090909091,31.61636363636363,31.61636363636363,0.0,21.09580419580419,26.731818181818177,35.89034090909091,35.89034090909091,6.749586776859518,0.0,0.0,48.71227272727273,14.520454545454541,0.0,14.520454545454541
661,car,honda,jazz,diesel,2016,mumbai,100000,103337,1,1,1,0,1,0,0,0,0,0,0,0,0,1,6184,1,55.413514985681566,33.363510898043955,2237.431825451829,1.545976919349219,41.28579545454546,37.371515151515155,37.371515151515155,6.0572727272727445,27.736363636363638,32.89805194805194,41.28579545454546,41.28579545454546,14.597520661157038,6.0572727272727445,0.0,53.02863636363637,21.71439393939394,0.0,21.71439393939394
662,car,honda,jazz,diesel,2016,mumbai,100000,133892,1,1,1,0,0,0,0,0,0,0,0,0,0,1,6347,1,55.413514985681566,33.363510898043955,2237.431825451829,1.545976919349219,23.924999999999997,18.85333333333333,18.85333333333333,0.0,6.3692307692307715,13.057142857142857,23.924999999999997,23.924999999999997,0.0,0.0,0.0,39.14000000000001,0.0,0.0,0.0
663,car,honda,jazz,diesel,2016,mumbai,100000,103737,1,1,1,0,1,0,0,0,0,0,0,0,0,1,6237,1,55.413514985681566,33.363510898043955,2237.431825451829,1.545976919349219,41.05852272727273,37.12909090909091,37.12909090909091,5.6936363636363785,27.45664335664336,32.63831168831168,41.05852272727273,41.05852272727273,14.266942148760343,5.6936363636363785,0.0,52.846818181818186,21.411363636363635,0.0,21.411363636363635
664,car,honda,city,petrol,2017,chennai,10000,10022,1,1,1,0,1,0,0,0,0,0,0,0,0,0,1319,1,55.413514985681566,33.363510898043955,2237.431825451829,1.545976919349219,84.87511363636365,84.53345454545455,84.53345454545455,81.80018181818183,83.69244755244756,84.14298701298702,84.87511363636365,84.87511363636365,82.54561983471075,81.80018181818183,73.60036363636364,85.90009090909092,83.16681818181819,79.75022727272727,83.16681818181819
665,car,honda,city,petrol,2017,chennai,10000,10897,1,1,1,0,1,0,0,0,0,0,0,0,0,0,1798,1,55.413514985681566,33.363510898043955,2237.431825451829,1.545976919349219,84.42767045454546,84.05618181818181,84.05618181818181,81.08427272727273,83.14174825174825,83.63162337662337,84.42767045454546,84.42767045454546,81.89479338842975,81.08427272727273,72.16854545454545,85.54213636363636,82.57022727272728,78.8553409090909,82.57022727272728
666,car,honda,city,petrol,2017,chennai,10000,10732,1,1,1,0,0,0,0,0,0,0,0,0,0,0,1673,1,55.413514985681566,33.363510898043955,2237.431825451829,1.545976919349219,84.51204545454546,84.14618181818183,84.14618181818183,81.21927272727274,83.24559440559442,83.72805194805194,84.51204545454546,84.51204545454546,82.01752066115702,81.21927272727274,72.43854545454545,85.60963636363637,82.68272727272728,79.02409090909092,82.68272727272728
667,car,honda,city,petrol,2017,chennai,10000,10988,1,1,1,0,0,0,0,0,0,0,0,0,0,0,1239,1,55.413514985681566,33.363510898043955,2237.431825451829,1.545976919349219,84.38113636363636,84.00654545454546,84.00654545454546,81.00981818181819,83.08447552447552,83.57844155844157,84.38113636363636,84.38113636363636,81.82710743801653,81.00981818181819,72.01963636363637,85.5049090909091,82.50818181818181,78.76227272727273,82.50818181818181
668,car,honda,city,petrol,2017,chennai,10000,10321,1,1,1,0,0,0,0,0,0,0,0,0,0,0,1352,1,55.413514985681566,33.363510898043955,2237.431825451829,1.545976919349219,84.72221590909092,84.37036363636365,84.37036363636365,81.55554545454545,83.50426573426573,83.96824675324676,84.72221590909092,84.72221590909092,82.32322314049587,81.55554545454545,73.1110909090909,85.77777272727273,82.96295454545455,79.44443181818183,82.96295454545455
669,car,honda,city,petrol,2017,chennai,10000,10978,1,1,1,0,0,0,0,0,0,0,0,0,0,0,1436,1,55.413514985681566,33.363510898043955,2237.431825451829,1.545976919349219,84.38625,84.012,84.012,81.018,83.09076923076924,83.58428571428571,84.38625,84.38625,81.83454545454545,81.018,72.036,85.509,82.515,78.7725,82.515
670,car,honda,city,petrol,2017,chennai,10000,9032,1,1,1,0,1,0,0,0,0,0,0,0,0,0,1234,1,55.413514985681566,33.363510898043955,2237.431825451829,1.545976919349219,85.38136363636364,85.07345454545454,85.07345454545454,82.61018181818181,84.31552447552448,84.72155844155844,85.38136363636364,85.38136363636364,83.28198347107438,82.61018181818181,75.22036363636364,86.30509090909091,83.84181818181818,80.76272727272728,83.84181818181818
671,car,honda,city,petrol,2017,chennai,10000,10344,1,1,1,0,0,0,0,0,0,0,0,0,0,0,1462,1,55.413514985681566,33.363510898043955,2237.431825451829,1.545976919349219,84.71045454545455,84.35781818181817,84.35781818181817,81.53672727272729,83.48979020979021,83.95480519480519,84.71045454545455,84.71045454545455,82.30611570247935,81.53672727272729,73.07345454545454,85.76836363636363,82.94727272727272,79.42090909090909,82.94727272727272
672,car,honda,city,petrol,2017,chennai,10000,10654,1,1,1,0,0,0,0,0,0,0,0,0,0,0,1326,1,55.413514985681566,33.363510898043955,2237.431825451829,1.545976919349219,84.55193181818183,84.18872727272728,84.18872727272728,81.28309090909092,83.29468531468531,83.77363636363636,84.55193181818183,84.55193181818183,82.07553719008266,81.28309090909092,72.56618181818183,85.64154545454545,82.73590909090909,79.10386363636364,82.73590909090909
673,car,honda,city,petrol,2017,chennai,10000,11763,1,1,1,0,0,0,0,0,0,0,0,0,0,0,1235,1,55.413514985681566,33.363510898043955,2237.431825451829,1.545976919349219,83.98482954545455,83.58381818181819,83.58381818181819,80.37572727272727,82.59671328671328,83.12551948051949,83.98482954545455,83.98482954545455,81.25066115702481,80.37572727272727,70.75145454545456,85.18786363636364,81.97977272727273,77.96965909090909,81.97977272727273
674,car,honda,city,petrol,2017,chennai,10000,10893,1,1,1,0,0,0,0,0,0,0,0,0,0,0,1426,1,55.413514985681566,33.363510898043955,2237.431825451829,1.545976919349219,84.42971590909092,84.05836363636364,84.05836363636364,81.08754545454545,83.14426573426574,83.63396103896103,84.42971590909092,84.42971590909092,81.89776859504133,81.08754545454545,72.17509090909091,85.54377272727272,82.57295454545455,78.85943181818182,82.57295454545455
675,car,honda,city,petrol,2017,chennai,10000,10322,1,1,1,0,0,0,0,0,0,0,0,0,0,0,1734,1,55.413514985681566,33.363510898043955,2237.431825451829,1.545976919349219,84.72170454545456,84.36981818181818,84.36981818181818,81.55472727272728,83.50363636363636,83.96766233766233,84.72170454545456,84.72170454545456,82.32247933884298,81.55472727272728,73.10945454545455,85.77736363636363,82.96227272727273,79.44340909090909,82.96227272727273
676,car,honda,city,petrol,2017,chennai,10000,11345,1,1,1,0,0,0,0,0,0,0,0,0,0,0,1423,1,55.413514985681566,33.363510898043955,2237.431825451829,1.545976919349219,84.19857954545455,83.81181818181818,83.81181818181818,80.71772727272727,82.85979020979022,83.3698051948052,84.19857954545455,84.19857954545455,81.56157024793389,80.71772727272727,71.43545454545455,85.35886363636364,82.26477272727273,78.3971590909091,82.26477272727273
677,car,honda,city,petrol,2017,chennai,10000,9831,1,1,1,0,0,0,0,0,0,0,0,0,0,0,1324,1,55.413514985681566,33.363510898043955,2237.431825451829,1.545976919349219,84.9727840909091,84.63763636363637,84.63763636363637,81.95645454545455,83.81265734265735,84.2546103896104,84.9727840909091,84.9727840909091,82.68768595041323,81.95645454545455,73.9129090909091,85.97822727272728,83.29704545454547,79.94556818181819,83.29704545454547
678,car,honda,city,petrol,2017,chennai,10000,10238,1,1,1,0,1,0,0,0,0,0,0,0,0,0,1523,1,55.413514985681566,33.363510898043955,2237.431825451829,1.545976919349219,84.76465909090909,84.41563636363637,84.41563636363637,81.62345454545455,83.55650349650351,84.01675324675325,84.76465909090909,84.76465909090909,82.38495867768596,81.62345454545455,73.2469090909091,85.81172727272727,83.01954545454545,79.52931818181818,83.01954545454545
679,car,honda,city,petrol,2017,chennai,10000,10980,1,1,1,0,0,0,0,0,0,0,0,0,0,0,1452,1,55.413514985681566,33.363510898043955,2237.431825451829,1.545976919349219,84.38522727272728,84.0109090909091,84.0109090909091,81.01636363636364,83.08951048951049,83.58311688311689,84.38522727272728,84.38522727272728,81.83305785123967,81.01636363636364,72.03272727272727,85.50818181818182,82.51363636363637,78.77045454545456,82.51363636363637
680,car,honda,city,petrol,2017,chennai,10000,10326,1,1,1,0,0,0,0,0,0,0,0,0,0,0,1220,1,55.413514985681566,33.363510898043955,2237.431825451829,1.545976919349219,84.7196590909091,84.36763636363636,84.36763636363636,81.55145454545456,83.50111888111887,83.96532467532468,84.7196590909091,84.7196590909091,82.3195041322314,81.55145454545456,73.1029090909091,85.77572727272727,82.95954545454546,79.43931818181818,82.95954545454546
681,car,honda,city,petrol,2017,chennai,10000,10322,1,1,1,0,1,0,0,0,0,0,0,0,0,0,1299,1,55.413514985681566,33.363510898043955,2237.431825451829,1.545976919349219,84.72170454545456,84.36981818181818,84.36981818181818,81.55472727272728,83.50363636363636,83.96766233766233,84.72170454545456,84.72170454545456,82.32247933884298,81.55472727272728,73.10945454545455,85.77736363636363,82.96227272727273,79.44340909090909,82.96227272727273
682,car,honda,city,petrol,2017,chennai,10000,11753,1,1,1,0,1,0,0,0,0,0,0,0,0,0,1099,1,55.413514985681566,33.363510898043955,2237.431825451829,1.545976919349219,83.98994318181818,83.58927272727273,83.58927272727273,80.38390909090909,82.603006993007,83.13136363636363,83.98994318181818,83.98994318181818,81.25809917355372,80.38390909090909,70.76781818181819,85.19195454545455,81.9865909090909,77.97988636363637,81.9865909090909
683,car,honda,city,petrol,2017,chennai,10000,10926,1,1,1,0,1,0,0,0,0,0,0,0,0,0,1209,1,55.413514985681566,33.363510898043955,2237.431825451829,1.545976919349219,84.41284090909092,84.04036363636364,84.04036363636364,81.06054545454545,83.12349650349651,83.61467532467532,84.41284090909092,84.41284090909092,81.87322314049587,81.06054545454545,72.12109090909091,85.53027272727273,82.55045454545456,78.82568181818182,82.55045454545456
684,car,honda,city,petrol,2017,chennai,20000,20785,1,1,1,1,0,0,0,0,0,0,0,0,0,0,2099,1,55.413514985681566,33.363510898043955,2237.431825451829,1.545976919349219,79.37130681818182,78.66272727272728,78.66272727272728,72.99409090909091,76.91853146853148,77.85292207792209,79.37130681818182,79.37130681818182,74.5400826446281,72.99409090909091,55.98818181818182,81.49704545454547,75.82840909090909,68.74261363636363,75.82840909090909
685,car,honda,city,petrol,2017,chennai,20000,20634,1,1,1,1,0,0,0,0,0,0,0,0,0,0,2100,1,55.413514985681566,33.363510898043955,2237.431825451829,1.545976919349219,79.44852272727272,78.74509090909092,78.74509090909092,73.11763636363636,77.01356643356644,77.94116883116884,79.44852272727272,79.44852272727272,74.65239669421489,73.11763636363636,56.23527272727273,81.55881818181818,75.93136363636364,68.89704545454546,75.93136363636364
686,car,honda,city,petrol,2017,chennai,20000,20924,1,1,1,1,0,0,0,0,0,0,0,0,0,0,2199,1,55.413514985681566,33.363510898043955,2237.431825451829,1.545976919349219,79.30022727272727,78.5869090909091,78.5869090909091,72.88036363636363,76.83104895104896,77.77168831168831,79.30022727272727,79.30022727272727,74.43669421487604,72.88036363636363,55.76072727272728,81.44018181818181,75.73363636363638,68.60045454545454,75.73363636363638
687,car,honda,city,petrol,2017,chennai,20000,20213,1,1,1,1,0,0,0,0,0,0,0,0,0,0,2089,1,55.413514985681566,33.363510898043955,2237.431825451829,1.545976919349219,79.66380681818183,78.97472727272728,78.97472727272728,73.46209090909092,77.27853146853147,78.18720779220779,79.66380681818183,79.66380681818183,74.96553719008264,73.46209090909092,56.924181818181836,81.73104545454545,76.21840909090909,69.32761363636364,76.21840909090909
688,car,honda,city,petrol,2017,chennai,20000,20132,1,1,1,1,0,0,0,0,0,0,0,0,0,0,2173,1,55.413514985681566,33.363510898043955,2237.431825451829,1.545976919349219,79.70522727272727,79.01890909090909,79.01890909090909,73.52836363636364,77.32951048951048,78.23454545454547,79.70522727272727,79.70522727272727,75.02578512396694,73.52836363636364,57.05672727272727,81.76418181818183,76.27363636363637,69.41045454545456,76.27363636363637
689,car,honda,city,petrol,2017,chennai,20000,20656,1,1,1,1,0,0,0,0,0,0,0,0,0,0,2132,1,55.413514985681566,33.363510898043955,2237.431825451829,1.545976919349219,79.43727272727273,78.7330909090909,78.7330909090909,73.09963636363636,76.99972027972028,77.9283116883117,79.43727272727273,79.43727272727273,74.63603305785125,73.09963636363636,56.19927272727273,81.5498181818182,75.91636363636364,68.87454545454545,75.91636363636364
690,car,honda,city,petrol,2017,chennai,20000,21865,1,1,1,1,0,0,0,0,0,0,0,0,0,0,2145,1,55.413514985681566,33.363510898043955,2237.431825451829,1.545976919349219,78.8190340909091,78.07363636363637,78.07363636363637,72.11045454545454,76.2388111888112,77.22175324675324,78.8190340909091,78.8190340909091,73.73677685950413,72.11045454545454,54.2209090909091,81.05522727272728,75.09204545454546,67.63806818181817,75.09204545454546
691,car,honda,city,petrol,2017,chennai,20000,20568,1,1,1,1,0,0,0,0,0,0,0,0,0,0,2197,1,55.413514985681566,33.363510898043955,2237.431825451829,1.545976919349219,79.48227272727273,78.7810909090909,78.7810909090909,73.17163636363638,77.05510489510489,77.97974025974027,79.48227272727273,79.48227272727273,74.70148760330578,73.17163636363638,56.34327272727273,81.58581818181818,75.97636363636363,68.96454545454546,75.97636363636363
692,car,honda,city,petrol,2017,chennai,20000,20432,1,1,1,1,0,0,0,0,0,0,0,0,0,0,2165,1,55.413514985681566,33.363510898043955,2237.431825451829,1.545976919349219,79.55181818181818,78.85527272727272,78.85527272727272,73.28290909090909,77.14069930069931,78.05922077922078,79.55181818181818,79.55181818181818,74.80264462809917,73.28290909090909,56.56581818181818,81.64145454545455,76.0690909090909,69.10363636363637,76.0690909090909
693,car,honda,city,petrol,2017,chennai,20000,19732,1,1,1,1,0,0,0,0,0,0,0,0,0,0,2262,1,55.413514985681566,33.363510898043955,2237.431825451829,1.545976919349219,79.90977272727272,79.23709090909091,79.23709090909091,73.85563636363636,77.58125874125875,78.4683116883117,79.90977272727272,79.90977272727272,75.32330578512398,73.85563636363636,57.71127272727273,81.92781818181818,76.54636363636364,69.81954545454546,76.54636363636364
694,car,honda,city,petrol,2017,chennai,20000,20632,1,1,1,1,0,0,0,0,0,0,0,0,0,0,2322,1,55.413514985681566,33.363510898043955,2237.431825451829,1.545976919349219,79.44954545454546,78.74618181818182,78.74618181818182,73.11927272727273,77.01482517482519,77.94233766233766,79.44954545454546,79.44954545454546,74.65388429752068,73.11927272727273,56.23854545454545,81.55963636363637,75.93272727272728,68.8990909090909,75.93272727272728
695,car,honda,city,petrol,2017,chennai,20000,20683,1,1,1,1,1,0,0,0,0,0,0,0,0,0,2399,1,55.413514985681566,33.363510898043955,2237.431825451829,1.545976919349219,79.42346590909091,78.71836363636363,78.71836363636363,73.07754545454546,76.98272727272727,77.91253246753247,79.42346590909091,79.42346590909091,74.61595041322315,73.07754545454546,56.155090909090916,81.53877272727273,75.89795454545454,68.84693181818183,75.89795454545454
696,car,honda,city,petrol,2017,chennai,20000,21623,1,1,1,1,1,0,0,0,0,0,0,0,0,0,2299,1,55.413514985681566,33.363510898043955,2237.431825451829,1.545976919349219,78.9427840909091,78.20563636363636,78.20563636363636,72.30845454545455,76.39111888111889,77.36318181818181,78.9427840909091,78.9427840909091,73.91677685950413,72.30845454545455,54.6169090909091,81.15422727272727,75.25704545454546,67.88556818181817,75.25704545454546
697,car,honda,city,petrol,2017,chennai,20000,20897,1,1,1,1,1,0,0,0,0,0,0,0,0,0,2367,1,55.413514985681566,33.363510898043955,2237.431825451829,1.545976919349219,79.31403409090909,78.60163636363637,78.60163636363637,72.90245454545456,76.84804195804196,77.78746753246753,79.31403409090909,79.31403409090909,74.45677685950415,72.90245454545456,55.8049090909091,81.45122727272728,75.75204545454545,68.6280681818182,75.75204545454545
698,car,honda,city,petrol,2017,chennai,20000,20077,1,1,1,1,1,0,0,0,0,0,0,0,0,0,2400,1,55.413514985681566,33.363510898043955,2237.431825451829,1.545976919349219,79.73335227272727,79.0489090909091,79.0489090909091,73.57336363636364,77.36412587412588,78.26668831168831,79.73335227272727,79.73335227272727,75.06669421487604,73.57336363636364,57.146727272727276,81.78668181818182,76.31113636363636,69.46670454545455,76.31113636363636
699,car,honda,city,petrol,2017,chennai,20000,19423,1,1,1,1,0,0,0,0,0,0,0,0,0,0,2311,1,55.413514985681566,33.363510898043955,2237.431825451829,1.545976919349219,80.0677840909091,79.40563636363636,79.40563636363636,74.10845454545455,77.77573426573426,78.64889610389612,80.0677840909091,80.0677840909091,75.55314049586778,74.10845454545455,58.216909090909105,82.05422727272727,76.75704545454546,70.13556818181817,76.75704545454546
700,car,honda,city,petrol,2017,chennai,20000,20863,1,1,1,1,0,0,0,0,0,0,0,0,0,0,2348,1,55.413514985681566,33.363510898043955,2237.431825451829,1.545976919349219,79.33142045454545,78.62018181818182,78.62018181818182,72.93027272727272,76.86944055944056,77.80733766233767,79.33142045454545,79.33142045454545,74.48206611570248,72.93027272727272,55.86054545454545,81.46513636363636,75.77522727272726,68.66284090909092,75.77522727272726
701,car,honda,city,petrol,2017,chennai,20000,20897,1,1,1,1,1,0,0,0,0,0,0,0,0,0,2389,1,55.413514985681566,33.363510898043955,2237.431825451829,1.545976919349219,79.31403409090909,78.60163636363637,78.60163636363637,72.90245454545456,76.84804195804196,77.78746753246753,79.31403409090909,79.31403409090909,74.45677685950415,72.90245454545456,55.8049090909091,81.45122727272728,75.75204545454545,68.6280681818182,75.75204545454545
702,car,honda,city,petrol,2017,chennai,20000,20432,1,1,1,1,0,0,0,0,0,0,0,0,0,0,2500,1,55.413514985681566,33.363510898043955,2237.431825451829,1.545976919349219,79.55181818181818,78.85527272727272,78.85527272727272,73.28290909090909,77.14069930069931,78.05922077922078,79.55181818181818,79.55181818181818,74.80264462809917,73.28290909090909,56.56581818181818,81.64145454545455,76.0690909090909,69.10363636363637,76.0690909090909
703,car,honda,city,petrol,2017,chennai,20000,20653,1,1,1,1,0,0,0,0,0,0,0,0,0,0,2134,1,55.413514985681566,33.363510898043955,2237.431825451829,1.545976919349219,79.43880681818182,78.73472727272727,78.73472727272727,73.10209090909092,77.0016083916084,77.93006493506493,79.43880681818182,79.43880681818182,74.63826446280993,73.10209090909092,56.20418181818183,81.55104545454546,75.9184090909091,68.87761363636363,75.9184090909091
704,car,honda,city,petrol,2017,chennai,30000,30765,1,1,1,0,0,1,0,0,0,0,0,0,0,0,3586,1,55.413514985681566,33.363510898043955,2237.431825451829,1.545976919349219,74.26789772727273,73.21909090909091,73.21909090909091,64.82863636363636,70.63741258741258,72.02045454545456,74.26789772727273,74.26789772727273,67.11694214876033,64.82863636363636,39.65727272727273,77.41431818181819,69.02386363636364,58.53579545454545,69.02386363636364
705,car,honda,city,petrol,2017,chennai,30000,30462,1,1,1,0,0,1,0,0,0,0,0,0,0,0,3600,1,55.413514985681566,33.363510898043955,2237.431825451829,1.545976919349219,74.42284090909091,73.38436363636364,73.38436363636364,65.07654545454547,70.82811188811189,72.19753246753247,74.42284090909091,74.42284090909091,67.34231404958678,65.07654545454547,40.15309090909092,77.53827272727273,69.23045454545455,58.84568181818182,69.23045454545455
706,car,honda,city,petrol,2017,chennai,30000,30004,1,1,1,0,0,1,0,0,0,0,0,0,0,0,3599,1,55.413514985681566,33.363510898043955,2237.431825451829,1.545976919349219,74.65704545454545,73.63418181818182,73.63418181818182,65.45127272727274,71.11636363636363,72.46519480519481,74.65704545454545,74.65704545454545,67.68297520661157,65.45127272727274,40.90254545454546,77.72563636363637,69.54272727272728,59.314090909090915,69.54272727272728
707,car,honda,city,petrol,2017,chennai,30000,30326,1,1,1,0,0,1,0,0,0,0,0,0,0,0,3534,1,55.413514985681566,33.363510898043955,2237.431825451829,1.545976919349219,74.49238636363637,73.45854545454546,73.45854545454546,65.18781818181819,70.9137062937063,72.27701298701298,74.49238636363637,74.49238636363637,67.44347107438017,65.18781818181819,40.375636363636374,77.5939090909091,69.32318181818182,58.984772727272734,69.32318181818182
708,car,honda,city,petrol,2017,chennai,30000,30897,1,1,1,0,0,1,0,0,0,0,0,0,0,0,3794,1,55.413514985681566,33.363510898043955,2237.431825451829,1.545976919349219,74.20039772727273,73.14709090909092,73.14709090909092,64.72063636363637,70.55433566433567,71.9433116883117,74.20039772727273,74.20039772727273,67.01876033057852,64.72063636363637,39.44127272727274,77.36031818181819,68.93386363636364,58.400795454545445,68.93386363636364
709,car,honda,city,petrol,2017,chennai,30000,30675,1,1,1,0,0,1,0,0,0,0,0,0,0,0,3499,1,55.413514985681566,33.363510898043955,2237.431825451829,1.545976919349219,74.31392045454545,73.26818181818182,73.26818181818182,64.90227272727275,70.69405594405595,72.07305194805194,74.31392045454545,74.31392045454545,67.18388429752068,64.90227272727275,39.80454545454546,77.45113636363637,69.08522727272727,58.62784090909091,69.08522727272727
710,car,honda,city,petrol,2017,chennai,30000,30612,1,1,1,0,0,1,0,0,0,0,0,0,0,0,3379,1,55.413514985681566,33.363510898043955,2237.431825451829,1.545976919349219,74.34613636363636,73.30254545454545,73.30254545454545,64.95381818181818,70.73370629370629,72.10987012987013,74.34613636363636,74.34613636363636,67.2307438016529,64.95381818181818,39.90763636363637,77.4769090909091,69.12818181818183,58.69227272727273,69.12818181818183
711,car,honda,city,petrol,2017,chennai,30000,31763,1,1,1,0,0,1,0,0,0,0,0,0,0,0,3278,1,55.413514985681566,33.363510898043955,2237.431825451829,1.545976919349219,73.75755681818183,72.67472727272728,72.67472727272728,64.01209090909092,70.0093006993007,71.43720779220779,73.75755681818183,73.75755681818183,66.37462809917355,64.01209090909092,38.02418181818182,77.00604545454546,68.34340909090909,57.51511363636363,68.34340909090909
712,car,honda,city,petrol,2017,chennai,30000,30980,1,1,1,0,0,1,0,0,0,0,0,0,0,0,3190,1,55.413514985681566,33.363510898043955,2237.431825451829,1.545976919349219,74.15795454545454,73.10181818181817,73.10181818181817,64.65272727272728,70.5020979020979,71.8948051948052,74.15795454545454,74.15795454545454,66.95702479338843,64.65272727272728,39.30545454545456,77.32636363636364,68.87727272727273,58.315909090909095,68.87727272727273
713,car,honda,city,petrol,2017,chennai,30000,30998,1,1,1,0,0,1,0,0,0,0,0,0,0,0,3099,1,55.413514985681566,33.363510898043955,2237.431825451829,1.545976919349219,74.14875,73.09200000000001,73.09200000000001,64.638,70.49076923076922,71.88428571428571,74.14875,74.14875,66.94363636363636,64.638,39.27600000000002,77.319,68.865,58.29750000000001,68.865
714,car,honda,city,petrol,2017,chennai,30000,29234,1,1,1,0,0,1,0,0,0,0,0,0,0,0,3199,1,55.413514985681566,33.363510898043955,2237.431825451829,1.545976919349219,75.05079545454545,74.05418181818182,74.05418181818182,66.08127272727273,71.60097902097901,72.91519480519482,75.05079545454545,75.05079545454545,68.25570247933885,66.08127272727273,42.162545454545466,78.04063636363637,70.06772727272727,60.10159090909091,70.06772727272727
715,car,honda,city,petrol,2017,chennai,30000,30909,1,1,1,0,0,1,0,0,0,0,0,0,0,0,3000,1,55.413514985681566,33.363510898043955,2237.431825451829,1.545976919349219,74.19426136363637,73.14054545454546,73.14054545454546,64.71081818181818,70.54678321678321,71.9362987012987,74.19426136363637,74.19426136363637,67.0098347107438,64.71081818181818,39.42163636363637,77.35540909090909,68.92568181818181,58.38852272727273,68.92568181818181
716,car,honda,city,petrol,2017,chennai,30000,30522,1,1,1,0,0,1,0,0,0,0,0,0,0,0,3201,1,55.413514985681566,33.363510898043955,2237.431825451829,1.545976919349219,74.39215909090909,73.35163636363636,73.35163636363636,65.02745454545455,70.79034965034964,72.16246753246753,74.39215909090909,74.39215909090909,67.29768595041322,65.02745454545455,40.05490909090909,77.51372727272728,69.18954545454545,58.78431818181819,69.18954545454545
717,car,honda,city,petrol,2017,chennai,30000,30863,1,1,1,0,0,1,0,0,0,0,0,0,0,0,2999,1,55.413514985681566,33.363510898043955,2237.431825451829,1.545976919349219,74.21778409090909,73.16563636363637,73.16563636363637,64.74845454545455,70.57573426573427,71.96318181818182,74.21778409090909,74.21778409090909,67.04404958677685,64.74845454545455,39.4969090909091,77.37422727272727,68.95704545454547,58.43556818181818,68.95704545454547
718,car,honda,city,petrol,2017,chennai,30000,29837,1,1,1,0,0,1,0,0,0,0,0,0,0,0,3010,1,55.413514985681566,33.363510898043955,2237.431825451829,1.545976919349219,74.74244318181819,73.72527272727274,73.72527272727274,65.5879090909091,71.22146853146853,72.56279220779221,74.74244318181819,74.74244318181819,67.80719008264464,65.5879090909091,41.17581818181819,77.79395454545455,69.65659090909092,59.48488636363636,69.65659090909092
719,car,honda,city,petrol,2017,chennai,30000,31327,1,1,1,0,0,1,0,0,0,0,0,0,0,0,3100,1,55.413514985681566,33.363510898043955,2237.431825451829,1.545976919349219,73.98051136363637,72.91254545454545,72.91254545454545,64.36881818181818,70.2837062937063,71.69201298701299,73.98051136363637,73.98051136363637,66.69892561983471,64.36881818181818,38.737636363636376,77.1844090909091,68.64068181818182,57.96102272727272,68.64068181818182
720,car,honda,city,petrol,2017,chennai,30000,30743,1,1,1,0,0,1,0,0,0,0,0,0,0,0,3297,1,55.413514985681566,33.363510898043955,2237.431825451829,1.545976919349219,74.27914772727273,73.23109090909092,73.23109090909092,64.84663636363636,70.65125874125873,72.03331168831168,74.27914772727273,74.27914772727273,67.13330578512398,64.84663636363636,39.693272727272735,77.42331818181819,69.03886363636364,58.558295454545465,69.03886363636364
721,car,honda,city,petrol,2017,chennai,30000,30378,1,1,1,0,0,1,0,0,0,0,0,0,0,0,3278,1,55.413514985681566,33.363510898043955,2237.431825451829,1.545976919349219,74.46579545454547,73.43018181818182,73.43018181818182,65.14527272727273,70.88097902097903,72.24662337662338,74.46579545454547,74.46579545454547,67.40479338842975,65.14527272727273,40.29054545454546,77.57263636363636,69.28772727272728,58.931590909090914,69.28772727272728
722,car,honda,city,petrol,2017,chennai,30000,29624,1,1,1,0,0,1,0,0,0,0,0,0,0,0,3327,1,55.413514985681566,33.363510898043955,2237.431825451829,1.545976919349219,74.85136363636364,73.84145454545455,73.84145454545455,65.76218181818182,71.35552447552448,72.68727272727273,74.85136363636364,74.85136363636364,67.96561983471075,65.76218181818182,41.52436363636364,77.88109090909091,69.80181818181819,59.70272727272728,69.80181818181819
723,car,honda,city,petrol,2017,chennai,40000,40686,1,1,1,0,0,0,0,0,0,0,0,0,0,0,3400,1,55.413514985681566,33.363510898043955,2237.431825451829,1.545976919349219,69.1946590909091,67.80763636363636,67.80763636363636,56.71145454545455,64.39342657342657,66.22246753246753,69.1946590909091,69.1946590909091,59.73768595041324,56.71145454545455,23.422909090909098,73.35572727272726,62.25954545454545,48.38931818181818,62.25954545454545
724,car,honda,city,petrol,2017,chennai,40000,40326,1,1,1,1,0,0,0,0,0,0,0,0,0,0,3929,1,55.413514985681566,33.363510898043955,2237.431825451829,1.545976919349219,69.37875,68.004,68.004,57.00600000000001,64.62,66.43285714285715,69.37875,69.37875,60.00545454545456,57.00600000000001,24.012000000000015,73.503,62.505,48.7575,62.505
725,car,honda,city,petrol,2017,chennai,40000,40908,1,1,1,1,0,0,0,0,0,0,0,0,0,0,3999,1,55.413514985681566,33.363510898043955,2237.431825451829,1.545976919349219,69.08113636363638,67.68654545454545,67.68654545454545,56.529818181818186,64.2537062937063,66.09272727272727,69.08113636363638,69.08113636363638,59.572561983471076,56.529818181818186,23.059636363636372,73.2649090909091,62.108181818181826,48.16227272727273,62.108181818181826
726,car,honda,city,petrol,2017,chennai,40000,40311,1,1,1,1,0,0,0,0,0,0,0,0,0,0,3989,1,55.413514985681566,33.363510898043955,2237.431825451829,1.545976919349219,69.38642045454546,68.01218181818182,68.01218181818182,57.01827272727273,64.62944055944057,66.44162337662338,69.38642045454546,69.38642045454546,60.01661157024793,57.01827272727273,24.03654545454546,73.50913636363636,62.51522727272728,48.77284090909091,62.51522727272728
727,car,honda,city,petrol,2017,chennai,40000,39236,1,1,1,1,0,0,0,0,0,0,0,0,0,0,3949,1,55.413514985681566,33.363510898043955,2237.431825451829,1.545976919349219,69.93613636363636,68.59854545454546,68.59854545454546,57.89781818181818,65.30601398601398,67.06987012987014,69.93613636363636,69.93613636363636,60.81619834710744,57.89781818181818,25.79563636363637,73.94890909090908,63.24818181818181,49.87227272727273,63.24818181818181
728,car,honda,city,petrol,2017,chennai,40000,40722,1,1,1,1,0,0,0,0,0,0,0,0,0,0,3990,1,55.413514985681566,33.363510898043955,2237.431825451829,1.545976919349219,69.17625,67.788,67.788,56.682,64.37076923076924,66.20142857142856,69.17625,69.17625,59.710909090909105,56.682,23.364000000000004,73.341,62.23500000000001,48.3525,62.23500000000001
729,car,honda,city,petrol,2017,chennai,40000,40283,1,1,1,1,0,0,0,0,0,0,0,0,0,0,4000,1,55.413514985681566,33.363510898043955,2237.431825451829,1.545976919349219,69.40073863636364,68.02745454545456,68.02745454545456,57.04118181818182,64.64706293706294,66.457987012987,69.40073863636364,69.40073863636364,60.03743801652893,57.04118181818182,24.08236363636364,73.52059090909091,62.534318181818186,48.80147727272727,62.534318181818186
730,car,honda,city,petrol,2017,chennai,40000,40287,1,1,1,1,0,0,0,0,0,0,0,0,0,0,4100,1,55.413514985681566,33.363510898043955,2237.431825451829,1.545976919349219,69.39869318181819,68.02527272727272,68.02527272727272,57.03790909090909,64.64454545454545,66.45564935064935,69.39869318181819,69.39869318181819,60.03446280991736,57.03790909090909,24.075818181818196,73.51895454545455,62.531590909090916,48.797386363636356,62.531590909090916
731,car,honda,city,petrol,2017,chennai,40000,39723,1,1,1,1,0,0,0,0,0,0,0,0,0,0,4010,1,55.413514985681566,33.363510898043955,2237.431825451829,1.545976919349219,69.68710227272729,68.33290909090908,68.33290909090908,57.49936363636364,64.99951048951048,66.78525974025975,69.68710227272729,69.68710227272729,60.45396694214877,57.49936363636364,24.99872727272728,73.74968181818183,62.91613636363636,49.37420454545455,62.91613636363636
732,car,honda,city,petrol,2017,chennai,40000,41372,1,1,1,1,0,0,0,0,0,0,0,0,0,0,4082,1,55.413514985681566,33.363510898043955,2237.431825451829,1.545976919349219,68.84386363636365,67.43345454545454,67.43345454545454,56.15018181818183,63.96167832167833,65.82155844155845,68.84386363636365,68.84386363636365,59.22743801652893,56.15018181818183,22.30036363636365,73.0750909090909,61.79181818181818,47.68772727272728,61.79181818181818
733,car,honda,city,petrol,2017,chennai,40000,40282,1,1,1,1,0,0,0,0,0,0,0,0,0,0,4023,1,55.413514985681566,33.363510898043955,2237.431825451829,1.545976919349219,69.40125000000002,68.028,68.028,57.042,64.64769230769231,66.45857142857143,69.40125000000002,69.40125000000002,60.038181818181826,57.042,24.084000000000007,73.521,62.53500000000002,48.8025,62.53500000000002
734,car,honda,city,petrol,2017,chennai,40000,40483,1,1,1,1,0,0,0,0,0,0,0,0,0,0,4099,1,55.413514985681566,33.363510898043955,2237.431825451829,1.545976919349219,69.29846590909091,67.91836363636364,67.91836363636364,56.87754545454546,64.52118881118882,66.3411038961039,69.29846590909091,69.29846590909091,59.88867768595042,56.87754545454546,23.755090909090914,73.43877272727273,62.397954545454546,48.596931818181815,62.397954545454546
735,car,honda,city,petrol,2017,chennai,40000,40675,1,1,1,1,0,0,0,0,0,0,0,0,0,0,4200,1,55.413514985681566,33.363510898043955,2237.431825451829,1.545976919349219,69.2002840909091,67.81363636363636,67.81363636363636,56.72045454545456,64.40034965034965,66.2288961038961,69.2002840909091,69.2002840909091,59.74586776859505,56.72045454545456,23.440909090909106,73.36022727272727,62.26704545454546,48.40056818181819,62.26704545454546
736,car,honda,city,petrol,2017,chennai,40000,40678,1,1,1,1,0,0,0,0,0,0,0,0,0,0,4299,1,55.413514985681566,33.363510898043955,2237.431825451829,1.545976919349219,69.19875,67.81200000000001,67.81200000000001,56.71800000000001,64.39846153846153,66.22714285714287,69.19875,69.19875,59.74363636363637,56.71800000000001,23.436000000000007,73.35900000000001,62.26500000000001,48.397499999999994,62.26500000000001
737,car,honda,city,petrol,2017,chennai,40000,40089,1,1,1,1,0,0,0,0,0,0,0,0,0,0,4199,1,55.413514985681566,33.363510898043955,2237.431825451829,1.545976919349219,69.49994318181818,68.13327272727273,68.13327272727273,57.199909090909095,64.76916083916085,66.57136363636363,69.49994318181818,69.49994318181818,60.18173553719009,57.199909090909095,24.399818181818187,73.59995454545455,62.66659090909091,48.999886363636364,62.66659090909091
738,car,honda,city,petrol,2017,chennai,40000,40231,1,1,1,1,0,0,0,0,0,0,0,0,0,0,4099,1,55.413514985681566,33.363510898043955,2237.431825451829,1.545976919349219,69.42732954545454,68.0558181818182,68.0558181818182,57.08372727272728,64.6797902097902,66.48837662337662,69.42732954545454,69.42732954545454,60.07611570247935,57.08372727272728,24.167454545454554,73.54186363636364,62.569772727272735,48.854659090909095,62.569772727272735
739,car,honda,city,petrol,2017,chennai,40000,40453,1,1,1,1,0,0,0,0,0,0,0,0,0,0,4389,1,55.413514985681566,33.363510898043955,2237.431825451829,1.545976919349219,69.31380681818182,67.93472727272726,67.93472727272726,56.90209090909091,64.54006993006993,66.35863636363635,69.31380681818182,69.31380681818182,59.91099173553719,56.90209090909091,23.80418181818183,73.45104545454545,62.41840909090909,48.62761363636364,62.41840909090909
740,car,honda,city,petrol,2017,chennai,40000,41343,1,1,1,1,0,0,0,0,0,0,0,0,0,0,4300,1,55.413514985681566,33.363510898043955,2237.431825451829,1.545976919349219,68.85869318181818,67.44927272727274,67.44927272727274,56.1739090909091,63.97993006993006,65.8385064935065,68.85869318181818,68.85869318181818,59.24900826446282,56.1739090909091,22.347818181818194,73.08695454545455,61.8115909090909,47.717386363636365,61.8115909090909
741,car,honda,city,petrol,2017,chennai,40000,42657,1,1,1,1,0,0,0,0,0,0,0,0,0,0,4400,1,55.413514985681566,33.363510898043955,2237.431825451829,1.545976919349219,68.18676136363636,66.73254545454546,66.73254545454546,55.09881818181818,63.152937062937056,65.07058441558442,68.18676136363636,68.18676136363636,58.271652892561995,55.09881818181818,20.197636363636377,72.5494090909091,60.915681818181824,46.373522727272736,60.915681818181824
742,car,honda,city,petrol,2017,chennai,40000,40453,1,1,1,1,0,0,0,0,0,0,0,0,0,0,4399,1,55.413514985681566,33.363510898043955,2237.431825451829,1.545976919349219,69.31380681818182,67.93472727272726,67.93472727272726,56.90209090909091,64.54006993006993,66.35863636363635,69.31380681818182,69.31380681818182,59.91099173553719,56.90209090909091,23.80418181818183,73.45104545454545,62.41840909090909,48.62761363636364,62.41840909090909
743,car,honda,city,petrol,2017,chennai,40000,39767,1,1,1,1,0,0,0,0,0,0,0,0,0,0,4599,1,55.413514985681566,33.363510898043955,2237.431825451829,1.545976919349219,69.66460227272728,68.30890909090908,68.30890909090908,57.46336363636363,64.97181818181818,66.75954545454545,69.66460227272728,69.66460227272728,60.421239669421496,57.46336363636363,24.92672727272728,73.73168181818181,62.88613636363637,49.32920454545455,62.88613636363637
744,car,honda,city,petrol,2017,chennai,50000,50231,1,1,1,0,0,0,0,0,0,0,0,0,0,0,3619,1,55.413514985681566,33.363510898043955,2237.431825451829,1.545976919349219,64.31369318181818,62.601272727272736,62.601272727272736,48.9019090909091,58.38608391608391,60.64422077922078,64.31369318181818,64.31369318181818,52.63809917355373,48.9019090909091,7.803818181818196,69.45095454545455,55.75159090909091,38.62738636363636,55.75159090909091
745,car,honda,city,petrol,2017,chennai,50000,51023,1,1,1,0,0,0,0,0,0,0,0,0,0,0,3699,1,55.413514985681566,33.363510898043955,2237.431825451829,1.545976919349219,63.90869318181817,62.16927272727273,62.16927272727273,48.2539090909091,57.88762237762238,60.18136363636363,63.90869318181817,63.90869318181817,52.04900826446281,48.2539090909091,6.507818181818189,69.12695454545455,55.21159090909091,37.81738636363636,55.21159090909091
746,car,honda,city,petrol,2017,chennai,50000,53909,1,1,1,0,0,0,0,0,0,0,0,0,0,0,3679,1,55.413514985681566,33.363510898043955,2237.431825451829,1.545976919349219,62.43289772727273,60.5950909090909,60.5950909090909,45.89263636363638,56.071258741258745,58.49474025974026,62.43289772727273,62.43289772727273,49.90239669421488,45.89263636363638,1.7852727272727387,67.94631818181819,53.24386363636364,34.86579545454545,53.24386363636364
747,car,honda,city,petrol,2017,chennai,50000,54098,1,1,1,0,0,0,0,0,0,0,0,0,0,0,3789,1,55.413514985681566,33.363510898043955,2237.431825451829,1.545976919349219,62.33625000000001,60.492000000000004,60.492000000000004,45.738,55.952307692307706,58.38428571428571,62.33625000000001,62.33625000000001,49.76181818181819,45.738,1.4760000000000073,67.869,53.11500000000001,34.6725,53.11500000000001
748,car,honda,city,petrol,2017,chennai,50000,50438,1,1,1,0,0,0,0,0,0,0,0,1,0,0,3799,1,55.413514985681566,33.363510898043955,2237.431825451829,1.545976919349219,64.20784090909092,62.488363636363644,62.488363636363644,48.732545454545466,58.255804195804195,60.52324675324676,64.20784090909092,64.20784090909092,52.48413223140496,48.732545454545466,7.465090909090919,69.36627272727273,55.61045454545454,38.415681818181824,55.61045454545454
749,car,honda,city,petrol,2017,chennai,50000,51832,1,1,1,0,0,0,0,0,0,0,0,1,0,0,3678,1,55.413514985681566,33.363510898043955,2237.431825451829,1.545976919349219,63.495,61.727999999999994,61.727999999999994,47.592000000000006,57.37846153846154,59.70857142857143,63.495,63.495,51.44727272727273,47.592000000000006,5.184000000000009,68.796,54.66,36.99,54.66
750,car,honda,city,petrol,2017,chennai,50000,49732,1,1,1,0,0,0,0,0,0,0,0,1,0,0,3698,1,55.413514985681566,33.363510898043955,2237.431825451829,1.545976919349219,64.56886363636364,62.873454545454535,62.873454545454535,49.31018181818183,58.70013986013986,60.935844155844165,64.56886363636364,64.56886363636364,53.00925619834711,49.31018181818183,8.620363636363647,69.65509090909092,56.091818181818184,39.137727272727275,56.091818181818184
751,car,honda,city,petrol,2017,chennai,50000,49028,1,1,1,0,0,0,0,0,0,0,0,1,0,0,3700,1,55.413514985681566,33.363510898043955,2237.431825451829,1.545976919349219,64.92886363636364,63.25745454545454,63.25745454545454,49.886181818181825,59.14321678321678,61.347272727272724,64.92886363636364,64.92886363636364,53.53289256198348,49.886181818181825,9.77236363636365,69.94309090909091,56.57181818181819,39.85772727272727,56.57181818181819
752,car,honda,city,petrol,2017,chennai,50000,50373,1,1,1,0,0,0,0,0,0,0,0,1,0,0,3749,1,55.413514985681566,33.363510898043955,2237.431825451829,1.545976919349219,64.24107954545454,62.52381818181818,62.52381818181818,48.78572727272728,58.296713286713285,60.56123376623377,64.24107954545454,64.24107954545454,52.53247933884298,48.78572727272728,7.5714545454545545,69.39286363636364,55.65477272727272,38.48215909090909,55.65477272727272
753,car,honda,city,petrol,2017,chennai,50000,50342,1,1,1,0,0,0,0,0,0,0,0,1,0,0,3754,1,55.413514985681566,33.363510898043955,2237.431825451829,1.545976919349219,64.25693181818181,62.54072727272727,62.54072727272727,48.81109090909092,58.31622377622378,60.579350649350644,64.25693181818181,64.25693181818181,52.55553719008265,48.81109090909092,7.622181818181834,69.40554545454546,55.67590909090909,38.51386363636363,55.67590909090909
754,car,honda,city,petrol,2017,chennai,50000,50384,1,1,1,0,0,0,0,0,0,0,0,1,0,0,3684,1,55.413514985681566,33.363510898043955,2237.431825451829,1.545976919349219,64.23545454545454,62.517818181818186,62.517818181818186,48.77672727272728,58.289790209790205,60.55480519480519,64.23545454545454,64.23545454545454,52.52429752066116,48.77672727272728,7.5534545454545565,69.38836363636364,55.647272727272735,38.47090909090909,55.647272727272735
755,car,honda,city,petrol,2017,chennai,50000,50878,1,1,1,0,0,0,0,0,0,0,0,1,0,0,3804,1,55.413514985681566,33.363510898043955,2237.431825451829,1.545976919349219,63.98284090909091,62.24836363636364,62.24836363636364,48.37254545454546,57.97888111888112,60.26610389610389,63.98284090909091,63.98284090909091,52.156859504132235,48.37254545454546,6.745090909090918,69.18627272727274,55.310454545454554,37.96568181818182,55.310454545454554
756,car,honda,city,petrol,2017,chennai,50000,50754,1,1,1,0,0,0,0,0,0,0,0,1,0,0,3799,1,55.413514985681566,33.363510898043955,2237.431825451829,1.545976919349219,64.04625,62.315999999999995,62.315999999999995,48.474000000000004,58.05692307692308,60.338571428571434,64.04625,64.04625,52.24909090909092,48.474000000000004,6.948000000000015,69.23700000000001,55.394999999999996,38.0925,55.394999999999996
757,car,honda,city,petrol,2017,chennai,50000,51437,1,1,1,0,0,0,0,0,0,0,0,1,0,0,3789,1,55.413514985681566,33.363510898043955,2237.431825451829,1.545976919349219,63.69698863636363,61.94345454545455,61.94345454545455,47.91518181818182,57.62706293706294,59.93941558441559,63.69698863636363,63.69698863636363,51.741074380165294,47.91518181818182,5.830363636363645,68.95759090909091,54.92931818181818,37.39397727272727,54.92931818181818
758,car,honda,city,petrol,2017,chennai,50000,50347,1,1,1,0,0,0,0,0,0,0,0,1,0,0,3809,1,55.413514985681566,33.363510898043955,2237.431825451829,1.545976919349219,64.254375,62.53800000000001,62.53800000000001,48.807,58.31307692307692,60.576428571428565,64.254375,64.254375,52.551818181818184,48.807,7.6140000000000105,69.4035,55.67249999999999,38.50875,55.67249999999999
759,car,honda,city,petrol,2017,chennai,50000,50321,1,1,1,0,0,0,0,0,0,0,0,1,0,0,3734,1,55.413514985681566,33.363510898043955,2237.431825451829,1.545976919349219,64.26767045454545,62.552181818181815,62.552181818181815,48.82827272727273,58.329440559440556,60.59162337662339,64.26767045454545,64.26767045454545,52.57115702479339,48.82827272727273,7.656545454545468,69.41413636363637,55.69022727272726,38.53534090909091,55.69022727272726
760,car,honda,city,petrol,2017,chennai,50000,50972,1,1,1,0,1,0,0,0,0,0,0,1,0,0,3788,1,55.413514985681566,33.363510898043955,2237.431825451829,1.545976919349219,63.93477272727274,62.19709090909091,62.19709090909091,48.295636363636376,57.91972027972028,60.211168831168834,63.93477272727274,63.93477272727274,52.086942148760336,48.295636363636376,6.591272727272739,69.14781818181818,55.24636363636364,37.86954545454546,55.24636363636364
761,car,honda,city,petrol,2017,chennai,50000,50034,1,1,1,0,1,0,0,0,0,0,0,1,0,0,3999,1,55.413514985681566,33.363510898043955,2237.431825451829,1.545976919349219,64.41443181818182,62.70872727272727,62.70872727272727,49.06309090909092,58.51006993006994,60.75935064935065,64.41443181818182,64.41443181818182,52.78462809917356,49.06309090909092,8.126181818181829,69.53154545454547,55.885909090909095,38.828863636363636,55.885909090909095
762,car,honda,city,petrol,2017,chennai,50000,50279,1,1,1,0,0,0,0,0,0,0,0,1,0,0,3899,1,55.413514985681566,33.363510898043955,2237.431825451829,1.545976919349219,64.28914772727272,62.5750909090909,62.5750909090909,48.86263636363637,58.355874125874124,60.616168831168835,64.28914772727272,64.28914772727272,52.60239669421488,48.86263636363637,7.725272727272734,69.43131818181818,55.718863636363636,38.578295454545454,55.718863636363636
763,car,honda,city,petrol,2017,chennai,50000,50283,1,1,1,0,1,0,0,0,0,0,0,1,0,0,3989,1,55.413514985681566,33.363510898043955,2237.431825451829,1.545976919349219,64.28710227272727,62.5729090909091,62.5729090909091,48.859363636363646,58.35335664335665,60.61383116883117,64.28710227272727,64.28710227272727,52.59942148760331,48.859363636363646,7.718727272727284,69.42968181818182,55.716136363636366,38.57420454545455,55.716136363636366
764,car,honda,city,petrol,2017,chennai,60000,60324,1,1,1,1,0,1,0,0,1,0,1,0,1,0,5500,1,55.413514985681566,33.363510898043955,2237.431825451829,1.545976919349219,59.152499999999996,57.096000000000004,57.096000000000004,40.64400000000001,52.033846153846156,54.745714285714286,59.152499999999996,59.152499999999996,45.13090909090911,40.64400000000001,0.0,65.322,48.86999999999999,28.305,48.86999999999999
765,car,honda,city,petrol,2017,chennai,60000,60349,1,1,1,1,0,1,0,0,1,0,1,0,1,0,5902,1,55.413514985681566,33.363510898043955,2237.431825451829,1.545976919349219,59.13971590909092,57.08236363636364,57.08236363636364,40.623545454545464,52.01811188811189,54.7311038961039,59.13971590909092,59.13971590909092,45.112314049586786,40.623545454545464,0.0,65.31177272727274,48.852954545454544,28.279431818181823,48.852954545454544
766,car,honda,city,petrol,2017,chennai,60000,60374,1,1,1,1,0,1,0,0,1,0,1,0,1,0,5843,1,55.413514985681566,33.363510898043955,2237.431825451829,1.545976919349219,59.12693181818181,57.06872727272728,57.06872727272728,40.603090909090916,52.00237762237762,54.716493506493514,59.12693181818181,59.12693181818181,45.093719008264465,40.603090909090916,0.0,65.30154545454546,48.8359090909091,28.253863636363636,48.8359090909091
767,car,honda,city,petrol,2017,chennai,60000,59993,1,1,1,1,0,1,0,0,1,0,1,0,1,0,5928,1,55.413514985681566,33.363510898043955,2237.431825451829,1.545976919349219,59.32176136363636,57.276545454545456,57.276545454545456,40.91481818181819,52.24216783216782,54.93915584415584,59.32176136363636,59.32176136363636,45.37710743801654,40.91481818181819,0.0,65.4574090909091,49.09568181818182,28.643522727272725,49.09568181818182
768,car,honda,city,petrol,2017,chennai,60000,61379,1,1,1,1,0,1,0,0,1,0,1,0,1,0,6000,1,55.413514985681566,33.363510898043955,2237.431825451829,1.545976919349219,58.61301136363637,56.52054545454546,56.52054545454546,39.78081818181819,51.36986013986014,54.12915584415585,58.61301136363637,58.61301136363637,44.346198347107446,39.78081818181819,0.0,64.8904090909091,48.150681818181816,27.22602272727273,48.150681818181816
769,car,honda,city,petrol,2017,chennai,60000,60342,1,1,1,1,0,1,0,0,1,0,1,0,1,0,5999,1,55.413514985681566,33.363510898043955,2237.431825451829,1.545976919349219,59.14329545454546,57.086181818181814,57.086181818181814,40.62927272727274,52.02251748251748,54.7351948051948,59.14329545454546,59.14329545454546,45.11752066115704,40.62927272727274,0.0,65.31463636363637,48.85772727272727,28.286590909090915,48.85772727272727
770,car,honda,city,petrol,2017,chennai,60000,60930,1,1,1,1,0,1,0,0,1,0,1,0,1,0,5923,1,55.413514985681566,33.363510898043955,2237.431825451829,1.545976919349219,58.84261363636363,56.76545454545455,56.76545454545455,40.14818181818183,51.652447552447555,54.39155844155845,58.84261363636363,58.84261363636363,44.6801652892562,40.14818181818183,0.0,65.07409090909091,48.45681818181818,27.685227272727275,48.45681818181818
771,car,honda,city,petrol,2017,chennai,60000,60432,1,1,1,1,0,1,0,0,1,0,1,0,1,0,5928,1,55.413514985681566,33.363510898043955,2237.431825451829,1.545976919349219,59.09727272727274,57.037090909090914,57.037090909090914,40.555636363636374,51.96587412587413,54.6825974025974,59.09727272727274,59.09727272727274,45.0505785123967,40.555636363636374,0.0,65.27781818181819,48.79636363636364,28.19454545454545,48.79636363636364
772,car,honda,city,petrol,2017,chennai,60000,60465,1,1,1,1,0,1,0,0,1,0,1,0,1,0,5998,1,55.413514985681566,33.363510898043955,2237.431825451829,1.545976919349219,59.08039772727274,57.019090909090906,57.019090909090906,40.528636363636366,51.9451048951049,54.663311688311694,59.08039772727274,59.08039772727274,45.026033057851244,40.528636363636366,0.0,65.26431818181818,48.77386363636364,28.16079545454545,48.77386363636364
773,car,honda,city,petrol,2017,chennai,60000,60765,1,1,1,1,0,1,0,0,1,0,1,0,1,0,5988,1,55.413514985681566,33.363510898043955,2237.431825451829,1.545976919349219,58.926988636363646,56.85545454545455,56.85545454545455,40.28318181818182,51.756293706293704,54.48798701298701,58.926988636363646,58.926988636363646,44.80289256198348,40.28318181818182,0.0,65.14159090909091,48.56931818181818,27.85397727272727,48.56931818181818
774,car,honda,city,petrol,2017,chennai,60000,59433,1,1,1,1,0,1,0,0,1,0,1,0,1,0,5899,1,55.413514985681566,33.363510898043955,2237.431825451829,1.545976919349219,59.608125,57.581999999999994,57.581999999999994,41.37300000000001,52.59461538461539,55.26642857142858,59.608125,59.608125,45.79363636363637,41.37300000000001,0.0,65.68650000000001,49.4775,29.216250000000006,49.4775
775,car,honda,city,petrol,2017,chennai,60000,60875,1,1,1,1,0,1,0,0,1,0,1,0,1,0,6100,1,55.413514985681566,33.363510898043955,2237.431825451829,1.545976919349219,58.87073863636363,56.79545454545455,56.79545454545455,40.19318181818182,51.68706293706295,54.423701298701296,58.87073863636363,58.87073863636363,44.7210743801653,40.19318181818182,0.0,65.09659090909092,48.49431818181818,27.741477272727273,48.49431818181818
776,car,honda,city,petrol,2017,chennai,60000,60080,1,1,1,1,0,1,0,0,1,0,1,0,1,0,6089,1,55.413514985681566,33.363510898043955,2237.431825451829,1.545976919349219,59.27727272727274,57.229090909090914,57.229090909090914,40.84363636363637,52.18741258741259,54.88831168831169,59.27727272727274,59.27727272727274,45.31239669421488,40.84363636363637,0.0,65.42181818181818,49.036363636363646,28.554545454545455,49.036363636363646
777,car,honda,city,petrol,2017,chennai,60000,60909,1,1,1,1,0,1,0,0,1,0,1,0,1,0,6099,1,55.413514985681566,33.363510898043955,2237.431825451829,1.545976919349219,58.85335227272727,56.77690909090909,56.77690909090909,40.165363636363644,51.66566433566434,54.403831168831175,58.85335227272727,58.85335227272727,44.69578512396695,40.165363636363644,0.0,65.08268181818183,48.47113636363636,27.70670454545455,48.47113636363636
778,car,honda,city,petrol,2017,chennai,60000,60223,1,1,1,1,0,1,0,0,1,0,1,0,1,0,6012,1,55.413514985681566,33.363510898043955,2237.431825451829,1.545976919349219,59.204147727272726,57.151090909090904,57.151090909090904,40.72663636363637,52.097412587412585,54.804740259740264,59.204147727272726,59.204147727272726,45.20603305785125,40.72663636363637,0.0,65.36331818181819,48.93886363636364,28.408295454545456,48.93886363636364
779,car,honda,city,petrol,2017,chennai,60000,59343,1,1,1,1,0,1,0,0,1,0,1,0,1,0,6010,1,55.413514985681566,33.363510898043955,2237.431825451829,1.545976919349219,59.65414772727273,57.63109090909091,57.63109090909091,41.44663636363637,52.651258741258744,55.319025974025976,59.65414772727273,59.65414772727273,45.86057851239671,41.44663636363637,0.0,65.72331818181819,49.538863636363644,29.308295454545455,49.538863636363644
780,car,honda,city,petrol,2017,chennai,60000,60382,1,1,1,1,0,1,0,0,1,0,1,0,1,0,6200,1,55.413514985681566,33.363510898043955,2237.431825451829,1.545976919349219,59.122840909090904,57.06436363636364,57.06436363636364,40.596545454545456,51.99734265734266,54.71181818181819,59.122840909090904,59.122840909090904,45.087768595041325,40.596545454545456,0.0,65.29827272727273,48.83045454545455,28.245681818181822,48.83045454545455
781,car,honda,city,petrol,2017,chennai,60000,60237,1,1,1,1,0,1,0,0,1,0,1,0,1,0,6000,1,55.413514985681566,33.363510898043955,2237.431825451829,1.545976919349219,59.19698863636363,57.14345454545455,57.14345454545455,40.715181818181826,52.088601398601405,54.796558441558446,59.19698863636363,59.19698863636363,45.195619834710755,40.715181818181826,0.0,65.35759090909092,48.92931818181818,28.393977272727273,48.92931818181818
782,car,honda,city,petrol,2017,chennai,60000,60734,1,1,1,1,0,1,0,0,1,0,1,0,1,0,6893,1,55.413514985681566,33.363510898043955,2237.431825451829,1.545976919349219,58.94284090909092,56.87236363636364,56.87236363636364,40.30854545454546,51.77580419580419,54.506103896103895,58.94284090909092,58.94284090909092,44.82595041322315,40.30854545454546,0.0,65.15427272727273,48.59045454545454,27.88568181818182,48.59045454545454
783,car,honda,city,petrol,2017,chennai,60000,60798,1,1,1,1,0,1,0,0,1,0,1,0,1,0,6990,1,55.413514985681566,33.363510898043955,2237.431825451829,1.545976919349219,58.91011363636363,56.83745454545454,56.83745454545454,40.25618181818183,51.73552447552447,54.4687012987013,58.91011363636363,58.91011363636363,44.77834710743803,40.25618181818183,0.0,65.12809090909091,48.54681818181819,27.82022727272727,48.54681818181819
784,car,honda,city,petrol,2017,chennai,70000,70432,1,1,1,0,0,0,0,0,0,0,0,0,0,0,4700,1,55.413514985681566,33.363510898043955,2237.431825451829,1.545976919349219,53.983636363636364,51.58254545454545,51.58254545454545,32.37381818181819,45.67216783216783,48.83844155844155,53.983636363636364,53.983636363636364,37.61256198347108,32.37381818181819,0.0,61.18690909090909,41.97818181818182,17.967272727272725,41.97818181818182
785,car,honda,city,petrol,2017,chennai,70000,71372,1,1,1,0,0,0,0,0,0,0,0,0,0,0,4647,1,55.413514985681566,33.363510898043955,2237.431825451829,1.545976919349219,53.50295454545454,51.069818181818185,51.069818181818185,31.60472727272728,45.08055944055944,48.28909090909091,53.50295454545454,53.50295454545454,36.913388429752075,31.60472727272728,0.0,60.802363636363644,41.337272727272726,17.005909090909093,41.337272727272726
786,car,honda,city,petrol,2017,chennai,70000,70321,1,1,1,0,1,0,0,0,0,0,0,0,0,0,4732,1,55.413514985681566,33.363510898043955,2237.431825451829,1.545976919349219,54.04039772727273,51.64309090909091,51.64309090909091,32.46463636363637,45.74202797202798,48.90331168831169,54.04039772727273,54.04039772727273,37.695123966942155,32.46463636363637,0.0,61.232318181818194,42.05386363636363,18.080795454545452,42.05386363636363
787,car,honda,city,petrol,2017,chennai,70000,70232,1,1,1,0,1,0,0,0,0,0,0,0,0,0,4523,1,55.413514985681566,33.363510898043955,2237.431825451829,1.545976919349219,54.0859090909091,51.69163636363637,51.69163636363637,32.53745454545456,45.798041958041956,48.955324675324675,54.0859090909091,54.0859090909091,37.7613223140496,32.53745454545456,0.0,61.26872727272729,42.11454545454546,18.171818181818182,42.11454545454546
788,car,honda,city,petrol,2017,chennai,70000,69322,1,1,1,0,1,0,0,0,0,0,0,0,0,0,4723,1,55.413514985681566,33.363510898043955,2237.431825451829,1.545976919349219,54.55125,52.188,52.188,33.28200000000001,46.37076923076923,49.48714285714286,54.55125,54.55125,38.438181818181825,33.28200000000001,0.0,61.64100000000001,42.735,19.102500000000006,42.735
789,car,honda,city,petrol,2017,chennai,70000,70237,1,1,1,0,1,0,0,0,0,0,0,0,0,0,4622,1,55.413514985681566,33.363510898043955,2237.431825451829,1.545976919349219,54.083352272727275,51.68890909090909,51.68890909090909,32.533363636363646,45.79489510489511,48.952402597402596,54.083352272727275,54.083352272727275,37.75760330578513,32.533363636363646,0.0,61.26668181818182,42.11113636363636,18.166704545454543,42.11113636363636
790,car,honda,city,petrol,2017,chennai,70000,70327,1,1,1,0,1,0,0,0,0,0,0,0,0,0,4629,1,55.413514985681566,33.363510898043955,2237.431825451829,1.545976919349219,54.03732954545455,51.639818181818185,51.639818181818185,32.45972727272728,45.73825174825174,48.8998051948052,54.03732954545455,54.03732954545455,37.6906611570248,32.45972727272728,0.0,61.22986363636364,42.04977272727273,18.07465909090909,42.04977272727273
791,car,honda,city,petrol,2017,chennai,70000,71326,1,1,1,0,1,0,0,0,0,0,0,0,0,0,4583,1,55.413514985681566,33.363510898043955,2237.431825451829,1.545976919349219,53.526477272727284,51.094909090909084,51.094909090909084,31.64236363636364,45.109510489510484,48.31597402597403,53.526477272727284,53.526477272727284,36.94760330578513,31.64236363636364,0.0,60.82118181818182,41.36863636363636,17.05295454545455,41.36863636363636
792,car,honda,city,petrol,2017,chennai,70000,70237,1,1,1,0,1,0,0,0,0,0,0,0,0,0,4588,1,55.413514985681566,33.363510898043955,2237.431825451829,1.545976919349219,54.083352272727275,51.68890909090909,51.68890909090909,32.533363636363646,45.79489510489511,48.952402597402596,54.083352272727275,54.083352272727275,37.75760330578513,32.533363636363646,0.0,61.26668181818182,42.11113636363636,18.166704545454543,42.11113636363636
793,car,honda,city,petrol,2017,chennai,70000,70895,1,1,1,0,1,0,0,0,0,0,0,0,0,0,4799,1,55.413514985681566,33.363510898043955,2237.431825451829,1.545976919349219,53.746875,51.330000000000005,51.330000000000005,31.995000000000005,45.38076923076923,48.567857142857136,53.746875,53.746875,37.26818181818183,31.995000000000005,0.0,60.99750000000001,41.6625,17.49375,41.6625
794,car,honda,city,petrol,2017,chennai,70000,69923,1,1,1,0,1,0,0,0,0,0,0,0,0,0,4789,1,55.413514985681566,33.363510898043955,2237.431825451829,1.545976919349219,54.24392045454546,51.86018181818182,51.86018181818182,32.79027272727273,45.99251748251748,49.13590909090909,54.24392045454546,54.24392045454546,37.991157024793395,32.79027272727273,0.0,61.39513636363637,42.32522727272727,18.48784090909091,42.32522727272727
795,car,honda,city,petrol,2017,chennai,70000,70349,1,1,1,0,0,0,0,0,0,0,0,0,0,0,4800,1,55.413514985681566,33.363510898043955,2237.431825451829,1.545976919349219,54.02607954545454,51.627818181818185,51.627818181818185,32.44172727272728,45.72440559440559,48.886948051948046,54.02607954545454,54.02607954545454,37.67429752066116,32.44172727272728,0.0,61.220863636363646,42.034772727272724,18.052159090909097,42.034772727272724
796,car,honda,city,petrol,2017,chennai,70000,70398,1,1,1,0,0,0,0,0,0,0,0,0,0,0,4796,1,55.413514985681566,33.363510898043955,2237.431825451829,1.545976919349219,54.001022727272726,51.60109090909092,51.60109090909092,32.40163636363637,45.69356643356644,48.858311688311694,54.001022727272726,54.001022727272726,37.63785123966942,32.40163636363637,0.0,61.20081818181819,42.00136363636364,18.002045454545456,42.00136363636364
797,car,honda,city,petrol,2017,chennai,70000,70321,1,1,1,0,0,0,0,0,0,0,0,0,0,0,4799,1,55.413514985681566,33.363510898043955,2237.431825451829,1.545976919349219,54.04039772727273,51.64309090909091,51.64309090909091,32.46463636363637,45.74202797202798,48.90331168831169,54.04039772727273,54.04039772727273,37.695123966942155,32.46463636363637,0.0,61.232318181818194,42.05386363636363,18.080795454545452,42.05386363636363
798,car,honda,city,petrol,2017,chennai,70000,70232,1,1,1,0,0,0,0,0,0,0,0,0,0,0,4700,1,55.413514985681566,33.363510898043955,2237.431825451829,1.545976919349219,54.0859090909091,51.69163636363637,51.69163636363637,32.53745454545456,45.798041958041956,48.955324675324675,54.0859090909091,54.0859090909091,37.7613223140496,32.53745454545456,0.0,61.26872727272729,42.11454545454546,18.171818181818182,42.11454545454546
799,car,honda,city,petrol,2017,chennai,70000,70098,1,1,1,0,0,0,0,0,0,0,0,0,0,0,4689,1,55.413514985681566,33.363510898043955,2237.431825451829,1.545976919349219,54.15443181818182,51.76472727272727,51.76472727272727,32.64709090909091,45.882377622377625,49.03363636363637,54.15443181818182,54.15443181818182,37.8609917355372,32.64709090909091,0.0,61.32354545454546,42.20590909090909,18.30886363636364,42.20590909090909
800,car,honda,city,petrol,2017,chennai,70000,70322,1,1,1,0,0,0,0,0,0,0,0,0,0,0,4329,1,55.413514985681566,33.363510898043955,2237.431825451829,1.545976919349219,54.03988636363636,51.642545454545456,51.642545454545456,32.46381818181819,45.74139860139861,48.902727272727276,54.03988636363636,54.03988636363636,37.69438016528927,32.46381818181819,0.0,61.23190909090909,42.05318181818182,18.079772727272722,42.05318181818182
801,car,honda,city,petrol,2017,chennai,70000,70567,1,1,1,0,0,0,0,0,0,0,0,0,0,0,4777,1,55.413514985681566,33.363510898043955,2237.431825451829,1.545976919349219,53.91460227272727,51.50890909090909,51.50890909090909,32.26336363636364,45.5872027972028,48.75954545454546,53.91460227272727,53.91460227272727,37.51214876033059,32.26336363636364,0.0,61.13168181818182,41.88613636363637,17.829204545454548,41.88613636363637
802,car,honda,city,petrol,2017,chennai,70000,70957,1,1,1,0,0,0,0,0,0,0,0,0,0,0,4800,1,55.413514985681566,33.363510898043955,2237.431825451829,1.545976919349219,53.71517045454546,51.29618181818182,51.29618181818182,31.944272727272732,45.341748251748264,48.53162337662337,53.71517045454546,53.71517045454546,37.22206611570249,31.944272727272732,0.0,60.972136363636366,41.62022727272728,17.430340909090905,41.62022727272728
803,car,honda,city,petrol,2017,chennai,80000,83679,1,1,1,0,0,0,1,0,0,0,0,0,0,0,4799,1,55.413514985681566,33.363510898043955,2237.431825451829,1.545976919349219,47.209602272727274,44.35690909090909,44.35690909090909,21.535363636363645,37.334895104895104,41.09668831168831,47.209602272727274,47.209602272727274,27.75942148760331,21.535363636363645,0.0,55.76768181818183,32.94613636363636,4.419204545454547,32.94613636363636
804,car,honda,city,petrol,2017,chennai,80000,80239,1,1,1,0,0,0,1,0,0,0,0,0,0,0,6059,1,55.413514985681566,33.363510898043955,2237.431825451829,1.545976919349219,48.96869318181818,46.233272727272734,46.233272727272734,24.349909090909104,39.49993006993008,43.10707792207792,48.96869318181818,48.96869318181818,30.31809917355373,24.349909090909104,0.0,57.174954545454554,35.291590909090914,7.937386363636363,35.291590909090914
805,car,honda,city,petrol,2017,chennai,80000,85489,1,1,1,0,0,0,1,0,0,0,0,0,0,0,6189,1,55.413514985681566,33.363510898043955,2237.431825451829,1.545976919349219,46.284034090909095,43.36963636363637,43.36963636363637,20.054454545454558,36.195734265734266,40.0388961038961,46.284034090909095,46.284034090909095,26.413140495867776,20.054454545454558,0.0,55.02722727272728,31.712045454545454,2.5680681818181785,31.712045454545454
806,car,honda,city,petrol,2017,chennai,80000,88432,1,1,1,0,0,0,1,0,0,0,0,0,0,0,6032,1,55.413514985681566,33.363510898043955,2237.431825451829,1.545976919349219,44.779090909090904,41.76436363636363,41.76436363636363,17.646545454545468,34.3434965034965,38.31896103896104,44.779090909090904,44.779090909090904,24.22413223140497,17.646545454545468,0.0,53.82327272727274,29.705454545454547,0.0,29.705454545454547
807,car,honda,city,petrol,2017,chennai,80000,81348,1,1,1,0,0,0,1,0,0,0,0,0,0,0,6034,1,55.413514985681566,33.363510898043955,2237.431825451829,1.545976919349219,48.401590909090906,45.628363636363645,45.628363636363645,23.442545454545467,38.801958041958045,42.458961038961036,48.401590909090906,48.401590909090906,29.493223140495882,23.442545454545467,0.0,56.72127272727273,34.53545454545454,6.803181818181814,34.53545454545454
808,car,honda,city,petrol,2017,chennai,80000,80239,1,1,1,0,0,0,1,0,0,0,0,0,0,0,6065,1,55.413514985681566,33.363510898043955,2237.431825451829,1.545976919349219,48.96869318181818,46.233272727272734,46.233272727272734,24.349909090909104,39.49993006993008,43.10707792207792,48.96869318181818,48.96869318181818,30.31809917355373,24.349909090909104,0.0,57.174954545454554,35.291590909090914,7.937386363636363,35.291590909090914
809,car,honda,city,petrol,2017,chennai,80000,89273,1,1,1,0,0,0,1,0,0,0,0,0,0,0,6179,1,55.413514985681566,33.363510898043955,2237.431825451829,1.545976919349219,44.349034090909086,41.30563636363636,41.30563636363636,16.95845454545456,33.814195804195805,37.82746753246753,44.349034090909086,44.349034090909086,23.598595041322323,16.95845454545456,0.0,53.47922727272728,29.132045454545448,0.0,29.132045454545448
810,car,honda,city,petrol,2017,chennai,80000,82028,1,1,1,0,0,0,1,0,0,0,0,0,0,0,6164,1,55.413514985681566,33.363510898043955,2237.431825451829,1.545976919349219,48.053863636363644,45.25745454545454,45.25745454545454,22.886181818181832,38.37398601398601,42.06155844155845,48.053863636363644,48.053863636363644,28.98743801652893,22.886181818181832,0.0,56.44309090909092,34.07181818181819,6.107727272727272,34.07181818181819
811,car,honda,city,petrol,2017,chennai,80000,84722,1,1,1,1,0,0,1,0,0,0,0,0,0,0,6289,1,55.413514985681566,33.363510898043955,2237.431825451829,1.545976919349219,46.676249999999996,43.788000000000004,43.788000000000004,20.68200000000001,36.67846153846154,40.48714285714286,46.676249999999996,46.676249999999996,26.983636363636368,20.68200000000001,0.0,55.341,32.235,3.3525000000000005,32.235
812,car,honda,city,petrol,2017,chennai,80000,88431,1,1,1,1,0,0,1,0,0,0,0,0,0,0,6289,1,55.413514985681566,33.363510898043955,2237.431825451829,1.545976919349219,44.77960227272727,41.76490909090909,41.76490909090909,17.647363636363643,34.34412587412588,38.319545454545455,44.77960227272727,44.77960227272727,24.22487603305786,17.647363636363643,0.0,53.82368181818182,29.70613636363637,0.0,29.70613636363637
813,car,honda,city,petrol,2017,chennai,80000,86222,1,1,1,0,0,0,1,0,0,0,0,0,0,0,6023,1,55.413514985681566,33.363510898043955,2237.431825451829,1.545976919349219,45.90920454545454,42.969818181818184,42.969818181818184,19.45472727272728,35.7344055944056,39.61051948051948,45.90920454545454,45.90920454545454,25.86793388429753,19.45472727272728,0.0,54.727363636363634,31.212272727272726,1.8184090909090878,31.212272727272726
814,car,honda,city,petrol,2017,chennai,100000,90473,1,1,1,0,0,1,0,0,0,0,0,0,0,0,6079,1,55.413514985681566,33.363510898043955,2237.431825451829,1.545976919349219,43.73539772727272,40.65109090909091,40.65109090909091,15.976636363636372,33.058951048951045,37.12616883116883,43.73539772727272,43.73539772727272,22.706033057851247,15.976636363636372,0.0,52.98831818181819,28.31386363636364,0.0,28.31386363636364
815,car,honda,city,petrol,2017,chennai,100000,99374,1,1,1,0,0,1,0,0,0,0,0,0,0,0,6198,1,55.413514985681566,33.363510898043955,2237.431825451829,1.545976919349219,39.183749999999996,35.79600000000001,35.79600000000001,8.694000000000011,27.456923076923072,31.92428571428572,39.183749999999996,39.183749999999996,16.085454545454557,8.694000000000011,0.0,49.347,22.244999999999997,0.0,22.244999999999997
816,car,honda,city,petrol,2017,chennai,100000,95832,1,1,1,1,0,1,0,0,0,0,0,0,0,0,6132,1,55.413514985681566,33.363510898043955,2237.431825451829,1.545976919349219,40.995000000000005,37.728,37.728,11.592000000000013,29.68615384615385,33.99428571428571,40.995000000000005,40.995000000000005,18.720000000000006,11.592000000000013,0.0,50.796,24.660000000000004,0.0,24.660000000000004
817,car,honda,city,petrol,2017,chennai,100000,92484,1,1,1,0,1,1,0,0,0,0,0,0,0,0,6398,1,55.413514985681566,33.363510898043955,2237.431825451829,1.545976919349219,42.70704545454546,39.55418181818182,39.55418181818182,14.331272727272736,31.79328671328671,35.9509090909091,42.70704545454546,42.70704545454546,21.210247933884308,14.331272727272736,0.0,52.16563636363637,26.942727272727275,0.0,26.942727272727275
818,car,honda,city,petrol,2017,chennai,100000,94584,1,1,1,0,1,1,0,0,0,0,0,0,0,0,6300,1,55.413514985681566,33.363510898043955,2237.431825451829,1.545976919349219,41.63318181818182,38.40872727272727,38.40872727272727,12.613090909090921,30.47160839160839,34.723636363636366,41.63318181818182,41.63318181818182,19.648264462809923,12.613090909090921,0.0,51.30654545454546,25.510909090909088,0.0,25.510909090909088
819,car,honda,city,petrol,2017,chennai,100000,103472,1,1,1,0,0,0,0,0,0,0,0,0,0,0,6299,1,55.413514985681566,33.363510898043955,2237.431825451829,1.545976919349219,37.088181818181816,33.56072727272728,33.56072727272728,5.341090909090923,24.877762237762234,29.529350649350654,37.088181818181816,37.088181818181816,13.037355371900833,5.341090909090923,0.0,47.670545454545454,19.450909090909096,0.0,19.450909090909096
820,car,honda,city,petrol,2017,chennai,100000,113479,1,1,1,1,0,0,0,0,0,0,0,0,0,0,6199,1,55.413514985681566,33.363510898043955,2237.431825451829,1.545976919349219,31.97096590909091,28.10236363636364,28.10236363636364,0.0,18.579650349650347,23.68110389610389,31.97096590909091,31.97096590909091,5.594132231404973,0.0,0.0,43.57677272727273,12.627954545454548,0.0,12.627954545454548
821,car,honda,city,petrol,2017,chennai,100000,101302,1,1,1,1,0,0,0,0,0,0,0,0,0,0,6329,1,55.413514985681566,33.363510898043955,2237.431825451829,1.545976919349219,38.19784090909091,34.744363636363644,34.744363636363644,7.1165454545454665,26.24349650349651,30.797532467532463,38.19784090909091,38.19784090909091,14.6514049586777,7.1165454545454665,0.0,48.55827272727274,20.93045454545454,0.0,20.93045454545454
822,car,honda,city,petrol,2017,chennai,100000,109327,1,1,1,1,0,0,0,0,0,0,0,0,0,0,6100,1,55.413514985681566,33.363510898043955,2237.431825451829,1.545976919349219,34.09414772727273,30.367090909090905,30.367090909090905,0.550636363636372,21.192797202797202,26.1075974025974,34.09414772727273,34.09414772727273,8.68239669421489,0.550636363636372,0.0,45.275318181818186,15.458863636363633,0.0,15.458863636363633
823,car,honda,city,diesel,2016,mumbai,10000,10766,1,1,1,0,1,0,0,0,0,0,0,0,0,0,2500,1,55.413514985681566,33.363510898043955,2237.431825451829,1.545976919349219,93.88295454545454,93.47515151515151,93.47515151515151,90.21272727272728,92.47132867132866,93.0090909090909,93.88295454545454,93.88295454545454,91.10247933884298,90.21272727272728,80.42545454545454,95.10636363636364,91.8439393939394,87.76590909090909,91.8439393939394
824,car,honda,city,diesel,2016,mumbai,10000,10689,1,1,1,0,1,0,0,0,0,0,0,0,0,0,2578,1,55.413514985681566,33.363510898043955,2237.431825451829,1.545976919349219,93.92670454545454,93.52181818181819,93.52181818181819,90.28272727272727,92.52517482517483,93.05909090909091,93.92670454545454,93.92670454545454,91.16611570247935,90.28272727272727,80.56545454545456,95.14136363636364,91.90227272727273,87.85340909090908,91.90227272727273
825,car,honda,city,diesel,2016,mumbai,10000,10355,1,1,1,0,0,0,0,0,0,0,0,0,0,0,2589,1,55.413514985681566,33.363510898043955,2237.431825451829,1.545976919349219,94.11647727272727,93.72424242424242,93.72424242424242,90.58636363636363,92.75874125874127,93.27597402597402,94.11647727272727,94.11647727272727,91.44214876033058,90.58636363636363,81.17272727272727,95.29318181818182,92.15530303030303,88.23295454545455,92.15530303030303
826,car,honda,city,diesel,2016,mumbai,10000,11028,1,1,1,0,0,0,0,0,0,0,0,0,0,0,2489,1,55.413514985681566,33.363510898043955,2237.431825451829,1.545976919349219,93.73409090909091,93.31636363636365,93.31636363636365,89.97454545454545,92.28811188811189,92.83896103896105,93.73409090909091,93.73409090909091,90.88595041322314,89.97454545454545,79.94909090909091,94.98727272727272,91.64545454545454,87.46818181818182,91.64545454545454
827,car,honda,city,diesel,2016,mumbai,10000,10843,1,1,1,0,0,0,0,0,0,0,0,0,0,0,2499,1,55.413514985681566,33.363510898043955,2237.431825451829,1.545976919349219,93.83920454545455,93.42848484848486,93.42848484848486,90.14272727272727,92.41748251748251,92.95909090909092,93.83920454545455,93.83920454545455,91.03884297520662,90.14272727272727,80.28545454545454,95.07136363636364,91.78560606060606,87.6784090909091,91.78560606060606
828,car,honda,city,diesel,2016,mumbai,10000,10686,1,1,1,0,0,0,0,0,0,0,0,0,0,0,2600,1,55.413514985681566,33.363510898043955,2237.431825451829,1.545976919349219,93.9284090909091,93.52363636363637,93.52363636363637,90.28545454545454,92.52727272727273,93.06103896103896,93.9284090909091,93.9284090909091,91.1685950413223,90.28545454545454,80.5709090909091,95.14272727272729,91.90454545454546,87.85681818181818,91.90454545454546
829,car,honda,city,diesel,2016,mumbai,10000,10573,1,1,1,0,1,0,0,0,0,0,0,0,0,0,2689,1,55.413514985681566,33.363510898043955,2237.431825451829,1.545976919349219,93.99261363636364,93.59212121212121,93.59212121212121,90.38818181818182,92.60629370629371,93.13441558441559,93.99261363636364,93.99261363636364,91.26198347107439,90.38818181818182,80.77636363636364,95.19409090909092,91.99015151515152,87.98522727272727,91.99015151515152
830,car,honda,city,diesel,2016,mumbai,10000,10992,1,1,1,0,0,0,0,0,0,0,0,0,0,0,2576,1,55.413514985681566,33.363510898043955,2237.431825451829,1.545976919349219,93.75454545454545,93.33818181818182,93.33818181818182,90.00727272727272,92.31328671328671,92.86233766233767,93.75454545454545,93.75454545454545,90.91570247933885,90.00727272727272,80.01454545454546,95.00363636363637,91.67272727272727,87.50909090909092,91.67272727272727
831,car,honda,city,diesel,2016,mumbai,10000,10376,1,1,1,0,0,0,0,0,0,0,0,0,0,0,2534,1,55.413514985681566,33.363510898043955,2237.431825451829,1.545976919349219,94.10454545454544,93.71151515151514,93.71151515151514,90.56727272727272,92.74405594405594,93.26233766233766,94.10454545454544,94.10454545454544,91.42479338842975,90.56727272727272,81.13454545454546,95.28363636363636,92.13939393939394,88.2090909090909,92.13939393939394
832,car,honda,city,diesel,2016,mumbai,10000,11009,1,1,1,0,0,0,0,0,0,0,0,0,0,0,2534,1,55.413514985681566,33.363510898043955,2237.431825451829,1.545976919349219,93.74488636363635,93.32787878787879,93.32787878787879,89.99181818181819,92.3013986013986,92.8512987012987,93.74488636363635,93.74488636363635,90.90165289256198,89.99181818181819,79.98363636363636,94.9959090909091,91.65984848484848,87.48977272727274,91.65984848484848
833,car,honda,city,diesel,2016,mumbai,10000,10048,1,1,1,0,0,0,0,0,0,0,0,0,0,0,2578,1,55.413514985681566,33.363510898043955,2237.431825451829,1.545976919349219,94.2909090909091,93.91030303030303,93.91030303030303,90.86545454545455,92.97342657342658,93.47532467532467,94.2909090909091,94.2909090909091,91.69586776859504,90.86545454545455,81.7309090909091,95.43272727272726,92.38787878787879,88.58181818181818,92.38787878787879
834,car,honda,city,diesel,2016,mumbai,10000,10623,1,1,1,0,0,0,0,0,0,0,0,0,0,0,2698,1,55.413514985681566,33.363510898043955,2237.431825451829,1.545976919349219,93.96420454545455,93.56181818181818,93.56181818181818,90.34272727272727,92.57132867132867,93.10194805194804,93.96420454545455,93.96420454545455,91.2206611570248,90.34272727272727,80.68545454545455,95.17136363636364,91.95227272727273,87.92840909090908,91.95227272727273
835,car,honda,city,diesel,2016,mumbai,10000,10832,1,1,1,0,0,0,0,0,0,0,0,0,0,0,2532,1,55.413514985681566,33.363510898043955,2237.431825451829,1.545976919349219,93.84545454545454,93.43515151515152,93.43515151515152,90.15272727272728,92.42517482517482,92.96623376623376,93.84545454545454,93.84545454545454,91.04793388429752,90.15272727272728,80.30545454545455,95.07636363636364,91.7939393939394,87.69090909090909,91.7939393939394
836,car,honda,city,diesel,2016,mumbai,10000,9068,1,1,1,0,0,0,0,0,0,0,0,0,0,0,2489,1,55.413514985681566,33.363510898043955,2237.431825451829,1.545976919349219,94.84772727272728,94.50424242424242,94.50424242424242,91.75636363636363,93.65874125874126,94.11168831168831,94.84772727272728,94.84772727272728,92.50578512396694,91.75636363636363,83.51272727272728,95.87818181818182,93.13030303030303,89.69545454545454,93.13030303030303
837,car,honda,city,diesel,2016,mumbai,10000,10666,1,1,1,0,1,0,0,0,0,0,0,0,0,0,2578,1,55.413514985681566,33.363510898043955,2237.431825451829,1.545976919349219,93.93977272727273,93.53575757575757,93.53575757575757,90.30363636363636,92.54125874125873,93.07402597402597,93.93977272727273,93.93977272727273,91.18512396694214,90.30363636363636,80.60727272727273,95.15181818181819,91.91969696969697,87.87954545454546,91.91969696969697
838,car,honda,city,diesel,2016,mumbai,10000,10879,1,1,1,0,0,0,0,0,0,0,0,0,0,0,2631,1,55.413514985681566,33.363510898043955,2237.431825451829,1.545976919349219,93.81875,93.40666666666667,93.40666666666667,90.11,92.3923076923077,92.93571428571428,93.81875,93.81875,91.0090909090909,90.11,80.22,95.055,91.75833333333333,87.6375,91.75833333333333
839,car,honda,city,diesel,2016,mumbai,10000,9978,1,1,1,0,0,0,0,0,0,0,0,0,0,0,2639,1,55.413514985681566,33.363510898043955,2237.431825451829,1.545976919349219,94.33068181818182,93.95272727272727,93.95272727272727,90.92909090909092,93.02237762237762,93.52077922077922,94.33068181818182,94.33068181818182,91.75371900826447,90.92909090909092,81.85818181818182,95.46454545454546,92.4409090909091,88.66136363636363,92.4409090909091
840,car,honda,city,diesel,2016,mumbai,10000,11658,1,1,1,0,1,0,0,0,0,0,0,0,0,0,2703,1,55.413514985681566,33.363510898043955,2237.431825451829,1.545976919349219,93.37613636363636,92.93454545454546,92.93454545454546,89.40181818181819,91.84755244755245,92.42987012987012,93.37613636363636,93.37613636363636,90.36528925619834,89.40181818181819,78.80363636363637,94.7009090909091,91.16818181818182,86.75227272727273,91.16818181818182
841,car,honda,city,diesel,2016,mumbai,10000,10769,1,1,1,0,1,0,0,0,0,0,0,0,0,0,2539,1,55.413514985681566,33.363510898043955,2237.431825451829,1.545976919349219,93.88125000000001,93.47333333333333,93.47333333333333,90.21000000000001,92.46923076923078,93.00714285714285,93.88125000000001,93.88125000000001,91.10000000000001,90.21000000000001,80.42,95.10499999999999,91.84166666666667,87.7625,91.84166666666667
842,car,honda,city,diesel,2016,mumbai,10000,10761,1,1,1,0,1,0,0,0,0,0,0,0,0,0,2597,1,55.413514985681566,33.363510898043955,2237.431825451829,1.545976919349219,93.88579545454544,93.47818181818181,93.47818181818181,90.21727272727273,92.47482517482517,93.01233766233766,93.88579545454544,93.88579545454544,91.10661157024794,90.21727272727273,80.43454545454546,95.10863636363636,91.84772727272727,87.77159090909092,91.84772727272727
843,car,honda,city,diesel,2016,mumbai,10000,11957,1,1,1,0,0,0,0,0,0,0,0,0,0,0,2583,1,55.413514985681566,33.363510898043955,2237.431825451829,1.545976919349219,93.20625,92.75333333333333,92.75333333333333,89.13,91.63846153846154,92.2357142857143,93.20625,93.20625,90.11818181818182,89.13,78.25999999999999,94.565,90.94166666666666,86.41250000000001,90.94166666666666
844,car,honda,city,diesel,2016,mumbai,20000,20788,1,1,1,1,0,1,1,0,0,0,0,0,0,0,6800,1,55.413514985681566,33.363510898043955,2237.431825451829,1.545976919349219,88.18863636363636,87.40121212121213,87.40121212121213,81.10181818181819,85.46293706293706,86.50129870129871,88.18863636363636,88.18863636363636,82.8198347107438,81.10181818181819,62.20363636363637,90.55090909090909,84.25151515151515,76.37727272727273,84.25151515151515
845,car,honda,city,diesel,2016,mumbai,20000,20472,1,1,1,1,0,1,1,0,0,0,0,0,0,0,6809,1,55.413514985681566,33.363510898043955,2237.431825451829,1.545976919349219,88.36818181818182,87.59272727272727,87.59272727272727,81.38909090909091,85.68391608391607,86.70649350649352,88.36818181818182,88.36818181818182,83.0809917355372,81.38909090909091,62.77818181818182,90.69454545454545,84.4909090909091,76.73636363636363,84.4909090909091
846,car,honda,city,diesel,2016,mumbai,20000,19236,1,1,1,1,0,1,1,0,0,0,0,0,0,0,6899,1,55.413514985681566,33.363510898043955,2237.431825451829,1.545976919349219,89.07045454545455,88.34181818181818,88.34181818181818,82.51272727272728,86.54825174825174,87.50909090909092,89.07045454545455,89.07045454545455,84.10247933884298,82.51272727272728,65.02545454545454,91.25636363636363,85.42727272727274,78.14090909090909,85.42727272727274
847,car,honda,city,diesel,2016,mumbai,20000,20274,1,1,1,1,0,1,1,0,0,0,0,0,0,0,6799,1,55.413514985681566,33.363510898043955,2237.431825451829,1.545976919349219,88.48068181818182,87.71272727272728,87.71272727272728,81.56909090909092,85.82237762237762,86.83506493506493,88.48068181818182,88.48068181818182,83.24462809917355,81.56909090909092,63.13818181818183,90.78454545454545,84.64090909090909,76.96136363636363,84.64090909090909
848,car,honda,city,diesel,2016,mumbai,20000,20768,1,1,1,1,0,1,1,0,0,0,0,0,0,0,6849,1,55.413514985681566,33.363510898043955,2237.431825451829,1.545976919349219,88.2,87.41333333333333,87.41333333333333,81.12,85.47692307692307,86.5142857142857,88.2,88.2,82.83636363636364,81.12,62.24000000000001,90.56,84.26666666666667,76.4,84.26666666666667
849,car,honda,city,diesel,2016,mumbai,20000,21867,1,1,1,1,0,1,1,0,0,0,0,0,0,0,6859,1,55.413514985681566,33.363510898043955,2237.431825451829,1.545976919349219,87.57556818181818,86.74727272727273,86.74727272727273,80.1209090909091,84.70839160839161,85.80064935064935,87.57556818181818,87.57556818181818,81.92809917355373,80.1209090909091,60.24181818181818,90.06045454545455,83.43409090909091,75.15113636363637,83.43409090909091
850,car,honda,city,diesel,2016,mumbai,20000,21688,1,1,1,1,0,1,1,0,0,0,0,0,0,0,6819,1,55.413514985681566,33.363510898043955,2237.431825451829,1.545976919349219,87.67727272727272,86.85575757575758,86.85575757575758,80.28363636363636,84.83356643356643,85.91688311688311,87.67727272727272,87.67727272727272,82.07603305785123,80.28363636363636,60.56727272727274,90.14181818181818,83.56969696969698,75.35454545454544,83.56969696969698
851,car,honda,city,diesel,2016,mumbai,20000,20766,1,1,1,1,0,1,1,0,0,0,0,0,0,0,6819,1,55.413514985681566,33.363510898043955,2237.431825451829,1.545976919349219,88.20113636363637,87.41454545454546,87.41454545454546,81.12181818181818,85.47832167832168,86.51558441558441,88.20113636363637,88.20113636363637,82.83801652892562,81.12181818181818,62.24363636363637,90.56090909090909,84.26818181818182,76.40227272727273,84.26818181818182
852,car,honda,city,diesel,2016,mumbai,20000,20987,1,1,1,1,0,1,1,0,0,0,0,0,0,0,6868,1,55.413514985681566,33.363510898043955,2237.431825451829,1.545976919349219,88.07556818181818,87.28060606060606,87.28060606060606,80.9209090909091,85.32377622377622,86.37207792207792,88.07556818181818,88.07556818181818,82.65537190082645,80.9209090909091,61.841818181818184,90.46045454545455,84.10075757575758,76.15113636363637,84.10075757575758
853,car,honda,city,diesel,2016,mumbai,20000,20243,1,1,1,1,0,1,1,0,0,0,0,0,0,0,6893,1,55.413514985681566,33.363510898043955,2237.431825451829,1.545976919349219,88.49829545454546,87.73151515151515,87.73151515151515,81.59727272727272,85.84405594405594,86.8551948051948,88.49829545454546,88.49829545454546,83.2702479338843,81.59727272727272,63.19454545454546,90.79863636363636,84.66439393939393,76.99659090909091,84.66439393939393
854,car,honda,city,diesel,2016,mumbai,20000,20657,1,1,1,1,1,1,1,0,0,0,0,0,0,0,6823,1,55.413514985681566,33.363510898043955,2237.431825451829,1.545976919349219,88.26306818181818,87.48060606060606,87.48060606060606,81.22090909090909,85.55454545454546,86.58636363636364,88.26306818181818,88.26306818181818,82.92809917355373,81.22090909090909,62.441818181818185,90.61045454545454,84.35075757575757,76.52613636363637,84.35075757575757
855,car,honda,city,diesel,2016,mumbai,20000,19467,1,1,1,1,1,1,1,0,0,0,0,0,0,0,6890,1,55.413514985681566,33.363510898043955,2237.431825451829,1.545976919349219,88.93920454545454,88.20181818181818,88.20181818181818,82.30272727272727,86.38671328671329,87.35909090909091,88.93920454545454,88.93920454545454,83.91157024793388,82.30272727272727,64.60545454545455,91.15136363636364,85.25227272727273,77.87840909090909,85.25227272727273
856,car,honda,city,diesel,2016,mumbai,20000,19054,1,1,1,1,1,1,1,0,0,0,0,0,0,0,6831,1,55.413514985681566,33.363510898043955,2237.431825451829,1.545976919349219,89.17386363636363,88.45212121212121,88.45212121212121,82.67818181818181,86.67552447552448,87.62727272727273,89.17386363636363,89.17386363636363,84.25289256198347,82.67818181818181,65.35636363636364,91.33909090909091,85.56515151515151,78.34772727272727,85.56515151515151
857,car,honda,city,diesel,2016,mumbai,20000,20453,1,1,1,1,1,1,1,0,0,0,0,0,0,0,6890,1,55.413514985681566,33.363510898043955,2237.431825451829,1.545976919349219,88.37897727272728,87.60424242424243,87.60424242424243,81.40636363636364,85.69720279720279,86.71883116883117,88.37897727272728,88.37897727272728,83.09669421487604,81.40636363636364,62.81272727272727,90.70318181818182,84.50530303030304,76.75795454545454,84.50530303030304
858,car,honda,city,diesel,2016,mumbai,20000,20980,1,1,1,1,0,1,1,0,0,0,0,0,0,0,6789,1,55.413514985681566,33.363510898043955,2237.431825451829,1.545976919349219,88.07954545454547,87.28484848484848,87.28484848484848,80.92727272727274,85.32867132867132,86.37662337662337,88.07954545454547,88.07954545454547,82.6611570247934,80.92727272727274,61.85454545454546,90.46363636363637,84.10606060606061,76.1590909090909,84.10606060606061
859,car,honda,city,diesel,2016,mumbai,20000,21467,1,1,1,1,0,1,1,0,0,0,0,0,0,0,6798,1,55.413514985681566,33.363510898043955,2237.431825451829,1.545976919349219,87.8028409090909,86.98969696969698,86.98969696969698,80.48454545454545,84.98811188811189,86.0603896103896,87.8028409090909,87.8028409090909,82.2586776859504,80.48454545454545,60.96909090909091,90.24227272727273,83.73712121212121,75.60568181818181,83.73712121212121
860,car,honda,city,diesel,2016,mumbai,20000,20564,1,1,1,1,1,1,1,0,0,0,0,0,0,0,6759,1,55.413514985681566,33.363510898043955,2237.431825451829,1.545976919349219,88.31590909090909,87.53696969696969,87.53696969696969,81.30545454545455,85.61958041958042,86.64675324675325,88.31590909090909,88.31590909090909,83.00495867768596,81.30545454545455,62.6109090909091,90.65272727272728,84.42121212121212,76.63181818181818,84.42121212121212
861,car,honda,city,diesel,2016,mumbai,20000,20768,1,1,1,1,0,1,1,0,0,0,0,0,0,0,6831,1,55.413514985681566,33.363510898043955,2237.431825451829,1.545976919349219,88.2,87.41333333333333,87.41333333333333,81.12,85.47692307692307,86.5142857142857,88.2,88.2,82.83636363636364,81.12,62.24000000000001,90.56,84.26666666666667,76.4,84.26666666666667
862,car,honda,city,diesel,2016,mumbai,20000,22567,1,1,1,1,0,1,1,0,0,0,0,0,0,0,6846,1,55.413514985681566,33.363510898043955,2237.431825451829,1.545976919349219,87.1778409090909,86.32303030303031,86.32303030303031,79.48454545454547,84.21888111888111,85.3461038961039,87.1778409090909,87.1778409090909,81.34958677685951,79.48454545454547,58.969090909090916,89.74227272727273,82.90378787878788,74.35568181818182,82.90378787878788
863,car,honda,city,diesel,2016,mumbai,20000,20576,1,1,1,1,0,1,1,0,0,0,0,0,0,0,6891,1,55.413514985681566,33.363510898043955,2237.431825451829,1.545976919349219,88.30909090909091,87.52969696969697,87.52969696969697,81.29454545454547,85.61118881118881,86.63896103896104,88.30909090909091,88.30909090909091,82.99504132231405,81.29454545454547,62.58909090909091,90.64727272727274,84.41212121212122,76.61818181818182,84.41212121212122
864,car,honda,city,diesel,2016,mumbai,30000,30686,1,1,1,0,0,0,0,0,0,0,0,0,0,0,5700,1,55.413514985681566,33.363510898043955,2237.431825451829,1.545976919349219,82.56477272727273,81.40242424242425,81.40242424242425,72.10363636363637,78.54125874125874,80.07402597402597,82.56477272727273,82.56477272727273,74.63966942148761,72.10363636363637,44.20727272727274,86.05181818181819,76.7530303030303,65.12954545454545,76.7530303030303
865,car,honda,city,diesel,2016,mumbai,30000,30897,1,1,1,0,0,0,0,0,0,0,0,0,0,0,5710,1,55.413514985681566,33.363510898043955,2237.431825451829,1.545976919349219,82.44488636363636,81.27454545454546,81.27454545454546,71.91181818181819,78.3937062937063,79.93701298701299,82.44488636363636,82.44488636363636,74.46528925619835,71.91181818181819,43.823636363636375,85.95590909090909,76.59318181818182,64.88977272727271,76.59318181818182
866,car,honda,city,diesel,2016,mumbai,30000,30675,1,1,1,0,0,0,0,0,0,0,0,0,0,0,5789,1,55.413514985681566,33.363510898043955,2237.431825451829,1.545976919349219,82.57102272727272,81.4090909090909,81.4090909090909,72.11363636363637,78.54895104895105,80.08116883116882,82.57102272727272,82.57102272727272,74.64876033057853,72.11363636363637,44.227272727272734,86.05681818181819,76.76136363636363,65.14204545454545,76.76136363636363
867,car,honda,city,diesel,2016,mumbai,30000,30612,1,1,1,0,0,0,0,0,0,0,0,0,0,0,5799,1,55.413514985681566,33.363510898043955,2237.431825451829,1.545976919349219,82.60681818181818,81.44727272727272,81.44727272727272,72.17090909090909,78.593006993007,80.12207792207792,82.60681818181818,82.60681818181818,74.700826446281,72.17090909090909,44.34181818181819,86.08545454545455,76.80909090909091,65.21363636363637,76.80909090909091
868,car,honda,city,diesel,2016,mumbai,30000,31763,1,1,1,0,0,0,0,0,0,0,0,0,0,0,5699,1,55.413514985681566,33.363510898043955,2237.431825451829,1.545976919349219,81.95284090909091,80.74969696969697,80.74969696969697,71.12454545454545,77.78811188811189,79.37467532467532,81.95284090909091,81.95284090909091,73.7495867768595,71.12454545454545,42.24909090909092,85.56227272727273,75.93712121212121,63.90568181818181,75.93712121212121
869,car,honda,city,diesel,2016,mumbai,30000,30980,1,1,1,0,0,0,0,0,0,0,0,0,0,0,5789,1,55.413514985681566,33.363510898043955,2237.431825451829,1.545976919349219,82.39772727272727,81.22424242424242,81.22424242424242,71.83636363636364,78.33566433566433,79.88311688311688,82.39772727272727,82.39772727272727,74.39669421487604,71.83636363636364,43.672727272727286,85.91818181818182,76.53030303030303,64.79545454545455,76.53030303030303
870,car,honda,city,diesel,2016,mumbai,30000,30998,1,1,1,0,0,0,0,0,0,0,0,0,0,0,5723,1,55.413514985681566,33.363510898043955,2237.431825451829,1.545976919349219,82.3875,81.21333333333334,81.21333333333334,71.82000000000001,78.32307692307691,79.87142857142857,82.3875,82.3875,74.38181818181818,71.82000000000001,43.640000000000015,85.91,76.51666666666667,64.775,76.51666666666667
871,car,honda,city,diesel,2016,mumbai,30000,29234,1,1,1,0,0,0,0,0,0,0,0,0,0,0,5789,1,55.413514985681566,33.363510898043955,2237.431825451829,1.545976919349219,83.38977272727273,82.28242424242424,82.28242424242424,73.42363636363636,79.55664335664335,81.01688311688312,83.38977272727273,83.38977272727273,75.83966942148761,73.42363636363636,46.84727272727274,86.71181818181819,77.8530303030303,66.77954545454546,77.8530303030303
872,car,honda,city,diesel,2016,mumbai,30000,30909,1,1,1,0,0,0,0,0,0,0,0,0,0,0,5721,1,55.413514985681566,33.363510898043955,2237.431825451829,1.545976919349219,82.43806818181818,81.26727272727273,81.26727272727273,71.9009090909091,78.38531468531468,79.92922077922077,82.43806818181818,82.43806818181818,74.45537190082645,71.9009090909091,43.801818181818184,85.95045454545455,76.5840909090909,64.87613636363636,76.5840909090909
873,car,honda,city,diesel,2016,mumbai,30000,30522,1,1,1,0,0,0,0,0,0,0,0,0,0,0,5748,1,55.413514985681566,33.363510898043955,2237.431825451829,1.545976919349219,82.65795454545454,81.50181818181818,81.50181818181818,72.25272727272727,78.65594405594405,80.18051948051948,82.65795454545454,82.65795454545454,74.77520661157024,72.25272727272727,44.50545454545455,86.12636363636364,76.87727272727273,65.3159090909091,76.87727272727273
874,car,honda,city,diesel,2016,mumbai,30000,30863,1,1,1,0,0,0,0,0,0,0,0,0,0,0,5738,1,55.413514985681566,33.363510898043955,2237.431825451829,1.545976919349219,82.46420454545455,81.29515151515152,81.29515151515152,71.94272727272728,78.41748251748251,79.95909090909092,82.46420454545455,82.46420454545455,74.49338842975206,71.94272727272728,43.88545454545455,85.97136363636363,76.6189393939394,64.92840909090908,76.6189393939394
875,car,honda,city,diesel,2016,mumbai,30000,29837,1,1,1,0,0,0,0,0,0,0,0,0,0,0,5849,1,55.413514985681566,33.363510898043955,2237.431825451829,1.545976919349219,83.04715909090909,81.9169696969697,81.9169696969697,72.87545454545455,79.13496503496503,80.62532467532468,83.04715909090909,83.04715909090909,75.34132231404959,72.87545454545455,45.7509090909091,86.43772727272727,77.39621212121213,66.09431818181818,77.39621212121213
876,car,honda,city,diesel,2016,mumbai,30000,30674,1,1,1,0,0,0,0,0,0,0,0,0,0,0,5839,1,55.413514985681566,33.363510898043955,2237.431825451829,1.545976919349219,82.57159090909092,81.40969696969698,81.40969696969698,72.11454545454545,78.54965034965035,80.08181818181819,82.57159090909092,82.57159090909092,74.64958677685951,72.11454545454545,44.22909090909092,86.05727272727273,76.76212121212122,65.14318181818182,76.76212121212122
877,car,honda,city,diesel,2016,mumbai,30000,31658,1,1,1,0,0,0,0,0,0,0,0,0,0,0,5829,1,55.413514985681566,33.363510898043955,2237.431825451829,1.545976919349219,82.0125,80.81333333333333,80.81333333333333,71.22,77.86153846153846,79.44285714285715,82.0125,82.0125,73.83636363636363,71.22,42.44000000000001,85.61000000000001,76.01666666666667,64.025,76.01666666666667
878,car,honda,city,diesel,2016,mumbai,30000,31225,1,1,1,0,0,0,0,0,0,0,0,0,0,0,5819,1,55.413514985681566,33.363510898043955,2237.431825451829,1.545976919349219,82.25852272727272,81.07575757575758,81.07575757575758,71.61363636363637,78.16433566433567,79.72402597402596,82.25852272727272,82.25852272727272,74.19421487603306,71.61363636363637,43.227272727272734,85.80681818181819,76.34469696969697,64.51704545454545,76.34469696969697
879,car,honda,city,diesel,2016,mumbai,30000,30987,1,1,1,0,0,0,0,0,0,0,0,0,0,0,5809,1,55.413514985681566,33.363510898043955,2237.431825451829,1.545976919349219,82.39375,81.22,81.22,71.83,78.33076923076922,79.87857142857143,82.39375,82.39375,74.39090909090909,71.83,43.66000000000001,85.915,76.525,64.7875,76.525
880,car,honda,city,diesel,2016,mumbai,30000,30545,1,1,1,0,0,0,0,0,0,0,0,0,0,0,5800,1,55.413514985681566,33.363510898043955,2237.431825451829,1.545976919349219,82.64488636363636,81.48787878787878,81.48787878787878,72.23181818181818,78.63986013986015,80.16558441558442,82.64488636363636,82.64488636363636,74.75619834710744,72.23181818181818,44.46363636363637,86.1159090909091,76.85984848484848,65.28977272727272,76.85984848484848
881,car,honda,city,diesel,2016,mumbai,30000,32507,1,1,1,0,0,0,0,0,0,0,0,0,0,0,5799,1,55.413514985681566,33.363510898043955,2237.431825451829,1.545976919349219,81.53011363636364,80.29878787878788,80.29878787878788,70.44818181818182,77.26783216783217,78.89155844155844,81.53011363636364,81.53011363636364,73.13471074380166,70.44818181818182,40.896363636363645,85.2240909090909,75.37348484848485,63.06022727272727,75.37348484848485
882,car,honda,city,diesel,2016,mumbai,30000,30087,1,1,1,0,0,0,0,0,0,0,0,0,0,0,5579,1,55.413514985681566,33.363510898043955,2237.431825451829,1.545976919349219,82.90511363636364,81.76545454545455,81.76545454545455,72.64818181818183,78.96013986013986,80.46298701298701,82.90511363636364,82.90511363636364,75.13471074380166,72.64818181818183,45.296363636363644,86.32409090909091,77.20681818181818,65.81022727272727,77.20681818181818
883,car,honda,city,diesel,2016,mumbai,30000,30179,1,1,1,0,0,0,0,0,0,1,0,0,0,0,5800,1,55.413514985681566,33.363510898043955,2237.431825451829,1.545976919349219,82.8528409090909,81.70969696969696,81.70969696969696,72.56454545454545,78.8958041958042,80.40324675324675,82.8528409090909,82.8528409090909,75.05867768595041,72.56454545454545,45.12909090909092,86.28227272727274,77.13712121212122,65.70568181818182,77.13712121212122
884,car,honda,city,diesel,2016,mumbai,40000,40878,1,1,1,1,0,1,1,0,0,1,0,0,0,0,6100,1,55.413514985681566,33.363510898043955,2237.431825451829,1.545976919349219,76.77386363636364,75.22545454545455,75.22545454545455,62.838181818181816,71.413986013986,73.45584415584416,76.77386363636364,76.77386363636364,66.21652892561984,62.838181818181816,25.676363636363643,81.41909090909091,69.03181818181818,53.54772727272727,69.03181818181818
885,car,honda,city,diesel,2016,mumbai,40000,40328,1,1,1,1,0,1,1,0,0,1,0,0,0,0,6250,1,55.413514985681566,33.363510898043955,2237.431825451829,1.545976919349219,77.08636363636363,75.55878787878788,75.55878787878788,63.33818181818182,71.79860139860139,73.81298701298702,77.08636363636363,77.08636363636363,66.67107438016528,63.33818181818182,26.676363636363643,81.66909090909091,69.44848484848485,54.17272727272727,69.44848484848485
886,car,honda,city,diesel,2016,mumbai,40000,40368,1,1,1,1,0,1,1,0,0,1,0,0,0,0,6000,1,55.413514985681566,33.363510898043955,2237.431825451829,1.545976919349219,77.06363636363636,75.53454545454545,75.53454545454545,63.30181818181819,71.77062937062936,73.78701298701299,77.06363636363636,77.06363636363636,66.63801652892562,63.30181818181819,26.603636363636372,81.6509090909091,69.41818181818182,54.12727272727273,69.41818181818182
887,car,honda,city,diesel,2016,mumbai,40000,39175,1,1,1,1,0,1,1,0,0,1,0,0,0,0,6100,1,55.413514985681566,33.363510898043955,2237.431825451829,1.545976919349219,77.74147727272727,76.25757575757575,76.25757575757575,64.38636363636364,72.6048951048951,74.56168831168831,77.74147727272727,77.74147727272727,67.62396694214875,64.38636363636364,28.772727272727284,82.19318181818183,70.3219696969697,55.48295454545455,70.3219696969697
888,car,honda,city,diesel,2016,mumbai,40000,40613,1,1,1,1,0,1,1,0,0,1,0,0,0,0,6200,1,55.413514985681566,33.363510898043955,2237.431825451829,1.545976919349219,76.92443181818182,75.38606060606061,75.38606060606061,63.079090909090915,71.5993006993007,73.62792207792208,76.92443181818182,76.92443181818182,66.43553719008266,63.079090909090915,26.158181818181824,81.53954545454546,69.23257575757576,53.84886363636363,69.23257575757576
889,car,honda,city,diesel,2016,mumbai,40000,40293,1,1,1,1,0,1,1,0,0,1,0,0,0,0,6150,1,55.413514985681566,33.363510898043955,2237.431825451829,1.545976919349219,77.10625,75.58,75.58,63.370000000000005,71.82307692307693,73.83571428571429,77.10625,77.10625,66.7,63.370000000000005,26.74000000000001,81.685,69.475,54.2125,69.475
890,car,honda,city,diesel,2016,mumbai,40000,40733,1,1,1,1,0,1,1,0,0,1,0,0,0,0,6100,1,55.413514985681566,33.363510898043955,2237.431825451829,1.545976919349219,76.85625,75.31333333333333,75.31333333333333,62.970000000000006,71.51538461538462,73.55000000000001,76.85625,76.85625,66.33636363636364,62.970000000000006,25.94000000000001,81.48500000000001,69.14166666666667,53.712500000000006,69.14166666666667
891,car,honda,city,diesel,2016,mumbai,40000,41382,1,1,1,1,0,1,1,0,0,1,0,0,0,0,5900,1,55.413514985681566,33.363510898043955,2237.431825451829,1.545976919349219,76.4875,74.92,74.92,62.38000000000001,71.06153846153846,73.12857142857143,76.4875,76.4875,65.8,62.38000000000001,24.760000000000016,81.19000000000001,68.65,52.974999999999994,68.65
892,car,honda,city,diesel,2016,mumbai,40000,40289,1,1,1,1,0,1,1,0,0,1,0,0,0,0,6000,1,55.413514985681566,33.363510898043955,2237.431825451829,1.545976919349219,77.10852272727273,75.58242424242424,75.58242424242424,63.37363636363638,71.82587412587414,73.83831168831169,77.10852272727273,77.10852272727273,66.70330578512397,63.37363636363638,26.74727272727274,81.68681818181818,69.47803030303031,54.217045454545456,69.47803030303031
893,car,honda,city,diesel,2016,mumbai,40000,39236,1,1,1,1,0,1,1,0,0,1,0,0,0,0,6250,1,55.413514985681566,33.363510898043955,2237.431825451829,1.545976919349219,77.70681818181818,76.22060606060606,76.22060606060606,64.33090909090909,72.56223776223776,74.52207792207793,77.70681818181818,77.70681818181818,67.57355371900826,64.33090909090909,28.661818181818187,82.16545454545454,70.27575757575757,55.413636363636364,70.27575757575757
894,car,honda,city,diesel,2016,mumbai,40000,40786,1,1,1,1,0,1,1,0,0,1,0,0,0,0,6000,1,55.413514985681566,33.363510898043955,2237.431825451829,1.545976919349219,76.82613636363637,75.28121212121212,75.28121212121212,62.92181818181819,71.47832167832168,73.51558441558441,76.82613636363637,76.82613636363637,66.29256198347107,62.92181818181819,25.843636363636367,81.4609090909091,69.10151515151514,53.65227272727273,69.10151515151514
895,car,honda,city,diesel,2016,mumbai,40000,40342,1,1,1,1,0,1,1,0,0,1,0,0,0,0,6200,1,55.413514985681566,33.363510898043955,2237.431825451829,1.545976919349219,77.07840909090909,75.55030303030304,75.55030303030304,63.32545454545455,71.7888111888112,73.80389610389611,77.07840909090909,77.07840909090909,66.6595041322314,63.32545454545455,26.650909090909103,81.66272727272728,69.43787878787879,54.15681818181819,69.43787878787879
896,car,honda,city,diesel,2016,mumbai,40000,40345,1,1,1,1,0,1,1,0,0,1,0,0,0,0,6300,1,55.413514985681566,33.363510898043955,2237.431825451829,1.545976919349219,77.07670454545455,75.54848484848485,75.54848484848485,63.32272727272728,71.7867132867133,73.80194805194805,77.07670454545455,77.07670454545455,66.65702479338844,63.32272727272728,26.645454545454548,81.66136363636363,69.43560606060606,54.153409090909086,69.43560606060606
897,car,honda,city,diesel,2016,mumbai,40000,40897,1,1,1,1,0,1,1,0,0,1,0,0,0,0,6299,1,55.413514985681566,33.363510898043955,2237.431825451829,1.545976919349219,76.76306818181818,75.21393939393938,75.21393939393938,62.8209090909091,71.4006993006993,73.44350649350649,76.76306818181818,76.76306818181818,66.200826446281,62.8209090909091,25.641818181818188,81.41045454545454,69.01742424242424,53.52613636363637,69.01742424242424
898,car,honda,city,diesel,2016,mumbai,40000,40568,1,1,1,1,0,1,1,0,0,1,0,0,0,0,6289,1,55.413514985681566,33.363510898043955,2237.431825451829,1.545976919349219,76.95,75.41333333333333,75.41333333333333,63.12,71.63076923076923,73.65714285714287,76.95,76.95,66.47272727272728,63.12,26.24000000000001,81.56,69.26666666666667,53.89999999999999,69.26666666666667
899,car,honda,city,diesel,2016,mumbai,40000,40076,1,1,1,1,0,1,1,0,0,1,0,0,0,0,6279,1,55.413514985681566,33.363510898043955,2237.431825451829,1.545976919349219,77.22954545454546,75.71151515151516,75.71151515151516,63.56727272727274,71.97482517482517,73.97662337662338,77.22954545454546,77.22954545454546,66.87933884297522,63.56727272727274,27.134545454545467,81.78363636363638,69.63939393939394,54.45909090909091,69.63939393939394
900,car,honda,city,diesel,2016,mumbai,40000,40877,1,1,1,1,0,1,1,0,0,1,0,0,1,0,7539,1,55.413514985681566,33.363510898043955,2237.431825451829,1.545976919349219,76.77443181818182,75.22606060606061,75.22606060606061,62.83909090909092,71.41468531468531,73.4564935064935,76.77443181818182,76.77443181818182,66.21735537190084,62.83909090909092,25.678181818181834,81.41954545454546,69.03257575757576,53.54886363636364,69.03257575757576
901,car,honda,city,diesel,2016,mumbai,40000,41765,1,1,1,1,0,1,1,0,0,1,0,0,1,0,7542,1,55.413514985681566,33.363510898043955,2237.431825451829,1.545976919349219,76.26988636363636,74.68787878787879,74.68787878787879,62.03181818181819,70.7937062937063,72.87987012987013,76.26988636363636,76.26988636363636,65.48347107438018,62.03181818181819,24.063636363636377,81.0159090909091,68.35984848484848,52.53977272727273,68.35984848484848
902,car,honda,city,diesel,2016,mumbai,40000,39067,1,1,1,1,0,1,1,0,0,1,0,0,1,0,7570,1,55.413514985681566,33.363510898043955,2237.431825451829,1.545976919349219,77.8028409090909,76.32303030303031,76.32303030303031,64.48454545454545,72.68041958041958,74.63181818181819,77.8028409090909,77.8028409090909,67.71322314049587,64.48454545454545,28.969090909090923,82.24227272727273,70.40378787878787,55.60568181818182,70.40378787878787
903,car,honda,city,diesel,2016,mumbai,40000,40675,1,1,1,1,0,1,1,0,0,1,0,0,1,0,7575,1,55.413514985681566,33.363510898043955,2237.431825451829,1.545976919349219,76.88920454545455,75.34848484848484,75.34848484848484,63.02272727272729,71.55594405594405,73.58766233766234,76.88920454545455,76.88920454545455,66.38429752066116,63.02272727272729,26.04545454545456,81.51136363636364,69.18560606060606,53.77840909090909,69.18560606060606
904,car,honda,city,diesel,2016,mumbai,50000,50789,1,1,1,0,0,0,0,0,0,0,0,0,0,0,7500,1,55.413514985681566,33.363510898043955,2237.431825451829,1.545976919349219,71.14261363636363,69.21878787878788,69.21878787878788,53.82818181818183,64.48321678321678,67.02012987012986,71.14261363636363,71.14261363636363,58.02561983471075,53.82818181818183,7.6563636363636505,76.91409090909092,61.52348484848484,42.285227272727276,61.52348484848484
905,car,honda,city,diesel,2016,mumbai,50000,50438,1,1,1,0,0,0,0,0,0,0,0,0,0,0,7599,1,55.413514985681566,33.363510898043955,2237.431825451829,1.545976919349219,71.34204545454546,69.43151515151516,69.43151515151516,54.147272727272735,64.72867132867133,67.24805194805195,71.34204545454546,71.34204545454546,58.315702479338846,54.147272727272735,8.294545454545466,77.07363636363637,61.78939393939393,42.68409090909091,61.78939393939393
906,car,honda,city,diesel,2016,mumbai,50000,51832,1,1,1,0,0,0,0,0,0,0,0,0,0,0,7510,1,55.413514985681566,33.363510898043955,2237.431825451829,1.545976919349219,70.55,68.58666666666666,68.58666666666666,52.88,63.75384615384616,66.34285714285714,70.55,70.55,57.16363636363637,52.88,5.76000000000001,76.44,60.73333333333333,41.1,60.73333333333333
907,car,honda,city,diesel,2016,mumbai,50000,49732,1,1,1,0,0,0,0,0,0,0,0,1,0,0,7590,1,55.413514985681566,33.363510898043955,2237.431825451829,1.545976919349219,71.74318181818182,69.85939393939393,69.85939393939393,54.78909090909092,65.22237762237762,67.70649350649352,71.74318181818182,71.74318181818182,58.89917355371901,54.78909090909092,9.57818181818183,77.39454545454547,62.32424242424243,43.486363636363635,62.32424242424243
908,car,honda,city,diesel,2016,mumbai,50000,49028,1,1,1,0,0,0,0,0,0,0,0,1,0,0,7550,1,55.413514985681566,33.363510898043955,2237.431825451829,1.545976919349219,72.14318181818183,70.2860606060606,70.2860606060606,55.42909090909092,65.71468531468531,68.16363636363636,72.14318181818183,72.14318181818183,59.4809917355372,55.42909090909092,10.858181818181833,77.71454545454546,62.85757575757576,44.28636363636363,62.85757575757576
909,car,honda,city,diesel,2016,mumbai,50000,50373,1,1,1,0,0,0,0,0,0,0,0,1,0,0,7400,1,55.413514985681566,33.363510898043955,2237.431825451829,1.545976919349219,71.37897727272727,69.47090909090909,69.47090909090909,54.20636363636364,64.77412587412587,67.29025974025974,71.37897727272727,71.37897727272727,58.36942148760331,54.20636363636364,8.412727272727283,77.10318181818182,61.838636363636354,42.757954545454545,61.838636363636354
910,car,honda,city,diesel,2016,mumbai,50000,50342,1,1,1,0,0,0,0,0,0,0,0,1,0,0,7700,1,55.413514985681566,33.363510898043955,2237.431825451829,1.545976919349219,71.3965909090909,69.48969696969696,69.48969696969696,54.23454545454547,64.7958041958042,67.3103896103896,71.3965909090909,71.3965909090909,58.39504132231406,54.23454545454547,8.469090909090927,77.11727272727273,61.86212121212121,42.793181818181814,61.86212121212121
911,car,honda,city,diesel,2016,mumbai,50000,50384,1,1,1,0,0,0,0,0,0,0,0,1,0,0,7650,1,55.413514985681566,33.363510898043955,2237.431825451829,1.545976919349219,71.37272727272727,69.46424242424243,69.46424242424243,54.19636363636364,64.76643356643356,67.28311688311688,71.37272727272727,71.37272727272727,58.3603305785124,54.19636363636364,8.392727272727285,77.09818181818181,61.830303030303035,42.74545454545454,61.830303030303035
912,car,honda,city,diesel,2016,mumbai,50000,50878,1,1,1,0,0,0,0,0,0,0,0,1,0,0,7450,1,55.413514985681566,33.363510898043955,2237.431825451829,1.545976919349219,71.09204545454546,69.16484848484849,69.16484848484849,53.74727272727273,64.42097902097902,66.96233766233766,71.09204545454546,71.09204545454546,57.952066115702486,53.74727272727273,7.494545454545465,76.87363636363636,61.45606060606062,42.18409090909091,61.45606060606062
913,car,honda,city,diesel,2016,mumbai,50000,50754,1,1,1,0,0,0,0,0,0,0,0,1,0,0,7699,1,55.413514985681566,33.363510898043955,2237.431825451829,1.545976919349219,71.1625,69.24,69.24,53.86000000000001,64.50769230769231,67.04285714285714,71.1625,71.1625,58.05454545454546,53.86000000000001,7.720000000000016,76.93,61.55,42.325,61.55
914,car,honda,city,diesel,2016,mumbai,50000,51437,1,1,1,0,0,0,0,0,0,0,0,1,0,0,7799,1,55.413514985681566,33.363510898043955,2237.431825451829,1.545976919349219,70.77443181818181,68.82606060606061,68.82606060606061,53.23909090909091,64.03006993006993,66.59935064935065,70.77443181818181,70.77443181818181,57.4900826446281,53.23909090909091,6.478181818181827,76.61954545454546,61.032575757575756,41.548863636363635,61.032575757575756
915,car,honda,city,diesel,2016,mumbai,50000,50789,1,1,1,0,0,0,0,0,0,0,0,1,0,0,7600,1,55.413514985681566,33.363510898043955,2237.431825451829,1.545976919349219,71.14261363636363,69.21878787878788,69.21878787878788,53.82818181818183,64.48321678321678,67.02012987012986,71.14261363636363,71.14261363636363,58.02561983471075,53.82818181818183,7.6563636363636505,76.91409090909092,61.52348484848484,42.285227272727276,61.52348484848484
916,car,honda,city,diesel,2016,mumbai,50000,50432,1,1,1,0,0,0,0,0,0,0,0,1,0,0,7599,1,55.413514985681566,33.363510898043955,2237.431825451829,1.545976919349219,71.34545454545454,69.43515151515152,69.43515151515152,54.15272727272728,64.73286713286713,67.25194805194805,71.34545454545454,71.34545454545454,58.3206611570248,54.15272727272728,8.30545454545456,77.07636363636364,61.793939393939404,42.69090909090909,61.793939393939404
917,car,honda,city,diesel,2016,mumbai,50000,50659,1,1,1,0,0,0,0,0,0,0,0,1,0,0,7549,1,55.413514985681566,33.363510898043955,2237.431825451829,1.545976919349219,71.21647727272727,69.29757575757576,69.29757575757576,53.94636363636365,64.57412587412588,67.10454545454544,71.21647727272727,71.21647727272727,58.13305785123968,53.94636363636365,7.892727272727285,76.97318181818183,61.62196969696969,42.43295454545455,61.62196969696969
918,car,honda,city,diesel,2016,mumbai,50000,53768,1,1,1,0,0,0,0,0,0,0,0,1,0,0,7489,1,55.413514985681566,33.363510898043955,2237.431825451829,1.545976919349219,69.45,67.41333333333333,67.41333333333333,51.12000000000001,62.4,65.08571428571427,69.45,69.45,55.56363636363637,51.12000000000001,2.2400000000000087,75.56,59.266666666666666,38.9,59.266666666666666
919,car,honda,city,diesel,2016,mumbai,50000,50769,1,1,1,0,1,0,0,0,0,0,0,1,0,0,7510,1,55.413514985681566,33.363510898043955,2237.431825451829,1.545976919349219,71.15397727272727,69.2309090909091,69.2309090909091,53.846363636363634,64.49720279720279,67.03311688311689,71.15397727272727,71.15397727272727,58.04214876033058,53.846363636363634,7.692727272727284,76.92318181818182,61.53863636363637,42.30795454545454,61.53863636363637
920,car,honda,city,diesel,2016,mumbai,50000,49013,1,1,1,0,1,0,0,0,0,0,0,1,0,0,7539,1,55.413514985681566,33.363510898043955,2237.431825451829,1.545976919349219,72.15170454545455,70.29515151515152,70.29515151515152,55.442727272727275,65.72517482517483,68.17337662337663,72.15170454545455,72.15170454545455,59.49338842975207,55.442727272727275,10.885454545454554,77.72136363636363,62.86893939393939,44.3034090909091,62.86893939393939
921,car,honda,city,diesel,2016,mumbai,50000,51556,1,1,1,0,0,0,0,0,0,0,0,1,0,0,7542,1,55.413514985681566,33.363510898043955,2237.431825451829,1.545976919349219,70.70681818181819,68.75393939393939,68.75393939393939,53.13090909090909,63.946853146853144,66.52207792207791,70.70681818181819,70.70681818181819,57.39173553719008,53.13090909090909,6.261818181818191,76.56545454545454,60.942424242424245,41.413636363636364,60.942424242424245
922,car,honda,city,diesel,2016,mumbai,50000,50897,1,1,1,0,1,0,0,0,0,0,0,1,0,0,7570,1,55.413514985681566,33.363510898043955,2237.431825451829,1.545976919349219,71.08125000000001,69.15333333333334,69.15333333333334,53.73000000000001,64.40769230769232,66.95,71.08125000000001,71.08125000000001,57.936363636363645,53.73000000000001,7.4600000000000115,76.86500000000001,61.44166666666666,42.1625,61.44166666666666
923,car,honda,city,diesel,2016,mumbai,50000,50086,1,1,1,0,0,0,0,0,0,0,0,1,0,0,7575,1,55.413514985681566,33.363510898043955,2237.431825451829,1.545976919349219,71.54204545454546,69.64484848484848,69.64484848484848,54.46727272727273,64.97482517482518,67.47662337662338,71.54204545454546,71.54204545454546,58.606611570247935,54.46727272727273,8.93454545454546,77.23363636363636,62.056060606060605,43.08409090909091,62.056060606060605
924,car,honda,city,diesel,2016,mumbai,60000,60879,1,1,1,1,0,1,1,0,1,0,1,0,1,0,9599,1,55.413514985681566,33.363510898043955,2237.431825451829,1.545976919349219,65.40965909090909,63.10363636363636,63.10363636363636,44.65545454545455,57.42727272727273,60.46818181818182,65.40965909090909,65.40965909090909,49.686776859504135,44.65545454545455,0.0,72.32772727272727,53.87954545454545,30.81931818181818,53.87954545454545
925,car,honda,city,diesel,2016,mumbai,60000,60839,1,1,1,1,0,1,1,0,1,0,1,0,1,0,9000,1,55.413514985681566,33.363510898043955,2237.431825451829,1.545976919349219,65.43238636363637,63.127878787878785,63.127878787878785,44.691818181818185,57.45524475524475,60.49415584415585,65.43238636363637,65.43238636363637,49.719834710743804,44.691818181818185,0.0,72.3459090909091,53.909848484848474,30.864772727272726,53.909848484848474
926,car,honda,city,diesel,2016,mumbai,60000,60321,1,1,1,1,0,1,1,0,1,0,1,0,1,0,9428,1,55.413514985681566,33.363510898043955,2237.431825451829,1.545976919349219,65.72670454545455,63.44181818181818,63.44181818181818,45.162727272727274,57.81748251748251,60.83051948051947,65.72670454545455,65.72670454545455,50.14793388429752,45.162727272727274,0.0,72.58136363636363,54.30227272727273,31.45340909090909,54.30227272727273
927,car,honda,city,diesel,2016,mumbai,60000,61733,1,1,1,1,0,1,1,0,1,0,1,0,1,0,9247,1,55.413514985681566,33.363510898043955,2237.431825451829,1.545976919349219,64.92443181818182,62.5860606060606,62.5860606060606,43.87909090909091,56.83006993006994,59.91363636363636,64.92443181818182,64.92443181818182,48.980991735537195,43.87909090909091,0.0,71.93954545454547,53.23257575757576,29.84886363636363,53.23257575757576
928,car,honda,city,diesel,2016,mumbai,60000,60977,1,1,1,1,0,1,1,0,1,0,1,0,1,0,9373,1,55.413514985681566,33.363510898043955,2237.431825451829,1.545976919349219,65.35397727272726,63.04424242424243,63.04424242424243,44.56636363636365,57.358741258741254,60.404545454545456,65.35397727272726,65.35397727272726,49.60578512396695,44.56636363636365,0.0,72.28318181818183,53.80530303030303,30.70795454545454,53.80530303030303
929,car,honda,city,diesel,2016,mumbai,60000,60632,1,1,1,1,0,1,1,0,1,0,1,0,1,0,9473,1,55.413514985681566,33.363510898043955,2237.431825451829,1.545976919349219,65.55,63.25333333333334,63.25333333333334,44.88000000000001,57.60000000000001,60.62857142857143,65.55,65.55,49.8909090909091,44.88000000000001,0.0,72.44,54.06666666666666,31.100000000000005,54.06666666666666
930,car,honda,city,diesel,2016,mumbai,60000,60872,1,1,1,1,0,1,1,0,1,0,1,0,1,0,9211,1,55.413514985681566,33.363510898043955,2237.431825451829,1.545976919349219,65.41363636363636,63.10787878787879,63.10787878787879,44.66181818181819,57.43216783216782,60.472727272727276,65.41363636363636,65.41363636363636,49.69256198347109,44.66181818181819,0.0,72.33090909090909,53.88484848484849,30.827272727272724,53.88484848484849
931,car,honda,city,diesel,2016,mumbai,60000,60134,1,1,1,1,0,1,1,0,1,0,1,0,1,0,9088,1,55.413514985681566,33.363510898043955,2237.431825451829,1.545976919349219,65.83295454545454,63.55515151515152,63.55515151515152,45.33272727272728,57.94825174825176,60.95194805194806,65.83295454545454,65.83295454545454,50.30247933884298,45.33272727272728,0.0,72.66636363636364,54.44393939393939,31.665909090909096,54.44393939393939
932,car,honda,city,diesel,2016,mumbai,60000,60427,1,1,1,1,0,1,1,0,1,0,1,0,1,0,9099,1,55.413514985681566,33.363510898043955,2237.431825451829,1.545976919349219,65.66647727272728,63.37757575757577,63.37757575757577,45.06636363636365,57.743356643356634,60.76168831168831,65.66647727272728,65.66647727272728,50.0603305785124,45.06636363636365,0.0,72.53318181818183,54.221969696969694,31.332954545454548,54.221969696969694
933,car,honda,city,diesel,2016,mumbai,60000,60349,1,1,1,1,0,1,1,0,1,0,1,0,1,0,9438,1,55.413514985681566,33.363510898043955,2237.431825451829,1.545976919349219,65.71079545454546,63.42484848484848,63.42484848484848,45.13727272727274,57.797902097902096,60.81233766233767,65.71079545454546,65.71079545454546,50.12479338842976,45.13727272727274,0.0,72.56863636363637,54.281060606060606,31.421590909090913,54.281060606060606
934,car,honda,city,diesel,2016,mumbai,60000,60374,1,1,1,1,0,1,1,0,1,0,1,0,1,0,9237,1,55.413514985681566,33.363510898043955,2237.431825451829,1.545976919349219,65.6965909090909,63.409696969696974,63.409696969696974,45.114545454545464,57.780419580419576,60.7961038961039,65.6965909090909,65.6965909090909,50.10413223140496,45.114545454545464,0.0,72.55727272727273,54.262121212121215,31.393181818181816,54.262121212121215
935,car,honda,city,diesel,2016,mumbai,60000,60694,1,1,1,1,0,1,1,0,1,0,1,0,1,0,9473,1,55.413514985681566,33.363510898043955,2237.431825451829,1.545976919349219,65.51477272727273,63.21575757575757,63.21575757575757,44.82363636363637,57.556643356643356,60.58831168831169,65.51477272727273,65.51477272727273,49.839669421487606,44.82363636363637,0.0,72.41181818181819,54.01969696969697,31.02954545454546,54.01969696969697
936,car,honda,city,diesel,2016,mumbai,60000,61379,1,1,1,1,0,1,1,0,1,0,1,0,1,0,9376,1,55.413514985681566,33.363510898043955,2237.431825451829,1.545976919349219,65.12556818181818,62.80060606060607,62.80060606060607,44.2009090909091,57.077622377622376,60.14350649350649,65.12556818181818,65.12556818181818,49.27355371900827,44.2009090909091,0.0,72.10045454545455,53.500757575757575,30.251136363636366,53.500757575757575
937,car,honda,city,diesel,2016,mumbai,60000,59262,1,1,1,1,0,1,1,0,1,0,1,0,1,0,9276,1,55.413514985681566,33.363510898043955,2237.431825451829,1.545976919349219,66.32840909090909,64.08363636363636,64.08363636363636,46.125454545454545,58.558041958041954,61.518181818181816,66.32840909090909,66.32840909090909,51.02314049586778,46.125454545454545,0.0,73.06272727272727,55.10454545454546,32.65681818181818,55.10454545454546
938,car,honda,city,diesel,2016,mumbai,60000,60876,1,1,1,1,0,1,1,0,1,0,1,0,1,0,9256,1,55.413514985681566,33.363510898043955,2237.431825451829,1.545976919349219,65.41136363636365,63.105454545454556,63.105454545454556,44.65818181818183,57.42937062937064,60.470129870129874,65.41136363636365,65.41136363636365,49.68925619834711,44.65818181818183,0.0,72.32909090909092,53.88181818181819,30.822727272727267,53.88181818181819
939,car,honda,city,diesel,2016,mumbai,60000,60456,1,1,1,1,0,1,1,0,1,0,1,0,1,0,9186,1,55.413514985681566,33.363510898043955,2237.431825451829,1.545976919349219,65.64999999999999,63.35999999999999,63.35999999999999,45.04,57.723076923076924,60.74285714285714,65.64999999999999,65.64999999999999,50.03636363636363,45.04,0.0,72.52000000000001,54.2,31.299999999999994,54.2
940,car,honda,city,diesel,2016,mumbai,60000,60657,1,1,1,1,0,1,1,0,1,0,1,0,1,0,9642,1,55.413514985681566,33.363510898043955,2237.431825451829,1.545976919349219,65.53579545454545,63.238181818181815,63.238181818181815,44.857272727272736,57.58251748251748,60.612337662337666,65.53579545454545,65.53579545454545,49.8702479338843,44.857272727272736,0.0,72.42863636363637,54.04772727272727,31.071590909090908,54.04772727272727
941,car,honda,city,diesel,2016,mumbai,60000,59760,1,1,1,1,0,1,1,0,1,0,1,0,1,0,9374,1,55.413514985681566,33.363510898043955,2237.431825451829,1.545976919349219,66.04545454545455,63.78181818181818,63.78181818181818,45.67272727272728,58.2097902097902,61.1948051948052,66.04545454545455,66.04545454545455,50.61157024793389,45.67272727272728,0.0,72.83636363636363,54.727272727272734,32.09090909090909,54.727272727272734
942,car,honda,city,diesel,2016,mumbai,60000,61234,1,1,1,1,0,1,1,0,1,0,1,0,1,0,9163,1,55.413514985681566,33.363510898043955,2237.431825451829,1.545976919349219,65.20795454545454,62.88848484848485,62.88848484848485,44.33272727272728,57.179020979020976,60.23766233766234,65.20795454545454,65.20795454545454,49.39338842975207,44.33272727272728,0.0,72.16636363636364,53.61060606060606,30.41590909090909,53.61060606060606
943,car,honda,city,diesel,2016,mumbai,60000,60789,1,1,1,1,0,1,1,0,1,0,1,0,1,0,9346,1,55.413514985681566,33.363510898043955,2237.431825451829,1.545976919349219,65.46079545454546,63.15818181818182,63.15818181818182,44.73727272727274,57.49020979020979,60.52662337662338,65.46079545454546,65.46079545454546,49.76115702479339,44.73727272727274,0.0,72.36863636363637,53.94772727272728,30.921590909090913,53.94772727272728
944,car,honda,city,diesel,2016,mumbai,70000,70765,1,1,1,0,0,0,0,0,0,0,1,0,0,0,6100,1,55.413514985681566,33.363510898043955,2237.431825451829,1.545976919349219,59.79261363636363,57.11212121212122,57.11212121212122,35.668181818181836,50.51398601398601,54.048701298701296,59.79261363636363,59.79261363636363,41.516528925619845,35.668181818181836,0.0,67.83409090909092,46.390151515151516,19.585227272727266,46.390151515151516
945,car,honda,city,diesel,2016,mumbai,70000,70384,1,1,1,0,1,0,0,0,0,0,0,0,0,0,6199,1,55.413514985681566,33.363510898043955,2237.431825451829,1.545976919349219,60.0090909090909,57.3430303030303,57.3430303030303,36.01454545454546,50.780419580419576,54.2961038961039,60.0090909090909,60.0090909090909,41.831404958677695,36.01454545454546,0.0,68.00727272727273,46.67878787878787,20.018181818181812,46.67878787878787
946,car,honda,city,diesel,2016,mumbai,70000,70976,1,1,1,0,1,0,0,0,0,0,0,0,0,0,6099,1,55.413514985681566,33.363510898043955,2237.431825451829,1.545976919349219,59.67272727272728,56.984242424242424,56.984242424242424,35.47636363636365,50.366433566433564,53.91168831168831,59.67272727272728,59.67272727272728,41.34214876033059,35.47636363636365,0.0,67.73818181818183,46.230303030303034,19.345454545454544,46.230303030303034
947,car,honda,city,diesel,2016,mumbai,70000,71253,1,1,1,0,1,0,0,0,0,0,0,0,0,0,6089,1,55.413514985681566,33.363510898043955,2237.431825451829,1.545976919349219,59.51534090909091,56.81636363636364,56.81636363636364,35.22454545454546,50.17272727272728,53.731818181818184,59.51534090909091,59.51534090909091,41.11322314049588,35.22454545454546,0.0,67.61227272727272,46.02045454545455,19.030681818181815,46.02045454545455
948,car,honda,city,diesel,2016,mumbai,70000,70311,1,1,1,0,1,0,0,0,0,0,0,0,0,0,6189,1,55.413514985681566,33.363510898043955,2237.431825451829,1.545976919349219,60.05056818181818,57.38727272727273,57.38727272727273,36.080909090909095,50.83146853146854,54.343506493506496,60.05056818181818,60.05056818181818,41.89173553719009,36.080909090909095,0.0,68.04045454545455,46.73409090909091,20.101136363636364,46.73409090909091
949,car,honda,city,diesel,2016,mumbai,70000,70789,1,1,1,0,1,0,0,0,0,0,0,0,0,0,6179,1,55.413514985681566,33.363510898043955,2237.431825451829,1.545976919349219,59.778977272727275,57.09757575757576,57.09757575757576,35.646363636363645,50.4972027972028,54.03311688311688,59.778977272727275,59.778977272727275,41.49669421487604,35.646363636363645,0.0,67.82318181818182,46.37196969696969,19.55795454545455,46.37196969696969
950,car,honda,city,diesel,2016,mumbai,70000,70098,1,1,1,0,1,0,0,0,0,0,0,0,0,0,6188,1,55.413514985681566,33.363510898043955,2237.431825451829,1.545976919349219,60.17159090909091,57.516363636363636,57.516363636363636,36.27454545454546,50.98041958041958,54.481818181818184,60.17159090909091,60.17159090909091,42.06776859504133,36.27454545454546,0.0,68.13727272727273,46.89545454545454,20.343181818181822,46.89545454545454
951,car,honda,city,diesel,2016,mumbai,70000,69432,1,1,1,0,1,0,0,0,0,0,0,0,0,0,6132,1,55.413514985681566,33.363510898043955,2237.431825451829,1.545976919349219,60.54999999999999,57.919999999999995,57.919999999999995,36.88000000000001,51.446153846153855,54.91428571428572,60.54999999999999,60.54999999999999,42.618181818181824,36.88000000000001,0.0,68.44000000000001,47.4,21.099999999999998,47.4
952,car,honda,city,diesel,2016,mumbai,70000,70894,1,1,1,0,1,0,0,0,0,0,0,0,0,0,6110,1,55.413514985681566,33.363510898043955,2237.431825451829,1.545976919349219,59.71931818181818,57.03393939393939,57.03393939393939,35.5509090909091,50.42377622377623,53.96493506493507,59.71931818181818,59.71931818181818,41.4099173553719,35.5509090909091,0.0,67.77545454545455,46.29242424242425,19.438636363636363,46.29242424242425
953,car,honda,city,diesel,2016,mumbai,70000,70753,1,1,1,0,1,0,0,0,0,0,0,0,0,0,6290,1,55.413514985681566,33.363510898043955,2237.431825451829,1.545976919349219,59.799431818181816,57.11939393939394,57.11939393939394,35.67909090909092,50.522377622377626,54.05649350649351,59.799431818181816,59.799431818181816,41.52644628099175,35.67909090909092,0.0,67.83954545454546,46.39924242424242,19.59886363636364,46.39924242424242
954,car,honda,city,diesel,2016,mumbai,70000,70756,1,1,1,0,0,0,0,0,0,0,0,0,0,0,6279,1,55.413514985681566,33.363510898043955,2237.431825451829,1.545976919349219,59.79772727272727,57.11757575757576,57.11757575757576,35.67636363636364,50.520279720279724,54.054545454545455,59.79772727272727,59.79772727272727,41.523966942148775,35.67636363636364,0.0,67.83818181818182,46.39696969696969,19.59545454545455,46.39696969696969
955,car,honda,city,diesel,2016,mumbai,70000,70890,1,1,1,0,0,0,0,0,0,0,0,0,0,0,6249,1,55.413514985681566,33.363510898043955,2237.431825451829,1.545976919349219,59.72159090909091,57.03636363636364,57.03636363636364,35.55454545454546,50.42657342657343,53.96753246753248,59.72159090909091,59.72159090909091,41.41322314049587,35.55454545454546,0.0,67.77727272727273,46.295454545454554,19.44318181818182,46.295454545454554
956,car,honda,city,diesel,2016,mumbai,70000,69876,1,1,1,0,0,0,0,0,0,0,0,0,0,0,6149,1,55.413514985681566,33.363510898043955,2237.431825451829,1.545976919349219,60.29772727272727,57.65090909090909,57.65090909090909,36.476363636363644,51.135664335664345,54.625974025974024,60.29772727272727,60.29772727272727,42.251239669421494,36.476363636363644,0.0,68.23818181818181,47.06363636363636,20.59545454545455,47.06363636363636
957,car,honda,city,diesel,2016,mumbai,70000,70766,1,1,1,0,0,0,0,0,0,0,0,0,0,0,6300,1,55.413514985681566,33.363510898043955,2237.431825451829,1.545976919349219,59.79204545454546,57.11151515151516,57.11151515151516,35.66727272727274,50.51328671328672,54.048051948051956,59.79204545454546,59.79204545454546,41.51570247933884,35.66727272727274,0.0,67.83363636363637,46.38939393939394,19.58409090909091,46.38939393939394
958,car,honda,city,diesel,2016,mumbai,70000,70087,1,1,1,0,0,0,0,0,0,0,0,0,0,0,6200,1,55.413514985681566,33.363510898043955,2237.431825451829,1.545976919349219,60.177840909090904,57.523030303030296,57.523030303030296,36.28454545454546,50.98811188811189,54.48896103896104,60.177840909090904,60.177840909090904,42.07685950413224,36.28454545454546,0.0,68.14227272727274,46.90378787878788,20.355681818181814,46.90378787878788
959,car,honda,city,diesel,2016,mumbai,70000,70234,1,1,1,0,0,0,0,0,0,0,0,0,0,0,6298,1,55.413514985681566,33.363510898043955,2237.431825451829,1.545976919349219,60.09431818181818,57.43393939393939,57.43393939393939,36.1509090909091,50.88531468531469,54.39350649350649,60.09431818181818,60.09431818181818,41.95537190082646,36.1509090909091,0.0,68.07545454545455,46.79242424242425,20.18863636363636,46.79242424242425
960,car,honda,city,diesel,2016,mumbai,70000,71456,1,1,1,0,0,0,0,0,0,0,0,0,0,0,6281,1,55.413514985681566,33.363510898043955,2237.431825451829,1.545976919349219,59.4,56.69333333333333,56.69333333333333,35.040000000000006,50.03076923076924,53.6,59.4,59.4,40.94545454545455,35.040000000000006,0.0,67.52,45.86666666666667,18.799999999999994,45.86666666666667
961,car,honda,city,diesel,2016,mumbai,70000,70975,1,1,1,0,0,0,0,0,0,0,0,0,0,0,6400,1,55.413514985681566,33.363510898043955,2237.431825451829,1.545976919349219,59.67329545454545,56.984848484848484,56.984848484848484,35.477272727272734,50.36713286713287,53.91233766233766,59.67329545454545,59.67329545454545,41.34297520661158,35.477272727272734,0.0,67.73863636363637,46.2310606060606,19.34659090909091,46.2310606060606
962,car,honda,city,diesel,2016,mumbai,70000,70255,1,1,1,0,0,0,0,0,0,1,0,0,0,0,7200,1,55.413514985681566,33.363510898043955,2237.431825451829,1.545976919349219,60.08238636363637,57.421212121212115,57.421212121212115,36.13181818181819,50.87062937062937,54.379870129870135,60.08238636363637,60.08238636363637,41.93801652892562,36.13181818181819,0.0,68.06590909090909,46.776515151515156,20.164772727272727,46.776515151515156
963,car,honda,city,diesel,2016,mumbai,70000,70346,1,1,1,0,0,0,0,0,0,1,0,0,0,0,7300,1,55.413514985681566,33.363510898043955,2237.431825451829,1.545976919349219,60.03068181818182,57.3660606060606,57.3660606060606,36.04909090909092,50.806993006993004,54.32077922077922,60.03068181818182,60.03068181818182,41.86280991735538,36.04909090909092,0.0,68.02454545454546,46.70757575757576,20.061363636363637,46.70757575757576
964,car,honda,city,diesel,2016,mumbai,80000,83678,1,1,1,1,0,1,1,0,0,1,0,0,0,0,8500,1,55.413514985681566,33.363510898043955,2237.431825451829,1.545976919349219,52.45568181818182,49.28606060606061,49.28606060606061,23.929090909090924,41.483916083916085,45.663636363636364,52.45568181818182,52.45568181818182,30.844628099173566,23.929090909090924,0.0,61.96454545454546,36.60757575757576,4.9113636363636415,36.60757575757576
965,car,honda,city,diesel,2016,mumbai,80000,88432,1,1,1,1,0,1,1,0,0,1,0,0,0,1,8599,1,55.413514985681566,33.363510898043955,2237.431825451829,1.545976919349219,49.75454545454545,46.40484848484848,46.40484848484848,19.60727272727274,38.15944055944056,42.57662337662338,49.75454545454545,49.75454545454545,26.915702479338854,19.60727272727274,0.0,59.80363636363637,33.00606060606061,0.0,33.00606060606061
966,car,honda,city,diesel,2016,mumbai,80000,83223,1,1,1,1,0,1,1,0,0,1,0,0,0,1,8589,1,55.413514985681566,33.363510898043955,2237.431825451829,1.545976919349219,52.71420454545455,49.56181818181818,49.56181818181818,24.34272727272728,41.8020979020979,45.959090909090904,52.71420454545455,52.71420454545455,31.2206611570248,24.34272727272728,0.0,62.171363636363644,36.95227272727273,5.428409090909092,36.95227272727273
967,car,honda,city,diesel,2016,mumbai,80000,84978,1,1,1,1,0,1,1,0,0,1,0,0,0,1,8600,1,55.413514985681566,33.363510898043955,2237.431825451829,1.545976919349219,51.71704545454545,48.49818181818182,48.49818181818182,22.747272727272737,40.57482517482518,44.819480519480514,51.71704545454545,51.71704545454545,29.77024793388431,22.747272727272737,0.0,61.37363636363637,35.622727272727275,3.4340909090909144,35.622727272727275
968,car,honda,city,diesel,2016,mumbai,80000,89262,1,1,1,1,0,1,1,0,0,1,0,0,0,1,8699,1,55.413514985681566,33.363510898043955,2237.431825451829,1.545976919349219,49.28295454545455,45.90181818181818,45.90181818181818,18.852727272727286,37.57902097902098,42.03766233766234,49.28295454545455,49.28295454545455,26.229752066115708,18.852727272727286,0.0,59.42636363636365,32.37727272727273,0.0,32.37727272727273
969,car,honda,city,diesel,2016,mumbai,80000,81362,1,1,1,1,0,1,1,0,0,1,0,0,0,1,8619,1,55.413514985681566,33.363510898043955,2237.431825451829,1.545976919349219,53.77159090909092,50.68969696969696,50.68969696969696,26.034545454545466,43.10349650349651,47.16753246753247,53.77159090909092,53.77159090909092,32.758677685950424,26.034545454545466,0.0,63.01727272727273,38.36212121212122,7.5431818181818215,38.36212121212122
970,car,honda,city,diesel,2016,mumbai,80000,80623,1,1,1,1,0,1,1,0,0,1,0,0,0,0,8700,1,55.413514985681566,33.363510898043955,2237.431825451829,1.545976919349219,54.191477272727276,51.13757575757576,51.13757575757576,26.70636363636365,43.62027972027972,47.647402597402596,54.191477272727276,54.191477272727276,33.36942148760331,26.70636363636365,0.0,63.353181818181824,38.9219696969697,8.382954545454545,38.9219696969697
971,car,honda,city,diesel,2016,mumbai,80000,80628,1,1,1,1,0,1,1,0,0,1,0,0,0,0,8499,1,55.413514985681566,33.363510898043955,2237.431825451829,1.545976919349219,54.188636363636355,51.13454545454545,51.13454545454545,26.701818181818194,43.61678321678322,47.64415584415585,54.188636363636355,54.188636363636355,33.36528925619836,26.701818181818194,0.0,63.3509090909091,38.91818181818182,8.377272727272722,38.91818181818182
972,car,honda,city,diesel,2016,mumbai,80000,90624,1,1,1,0,1,0,0,0,0,0,0,0,0,0,8489,1,55.413514985681566,33.363510898043955,2237.431825451829,1.545976919349219,48.509090909090915,45.07636363636364,45.07636363636364,17.61454545454546,36.62657342657343,41.153246753246755,48.509090909090915,48.509090909090915,25.104132231404964,17.61454545454546,0.0,58.80727272727273,31.345454545454544,0.0,31.345454545454544
973,car,honda,city,diesel,2016,mumbai,100000,95293,1,1,1,0,1,0,0,0,0,0,0,0,0,0,8810,1,55.413514985681566,33.363510898043955,2237.431825451829,1.545976919349219,45.856249999999996,42.24666666666666,42.24666666666666,13.370000000000015,33.361538461538466,38.121428571428574,45.856249999999996,45.856249999999996,21.245454545454557,13.370000000000015,0.0,56.68500000000001,27.808333333333334,0.0,27.808333333333334
974,car,honda,city,diesel,2016,mumbai,100000,98673,1,1,1,0,1,0,0,0,0,0,0,0,0,0,8539,1,55.413514985681566,33.363510898043955,2237.431825451829,1.545976919349219,43.935795454545456,40.19818181818182,40.19818181818182,10.297272727272745,30.9979020979021,35.92662337662338,43.935795454545456,43.935795454545456,18.452066115702493,10.297272727272745,0.0,55.14863636363637,25.24772727272727,0.0,25.24772727272727
975,car,honda,city,diesel,2016,mumbai,100000,92463,1,1,1,0,1,0,0,0,0,0,0,0,0,0,8250,1,55.413514985681566,33.363510898043955,2237.431825451829,1.545976919349219,47.46420454545455,43.96181818181818,43.96181818181818,15.942727272727286,35.34055944055944,39.95909090909091,47.46420454545455,47.46420454545455,23.584297520661167,15.942727272727286,0.0,57.971363636363634,29.95227272727272,0.0,29.95227272727272
976,car,honda,city,diesel,2016,mumbai,100000,102836,1,1,1,1,0,1,1,0,0,0,0,0,0,1,9000,1,55.413514985681566,33.363510898043955,2237.431825451829,1.545976919349219,41.57045454545455,37.67515151515152,37.67515151515152,6.512727272727281,28.086713286713284,33.22337662337662,41.57045454545455,41.57045454545455,15.011570247933893,6.512727272727281,0.0,53.25636363636364,22.0939393939394,0.0,22.0939393939394
977,car,honda,city,diesel,2016,mumbai,100000,108236,1,1,1,1,0,1,1,0,0,0,0,0,0,1,8900,1,55.413514985681566,33.363510898043955,2237.431825451829,1.545976919349219,38.502272727272725,34.402424242424246,34.402424242424246,1.6036363636363737,24.310489510489507,29.716883116883118,38.502272727272725,38.502272727272725,10.54876033057852,1.6036363636363737,0.0,50.80181818181819,18.0030303030303,0.0,18.0030303030303
978,car,honda,city,diesel,2016,mumbai,100000,117248,1,1,1,1,1,1,1,0,1,0,0,0,1,1,8999,1,55.413514985681566,33.363510898043955,2237.431825451829,1.545976919349219,33.381818181818176,28.940606060606054,28.940606060606054,0.0,18.008391608391605,23.864935064935068,33.381818181818176,33.381818181818176,3.100826446281002,0.0,0.0,46.70545454545455,11.175757575757572,0.0,11.175757575757572
979,car,honda,city,diesel,2016,mumbai,100000,128699,1,1,1,1,0,1,1,0,1,1,0,0,1,1,8700,1,55.413514985681566,33.363510898043955,2237.431825451829,1.545976919349219,26.875568181818178,22.000606060606064,22.000606060606064,0.0,10.000699300699301,16.429220779220778,26.875568181818178,26.875568181818178,0.0,0.0,0.0,41.50045454545456,2.500757575757573,0.0,2.500757575757573
980,car,toyota,fortuner,diesel,2016,mumbai,10000,10657,1,1,0,0,0,0,0,0,0,0,0,0,0,0,2089,1,55.413514985681566,33.363510898043955,2237.431825451829,1.545976919349219,94.20815217391304,93.82202898550725,93.82202898550725,90.73304347826087,92.87157190635452,93.38074534161491,94.20815217391304,94.20815217391304,91.57549407114625,90.73304347826087,81.46608695652174,95.36652173913043,92.27753623188406,88.41630434782608,92.27753623188406
981,car,toyota,fortuner,diesel,2016,mumbai,10000,10732,1,1,0,0,0,0,0,0,0,0,0,0,0,0,2045,1,55.413514985681566,33.363510898043955,2237.431825451829,1.545976919349219,94.16739130434783,93.77855072463768,93.77855072463768,90.66782608695651,92.82140468227425,93.33416149068323,94.16739130434783,94.16739130434783,91.51620553359685,90.66782608695651,81.33565217391305,95.33391304347826,92.2231884057971,88.33478260869565,92.2231884057971
982,car,toyota,fortuner,diesel,2016,mumbai,10000,10232,1,1,0,0,0,0,0,0,0,0,0,0,0,0,2176,1,55.413514985681566,33.363510898043955,2237.431825451829,1.545976919349219,94.4391304347826,94.06840579710145,94.06840579710145,91.10260869565218,93.15585284280937,93.64472049689441,94.4391304347826,94.4391304347826,91.91146245059288,91.10260869565218,82.20521739130434,95.55130434782609,92.5855072463768,88.87826086956522,92.5855072463768
983,car,toyota,fortuner,diesel,2016,mumbai,10000,10747,1,1,0,0,0,0,0,0,0,0,0,0,0,0,1900,1,55.413514985681566,33.363510898043955,2237.431825451829,1.545976919349219,94.15923913043478,93.76985507246377,93.76985507246377,90.65478260869565,92.81137123745819,93.32484472049688,94.15923913043478,94.15923913043478,91.50434782608696,90.65478260869565,81.3095652173913,95.32739130434783,92.21231884057971,88.31847826086955,92.21231884057971
984,car,toyota,fortuner,diesel,2016,mumbai,10000,11237,1,1,0,0,0,0,0,0,0,0,0,0,0,0,1989,1,55.413514985681566,33.363510898043955,2237.431825451829,1.545976919349219,93.89293478260869,93.48579710144928,93.48579710144928,90.22869565217391,92.48361204013378,93.02049689440994,93.89293478260869,93.89293478260869,91.11699604743083,90.22869565217391,80.45739130434782,95.11434782608696,91.8572463768116,87.78586956521738,91.8572463768116
985,car,toyota,fortuner,diesel,2016,mumbai,10000,10355,1,1,0,0,0,0,0,0,0,0,0,0,0,0,2078,1,55.413514985681566,33.363510898043955,2237.431825451829,1.545976919349219,94.37228260869566,93.99710144927536,93.99710144927536,90.99565217391304,93.07357859531773,93.56832298136646,94.37228260869566,94.37228260869566,91.81422924901186,90.99565217391304,81.99130434782609,95.49782608695652,92.4963768115942,88.7445652173913,92.4963768115942
986,car,toyota,fortuner,diesel,2016,mumbai,10000,11028,1,1,0,0,0,0,0,0,0,0,0,0,0,0,2075,1,55.413514985681566,33.363510898043955,2237.431825451829,1.545976919349219,94.00652173913043,93.60695652173912,93.60695652173912,90.41043478260869,92.62341137123747,93.15031055900621,94.00652173913043,94.00652173913043,91.28221343873517,90.41043478260869,80.8208695652174,95.20521739130434,92.00869565217391,88.01304347826087,92.00869565217391
987,car,toyota,fortuner,diesel,2016,mumbai,10000,10843,1,1,0,0,0,0,0,0,0,0,0,0,0,0,2089,1,55.413514985681566,33.363510898043955,2237.431825451829,1.545976919349219,94.10706521739131,93.71420289855072,93.71420289855072,90.57130434782609,92.74715719063545,93.26521739130435,94.10706521739131,94.10706521739131,91.42845849802372,90.57130434782609,81.14260869565217,95.28565217391304,92.1427536231884,88.21413043478262,92.1427536231884
988,car,toyota,fortuner,diesel,2016,mumbai,10000,10686,1,1,0,0,0,0,0,0,0,0,0,0,0,0,2099,1,55.413514985681566,33.363510898043955,2237.431825451829,1.545976919349219,94.19239130434782,93.80521739130435,93.80521739130435,90.70782608695652,92.85217391304347,93.36273291925465,94.19239130434782,94.19239130434782,91.55256916996048,90.70782608695652,81.41565217391305,95.35391304347826,92.25652173913043,88.38478260869566,92.25652173913043
989,car,toyota,fortuner,diesel,2016,mumbai,10000,10573,1,1,0,0,0,0,0,0,0,0,0,0,0,0,2100,1,55.413514985681566,33.363510898043955,2237.431825451829,1.545976919349219,94.25380434782609,93.87072463768116,93.87072463768116,90.80608695652174,92.9277591973244,93.43291925465839,94.25380434782609,94.25380434782609,91.64189723320158,90.80608695652174,81.61217391304348,95.40304347826087,92.33840579710146,88.50760869565218,92.33840579710146
990,car,toyota,fortuner,diesel,2016,mumbai,10000,10992,1,1,0,0,0,0,0,0,0,0,0,0,0,0,2109,1,55.413514985681566,33.363510898043955,2237.431825451829,1.545976919349219,94.02608695652174,93.62782608695652,93.62782608695652,90.44173913043478,92.64749163879598,93.17267080745341,94.02608695652174,94.02608695652174,91.3106719367589,90.44173913043478,80.88347826086957,95.2208695652174,92.03478260869565,88.05217391304348,92.03478260869565
991,car,toyota,fortuner,diesel,2016,mumbai,10000,10376,1,1,0,0,0,0,0,0,0,0,0,0,0,0,2199,1,55.413514985681566,33.363510898043955,2237.431825451829,1.545976919349219,94.36086956521739,93.9849275362319,93.9849275362319,90.97739130434782,93.05953177257526,93.5552795031056,94.36086956521739,94.36086956521739,91.79762845849802,90.97739130434782,81.95478260869565,95.48869565217392,92.48115942028986,88.72173913043478,92.48115942028986
992,car,toyota,fortuner,diesel,2016,mumbai,10000,11009,1,1,0,0,0,0,0,0,0,0,0,0,0,0,2189,1,55.413514985681566,33.363510898043955,2237.431825451829,1.545976919349219,94.01684782608696,93.61797101449275,93.61797101449275,90.42695652173913,92.63612040133779,93.16211180124223,94.01684782608696,94.01684782608696,91.29723320158104,90.42695652173913,80.85391304347826,95.21347826086956,92.02246376811594,88.03369565217392,92.02246376811594
993,car,toyota,fortuner,diesel,2016,mumbai,10000,10048,1,1,0,0,0,0,0,0,0,0,0,0,0,0,2179,1,55.413514985681566,33.363510898043955,2237.431825451829,1.545976919349219,94.53913043478262,94.17507246376812,94.17507246376812,91.26260869565218,93.27892976588629,93.75900621118014,94.53913043478262,94.53913043478262,92.05691699604743,91.26260869565218,82.52521739130434,95.63130434782609,92.71884057971015,89.07826086956521,92.71884057971015
994,car,toyota,fortuner,diesel,2016,mumbai,10000,10623,1,1,0,0,0,0,0,0,0,0,0,0,0,0,2149,1,55.413514985681566,33.363510898043955,2237.431825451829,1.545976919349219,94.2266304347826,93.84173913043479,93.84173913043479,90.76260869565218,92.8943143812709,93.40186335403726,94.2266304347826,94.2266304347826,91.60237154150197,90.76260869565218,81.52521739130434,95.38130434782609,92.30217391304348,88.45326086956521,92.30217391304348
995,car,toyota,fortuner,diesel,2016,mumbai,10000,9076,1,1,0,0,0,0,0,0,0,0,0,0,0,0,2169,1,55.413514985681566,33.363510898043955,2237.431825451829,1.545976919349219,95.06739130434782,94.73855072463768,94.73855072463768,92.10782608695652,93.92909698996655,94.36273291925465,95.06739130434782,95.06739130434782,92.82529644268774,92.10782608695652,84.21565217391304,96.05391304347826,93.42318840579709,90.13478260869564,93.42318840579709
996,car,toyota,fortuner,diesel,2016,mumbai,10000,10783,1,1,0,0,0,0,0,0,0,0,0,0,0,0,2129,1,55.413514985681566,33.363510898043955,2237.431825451829,1.545976919349219,94.13967391304348,93.74898550724637,93.74898550724637,90.62347826086956,92.78729096989966,93.30248447204968,94.13967391304348,94.13967391304348,91.47588932806325,90.62347826086956,81.24695652173912,95.31173913043477,92.18623188405797,88.27934782608695,92.18623188405797
997,car,toyota,fortuner,diesel,2016,mumbai,10000,10673,1,1,0,0,0,0,0,0,0,0,0,0,0,0,2079,1,55.413514985681566,33.363510898043955,2237.431825451829,1.545976919349219,94.19945652173914,93.8127536231884,93.8127536231884,90.71913043478261,92.8608695652174,93.37080745341615,94.19945652173914,94.19945652173914,91.56284584980237,90.71913043478261,81.43826086956521,95.3595652173913,92.2659420289855,88.39891304347827,92.2659420289855
998,car,toyota,fortuner,diesel,2016,mumbai,10000,10342,1,1,0,0,0,0,0,0,0,0,0,0,0,0,2099,1,55.413514985681566,33.363510898043955,2237.431825451829,1.545976919349219,94.37934782608696,94.00463768115942,94.00463768115942,91.00695652173914,93.08227424749164,93.57639751552796,94.37934782608696,94.37934782608696,91.82450592885375,91.00695652173914,82.01391304347825,95.50347826086957,92.50579710144928,88.75869565217391,92.50579710144928
999,car,toyota,fortuner,diesel,2016,mumbai,10000,10024,1,1,0,0,0,0,0,0,0,0,0,0,0,0,2019,1,55.413514985681566,33.363510898043955,2237.431825451829,1.545976919349219,94.55217391304348,94.18898550724639,94.18898550724639,91.28347826086957,93.29498327759197,93.77391304347826,94.55217391304348,94.55217391304348,92.07588932806324,91.28347826086957,82.56695652173913,95.64173913043477,92.73623188405797,89.10434782608696,92.73623188405797
1000,car,toyota,fortuner,diesel,2016,mumbai,20000,20568,1,1,1,0,0,1,1,0,0,0,0,0,0,0,3400,1,55.413514985681566,33.363510898043955,2237.431825451829,1.545976919349219,88.82173913043478,88.07652173913043,88.07652173913043,82.11478260869565,86.24214046822742,87.22484472049689,88.82173913043478,88.82173913043478,83.74071146245059,82.11478260869565,64.2295652173913,91.05739130434782,85.09565217391304,77.64347826086957,85.09565217391304
1001,car,toyota,fortuner,diesel,2016,mumbai,20000,20657,1,1,1,0,0,1,1,0,0,0,0,0,0,0,3411,1,55.413514985681566,33.363510898043955,2237.431825451829,1.545976919349219,88.7733695652174,88.02492753623187,88.02492753623187,82.03739130434782,86.18260869565218,87.1695652173913,88.7733695652174,88.7733695652174,83.6703557312253,82.03739130434782,64.07478260869564,91.0186956521739,85.03115942028985,77.54673913043479,85.03115942028985
1002,car,toyota,fortuner,diesel,2016,mumbai,20000,20732,1,1,1,0,0,1,1,0,0,0,0,0,0,0,3430,1,55.413514985681566,33.363510898043955,2237.431825451829,1.545976919349219,88.73260869565217,87.98144927536232,87.98144927536232,81.97217391304348,86.13244147157191,87.12298136645963,88.73260869565217,88.73260869565217,83.61106719367588,81.97217391304348,63.944347826086954,90.98608695652175,84.9768115942029,77.46521739130434,84.9768115942029
1003,car,toyota,fortuner,diesel,2016,mumbai,20000,20327,1,1,1,0,0,1,1,0,0,0,0,0,0,0,3434,1,55.413514985681566,33.363510898043955,2237.431825451829,1.545976919349219,88.95271739130435,88.21623188405798,88.21623188405798,82.32434782608695,86.40334448160534,87.37453416149069,88.95271739130435,88.95271739130435,83.93122529644268,82.32434782608695,64.6486956521739,91.16217391304347,85.27028985507246,77.9054347826087,85.27028985507246
1004,car,toyota,fortuner,diesel,2016,mumbai,20000,20474,1,1,1,0,0,1,1,0,0,0,0,0,0,0,3488,1,55.413514985681566,33.363510898043955,2237.431825451829,1.545976919349219,88.87282608695652,88.13101449275362,88.13101449275362,82.19652173913043,86.30501672240803,87.2832298136646,88.87282608695652,88.87282608695652,83.81501976284585,82.19652173913043,64.39304347826086,91.09826086956522,85.16376811594203,77.74565217391304,85.16376811594203
1005,car,toyota,fortuner,diesel,2016,mumbai,20000,20473,1,1,1,0,0,1,1,0,0,0,0,0,0,0,3499,1,55.413514985681566,33.363510898043955,2237.431825451829,1.545976919349219,88.87336956521739,88.13159420289855,88.13159420289855,82.19739130434782,86.3056856187291,87.28385093167702,88.87336956521739,88.87336956521739,83.81581027667984,82.19739130434782,64.39478260869565,91.09869565217392,85.1644927536232,77.74673913043479,85.1644927536232
1006,car,toyota,fortuner,diesel,2016,mumbai,20000,20436,1,1,1,0,0,1,1,0,0,0,0,0,0,0,3498,1,55.413514985681566,33.363510898043955,2237.431825451829,1.545976919349219,88.89347826086956,88.15304347826087,88.15304347826087,82.2295652173913,86.33043478260869,87.30683229813665,88.89347826086956,88.89347826086956,83.84505928853756,82.2295652173913,64.4591304347826,91.11478260869565,85.19130434782609,77.78695652173913,85.19130434782609
1007,car,toyota,fortuner,diesel,2016,mumbai,20000,20859,1,1,1,0,0,1,1,0,0,0,0,0,0,0,3400,1,55.413514985681566,33.363510898043955,2237.431825451829,1.545976919349219,88.66358695652174,87.90782608695652,87.90782608695652,81.86173913043477,86.04749163879599,87.044099378882,88.66358695652174,88.66358695652174,83.5106719367589,81.86173913043477,63.72347826086956,90.93086956521739,84.88478260869566,77.32717391304348,84.88478260869566
1008,car,toyota,fortuner,diesel,2016,mumbai,20000,20908,1,1,1,0,0,1,1,0,0,0,0,0,0,0,3500,1,55.413514985681566,33.363510898043955,2237.431825451829,1.545976919349219,88.63695652173914,87.87942028985508,87.87942028985508,81.81913043478261,86.01471571906355,87.01366459627329,88.63695652173914,88.63695652173914,83.47193675889328,81.81913043478261,63.63826086956521,90.9095652173913,84.84927536231885,77.27391304347826,84.84927536231885
1009,car,toyota,fortuner,diesel,2016,mumbai,20000,21382,1,1,1,0,0,1,1,0,0,0,0,0,0,0,3599,1,55.413514985681566,33.363510898043955,2237.431825451829,1.545976919349219,88.37934782608696,87.60463768115943,87.60463768115943,81.40695652173913,85.69765886287625,86.7192546583851,88.37934782608696,88.37934782608696,83.09723320158102,81.40695652173913,62.81391304347825,90.70347826086956,84.50579710144928,76.75869565217391,84.50579710144928
1010,car,toyota,fortuner,diesel,2016,mumbai,20000,19732,1,1,1,0,1,1,1,0,0,0,0,0,0,0,3489,1,55.413514985681566,33.363510898043955,2237.431825451829,1.545976919349219,89.27608695652174,88.56115942028985,88.56115942028985,82.84173913043477,86.80133779264214,87.74409937888198,89.27608695652174,89.27608695652174,84.40158102766799,82.84173913043477,65.68347826086955,91.42086956521739,85.70144927536232,78.55217391304348,85.70144927536232
1011,car,toyota,fortuner,diesel,2016,mumbai,20000,20823,1,1,1,0,1,1,1,0,0,0,0,0,0,0,3449,1,55.413514985681566,33.363510898043955,2237.431825451829,1.545976919349219,88.68315217391304,87.92869565217391,87.92869565217391,81.89304347826088,86.07157190635452,87.0664596273292,88.68315217391304,88.68315217391304,83.5391304347826,81.89304347826088,63.786086956521736,90.94652173913043,84.9108695652174,77.36630434782609,84.9108695652174
1012,car,toyota,fortuner,diesel,2016,mumbai,20000,20373,1,1,1,0,1,1,1,0,0,0,0,0,0,0,3399,1,55.413514985681566,33.363510898043955,2237.431825451829,1.545976919349219,88.92771739130436,88.1895652173913,88.1895652173913,82.28434782608696,86.37257525083612,87.34596273291926,88.92771739130436,88.92771739130436,83.89486166007904,82.28434782608696,64.56869565217391,91.14217391304348,85.23695652173913,77.8554347826087,85.23695652173913
1013,car,toyota,fortuner,diesel,2016,mumbai,20000,20472,1,1,1,0,1,1,1,0,0,0,0,0,0,0,3389,1,55.413514985681566,33.363510898043955,2237.431825451829,1.545976919349219,88.87391304347825,88.13217391304347,88.13217391304347,82.1982608695652,86.30635451505016,87.28447204968944,88.87391304347825,88.87391304347825,83.81660079051383,82.1982608695652,64.39652173913043,91.09913043478261,85.16521739130435,77.74782608695652,85.16521739130435
1014,car,toyota,fortuner,diesel,2016,mumbai,20000,20879,1,1,1,0,1,1,1,0,0,0,0,0,0,0,3510,1,55.413514985681566,33.363510898043955,2237.431825451829,1.545976919349219,88.65271739130435,87.89623188405797,87.89623188405797,81.84434782608696,86.03411371237458,87.03167701863354,88.65271739130435,88.65271739130435,83.49486166007904,81.84434782608696,63.68869565217391,90.92217391304348,84.87028985507247,77.3054347826087,84.87028985507247
1015,car,toyota,fortuner,diesel,2016,mumbai,20000,22658,1,1,1,0,1,1,1,0,0,0,0,0,0,0,3400,1,55.413514985681566,33.363510898043955,2237.431825451829,1.545976919349219,87.68586956521739,86.86492753623189,86.86492753623189,80.29739130434783,84.84414715719065,85.92670807453416,87.68586956521739,87.68586956521739,82.08853754940712,80.29739130434783,60.59478260869564,90.14869565217391,83.58115942028985,75.37173913043478,83.58115942028985
1016,car,toyota,fortuner,diesel,2016,mumbai,20000,20657,1,1,1,0,1,1,1,0,0,0,0,0,0,0,3410,1,55.413514985681566,33.363510898043955,2237.431825451829,1.545976919349219,88.7733695652174,88.02492753623187,88.02492753623187,82.03739130434782,86.18260869565218,87.1695652173913,88.7733695652174,88.7733695652174,83.6703557312253,82.03739130434782,64.07478260869564,91.0186956521739,85.03115942028985,77.54673913043479,85.03115942028985
1017,car,toyota,fortuner,diesel,2016,mumbai,20000,20158,1,1,1,0,1,1,1,0,0,0,0,0,0,0,3418,1,55.413514985681566,33.363510898043955,2237.431825451829,1.545976919349219,89.04456521739131,88.31420289855072,88.31420289855072,82.47130434782608,86.51638795986622,87.47950310559006,89.04456521739131,89.04456521739131,84.06482213438736,82.47130434782608,64.94260869565217,91.23565217391304,85.39275362318841,78.0891304347826,85.39275362318841
1018,car,toyota,fortuner,diesel,2016,mumbai,20000,20655,1,1,1,0,1,1,1,0,0,0,0,0,0,0,3419,1,55.413514985681566,33.363510898043955,2237.431825451829,1.545976919349219,88.77445652173913,88.02608695652174,88.02608695652174,82.0391304347826,86.18394648829431,87.17080745341615,88.77445652173913,88.77445652173913,83.67193675889328,82.0391304347826,64.07826086956521,91.0195652173913,85.03260869565217,77.54891304347827,85.03260869565217
1019,car,toyota,fortuner,diesel,2016,mumbai,20000,20989,1,1,1,0,1,1,1,0,0,0,0,0,0,0,3420,1,55.413514985681566,33.363510898043955,2237.431825451829,1.545976919349219,88.5929347826087,87.83246376811594,87.83246376811594,81.74869565217391,85.96053511705686,86.96335403726708,88.5929347826087,88.5929347826087,83.40790513833993,81.74869565217391,63.497391304347815,90.87434782608696,84.79057971014493,77.18586956521739,84.79057971014493
1020,car,toyota,fortuner,diesel,2016,mumbai,30000,30321,1,1,0,1,1,0,0,0,0,0,0,0,0,0,3600,1,55.413514985681566,33.363510898043955,2237.431825451829,1.545976919349219,83.5211956521739,82.42260869565217,82.42260869565217,73.63391304347826,79.71839464882945,81.16708074534161,83.5211956521739,83.5211956521739,76.03083003952568,73.63391304347826,47.26782608695651,86.81695652173913,78.02826086956522,67.04239130434783,78.02826086956522
1021,car,toyota,fortuner,diesel,2016,mumbai,30000,30677,1,1,0,1,1,0,0,0,0,0,0,0,0,0,3699,1,55.413514985681566,33.363510898043955,2237.431825451829,1.545976919349219,83.32771739130435,82.21623188405798,82.21623188405798,73.32434782608695,79.48026755852842,80.94596273291926,83.32771739130435,83.32771739130435,75.7494071146245,73.32434782608695,46.64869565217391,86.66217391304347,77.77028985507246,66.6554347826087,77.77028985507246
1022,car,toyota,fortuner,diesel,2016,mumbai,30000,30611,1,1,0,1,1,0,0,0,0,0,0,0,0,0,3689,1,55.413514985681566,33.363510898043955,2237.431825451829,1.545976919349219,83.36358695652174,82.25449275362318,82.25449275362318,73.38173913043478,79.52441471571906,80.98695652173913,83.36358695652174,83.36358695652174,75.80158102766799,73.38173913043478,46.76347826086956,86.69086956521738,77.81811594202898,66.72717391304349,77.81811594202898
1023,car,toyota,fortuner,diesel,2016,mumbai,30000,30018,1,1,0,1,1,0,0,0,0,0,0,0,0,0,3599,1,55.413514985681566,33.363510898043955,2237.431825451829,1.545976919349219,83.6858695652174,82.59826086956522,82.59826086956522,73.89739130434782,79.92107023411371,81.35527950310559,83.6858695652174,83.6858695652174,76.2703557312253,73.89739130434782,47.79478260869564,86.94869565217391,78.24782608695652,67.37173913043478,78.24782608695652
1024,car,toyota,fortuner,diesel,2016,mumbai,30000,30783,1,1,0,1,1,0,0,0,0,0,0,0,0,0,3610,1,55.413514985681566,33.363510898043955,2237.431825451829,1.545976919349219,83.27010869565217,82.15478260869565,82.15478260869565,73.23217391304347,79.40936454849499,80.8801242236025,83.27010869565217,83.27010869565217,75.66561264822134,73.23217391304347,46.46434782608695,86.61608695652174,77.69347826086957,66.54021739130435,77.69347826086957
1025,car,toyota,fortuner,diesel,2016,mumbai,30000,30463,1,1,0,1,1,0,0,0,0,0,0,0,0,0,3600,1,55.413514985681566,33.363510898043955,2237.431825451829,1.545976919349219,83.44402173913043,82.34028985507247,82.34028985507247,73.5104347826087,79.62341137123745,81.07888198757765,83.44402173913043,83.44402173913043,75.91857707509881,73.5104347826087,47.02086956521738,86.75521739130434,77.92536231884057,66.88804347826087,77.92536231884057
1026,car,toyota,fortuner,diesel,2016,mumbai,30000,30463,1,1,0,1,1,0,0,0,0,0,0,0,0,0,3630,1,55.413514985681566,33.363510898043955,2237.431825451829,1.545976919349219,83.44402173913043,82.34028985507247,82.34028985507247,73.5104347826087,79.62341137123745,81.07888198757765,83.44402173913043,83.44402173913043,75.91857707509881,73.5104347826087,47.02086956521738,86.75521739130434,77.92536231884057,66.88804347826087,77.92536231884057
1027,car,toyota,fortuner,diesel,2016,mumbai,30000,29625,1,1,0,1,1,0,0,0,0,0,0,0,0,0,3649,1,55.413514985681566,33.363510898043955,2237.431825451829,1.545976919349219,83.89945652173914,82.82608695652173,82.82608695652173,74.23913043478261,80.18394648829431,81.59937888198758,83.89945652173914,83.89945652173914,76.58102766798419,74.23913043478261,48.47826086956522,87.1195652173913,78.53260869565217,67.79891304347827,78.53260869565217
1028,car,toyota,fortuner,diesel,2016,mumbai,30000,31833,1,1,0,1,1,0,0,0,0,0,0,0,0,0,3700,1,55.413514985681566,33.363510898043955,2237.431825451829,1.545976919349219,82.69945652173914,81.54608695652173,81.54608695652173,72.3191304347826,78.70702341137124,80.22795031055901,82.69945652173914,82.69945652173914,74.83557312252964,72.3191304347826,44.63826086956521,86.1595652173913,76.93260869565218,65.39891304347827,76.93260869565218
1029,car,toyota,fortuner,diesel,2016,mumbai,30000,30172,1,1,0,1,1,0,0,0,0,0,0,0,0,0,3749,1,55.413514985681566,33.363510898043955,2237.431825451829,1.545976919349219,83.60217391304347,82.50898550724638,82.50898550724638,73.76347826086956,79.8180602006689,81.25962732919254,83.60217391304347,83.60217391304347,76.1486166007905,73.76347826086956,47.52695652173913,86.88173913043478,78.13623188405798,67.20434782608694,78.13623188405798
1030,car,toyota,fortuner,diesel,2016,mumbai,30000,30132,1,1,0,1,1,0,0,0,0,0,0,0,0,0,3749,1,55.413514985681566,33.363510898043955,2237.431825451829,1.545976919349219,83.62391304347825,82.53217391304348,82.53217391304348,73.79826086956521,79.8448160535117,81.28447204968944,83.62391304347825,83.62391304347825,76.1802371541502,73.79826086956521,47.596521739130424,86.8991304347826,78.16521739130435,67.24782608695652,78.16521739130435
1031,car,toyota,fortuner,diesel,2016,mumbai,30000,29234,1,1,0,1,1,0,0,0,0,0,0,0,0,0,3710,1,55.413514985681566,33.363510898043955,2237.431825451829,1.545976919349219,84.11195652173913,83.05275362318841,83.05275362318841,74.5791304347826,80.44548494983277,81.84223602484472,84.11195652173913,84.11195652173913,76.8901185770751,74.5791304347826,49.158260869565204,87.28956521739131,78.8159420289855,68.22391304347826,78.8159420289855
1032,car,toyota,fortuner,diesel,2016,mumbai,30000,30541,1,1,0,1,1,0,0,0,0,0,0,0,0,0,3699,1,55.413514985681566,33.363510898043955,2237.431825451829,1.545976919349219,83.40163043478262,82.29507246376812,82.29507246376812,73.44260869565218,79.57123745819398,81.0304347826087,83.40163043478262,83.40163043478262,75.85691699604743,73.44260869565218,46.885217391304344,86.72130434782609,77.86884057971014,66.80326086956522,77.86884057971014
1033,car,toyota,fortuner,diesel,2016,mumbai,30000,29650,1,1,0,1,1,0,0,0,0,0,0,0,0,0,3677,1,55.413514985681566,33.363510898043955,2237.431825451829,1.545976919349219,83.88586956521739,82.81159420289855,82.81159420289855,74.21739130434783,80.16722408026754,81.58385093167702,83.88586956521739,83.88586956521739,76.56126482213439,74.21739130434783,48.43478260869565,87.10869565217392,78.51449275362319,67.77173913043478,78.51449275362319
1034,car,toyota,fortuner,diesel,2016,mumbai,30000,30089,1,1,0,1,1,0,0,0,0,0,0,0,0,0,3690,1,55.413514985681566,33.363510898043955,2237.431825451829,1.545976919349219,83.64728260869565,82.55710144927536,82.55710144927536,73.83565217391303,79.87357859531772,81.3111801242236,83.64728260869565,83.64728260869565,76.21422924901185,73.83565217391303,47.67130434782608,86.91782608695652,78.1963768115942,67.2945652173913,78.1963768115942
1035,car,toyota,fortuner,diesel,2016,mumbai,30000,30658,1,1,0,1,1,0,0,0,0,0,0,0,0,0,3666,1,55.413514985681566,33.363510898043955,2237.431825451829,1.545976919349219,83.33804347826087,82.22724637681159,82.22724637681159,73.34086956521739,79.49297658862876,80.95776397515529,83.33804347826087,83.33804347826087,75.76442687747036,73.34086956521739,46.68173913043477,86.6704347826087,77.78405797101449,66.67608695652174,77.78405797101449
1036,car,toyota,fortuner,diesel,2016,mumbai,30000,30540,1,1,0,1,1,0,0,0,0,0,0,0,0,0,3646,1,55.413514985681566,33.363510898043955,2237.431825451829,1.545976919349219,83.40217391304347,82.29565217391304,82.29565217391304,73.44347826086957,79.57190635451505,81.03105590062111,83.40217391304347,83.40217391304347,75.85770750988142,73.44347826086957,46.88695652173912,86.72173913043478,77.8695652173913,66.80434782608695,77.8695652173913
1037,car,toyota,fortuner,diesel,2016,mumbai,30000,30719,1,1,0,1,1,0,0,0,0,0,0,0,0,0,3655,1,55.413514985681566,33.363510898043955,2237.431825451829,1.545976919349219,83.30489130434783,82.19188405797102,82.19188405797102,73.28782608695651,79.45217391304348,80.91987577639752,83.30489130434783,83.30489130434783,75.71620553359683,73.28782608695651,46.57565217391304,86.64391304347826,77.73985507246377,66.60978260869565,77.73985507246377
1038,car,toyota,fortuner,diesel,2016,mumbai,30000,30257,1,1,0,1,1,0,0,0,0,0,0,0,0,0,3650,1,55.413514985681566,33.363510898043955,2237.431825451829,1.545976919349219,83.55597826086957,82.45971014492753,82.45971014492753,73.68956521739129,79.76120401337793,81.20683229813665,83.55597826086957,83.55597826086957,76.08142292490119,73.68956521739129,47.3791304347826,86.84478260869565,78.07463768115942,67.11195652173913,78.07463768115942
1039,car,toyota,fortuner,diesel,2016,mumbai,30000,31566,1,1,0,1,1,1,0,0,0,0,0,0,0,0,3699,1,55.413514985681566,33.363510898043955,2237.431825451829,1.545976919349219,82.8445652173913,81.70086956521739,81.70086956521739,72.55130434782609,78.88561872909699,80.39378881987578,82.8445652173913,82.8445652173913,75.04664031620554,72.55130434782609,45.102608695652165,86.27565217391304,77.12608695652175,65.68913043478261,77.12608695652175
1040,car,toyota,fortuner,diesel,2016,mumbai,40000,40078,1,1,0,0,0,1,0,0,0,1,0,0,0,0,4300,1,55.413514985681566,33.363510898043955,2237.431825451829,1.545976919349219,78.21847826086956,76.7663768115942,76.7663768115942,65.1495652173913,73.19197324414716,75.10683229813665,78.21847826086956,78.21847826086956,68.31778656126481,65.1495652173913,30.299130434782594,82.57478260869566,70.95797101449276,56.43695652173912,70.95797101449276
1041,car,toyota,fortuner,diesel,2016,mumbai,40000,40722,1,1,0,0,0,1,0,0,0,1,0,0,0,0,4349,1,55.413514985681566,33.363510898043955,2237.431825451829,1.545976919349219,77.86847826086957,76.39304347826086,76.39304347826086,64.5895652173913,72.76120401337793,74.70683229813663,77.86847826086957,77.86847826086957,67.80869565217391,64.5895652173913,29.179130434782596,82.29478260869566,70.49130434782609,55.73695652173913,70.49130434782609
1042,car,toyota,fortuner,diesel,2016,mumbai,40000,40283,1,1,0,0,0,1,0,0,0,1,0,0,0,0,4399,1,55.413514985681566,33.363510898043955,2237.431825451829,1.545976919349219,78.10706521739131,76.64753623188406,76.64753623188406,64.97130434782608,73.05484949832777,74.97950310559006,78.10706521739131,78.10706521739131,68.15573122529644,64.97130434782608,29.94260869565216,82.48565217391304,70.80942028985507,56.214130434782604,70.80942028985507
1043,car,toyota,fortuner,diesel,2016,mumbai,40000,40287,1,1,0,0,0,1,0,0,0,1,0,0,0,0,4389,1,55.413514985681566,33.363510898043955,2237.431825451829,1.545976919349219,78.10489130434782,76.64521739130434,76.64521739130434,64.96782608695652,73.05217391304349,74.97701863354037,78.10489130434782,78.10489130434782,68.15256916996046,64.96782608695652,29.93565217391303,82.48391304347827,70.80652173913043,56.20978260869565,70.80652173913043
1044,car,toyota,fortuner,diesel,2016,mumbai,40000,39723,1,1,0,0,0,1,0,0,0,1,0,0,0,0,4350,1,55.413514985681566,33.363510898043955,2237.431825451829,1.545976919349219,78.41141304347826,76.97217391304348,76.97217391304348,65.45826086956521,73.4294314381271,75.32732919254659,78.41141304347826,78.41141304347826,68.59841897233201,65.45826086956521,30.91652173913043,82.7291304347826,71.21521739130434,56.822826086956525,71.21521739130434
1045,car,toyota,fortuner,diesel,2016,mumbai,40000,41372,1,1,0,0,0,1,0,0,0,1,0,0,0,0,4300,1,55.413514985681566,33.363510898043955,2237.431825451829,1.545976919349219,77.51521739130435,76.01623188405797,76.01623188405797,64.02434782608695,72.32642140468228,74.30310559006212,77.51521739130435,77.51521739130435,67.29486166007905,64.02434782608695,28.048695652173905,82.01217391304347,70.02028985507248,55.030434782608694,70.02028985507248
1046,car,toyota,fortuner,diesel,2016,mumbai,40000,40282,1,1,0,0,0,1,0,0,0,1,0,0,0,0,4410,1,55.413514985681566,33.363510898043955,2237.431825451829,1.545976919349219,78.10760869565217,76.64811594202898,76.64811594202898,64.97217391304348,73.05551839464883,74.98012422360249,78.10760869565217,78.10760869565217,68.15652173913043,64.97217391304348,29.944347826086947,82.48608695652173,70.81014492753623,56.21521739130435,70.81014492753623
1047,car,toyota,fortuner,diesel,2016,mumbai,40000,40483,1,1,0,0,0,1,0,0,0,1,0,0,0,0,4299,1,55.413514985681566,33.363510898043955,2237.431825451829,1.545976919349219,77.9983695652174,76.53159420289855,76.53159420289855,64.79739130434783,72.92107023411371,74.85527950310559,77.9983695652174,77.9983695652174,67.99762845849801,64.79739130434783,29.594782608695645,82.39869565217391,70.6644927536232,55.99673913043478,70.6644927536232
1048,car,toyota,fortuner,diesel,2016,mumbai,40000,40984,1,1,0,0,0,1,0,0,0,1,0,0,0,0,4449,1,55.413514985681566,33.363510898043955,2237.431825451829,1.545976919349219,77.72608695652174,76.24115942028986,76.24115942028986,64.36173913043478,72.58595317725752,74.544099378882,77.72608695652174,77.72608695652174,67.60158102766798,64.36173913043478,28.723478260869562,82.18086956521739,70.30144927536233,55.45217391304348,70.30144927536233
1049,car,toyota,fortuner,diesel,2016,mumbai,40000,40932,1,1,0,0,0,1,0,0,0,1,0,0,0,0,4489,1,55.413514985681566,33.363510898043955,2237.431825451829,1.545976919349219,77.75434782608696,76.27130434782609,76.27130434782609,64.40695652173913,72.62073578595319,74.57639751552794,77.75434782608696,77.75434782608696,67.64268774703557,64.40695652173913,28.813913043478255,82.20347826086957,70.33913043478262,55.50869565217391,70.33913043478262
1050,car,toyota,fortuner,diesel,2016,mumbai,40000,40282,1,1,0,0,0,1,0,0,0,1,0,0,0,0,4499,1,55.413514985681566,33.363510898043955,2237.431825451829,1.545976919349219,78.10760869565217,76.64811594202898,76.64811594202898,64.97217391304348,73.05551839464883,74.98012422360249,78.10760869565217,78.10760869565217,68.15652173913043,64.97217391304348,29.944347826086947,82.48608695652173,70.81014492753623,56.21521739130435,70.81014492753623
1051,car,toyota,fortuner,diesel,2016,mumbai,40000,40221,1,1,0,0,0,1,0,0,0,1,0,0,0,0,4488,1,55.413514985681566,33.363510898043955,2237.431825451829,1.545976919349219,78.14076086956521,76.68347826086956,76.68347826086956,65.02521739130434,73.09632107023411,75.01801242236024,78.14076086956521,78.14076086956521,68.20474308300395,65.02521739130434,30.050434782608683,82.51260869565216,70.85434782608695,56.28152173913043,70.85434782608695
1052,car,toyota,fortuner,diesel,2016,mumbai,40000,42778,1,1,0,0,0,1,0,0,0,1,0,0,0,0,4444,1,55.413514985681566,33.363510898043955,2237.431825451829,1.545976919349219,76.75108695652175,75.20115942028986,75.20115942028986,62.80173913043478,71.38595317725753,73.42981366459627,76.75108695652175,76.75108695652175,66.18339920948615,62.80173913043478,25.60347826086956,81.40086956521739,69.00144927536232,53.502173913043485,69.00144927536232
1053,car,toyota,fortuner,diesel,2016,mumbai,40000,40787,1,1,0,0,0,1,0,0,0,1,0,0,0,0,4333,1,55.413514985681566,33.363510898043955,2237.431825451829,1.545976919349219,77.83315217391305,76.35536231884058,76.35536231884058,64.53304347826086,72.71772575250837,74.66645962732919,77.83315217391305,77.83315217391305,67.75731225296443,64.53304347826086,29.06608695652173,82.26652173913043,70.44420289855073,55.66630434782609,70.44420289855073
1054,car,toyota,fortuner,diesel,2016,mumbai,40000,40098,1,1,0,0,0,1,0,0,0,1,0,0,0,0,4344,1,55.413514985681566,33.363510898043955,2237.431825451829,1.545976919349219,78.20760869565217,76.75478260869565,76.75478260869565,65.13217391304347,73.17859531772575,75.0944099378882,78.20760869565217,78.20760869565217,68.30197628458498,65.13217391304347,30.264347826086947,82.56608695652173,70.94347826086957,56.41521739130435,70.94347826086957
1055,car,toyota,fortuner,diesel,2016,mumbai,40000,40379,1,1,0,0,0,1,0,0,0,1,0,0,0,0,4443,1,55.413514985681566,33.363510898043955,2237.431825451829,1.545976919349219,78.05489130434783,76.59188405797101,76.59188405797101,64.88782608695651,72.99063545150501,74.91987577639752,78.05489130434783,78.05489130434783,68.0798418972332,64.88782608695651,29.775652173913038,82.44391304347826,70.73985507246377,56.10978260869566,70.73985507246377
1056,car,toyota,fortuner,diesel,2016,mumbai,40000,40257,1,1,0,0,0,1,0,0,0,1,0,0,0,0,4499,1,55.413514985681566,33.363510898043955,2237.431825451829,1.545976919349219,78.12119565217391,76.66260869565218,76.66260869565218,64.99391304347826,73.07224080267558,74.99565217391304,78.12119565217391,78.12119565217391,68.17628458498024,64.99391304347826,29.987826086956517,82.49695652173912,70.82826086956521,56.24239130434783,70.82826086956521
1057,car,toyota,fortuner,diesel,2016,mumbai,40000,40764,1,1,0,0,0,1,0,0,0,1,0,0,0,0,4477,1,55.413514985681566,33.363510898043955,2237.431825451829,1.545976919349219,77.84565217391304,76.36869565217391,76.36869565217391,64.55304347826086,72.73311036789298,74.68074534161491,77.84565217391304,77.84565217391304,67.77549407114624,64.55304347826086,29.106086956521725,82.27652173913043,70.4608695652174,55.69130434782609,70.4608695652174
1058,car,toyota,fortuner,diesel,2016,mumbai,40000,40643,1,1,0,0,0,1,0,0,0,1,0,0,0,0,4450,1,55.413514985681566,33.363510898043955,2237.431825451829,1.545976919349219,77.91141304347826,76.43884057971015,76.43884057971015,64.65826086956521,72.81404682274247,74.75590062111802,77.91141304347826,77.91141304347826,67.87114624505928,64.65826086956521,29.31652173913043,82.3291304347826,70.54855072463768,55.822826086956525,70.54855072463768
1059,car,toyota,fortuner,diesel,2016,mumbai,40000,40173,1,1,0,0,0,1,0,0,0,1,0,0,0,0,4389,1,55.413514985681566,33.363510898043955,2237.431825451829,1.545976919349219,78.16684782608696,76.71130434782609,76.71130434782609,65.06695652173913,73.12842809364548,75.04782608695652,78.16684782608696,78.16684782608696,68.24268774703557,65.06695652173913,30.133913043478255,82.53347826086956,70.88913043478261,56.33369565217392,70.88913043478261
1060,car,toyota,fortuner,diesel,2016,mumbai,50000,50583,1,1,1,0,0,0,0,0,1,0,0,1,0,0,4100,1,55.413514985681566,33.363510898043955,2237.431825451829,1.545976919349219,72.50923913043479,70.67652173913044,70.67652173913044,56.01478260869565,66.16521739130434,68.58198757763975,72.50923913043479,72.50923913043479,60.01343873517786,56.01478260869565,12.02956521739129,78.00739130434782,63.34565217391304,45.018478260869564,63.34565217391304
1061,car,toyota,fortuner,diesel,2016,mumbai,50000,50236,1,1,1,0,0,0,0,0,1,0,0,1,0,0,4110,1,55.413514985681566,33.363510898043955,2237.431825451829,1.545976919349219,72.69782608695652,70.87768115942029,70.87768115942029,56.31652173913043,66.39732441471573,68.79751552795031,72.69782608695652,72.69782608695652,60.28774703557311,56.31652173913043,12.633043478260863,78.15826086956521,63.597101449275364,45.39565217391305,63.597101449275364
1062,car,toyota,fortuner,diesel,2016,mumbai,50000,50673,1,1,1,0,0,0,0,0,1,0,0,1,0,0,4199,1,55.413514985681566,33.363510898043955,2237.431825451829,1.545976919349219,72.46032608695651,70.62434782608695,70.62434782608695,55.93652173913043,66.10501672240802,68.52608695652174,72.46032608695651,72.46032608695651,59.942292490118575,55.93652173913043,11.873043478260858,77.96826086956521,63.280434782608694,44.92065217391305,63.280434782608694
1063,car,toyota,fortuner,diesel,2016,mumbai,50000,50892,1,1,1,0,0,0,0,0,1,0,0,1,0,0,4189,1,55.413514985681566,33.363510898043955,2237.431825451829,1.545976919349219,72.34130434782608,70.49739130434783,70.49739130434783,55.74608695652174,65.95852842809364,68.39006211180124,72.34130434782608,72.34130434782608,59.7691699604743,55.74608695652174,11.49217391304347,77.87304347826087,63.12173913043478,44.68260869565217,63.12173913043478
1064,car,toyota,fortuner,diesel,2016,mumbai,50000,51427,1,1,1,0,0,0,0,0,1,0,0,1,0,0,4179,1,55.413514985681566,33.363510898043955,2237.431825451829,1.545976919349219,72.05054347826088,70.1872463768116,70.1872463768116,55.28086956521739,65.60066889632107,68.05776397515528,72.05054347826088,72.05054347826088,59.346245059288535,55.28086956521739,10.561739130434766,77.6404347826087,62.7340579710145,44.10108695652174,62.7340579710145
1065,car,toyota,fortuner,diesel,2016,mumbai,50000,50237,1,1,1,0,0,0,0,0,1,0,0,1,0,0,4100,1,55.413514985681566,33.363510898043955,2237.431825451829,1.545976919349219,72.69728260869566,70.87710144927537,70.87710144927537,56.31565217391304,66.39665551839464,68.79689440993788,72.69728260869566,72.69728260869566,60.28695652173912,56.31565217391304,12.631304347826077,78.15782608695652,63.596376811594205,45.3945652173913,63.596376811594205
1066,car,toyota,fortuner,diesel,2016,mumbai,50000,49622,1,1,1,0,0,0,0,0,1,0,0,1,0,0,4150,1,55.413514985681566,33.363510898043955,2237.431825451829,1.545976919349219,73.03152173913044,71.2336231884058,71.2336231884058,56.850434782608694,66.80802675585285,69.17888198757764,73.03152173913044,73.03152173913044,60.77312252964426,56.850434782608694,13.700869565217378,78.42521739130434,64.04202898550724,46.063043478260866,64.04202898550724
1067,car,toyota,fortuner,diesel,2016,mumbai,50000,49263,1,1,1,0,0,0,0,0,1,0,0,1,0,0,4198,1,55.413514985681566,33.363510898043955,2237.431825451829,1.545976919349219,73.2266304347826,71.44173913043478,71.44173913043478,57.162608695652175,67.04816053511706,69.40186335403726,73.2266304347826,73.2266304347826,61.05691699604743,57.162608695652175,14.325217391304335,78.58130434782609,64.30217391304348,46.45326086956521,64.30217391304348
1068,car,toyota,fortuner,diesel,2016,mumbai,50000,50268,1,1,1,0,0,0,0,0,1,0,0,1,0,0,4148,1,55.413514985681566,33.363510898043955,2237.431825451829,1.545976919349219,72.6804347826087,70.8591304347826,70.8591304347826,56.288695652173914,66.37591973244147,68.7776397515528,72.6804347826087,72.6804347826087,60.26245059288537,56.288695652173914,12.577391304347818,78.14434782608696,63.57391304347826,45.360869565217385,63.57391304347826
1069,car,toyota,fortuner,diesel,2016,mumbai,50000,51452,1,1,1,0,0,0,0,0,1,0,0,1,0,0,4141,1,55.413514985681566,33.363510898043955,2237.431825451829,1.545976919349219,72.03695652173914,70.1727536231884,70.1727536231884,55.25913043478261,65.58394648829432,68.04223602484471,72.03695652173914,72.03695652173914,59.32648221343872,55.25913043478261,10.51826086956521,77.6295652173913,62.7159420289855,44.073913043478264,62.7159420289855
1070,car,toyota,fortuner,diesel,2016,mumbai,50000,50348,1,1,1,0,0,0,0,0,1,0,0,1,0,0,4200,1,55.413514985681566,33.363510898043955,2237.431825451829,1.545976919349219,72.63695652173914,70.81275362318841,70.81275362318841,56.219130434782606,66.32240802675585,68.72795031055901,72.63695652173914,72.63695652173914,60.199209486166005,56.219130434782606,12.438260869565209,78.10956521739129,63.515942028985506,45.27391304347827,63.515942028985506
1071,car,toyota,fortuner,diesel,2016,mumbai,50000,50888,1,1,1,0,0,0,0,0,1,0,0,1,0,0,4210,1,55.413514985681566,33.363510898043955,2237.431825451829,1.545976919349219,72.34347826086956,70.49971014492753,70.49971014492753,55.74956521739129,65.96120401337792,68.39254658385093,72.34347826086956,72.34347826086956,59.77233201581027,55.74956521739129,11.4991304347826,77.87478260869565,63.12463768115941,44.68695652173913,63.12463768115941
1072,car,toyota,fortuner,diesel,2016,mumbai,50000,50678,1,1,1,0,0,0,0,0,1,0,0,1,0,0,4242,1,55.413514985681566,33.363510898043955,2237.431825451829,1.545976919349219,72.45760869565217,70.62144927536231,70.62144927536231,55.93217391304347,66.10167224080269,68.52298136645962,72.45760869565217,72.45760869565217,59.938339920948614,55.93217391304347,11.864347826086941,77.96608695652174,63.2768115942029,44.91521739130435,63.2768115942029
1073,car,toyota,fortuner,diesel,2016,mumbai,50000,50755,1,1,1,0,0,0,0,0,1,0,0,1,0,0,4190,1,55.413514985681566,33.363510898043955,2237.431825451829,1.545976919349219,72.41576086956522,70.57681159420291,70.57681159420291,55.86521739130434,66.05016722408027,68.47515527950311,72.41576086956522,72.41576086956522,59.87747035573122,55.86521739130434,11.73043478260869,77.93260869565218,63.221014492753625,44.83152173913043,63.221014492753625
1074,car,toyota,fortuner,diesel,2016,mumbai,50000,50245,1,1,1,0,0,0,0,0,1,0,0,1,0,0,4100,1,55.413514985681566,33.363510898043955,2237.431825451829,1.545976919349219,72.6929347826087,70.87246376811594,70.87246376811594,56.30869565217391,66.39130434782608,68.79192546583852,72.6929347826087,72.6929347826087,60.28063241106718,56.30869565217391,12.617391304347814,78.15434782608696,63.59057971014492,45.3858695652174,63.59057971014492
1075,car,toyota,fortuner,diesel,2016,mumbai,50000,50345,1,1,1,0,0,0,0,0,1,0,0,1,0,0,4099,1,55.413514985681566,33.363510898043955,2237.431825451829,1.545976919349219,72.63858695652175,70.8144927536232,70.8144927536232,56.22173913043478,66.32441471571906,68.72981366459628,72.63858695652175,72.63858695652175,60.20158102766797,56.22173913043478,12.443478260869556,78.11086956521739,63.518115942028984,45.27717391304348,63.518115942028984
1076,car,toyota,fortuner,diesel,2016,mumbai,50000,50896,1,1,1,0,0,0,0,0,1,0,0,1,0,0,4089,1,55.413514985681566,33.363510898043955,2237.431825451829,1.545976919349219,72.33913043478262,70.49507246376811,70.49507246376811,55.74260869565217,65.95585284280936,68.38757763975156,72.33913043478262,72.33913043478262,59.76600790513833,55.74260869565217,11.485217391304337,77.87130434782608,63.118840579710145,44.67826086956522,63.118840579710145
1077,car,toyota,fortuner,diesel,2016,mumbai,50000,50890,1,1,1,0,0,0,0,0,1,0,0,1,0,0,4123,1,55.413514985681566,33.363510898043955,2237.431825451829,1.545976919349219,72.34239130434783,70.49855072463768,70.49855072463768,55.74782608695652,65.95986622073579,68.3913043478261,72.34239130434783,72.34239130434783,59.77075098814228,55.74782608695652,11.49565217391303,77.87391304347825,63.1231884057971,44.68478260869565,63.1231884057971
1078,car,toyota,fortuner,diesel,2016,mumbai,50000,50789,1,1,1,0,1,0,0,0,1,0,0,1,0,0,4243,1,55.413514985681566,33.363510898043955,2237.431825451829,1.545976919349219,72.39728260869565,70.55710144927536,70.55710144927536,55.83565217391304,66.02742474916387,68.45403726708075,72.39728260869565,72.39728260869565,59.850592885375484,55.83565217391304,11.671304347826073,77.91782608695652,63.1963768115942,44.7945652173913,63.1963768115942
1079,car,toyota,fortuner,diesel,2016,mumbai,50000,50246,1,1,1,0,1,0,0,0,1,0,0,1,0,0,4290,1,55.413514985681566,33.363510898043955,2237.431825451829,1.545976919349219,72.69239130434782,70.87188405797102,70.87188405797102,56.30782608695652,66.390635451505,68.79130434782608,72.69239130434782,72.69239130434782,60.2798418972332,56.30782608695652,12.615652173913027,78.15391304347825,63.58985507246378,45.38478260869565,63.58985507246378
1080,car,toyota,fortuner,diesel,2016,mumbai,60000,60934,1,1,1,1,1,1,1,0,0,0,1,0,1,0,6400,1,55.413514985681566,33.363510898043955,2237.431825451829,1.545976919349219,66.88369565217391,64.6759420289855,64.6759420289855,47.01391304347825,59.24147157190636,62.15279503105591,66.88369565217391,66.88369565217391,51.83083003952569,47.01391304347825,0.0,73.50695652173913,55.84492753623189,33.767391304347825,55.84492753623189
1081,car,toyota,fortuner,diesel,2016,mumbai,60000,60272,1,1,1,1,1,1,1,0,0,0,1,0,1,0,6399,1,55.413514985681566,33.363510898043955,2237.431825451829,1.545976919349219,67.24347826086957,65.05971014492754,65.05971014492754,47.589565217391296,59.68428093645485,62.56397515527951,67.24347826086957,67.24347826086957,52.35415019762846,47.589565217391296,0.0,73.79478260869566,56.32463768115943,34.48695652173913,56.32463768115943
1082,car,toyota,fortuner,diesel,2016,mumbai,60000,60347,1,1,0,1,1,1,1,0,0,0,1,0,1,0,6419,1,55.413514985681566,33.363510898043955,2237.431825451829,1.545976919349219,67.20271739130435,65.01623188405797,65.01623188405797,47.52434782608695,59.63411371237458,62.517391304347825,67.20271739130435,67.20271739130435,52.294861660079036,47.52434782608695,0.0,73.76217391304347,56.27028985507246,34.405434782608694,56.27028985507246
1083,car,toyota,fortuner,diesel,2016,mumbai,60000,60322,1,1,0,1,1,1,1,0,0,0,1,0,1,0,6410,1,55.413514985681566,33.363510898043955,2237.431825451829,1.545976919349219,67.21630434782608,65.03072463768116,65.03072463768116,47.54608695652173,59.65083612040134,62.53291925465838,67.21630434782608,67.21630434782608,52.314624505928855,47.54608695652173,0.0,73.77304347826086,56.28840579710145,34.43260869565218,56.28840579710145
1084,car,toyota,fortuner,diesel,2016,mumbai,60000,60347,1,1,0,1,1,1,1,0,0,0,1,0,1,0,6499,1,55.413514985681566,33.363510898043955,2237.431825451829,1.545976919349219,67.20271739130435,65.01623188405797,65.01623188405797,47.52434782608695,59.63411371237458,62.517391304347825,67.20271739130435,67.20271739130435,52.294861660079036,47.52434782608695,0.0,73.76217391304347,56.27028985507246,34.405434782608694,56.27028985507246
1085,car,toyota,fortuner,diesel,2016,mumbai,60000,60839,1,1,0,1,1,1,1,0,0,0,1,0,1,0,6500,1,55.413514985681566,33.363510898043955,2237.431825451829,1.545976919349219,66.93532608695651,64.73101449275363,64.73101449275363,47.096521739130424,59.30501672240802,62.21180124223602,66.93532608695651,66.93532608695651,51.905928853754936,47.096521739130424,0.0,73.54826086956521,55.913768115942034,33.870652173913044,55.913768115942034
1086,car,toyota,fortuner,diesel,2016,mumbai,60000,60321,1,1,0,1,1,1,1,0,0,0,1,0,1,0,6499,1,55.413514985681566,33.363510898043955,2237.431825451829,1.545976919349219,67.21684782608696,65.0313043478261,65.0313043478261,47.546956521739126,59.6515050167224,62.53354037267081,67.21684782608696,67.21684782608696,52.315415019762845,47.546956521739126,0.0,73.77347826086957,56.28913043478261,34.43369565217391,56.28913043478261
1087,car,toyota,fortuner,diesel,2016,mumbai,60000,61733,1,1,0,1,1,1,1,0,0,0,1,0,1,0,6521,1,55.413514985681566,33.363510898043955,2237.431825451829,1.545976919349219,66.44945652173912,64.2127536231884,64.2127536231884,46.31913043478261,58.70702341137124,61.65652173913043,66.44945652173912,66.44945652173912,51.19920948616601,46.31913043478261,0.0,73.1595652173913,55.26594202898551,32.89891304347826,55.26594202898551
1088,car,toyota,fortuner,diesel,2016,mumbai,60000,60977,1,1,0,1,1,1,1,0,0,0,1,0,1,0,6599,1,55.413514985681566,33.363510898043955,2237.431825451829,1.545976919349219,66.86032608695652,64.65101449275362,64.65101449275362,46.976521739130426,59.21270903010034,62.12608695652173,66.86032608695652,66.86032608695652,51.796837944664034,46.976521739130426,0.0,73.48826086956521,55.81376811594203,33.720652173913045,55.81376811594203
1089,car,toyota,fortuner,diesel,2016,mumbai,60000,60632,1,1,0,1,1,1,1,0,0,0,1,0,1,0,6322,1,55.413514985681566,33.363510898043955,2237.431825451829,1.545976919349219,67.04782608695652,64.85101449275362,64.85101449275362,47.27652173913043,59.44347826086956,62.340372670807454,67.04782608695652,67.04782608695652,52.0695652173913,47.27652173913043,0.0,73.63826086956522,56.063768115942025,34.09565217391304,56.063768115942025
1090,car,toyota,fortuner,diesel,2016,mumbai,60000,60872,1,1,0,1,1,1,1,0,0,0,1,0,1,0,6423,1,55.413514985681566,33.363510898043955,2237.431825451829,1.545976919349219,66.91739130434783,64.71188405797102,64.71188405797102,47.06782608695651,59.2829431438127,62.19130434782609,66.91739130434783,66.91739130434783,51.879841897233206,47.06782608695651,0.0,73.53391304347825,55.88985507246377,33.834782608695654,55.88985507246377
1091,car,toyota,fortuner,diesel,2016,mumbai,60000,60134,1,1,0,1,1,1,1,0,0,0,1,0,1,0,6522,1,55.413514985681566,33.363510898043955,2237.431825451829,1.545976919349219,67.31847826086957,65.13971014492755,65.13971014492755,47.7095652173913,59.77658862876254,62.64968944099378,67.31847826086957,67.31847826086957,52.46324110671936,47.7095652173913,0.0,73.85478260869564,56.42463768115942,34.63695652173912,56.42463768115942
1092,car,toyota,fortuner,diesel,2016,mumbai,60000,60427,1,1,0,1,1,1,1,0,0,0,1,0,1,0,6500,1,55.413514985681566,33.363510898043955,2237.431825451829,1.545976919349219,67.15923913043478,64.96985507246377,64.96985507246377,47.454782608695645,59.58060200668896,62.467701863354044,67.15923913043478,67.15923913043478,52.23162055335968,47.454782608695645,0.0,73.72739130434782,56.21231884057971,34.31847826086957,56.21231884057971
1093,car,toyota,fortuner,diesel,2016,mumbai,60000,60456,1,1,0,1,1,1,1,0,0,0,1,0,1,0,6489,1,55.413514985681566,33.363510898043955,2237.431825451829,1.545976919349219,67.14347826086957,64.95304347826088,64.95304347826088,47.4295652173913,59.561204013377925,62.44968944099378,67.14347826086957,67.14347826086957,52.20869565217391,47.4295652173913,0.0,73.71478260869566,56.19130434782609,34.28695652173913,56.19130434782609
1094,car,toyota,fortuner,diesel,2016,mumbai,60000,60677,1,1,0,1,1,1,1,0,0,0,1,0,1,0,6479,1,55.413514985681566,33.363510898043955,2237.431825451829,1.545976919349219,67.0233695652174,64.82492753623188,64.82492753623188,47.23739130434782,59.413377926421404,62.312422360248455,67.0233695652174,67.0233695652174,52.03399209486166,47.23739130434782,0.0,73.61869565217391,56.03115942028985,34.04673913043478,56.03115942028985
1095,car,toyota,fortuner,diesel,2016,mumbai,60000,60345,1,1,0,1,1,1,1,0,0,0,1,0,1,0,6477,1,55.413514985681566,33.363510898043955,2237.431825451829,1.545976919349219,67.2038043478261,65.01739130434783,65.01739130434783,47.52608695652173,59.635451505016725,62.51863354037267,67.2038043478261,67.2038043478261,52.296442687747025,47.52608695652173,0.0,73.76304347826085,56.27173913043478,34.40760869565217,56.27173913043478
1096,car,toyota,fortuner,diesel,2016,mumbai,60000,60989,1,1,0,1,1,1,1,0,0,0,1,0,1,0,6488,1,55.413514985681566,33.363510898043955,2237.431825451829,1.545976919349219,66.85380434782608,64.64405797101449,64.64405797101449,46.966086956521735,59.20468227424749,62.11863354037267,66.85380434782608,66.85380434782608,51.787351778656124,46.966086956521735,0.0,73.48304347826087,55.80507246376811,33.70760869565217,55.80507246376811
1097,car,toyota,fortuner,diesel,2016,mumbai,60000,60123,1,1,0,1,1,1,1,0,0,0,1,0,1,0,6432,1,55.413514985681566,33.363510898043955,2237.431825451829,1.545976919349219,67.32445652173912,65.14608695652173,65.14608695652173,47.7191304347826,59.78394648829431,62.65652173913043,67.32445652173912,67.32445652173912,52.47193675889328,47.7191304347826,0.0,73.85956521739129,56.43260869565218,34.64891304347826,56.43260869565218
1098,car,toyota,fortuner,diesel,2016,mumbai,60000,60023,1,1,0,1,1,1,1,0,0,0,1,0,1,0,6438,1,55.413514985681566,33.363510898043955,2237.431825451829,1.545976919349219,67.37880434782608,65.20405797101449,65.20405797101449,47.80608695652173,59.85083612040134,62.71863354037267,67.37880434782608,67.37880434782608,52.55098814229249,47.80608695652173,0.0,73.90304347826087,56.505072463768116,34.75760869565217,56.505072463768116
1099,car,toyota,fortuner,diesel,2016,mumbai,60000,60582,1,1,0,1,1,1,1,0,0,0,1,0,1,0,6500,1,55.413514985681566,33.363510898043955,2237.431825451829,1.545976919349219,67.07499999999999,64.88000000000001,64.88000000000001,47.31999999999999,59.47692307692307,62.37142857142857,67.07499999999999,67.07499999999999,52.1090909090909,47.31999999999999,0.0,73.66,56.099999999999994,34.150000000000006,56.099999999999994
1100,car,toyota,fortuner,diesel,2016,mumbai,70000,70456,1,1,0,0,0,0,0,0,0,0,0,0,0,0,5200,1,55.413514985681566,33.363510898043955,2237.431825451829,1.545976919349219,61.708695652173915,59.15594202898551,59.15594202898551,38.73391304347825,52.872240802675584,56.23850931677019,61.708695652173915,61.708695652173915,44.30355731225296,38.73391304347825,0.0,69.36695652173913,48.94492753623189,23.417391304347824,48.94492753623189
1101,car,toyota,fortuner,diesel,2016,mumbai,70000,70787,1,1,0,0,0,0,0,0,0,0,0,0,0,0,5200,1,55.413514985681566,33.363510898043955,2237.431825451829,1.545976919349219,61.52880434782608,58.9640579710145,58.9640579710145,38.44608695652173,52.65083612040134,56.03291925465839,61.52880434782608,61.52880434782608,44.041897233201574,38.44608695652173,0.0,69.22304347826088,48.70507246376812,23.057608695652178,48.70507246376812
1102,car,toyota,fortuner,diesel,2016,mumbai,70000,70747,1,1,0,0,0,0,0,0,0,0,0,0,0,0,5350,1,55.413514985681566,33.363510898043955,2237.431825451829,1.545976919349219,61.55054347826088,58.987246376811584,58.987246376811584,38.48086956521738,52.677591973244155,56.057763975155275,61.55054347826088,61.55054347826088,44.073517786561254,38.48086956521738,0.0,69.24043478260869,48.73405797101449,23.101086956521744,48.73405797101449
1103,car,toyota,fortuner,diesel,2016,mumbai,70000,70360,1,1,0,0,0,0,0,0,0,0,0,0,0,0,5299,1,55.413514985681566,33.363510898043955,2237.431825451829,1.545976919349219,61.76086956521739,59.211594202898546,59.211594202898546,38.817391304347815,52.936454849498325,56.29813664596273,61.76086956521739,61.76086956521739,44.3794466403162,38.817391304347815,0.0,69.40869565217392,49.01449275362319,23.52173913043478,49.01449275362319
1104,car,toyota,fortuner,diesel,2016,mumbai,70000,71580,1,1,0,0,0,0,0,0,0,0,0,0,0,0,5399,1,55.413514985681566,33.363510898043955,2237.431825451829,1.545976919349219,61.097826086956516,58.504347826086956,58.504347826086956,37.75652173913042,52.12040133779264,55.54037267080745,61.097826086956516,61.097826086956516,43.415019762845844,37.75652173913042,0.0,68.87826086956521,48.1304347826087,22.19565217391304,48.1304347826087
1105,car,toyota,fortuner,diesel,2016,mumbai,70000,70765,1,1,0,0,0,0,0,0,0,0,0,0,0,0,5289,1,55.413514985681566,33.363510898043955,2237.431825451829,1.545976919349219,61.54076086956521,58.97681159420289,58.97681159420289,38.46521739130434,52.66555183946488,56.046583850931675,61.54076086956521,61.54076086956521,44.0592885375494,38.46521739130434,0.0,69.23260869565217,48.721014492753625,23.08152173913044,48.721014492753625
1106,car,toyota,fortuner,diesel,2016,mumbai,70000,70272,1,1,0,0,0,0,0,0,0,0,0,0,0,0,5389,1,55.413514985681566,33.363510898043955,2237.431825451829,1.545976919349219,61.80869565217391,59.262608695652176,59.262608695652176,38.89391304347826,52.995317725752514,56.352795031055905,61.80869565217391,61.80869565217391,44.4490118577075,38.89391304347826,0.0,69.44695652173914,49.07826086956521,23.617391304347823,49.07826086956521
1107,car,toyota,fortuner,diesel,2016,mumbai,70000,70347,1,1,0,0,0,0,0,0,0,0,0,0,0,0,5250,1,55.413514985681566,33.363510898043955,2237.431825451829,1.545976919349219,61.76793478260869,59.219130434782606,59.219130434782606,38.828695652173906,52.94515050167223,56.30621118012422,61.76793478260869,61.76793478260869,44.38972332015809,38.828695652173906,0.0,69.41434782608695,49.02391304347826,23.535869565217393,49.02391304347826
1108,car,toyota,fortuner,diesel,2016,mumbai,70000,70322,1,1,0,0,0,0,0,0,0,0,0,0,0,0,5350,1,55.413514985681566,33.363510898043955,2237.431825451829,1.545976919349219,61.781521739130426,59.233623188405794,59.233623188405794,38.85043478260869,52.961872909699004,56.32173913043479,61.781521739130426,61.781521739130426,44.409486166007895,38.85043478260869,0.0,69.42521739130434,49.042028985507244,23.56304347826087,49.042028985507244
1109,car,toyota,fortuner,diesel,2016,mumbai,70000,70347,1,1,0,0,0,0,0,0,0,0,0,0,0,0,5249,1,55.413514985681566,33.363510898043955,2237.431825451829,1.545976919349219,61.76793478260869,59.219130434782606,59.219130434782606,38.828695652173906,52.94515050167223,56.30621118012422,61.76793478260869,61.76793478260869,44.38972332015809,38.828695652173906,0.0,69.41434782608695,49.02391304347826,23.535869565217393,49.02391304347826
1110,car,toyota,fortuner,diesel,2016,mumbai,70000,70473,1,1,0,0,0,0,0,0,0,0,0,0,0,0,5349,1,55.413514985681566,33.363510898043955,2237.431825451829,1.545976919349219,61.69945652173914,59.146086956521735,59.146086956521735,38.7191304347826,52.860869565217385,56.227950310559,61.69945652173914,61.69945652173914,44.29011857707509,38.7191304347826,0.0,69.3595652173913,48.93260869565217,23.398913043478263,48.93260869565217
1111,car,toyota,fortuner,diesel,2016,mumbai,70000,71009,1,1,0,0,0,0,0,0,0,0,0,0,0,0,5388,1,55.413514985681566,33.363510898043955,2237.431825451829,1.545976919349219,61.408152173913045,58.83536231884058,58.83536231884058,38.253043478260864,52.50234113712375,55.895031055900624,61.408152173913045,61.408152173913045,43.866403162055335,38.253043478260864,0.0,69.12652173913042,48.54420289855072,22.81630434782609,48.54420289855072
1112,car,toyota,fortuner,diesel,2016,mumbai,70000,69498,1,1,0,0,0,0,0,0,0,0,0,0,0,0,5488,1,55.413514985681566,33.363510898043955,2237.431825451829,1.545976919349219,62.22934782608696,59.711304347826086,59.711304347826086,39.56695652173913,53.51304347826087,56.83354037267081,62.22934782608696,62.22934782608696,45.06086956521739,39.56695652173913,0.0,69.78347826086957,49.63913043478261,24.458695652173912,49.63913043478261
1113,car,toyota,fortuner,diesel,2016,mumbai,70000,70777,1,1,0,0,0,0,0,0,0,0,0,0,0,0,5310,1,55.413514985681566,33.363510898043955,2237.431825451829,1.545976919349219,61.534239130434784,58.96985507246377,58.96985507246377,38.454782608695645,52.657525083612036,56.039130434782614,61.534239130434784,61.534239130434784,44.04980237154149,38.454782608695645,0.0,69.22739130434783,48.712318840579705,23.06847826086956,48.712318840579705
1114,car,toyota,fortuner,diesel,2016,mumbai,70000,70320,1,1,0,0,0,0,0,0,0,0,0,0,0,0,5210,1,55.413514985681566,33.363510898043955,2237.431825451829,1.545976919349219,61.78260869565217,59.23478260869566,59.23478260869566,38.85217391304347,52.96321070234114,56.322981366459636,61.78260869565217,61.78260869565217,44.411067193675876,38.85217391304347,0.0,69.42608695652174,49.04347826086956,23.56521739130435,49.04347826086956
1115,car,toyota,fortuner,diesel,2016,mumbai,70000,70380,1,1,1,0,0,0,0,0,0,0,0,0,0,0,5200,1,55.413514985681566,33.363510898043955,2237.431825451829,1.545976919349219,61.74999999999999,59.20000000000001,59.20000000000001,38.79999999999999,52.92307692307692,56.285714285714285,61.74999999999999,61.74999999999999,44.36363636363636,38.79999999999999,0.0,69.39999999999999,49.0,23.5,49.0
1116,car,toyota,fortuner,diesel,2016,mumbai,70000,70134,1,1,1,0,0,0,0,0,0,0,0,0,0,0,5300,1,55.413514985681566,33.363510898043955,2237.431825451829,1.545976919349219,61.88369565217391,59.342608695652174,59.342608695652174,39.013913043478254,53.0876254180602,56.438509316770194,61.88369565217391,61.88369565217391,44.55810276679841,39.013913043478254,0.0,69.50695652173913,49.178260869565214,23.76739130434783,49.178260869565214
1117,car,toyota,fortuner,diesel,2016,mumbai,70000,70333,1,1,1,0,0,0,0,0,0,0,0,0,0,0,5299,1,55.413514985681566,33.363510898043955,2237.431825451829,1.545976919349219,61.775543478260865,59.22724637681159,59.22724637681159,38.84086956521738,52.95451505016722,56.31490683229814,61.775543478260865,61.775543478260865,44.40079051383399,38.84086956521738,0.0,69.42043478260868,49.03405797101449,23.55108695652174,49.03405797101449
1118,car,toyota,fortuner,diesel,2016,mumbai,70000,70076,1,1,1,0,0,0,0,0,0,0,0,0,0,0,5279,1,55.413514985681566,33.363510898043955,2237.431825451829,1.545976919349219,61.915217391304346,59.37623188405797,59.37623188405797,39.06434782608695,53.12642140468227,56.47453416149069,61.915217391304346,61.915217391304346,44.603952569169955,39.06434782608695,0.0,69.53217391304347,49.220289855072465,23.8304347826087,49.220289855072465
1119,car,toyota,fortuner,diesel,2016,mumbai,70000,70976,1,1,1,0,0,0,0,0,0,0,0,0,0,0,5269,1,55.413514985681566,33.363510898043955,2237.431825451829,1.545976919349219,61.42608695652174,58.85449275362319,58.85449275362319,38.28173913043478,52.52441471571907,55.91552795031056,61.42608695652174,61.42608695652174,43.892490118577065,38.28173913043478,0.0,69.14086956521739,48.56811594202899,22.852173913043483,48.56811594202899
1120,car,toyota,fortuner,diesel,2016,mumbai,80000,82879,1,1,1,0,0,1,0,0,0,0,0,0,0,1,7100,1,55.413514985681566,33.363510898043955,2237.431825451829,1.545976919349219,54.957065217391296,51.954202898550726,51.954202898550726,27.93130434782608,44.562541806020064,48.52236024844721,54.957065217391296,54.957065217391296,34.483003952569156,27.93130434782608,0.0,63.965652173913035,39.94275362318841,9.914130434782608,39.94275362318841
1121,car,toyota,fortuner,diesel,2016,mumbai,80000,84232,1,1,1,0,0,1,0,0,0,0,0,0,0,1,7200,1,55.413514985681566,33.363510898043955,2237.431825451829,1.545976919349219,54.22173913043478,51.16985507246377,51.16985507246377,26.75478260869564,43.657525083612036,47.68198757763975,54.22173913043478,54.22173913043478,33.413438735177856,26.75478260869564,0.0,63.37739130434782,38.96231884057971,8.443478260869563,38.96231884057971
1122,car,toyota,fortuner,diesel,2016,mumbai,80000,86289,1,1,1,0,0,1,0,0,0,1,0,0,0,1,7099,1,55.413514985681566,33.363510898043955,2237.431825451829,1.545976919349219,53.10380434782609,49.977391304347826,49.977391304347826,24.96608695652173,42.28160535117057,46.404347826086955,53.10380434782609,53.10380434782609,31.787351778656113,24.96608695652173,0.0,62.48304347826086,37.47173913043478,6.207608695652178,37.47173913043478
1123,car,toyota,fortuner,diesel,2016,mumbai,80000,89827,1,1,1,0,0,1,0,0,0,1,0,0,0,1,7089,1,55.413514985681566,33.363510898043955,2237.431825451829,1.545976919349219,51.18097826086956,47.92637681159421,47.92637681159421,21.889565217391294,39.915050167224074,44.206832298136646,51.18097826086956,51.18097826086956,28.990513833992082,21.889565217391294,0.0,60.94478260869565,34.90797101449276,2.361956521739128,34.90797101449276
1124,car,toyota,fortuner,diesel,2016,mumbai,80000,83238,1,1,1,0,0,1,0,0,0,1,0,0,0,1,7199,1,55.413514985681566,33.363510898043955,2237.431825451829,1.545976919349219,54.76195652173913,51.746086956521744,51.746086956521744,27.6191304347826,44.32240802675585,48.29937888198758,54.76195652173913,54.76195652173913,34.199209486166005,27.6191304347826,0.0,63.809565217391295,39.68260869565218,9.52391304347826,39.68260869565218
1125,car,toyota,fortuner,diesel,2016,mumbai,80000,81723,1,1,1,0,0,1,0,0,0,1,0,0,0,1,7189,1,55.413514985681566,33.363510898043955,2237.431825451829,1.545976919349219,55.58532608695652,52.62434782608696,52.62434782608696,28.936521739130427,45.33578595317726,49.24037267080745,55.58532608695652,55.58532608695652,35.39683794466403,28.936521739130427,0.0,64.46826086956521,40.7804347826087,11.170652173913043,40.7804347826087
1126,car,toyota,fortuner,diesel,2016,mumbai,80000,88937,1,1,1,0,0,1,0,0,0,1,0,0,0,1,7190,1,55.413514985681566,33.363510898043955,2237.431825451829,1.545976919349219,51.66467391304348,48.44231884057971,48.44231884057971,22.663478260869553,40.51036789297658,44.75962732919254,51.66467391304348,51.66467391304348,29.69407114624505,22.663478260869553,0.0,61.33173913043477,35.55289855072464,3.329347826086959,35.55289855072464
1127,car,toyota,fortuner,diesel,2016,mumbai,80000,80782,1,1,1,0,0,1,0,0,0,1,0,0,0,1,7149,1,55.413514985681566,33.363510898043955,2237.431825451829,1.545976919349219,56.096739130434784,53.16985507246377,53.16985507246377,29.754782608695642,45.96521739130435,49.8248447204969,56.096739130434784,56.096739130434784,36.14071146245058,29.754782608695642,0.0,64.87739130434782,41.46231884057971,12.193478260869561,41.46231884057971
1128,car,toyota,fortuner,diesel,2016,mumbai,80000,81923,1,1,1,0,0,1,0,0,0,1,0,0,0,1,7150,1,55.413514985681566,33.363510898043955,2237.431825451829,1.545976919349219,55.476630434782614,52.50840579710145,52.50840579710145,28.76260869565217,45.202006688963216,49.116149068322976,55.476630434782614,55.476630434782614,35.23873517786561,28.76260869565217,0.0,64.38130434782609,40.63550724637681,10.953260869565218,40.63550724637681
1129,car,toyota,fortuner,diesel,2016,mumbai,80000,82732,1,1,1,0,0,1,0,0,0,1,0,0,0,1,7110,1,55.413514985681566,33.363510898043955,2237.431825451829,1.545976919349219,55.03695652173912,52.039420289855066,52.039420289855066,28.0591304347826,44.66086956521739,48.61366459627329,55.03695652173912,55.03695652173912,34.599209486166004,28.0591304347826,0.0,64.0295652173913,40.04927536231884,10.073913043478255,40.04927536231884
1130,car,toyota,fortuner,diesel,2016,mumbai,80000,80327,1,1,1,0,0,1,0,0,0,1,0,0,0,1,7200,1,55.413514985681566,33.363510898043955,2237.431825451829,1.545976919349219,56.34402173913043,53.4336231884058,53.4336231884058,30.15043478260868,46.2695652173913,50.10745341614906,56.34402173913043,56.34402173913043,36.50039525691698,30.15043478260868,0.0,65.07521739130434,41.792028985507244,12.68804347826087,41.792028985507244
1131,car,toyota,fortuner,diesel,2016,mumbai,80000,80311,1,1,1,0,0,1,0,0,0,1,0,0,0,1,7249,1,55.413514985681566,33.363510898043955,2237.431825451829,1.545976919349219,56.35271739130434,53.442898550724635,53.442898550724635,30.164347826086946,46.28026755852843,50.11739130434783,56.35271739130434,56.35271739130434,36.51304347826086,30.164347826086946,0.0,65.08217391304348,41.803623188405794,12.705434782608693,41.803623188405794
1132,car,toyota,fortuner,diesel,2016,mumbai,80000,90677,1,1,1,1,0,0,1,0,0,0,0,0,0,1,7290,1,55.413514985681566,33.363510898043955,2237.431825451829,1.545976919349219,50.71902173913043,47.4336231884058,47.4336231884058,21.150434782608684,39.34648829431438,43.67888198757765,50.71902173913043,50.71902173913043,28.318577075098805,21.150434782608684,0.0,60.575217391304335,34.29202898550725,1.4380434782608642,34.29202898550725
1133,car,toyota,fortuner,diesel,2016,mumbai,100000,94373,1,1,1,1,0,0,1,0,0,0,0,0,0,0,7250,1,55.413514985681566,33.363510898043955,2237.431825451829,1.545976919349219,48.71032608695652,45.291014492753625,45.291014492753625,17.936521739130427,36.8742474916388,41.3832298136646,48.71032608695652,48.71032608695652,25.396837944664018,17.936521739130427,0.0,58.96826086956521,31.61376811594203,0.0,31.61376811594203
1134,car,toyota,fortuner,diesel,2016,mumbai,100000,91263,1,1,1,1,0,0,1,0,0,0,0,0,0,0,7299,1,55.413514985681566,33.363510898043955,2237.431825451829,1.545976919349219,50.400543478260865,47.09391304347827,47.09391304347827,20.64086956521738,38.954515050167224,43.31490683229814,50.400543478260865,50.400543478260865,27.855335968379435,20.64086956521738,0.0,60.320434782608686,33.86739130434783,0.8010869565217349,33.86739130434783
1135,car,toyota,fortuner,diesel,2016,mumbai,100000,96236,1,1,1,1,0,0,1,0,0,0,0,0,0,0,7289,1,55.413514985681566,33.363510898043955,2237.431825451829,1.545976919349219,47.69782608695652,44.21101449275362,44.21101449275362,16.31652173913043,35.628093645484945,40.22608695652173,47.69782608695652,47.69782608695652,23.92411067193675,16.31652173913043,0.0,58.15826086956521,30.263768115942025,0.0,30.263768115942025
1136,car,toyota,fortuner,diesel,2016,mumbai,100000,93438,1,1,1,1,0,0,1,0,0,0,0,0,0,0,7280,1,55.413514985681566,33.363510898043955,2237.431825451829,1.545976919349219,49.21847826086957,45.83304347826087,45.83304347826087,18.749565217391297,37.49966555183947,41.9639751552795,49.21847826086957,49.21847826086957,26.135968379446627,18.749565217391297,0.0,59.37478260869564,32.29130434782609,0.0,32.29130434782609
1137,car,toyota,fortuner,diesel,2016,mumbai,100000,106788,1,1,1,0,1,1,1,0,1,0,0,0,0,0,7310,1,55.413514985681566,33.363510898043955,2237.431825451829,1.545976919349219,41.963043478260865,38.09391304347825,38.09391304347825,7.140869565217378,28.569899665551834,33.672049689440996,41.963043478260865,41.963043478260865,15.582608695652167,7.140869565217378,0.0,53.570434782608686,22.617391304347823,0.0,22.617391304347823
1138,car,toyota,fortuner,diesel,2016,mumbai,100000,112576,1,1,1,0,1,1,1,0,1,0,0,0,0,0,7349,1,55.413514985681566,33.363510898043955,2237.431825451829,1.545976919349219,38.81739130434782,34.73855072463768,34.73855072463768,2.10782608695651,24.698327759197326,30.077018633540376,38.81739130434782,38.81739130434782,11.00711462450592,2.10782608695651,0.0,51.05391304347826,18.4231884057971,0.0,18.4231884057971
1139,car,toyota,fortuner,diesel,2016,mumbai,100000,110757,1,1,1,1,1,1,1,0,1,0,0,0,0,0,7399,1,55.413514985681566,33.363510898043955,2237.431825451829,1.545976919349219,39.805978260869566,35.79304347826087,35.79304347826087,3.6895652173912885,25.915050167224084,31.206832298136643,39.805978260869566,39.805978260869566,12.445059288537541,3.6895652173912885,0.0,51.84478260869565,19.741304347826084,0.0,19.741304347826084
